Customer ID,Monetary,CLV_Rank,Pct_of_Total,Cumulative_Pct
18102,598215.22,1,3.57,3.57
14646,523342.07,2,3.13,6.699999999999999
14156,296564.69,3,1.77,8.469999999999999
14911,270248.53,4,1.61,10.079999999999998
17450,233579.38999999998,5,1.4,11.479999999999999
13694,190825.52,6,1.14,12.62
17511,171885.98,7,1.03,13.649999999999999
12415,143269.29,8,0.86,14.509999999999998
16684,141502.25,9,0.85,15.359999999999998
15061,136391.48,10,0.81,16.169999999999998
15311,113513.07,11,0.68,16.849999999999998
13089,113214.19,12,0.68,17.529999999999998
17949,98895.59,13,0.59,18.119999999999997
16029,91800.91,14,0.55,18.669999999999998
14298,90489.31,15,0.54,19.209999999999997
15769,84269.38,16,0.5,19.709999999999997
13798,73573.47,17,0.44,20.15
15838,73404.11,18,0.44,20.59
12931,71299.67,19,0.43,21.02
17841,69516.19,20,0.42,21.44
14088,62400.02,21,0.37,21.810000000000002
16422,61110.54,22,0.37,22.180000000000003
13081,58328.15,23,0.35,22.530000000000005
14096,57120.909999999996,24,0.34,22.870000000000005
16754,56560.58,25,0.34,23.210000000000004
13777,56016.57,26,0.33,23.540000000000003
17850,55703.130000000005,27,0.33,23.87
14680,54801.34,28,0.33,24.2
17389,54587.03,29,0.33,24.529999999999998
13093,54073.729999999996,30,0.32,24.849999999999998
16013,52788.92,31,0.32,25.169999999999998
13408,50852.852,32,0.3,25.47
12748,49970.13,33,0.3,25.77
17404,46006.82,34,0.27,26.04
13881,44392.5,35,0.27,26.31
16705,42653.141,36,0.25,26.56
17381,39999.19,37,0.24,26.799999999999997
15039,39742.99,38,0.24,27.039999999999996
16210,38304.06,39,0.23,27.269999999999996
14031,38025.97,40,0.23,27.499999999999996
12471,37948.61,41,0.23,27.729999999999997
17675,37605.840000000004,42,0.22,27.949999999999996
17677,35866.63,43,0.21,28.159999999999997
13767,35115.68,44,0.21,28.369999999999997
12921,34639.45,45,0.21,28.58
12678,33851.13,46,0.2,28.779999999999998
15856,33817.44,47,0.2,28.979999999999997
16779,32981.61,48,0.2,29.179999999999996
17428,31238.06,49,0.19,29.369999999999997
14258,31027.35,50,0.19,29.56
12681,30551.76,51,0.18,29.74
13902,30411.26,52,0.18,29.919999999999998
12709,30312.61,53,0.18,30.099999999999998
14606,30094.38,54,0.18,30.279999999999998
13078,28883.83,55,0.17,30.45
13098,28658.88,56,0.17,30.62
17857,28566.54,57,0.17,30.790000000000003
15513,27264.45,58,0.16,30.950000000000003
17940,26960.02,59,0.16,31.110000000000003
16333,26626.8,60,0.16,31.270000000000003
18251,26278.86,61,0.16,31.430000000000003
14527,25774.54,62,0.15,31.580000000000002
12731,25673.21,63,0.15,31.73
17865,25649.05,64,0.15,31.88
13802,25491.56,65,0.15,32.03
14062,25434.83,66,0.15,32.18
12939,25264.8,67,0.15,32.33
12621,24579.31,68,0.15,32.48
17920,24509.91,69,0.15,32.629999999999995
14895,24488.82,70,0.15,32.779999999999994
13001,24136.05,71,0.14,32.919999999999995
12682,23945.81,72,0.14,33.059999999999995
15498,23860.81,73,0.14,33.199999999999996
15640,23835.41,74,0.14,33.339999999999996
16525,23350.74,75,0.14,33.48
12409,23090.47,76,0.14,33.62
16133,22228.88,77,0.13,33.75
12540,22107.29,78,0.13,33.88
14051,22104.5,79,0.13,34.010000000000005
13340,22100.56,80,0.13,34.14000000000001
15159,22049.4,81,0.13,34.27000000000001
12482,21893.53,82,0.13,34.40000000000001
14667,21720.59,83,0.13,34.530000000000015
13319,21706.09,84,0.13,34.66000000000002
15749,21535.9,85,0.13,34.79000000000002
17340,21411.64,86,0.13,34.92000000000002
15615,21282.07,87,0.13,35.050000000000026
12753,21024.01,88,0.13,35.18000000000003
16839,20968.27,89,0.13,35.31000000000003
17243,20709.21,90,0.12,35.43000000000003
14866,20657.77,91,0.12,35.550000000000026
12433,20428.86,92,0.12,35.67000000000002
12477,20173.64,93,0.12,35.79000000000002
15251,20095.6,94,0.12,35.91000000000002
18008,19787.13,95,0.12,36.030000000000015
17706,19543.9,96,0.12,36.15000000000001
16843,19528.78,97,0.12,36.27000000000001
17139,19491.61,98,0.12,36.39000000000001
14607,18745.56,99,0.11,36.50000000000001
12557,18716.14,100,0.11,36.61000000000001
14194,18442.87,101,0.11,36.720000000000006
12357,18287.66,102,0.11,36.830000000000005
15808,18248.83,103,0.11,36.940000000000005
17581,18247.47,104,0.11,37.050000000000004
16746,18031.85,105,0.11,37.160000000000004
17377,17851.41,106,0.11,37.27
12647,17682.79,107,0.11,37.38
15078,17576.52,108,0.1,37.480000000000004
16652,17312.83,109,0.1,37.580000000000005
18172,17301.83,110,0.1,37.68000000000001
14952,17244.25,111,0.1,37.78000000000001
17416,17221.47,112,0.1,37.88000000000001
15523,17220.04,113,0.1,37.98000000000001
17735,17162.58,114,0.1,38.08000000000001
13027,17148.0,115,0.1,38.180000000000014
15189,17101.13,116,0.1,38.280000000000015
12472,16956.69,117,0.1,38.38000000000002
15358,16837.35,118,0.1,38.48000000000002
16019,16640.15,119,0.1,38.58000000000002
13113,16600.25,120,0.1,38.68000000000002
16553,16555.87,121,0.1,38.78000000000002
13199,16404.98,122,0.1,38.880000000000024
14961,16328.9,123,0.1,38.980000000000025
16656,16307.72,124,0.1,39.08000000000003
12901,16293.1,125,0.1,39.18000000000003
18092,16173.19,126,0.1,39.28000000000003
16180,16170.27,127,0.1,39.38000000000003
15125,16124.33,128,0.1,39.48000000000003
14733,16050.6,129,0.1,39.580000000000034
12980,15909.390000000001,130,0.1,39.680000000000035
13225,15879.27,131,0.09,39.77000000000004
15044,15841.53,132,0.09,39.86000000000004
13564,15786.720000000001,133,0.09,39.950000000000045
14769,15696.67,134,0.09,40.04000000000005
17716,15671.32,135,0.09,40.13000000000005
17107,15616.82,136,0.09,40.220000000000056
15768,15559.46,137,0.09,40.31000000000006
14849,15542.44,138,0.09,40.40000000000006
13488,15513.73,139,0.09,40.490000000000066
12971,15482.74,140,0.09,40.58000000000007
12949,15391.0,141,0.09,40.67000000000007
16191,15162.12,142,0.09,40.760000000000076
15601,14919.220000000001,143,0.09,40.85000000000008
16126,14646.800000000001,144,0.09,40.94000000000008
16873,14547.03,145,0.09,41.030000000000086
18087,14411.619999999999,146,0.09,41.12000000000009
16713,14380.54,147,0.09,41.21000000000009
12583,14344.9,148,0.09,41.3000000000001
12714,14093.71,149,0.08,41.380000000000095
13178,13997.89,150,0.08,41.46000000000009
12435,13925.93,151,0.08,41.54000000000009
17589,13904.82,152,0.08,41.62000000000009
13090,13771.28,153,0.08,41.70000000000009
15005,13763.27,154,0.08,41.780000000000086
16558,13718.960000000001,155,0.08,41.860000000000085
12476,13715.62,156,0.08,41.94000000000008
15093,13657.880000000001,157,0.08,42.02000000000008
15382,13646.5,158,0.08,42.10000000000008
18223,13497.58,159,0.08,42.18000000000008
15291,13451.24,160,0.08,42.260000000000076
12567,13393.82,161,0.08,42.340000000000074
13629,13370.86,162,0.08,42.42000000000007
15738,13342.12,163,0.08,42.50000000000007
15032,13285.65,164,0.08,42.58000000000007
13969,13212.77,165,0.08,42.66000000000007
16549,13159.64,166,0.08,42.740000000000066
12744,13158.16,167,0.08,42.820000000000064
13468,13091.61,168,0.08,42.90000000000006
14049,13064.03,169,0.08,42.98000000000006
17133,12972.09,170,0.08,43.06000000000006
14110,12957.6,171,0.08,43.14000000000006
13316,12906.93,172,0.08,43.220000000000056
13097,12861.73,173,0.08,43.300000000000054
12989,12846.8,174,0.08,43.38000000000005
14299,12827.77,175,0.08,43.46000000000005
16923,12793.380000000001,176,0.08,43.54000000000005
13952,12790.891,177,0.08,43.62000000000005
13668,12749.14,178,0.08,43.700000000000045
17858,12723.3,179,0.08,43.780000000000044
18225,12650.91,180,0.08,43.86000000000004
13013,12601.82,181,0.08,43.94000000000004
12451,12546.53,182,0.07,44.01000000000004
16814,12491.210000000001,183,0.07,44.08000000000004
14040,12457.84,184,0.07,44.15000000000004
16161,12448.960000000001,185,0.07,44.22000000000004
12683,12418.6,186,0.07,44.29000000000004
12437,12394.85,187,0.07,44.36000000000004
16000,12393.7,188,0.07,44.43000000000004
14936,12378.46,189,0.07,44.50000000000004
14739,12269.57,190,0.07,44.57000000000004
15465,12226.15,191,0.07,44.64000000000004
12481,12217.03,192,0.07,44.71000000000004
14543,12194.01,193,0.07,44.780000000000044
15194,12187.68,194,0.07,44.850000000000044
13854,12158.21,195,0.07,44.920000000000044
15023,12092.19,196,0.07,44.990000000000045
17338,12036.57,197,0.07,45.060000000000045
15144,12006.51,198,0.07,45.130000000000045
12474,11966.45,199,0.07,45.200000000000045
13418,11916.16,200,0.07,45.270000000000046
14415,11915.13,201,0.07,45.340000000000046
14735,11909.710000000001,202,0.07,45.410000000000046
13687,11880.84,203,0.07,45.48000000000005
17044,11867.6,204,0.07,45.55000000000005
13458,11850.62,205,0.07,45.62000000000005
16258,11833.52,206,0.07,45.69000000000005
13050,11822.44,207,0.07,45.76000000000005
16523,11760.54,208,0.07,45.83000000000005
18226,11748.58,209,0.07,45.90000000000005
15555,11744.08,210,0.07,45.97000000000005
14505,11718.8,211,0.07,46.04000000000005
17364,11684.55,212,0.07,46.11000000000005
12705,11554.0,213,0.07,46.18000000000005
13576,11516.15,214,0.07,46.25000000000005
15218,11456.0,215,0.07,46.32000000000005
13102,11440.12,216,0.07,46.39000000000005
12668,11380.710000000001,217,0.07,46.46000000000005
14016,11379.71,218,0.07,46.53000000000005
18055,11163.52,219,0.07,46.60000000000005
13004,11143.99,220,0.07,46.67000000000005
15874,11135.0,221,0.07,46.74000000000005
14134,11123.35,222,0.07,46.81000000000005
14426,11103.97,223,0.07,46.88000000000005
12524,11091.36,224,0.07,46.95000000000005
18052,10877.18,225,0.06,47.010000000000055
13941,10846.15,226,0.06,47.07000000000006
18229,10803.710000000001,227,0.06,47.13000000000006
12431,10719.41,228,0.06,47.19000000000006
16327,10705.52,229,0.06,47.250000000000064
16033,10692.39,230,0.06,47.310000000000066
14796,10691.12,231,0.06,47.37000000000007
16984,10599.42,232,0.06,47.43000000000007
15694,10566.46,233,0.06,47.49000000000007
16985,10545.76,234,0.06,47.550000000000075
16168,10539.08,235,0.06,47.61000000000008
17809,10498.85,236,0.06,47.67000000000008
13324,10421.369999999999,237,0.06,47.73000000000008
15290,10355.58,238,0.06,47.790000000000084
16782,10348.960000000001,239,0.06,47.85000000000009
15296,10223.93,240,0.06,47.91000000000009
17160,10201.36,241,0.06,47.97000000000009
14422,10200.92,242,0.06,48.03000000000009
17448,10192.73,243,0.06,48.090000000000096
15547,10140.89,244,0.06,48.1500000000001
15719,10134.36,245,0.06,48.2100000000001
14085,10092.22,246,0.06,48.2700000000001
12766,10026.43,247,0.06,48.330000000000105
16353,9985.93,248,0.06,48.39000000000011
13985,9982.31,249,0.06,48.45000000000011
16182,9971.65,250,0.06,48.51000000000011
14101,9942.13,251,0.06,48.570000000000114
12839,9927.83,252,0.06,48.630000000000116
13680,9915.56,253,0.06,48.69000000000012
16131,9866.27,254,0.06,48.75000000000012
12590,9853.48,255,0.06,48.81000000000012
14755,9851.45,256,0.06,48.870000000000125
12490,9818.64,257,0.06,48.93000000000013
14828,9803.460000000001,258,0.06,48.99000000000013
13599,9790.34,259,0.06,49.05000000000013
12758,9779.0,260,0.06,49.110000000000134
18109,9754.66,261,0.06,49.17000000000014
18260,9751.95,262,0.06,49.23000000000014
17306,9751.77,263,0.06,49.29000000000014
13018,9742.81,264,0.06,49.35000000000014
13327,9741.03,265,0.06,49.410000000000146
14329,9735.52,266,0.06,49.47000000000015
15805,9708.92,267,0.06,49.53000000000015
17230,9695.91,268,0.06,49.59000000000015
14944,9674.92,269,0.06,49.650000000000155
14045,9660.63,270,0.06,49.71000000000016
16701,9614.59,271,0.06,49.77000000000016
14135,9605.05,272,0.06,49.83000000000016
17049,9593.78,273,0.06,49.890000000000164
17315,9558.55,274,0.06,49.950000000000166
14091,9530.08,275,0.06,50.01000000000017
13267,9512.210000000001,276,0.06,50.07000000000017
14060,9503.14,277,0.06,50.13000000000017
12539,9498.9,278,0.06,50.190000000000175
13174,9494.84,279,0.06,50.25000000000018
13735,9472.81,280,0.06,50.31000000000018
17811,9448.53,281,0.06,50.37000000000018
15727,9445.51,282,0.06,50.430000000000184
14439,9443.04,283,0.06,50.49000000000019
13999,9438.01,284,0.06,50.55000000000019
17757,9342.84,285,0.06,50.61000000000019
17504,9313.37,286,0.06,50.67000000000019
15981,9268.07,287,0.06,50.730000000000196
13758,9263.14,288,0.06,50.7900000000002
15570,9246.99,289,0.06,50.8500000000002
16550,9169.32,290,0.05,50.9000000000002
14367,9167.82,291,0.05,50.950000000000195
12747,9164.59,292,0.05,51.00000000000019
13756,9147.2,293,0.05,51.05000000000019
15249,9147.15,294,0.05,51.100000000000186
17068,9126.43,295,0.05,51.15000000000018
13162,9116.94,296,0.05,51.20000000000018
15260,9098.38,297,0.05,51.25000000000018
16709,9087.460000000001,298,0.05,51.300000000000175
16700,9084.06,299,0.05,51.35000000000017
15939,9047.64,300,0.05,51.40000000000017
15150,8990.58,301,0.05,51.450000000000166
16186,8983.91,302,0.05,51.50000000000016
15867,8974.85,303,0.05,51.55000000000016
16722,8967.83,304,0.05,51.60000000000016
13555,8906.34,305,0.05,51.650000000000155
14292,8887.9,306,0.05,51.70000000000015
17576,8885.66,307,0.05,51.75000000000015
14709,8866.48,308,0.05,51.800000000000146
13269,8861.39,309,0.05,51.85000000000014
15903,8859.82,310,0.05,51.90000000000014
16532,8756.64,311,0.05,51.95000000000014
13069,8747.47,312,0.05,52.000000000000135
12359,8714.89,313,0.05,52.05000000000013
13263,8704.69,314,0.05,52.10000000000013
15502,8673.53,315,0.05,52.15000000000013
15984,8671.12,316,0.05,52.200000000000124
18041,8669.65,317,0.05,52.25000000000012
15497,8643.46,318,0.05,52.30000000000012
12957,8628.42,319,0.05,52.350000000000115
15955,8622.61,320,0.05,52.40000000000011
16945,8530.66,321,0.05,52.45000000000011
17396,8529.6,322,0.05,52.50000000000011
12798,8510.93,323,0.05,52.550000000000104
13047,8466.72,324,0.05,52.6000000000001
13448,8447.75,325,0.05,52.6500000000001
13715,8438.34,326,0.05,52.700000000000095
13209,8438.06,327,0.05,52.75000000000009
14160,8421.47,328,0.05,52.80000000000009
14286,8396.7,329,0.05,52.85000000000009
18139,8393.22,330,0.05,52.900000000000084
15786,8392.85,331,0.05,52.95000000000008
15298,8356.03,332,0.05,53.00000000000008
14057,8338.28,333,0.05,53.050000000000075
15281,8317.62,334,0.05,53.10000000000007
17686,8296.81,335,0.05,53.15000000000007
14676,8285.49,336,0.05,53.20000000000007
15034,8282.45,337,0.05,53.250000000000064
13206,8280.13,338,0.05,53.30000000000006
12637,8271.66,339,0.05,53.35000000000006
15998,8220.39,340,0.05,53.400000000000055
14146,8208.87,341,0.05,53.45000000000005
17365,8205.83,342,0.05,53.50000000000005
17611,8205.38,343,0.05,53.55000000000005
13139,8193.83,344,0.05,53.600000000000044
13381,8185.02,345,0.05,53.65000000000004
14395,8160.81,346,0.05,53.70000000000004
14030,8145.59,347,0.05,53.750000000000036
15544,8134.12,348,0.05,53.80000000000003
14525,8129.8099999999995,349,0.05,53.85000000000003
14056,8124.4,350,0.05,53.90000000000003
13148,8123.6,351,0.05,53.950000000000024
13869,8111.57,352,0.05,54.00000000000002
15482,8107.83,353,0.05,54.05000000000002
16672,8093.59,354,0.05,54.100000000000016
17017,8087.41,355,0.05,54.15000000000001
13426,8076.76,356,0.05,54.20000000000001
12720,8047.88,357,0.05,54.25000000000001
17593,8044.0,358,0.05,54.300000000000004
16767,7971.8,359,0.05,54.35
12380,7888.0,360,0.05,54.4
12643,7880.9,361,0.05,54.449999999999996
12428,7877.2,362,0.05,54.49999999999999
12867,7862.69,363,0.05,54.54999999999999
14282,7844.66,364,0.05,54.59999999999999
14291,7844.4,365,0.05,54.649999999999984
16303,7823.72,366,0.05,54.69999999999998
13871,7804.95,367,0.05,54.74999999999998
17409,7793.51,368,0.05,54.799999999999976
16670,7786.66,369,0.05,54.84999999999997
17238,7783.1,370,0.05,54.89999999999997
17091,7777.5,371,0.05,54.94999999999997
17085,7757.41,372,0.05,54.999999999999964
17730,7757.35,373,0.05,55.04999999999996
17739,7718.14,374,0.05,55.09999999999996
13137,7667.37,375,0.05,55.149999999999956
16592,7624.46,376,0.05,55.19999999999995
16556,7610.2300000000005,377,0.05,55.24999999999995
17426,7606.37,378,0.05,55.29999999999995
13373,7587.1900000000005,379,0.05,55.349999999999945
15046,7583.38,380,0.05,55.39999999999994
14159,7571.88,381,0.05,55.44999999999994
15301,7561.21,382,0.05,55.499999999999936
13141,7536.63,383,0.05,55.54999999999993
13709,7512.81,384,0.04,55.58999999999993
17690,7438.6,385,0.04,55.62999999999993
12429,7435.51,386,0.04,55.66999999999993
16242,7433.3,387,0.04,55.70999999999993
15179,7426.82,388,0.04,55.74999999999993
14800,7415.59,389,0.04,55.78999999999993
12841,7390.4800000000005,390,0.04,55.82999999999993
17696,7380.89,391,0.04,55.869999999999926
14243,7365.36,392,0.04,55.909999999999926
14175,7350.44,393,0.04,55.949999999999925
17602,7337.43,394,0.04,55.989999999999924
13534,7324.5,395,0.04,56.02999999999992
15622,7318.08,396,0.04,56.06999999999992
13815,7285.79,397,0.04,56.10999999999992
16253,7276.91,398,0.04,56.14999999999992
13082,7268.92,399,0.04,56.18999999999992
15299,7243.62,400,0.04,56.22999999999992
14092,7209.74,401,0.04,56.26999999999992
15270,7193.99,402,0.04,56.30999999999992
14688,7190.08,403,0.04,56.349999999999916
16745,7170.7,404,0.04,56.389999999999915
14841,7163.0,405,0.04,56.429999999999914
13451,7119.97,406,0.04,56.469999999999914
17965,7117.78,407,0.04,56.50999999999991
17231,7091.07,408,0.04,56.54999999999991
16729,7076.28,409,0.04,56.58999999999991
13183,7010.88,410,0.04,56.62999999999991
13831,7009.18,411,0.04,56.66999999999991
14145,7006.05,412,0.04,56.70999999999991
17769,6994.66,413,0.04,56.74999999999991
13983,6993.41,414,0.04,56.78999999999991
12712,6979.66,415,0.04,56.829999999999906
12662,6949.17,416,0.04,56.869999999999905
15950,6938.51,417,0.04,56.909999999999904
17975,6927.68,418,0.04,56.9499999999999
16265,6893.62,419,0.04,56.9899999999999
15129,6860.18,420,0.04,57.0299999999999
18231,6848.17,421,0.04,57.0699999999999
16570,6841.82,422,0.04,57.1099999999999
16187,6841.24,423,0.04,57.1499999999999
16170,6813.67,424,0.04,57.1899999999999
12830,6748.4,425,0.04,57.2299999999999
12417,6708.21,426,0.04,57.2699999999999
14401,6703.4,427,0.04,57.309999999999896
12913,6700.860000000001,428,0.04,57.349999999999895
14461,6697.6,429,0.04,57.389999999999894
14702,6695.72,430,0.04,57.42999999999989
16497,6695.28,431,0.04,57.46999999999989
16145,6693.6,432,0.04,57.50999999999989
15750,6692.551,433,0.04,57.54999999999989
13993,6690.36,434,0.04,57.58999999999989
14844,6688.43,435,0.04,57.62999999999989
13520,6680.65,436,0.04,57.66999999999989
15521,6674.44,437,0.04,57.70999999999989
18118,6670.07,438,0.04,57.749999999999886
17001,6640.8,439,0.04,57.789999999999885
13953,6640.68,440,0.04,57.829999999999885
13384,6635.09,441,0.04,57.869999999999884
17700,6630.87,442,0.04,57.90999999999988
16401,6628.99,443,0.04,57.94999999999988
13552,6618.63,444,0.04,57.98999999999988
12613,6591.52,445,0.04,58.02999999999988
14388,6589.3,446,0.04,58.06999999999988
17819,6568.719999999999,447,0.04,58.10999999999988
15321,6560.650000000001,448,0.04,58.14999999999988
15332,6553.74,449,0.04,58.18999999999988
12836,6546.47,450,0.04,58.229999999999876
15980,6546.28,451,0.04,58.269999999999875
14440,6526.83,452,0.04,58.309999999999874
14855,6520.3,453,0.04,58.34999999999987
16655,6513.27,454,0.04,58.38999999999987
14221,6506.59,455,0.04,58.42999999999987
12823,6501.5,456,0.04,58.46999999999987
18061,6480.47,457,0.04,58.50999999999987
17419,6474.92,458,0.04,58.54999999999987
13015,6465.72,459,0.04,58.58999999999987
14766,6431.9800000000005,460,0.04,58.62999999999987
15673,6409.84,461,0.04,58.66999999999987
12779,6406.76,462,0.04,58.709999999999866
12755,6406.349999999999,463,0.04,58.749999999999865
12626,6388.35,464,0.04,58.789999999999864
12356,6373.68,465,0.04,58.82999999999986
14562,6363.85,466,0.04,58.86999999999986
12843,6345.61,467,0.04,58.90999999999986
13883,6342.74,468,0.04,58.94999999999986
16710,6336.34,469,0.04,58.98999999999986
12749,6328.49,470,0.04,59.02999999999986
14227,6327.31,471,0.04,59.06999999999986
13394,6323.88,472,0.04,59.10999999999986
14390,6323.33,473,0.04,59.14999999999986
18094,6322.62,474,0.04,59.189999999999856
12656,6320.78,475,0.04,59.229999999999855
13230,6317.22,476,0.04,59.269999999999854
16717,6309.96,477,0.04,59.30999999999985
13654,6308.0,478,0.04,59.34999999999985
12484,6303.85,479,0.04,59.38999999999985
13590,6298.29,480,0.04,59.42999999999985
14154,6263.6,481,0.04,59.46999999999985
14004,6258.45,482,0.04,59.50999999999985
13334,6257.0,483,0.04,59.54999999999985
16940,6245.41,484,0.04,59.58999999999985
17838,6239.55,485,0.04,59.629999999999846
18245,6236.2300000000005,486,0.04,59.669999999999845
17873,6229.56,487,0.04,59.709999999999845
15674,6217.85,488,0.04,59.749999999999844
17799,6216.74,489,0.04,59.78999999999984
13615,6212.2300000000005,490,0.04,59.82999999999984
12497,6211.75,491,0.04,59.86999999999984
16938,6209.93,492,0.04,59.90999999999984
16456,6185.41,493,0.04,59.94999999999984
14113,6156.75,494,0.04,59.98999999999984
17669,6142.35,495,0.04,60.02999999999984
14852,6123.63,496,0.04,60.06999999999984
13935,6116.92,497,0.04,60.109999999999836
14180,6110.75,498,0.04,60.149999999999835
17509,6100.74,499,0.04,60.189999999999834
14907,6094.6900000000005,500,0.04,60.22999999999983
13136,6077.8,501,0.04,60.26999999999983
14530,6077.15,502,0.04,60.30999999999983
12406,6072.21,503,0.04,60.34999999999983
13317,6068.531,504,0.04,60.38999999999983
17625,6067.8,505,0.04,60.42999999999983
18178,6054.49,506,0.04,60.46999999999983
12664,6052.04,507,0.04,60.50999999999983
14560,6050.44,508,0.04,60.54999999999983
16954,6037.33,509,0.04,60.589999999999826
12835,6018.67,510,0.04,60.629999999999825
16103,6002.76,511,0.04,60.669999999999824
13266,5965.3,512,0.04,60.70999999999982
17491,5964.12,513,0.04,60.74999999999982
14918,5955.81,514,0.04,60.78999999999982
15372,5954.42,515,0.04,60.82999999999982
14257,5942.0,516,0.04,60.86999999999982
15755,5936.95,517,0.04,60.90999999999982
16156,5933.59,518,0.04,60.94999999999982
17685,5928.17,519,0.04,60.98999999999982
12455,5879.95,520,0.04,61.029999999999816
14535,5872.63,521,0.04,61.069999999999816
12500,5872.31,522,0.04,61.109999999999815
16011,5867.01,523,0.04,61.149999999999814
17644,5864.54,524,0.04,61.18999999999981
18065,5836.88,525,0.03,61.219999999999814
15785,5825.33,526,0.03,61.249999999999815
14210,5814.320000000001,527,0.03,61.279999999999816
17457,5799.01,528,0.03,61.30999999999982
15581,5797.780000000001,529,0.03,61.33999999999982
17146,5795.99,530,0.03,61.36999999999982
14534,5786.42,531,0.03,61.39999999999982
13658,5772.07,532,0.03,61.42999999999982
13769,5766.63,533,0.03,61.45999999999982
14189,5764.62,534,0.03,61.489999999999824
12910,5747.02,535,0.03,61.519999999999825
17863,5745.2,536,0.03,61.54999999999983
13771,5726.07,537,0.03,61.57999999999983
17069,5718.4,538,0.03,61.60999999999983
16458,5715.34,539,0.03,61.63999999999983
16409,5709.04,540,0.03,61.66999999999983
17672,5707.08,541,0.03,61.69999999999983
14105,5703.9800000000005,542,0.03,61.72999999999983
14099,5700.51,543,0.03,61.759999999999835
16279,5692.18,544,0.03,61.789999999999836
13870,5689.84,545,0.03,61.81999999999984
13157,5667.71,546,0.03,61.84999999999984
12727,5646.53,547,0.03,61.87999999999984
12347,5633.32,548,0.03,61.90999999999984
17651,5632.59,549,0.03,61.93999999999984
16735,5632.01,550,0.03,61.96999999999984
16200,5629.95,551,0.03,61.999999999999844
13722,5629.16,552,0.03,62.029999999999845
14249,5625.461,553,0.03,62.059999999999846
15485,5624.51,554,0.03,62.08999999999985
16003,5613.83,555,0.03,62.11999999999985
13842,5604.96,556,0.03,62.14999999999985
15628,5603.360000000001,557,0.03,62.17999999999985
18145,5600.09,558,0.03,62.20999999999985
13901,5599.34,559,0.03,62.23999999999985
12633,5595.21,560,0.03,62.269999999999854
17059,5584.83,561,0.03,62.299999999999855
15854,5583.81,562,0.03,62.329999999999856
18075,5579.91,563,0.03,62.35999999999986
17203,5575.88,564,0.03,62.38999999999986
14572,5573.28,565,0.03,62.41999999999986
15228,5570.5199999999995,566,0.03,62.44999999999986
12615,5564.88,567,0.03,62.47999999999986
17092,5563.31,568,0.03,62.50999999999986
15898,5534.36,569,0.03,62.539999999999864
16316,5533.31,570,0.03,62.569999999999865
14112,5524.51,571,0.03,62.599999999999866
13593,5475.21,572,0.03,62.62999999999987
16992,5460.1,573,0.03,62.65999999999987
16393,5456.5,574,0.03,62.68999999999987
16609,5450.96,575,0.03,62.71999999999987
14732,5447.52,576,0.03,62.74999999999987
12480,5435.1,577,0.03,62.77999999999987
17512,5432.27,578,0.03,62.809999999999874
15514,5422.28,579,0.03,62.839999999999876
12378,5416.32,580,0.03,62.86999999999988
16008,5384.13,581,0.03,62.89999999999988
16607,5375.18,582,0.03,62.92999999999988
14626,5374.77,583,0.03,62.95999999999988
13115,5374.45,584,0.03,62.98999999999988
14713,5372.47,585,0.03,63.01999999999988
17719,5367.8,586,0.03,63.04999999999988
13362,5357.57,587,0.03,63.079999999999885
15641,5345.55,588,0.03,63.109999999999886
14459,5339.1410000000005,589,0.03,63.13999999999989
13975,5327.29,590,0.03,63.16999999999989
17584,5294.42,591,0.03,63.19999999999989
12362,5284.58,592,0.03,63.22999999999989
14442,5272.02,593,0.03,63.25999999999989
17204,5263.69,594,0.03,63.28999999999989
17346,5258.02,595,0.03,63.319999999999894
15394,5251.4,596,0.03,63.349999999999895
13931,5250.78,597,0.03,63.379999999999896
14081,5250.05,598,0.03,63.4099999999999
13495,5246.61,599,0.03,63.4399999999999
16931,5233.62,600,0.03,63.4699999999999
13014,5220.83,601,0.03,63.4999999999999
17084,5199.72,602,0.03,63.5299999999999
15152,5197.97,603,0.03,63.5599999999999
15812,5186.17,604,0.03,63.589999999999904
13763,5181.99,605,0.03,63.619999999999905
17612,5156.14,606,0.03,63.649999999999906
17157,5139.45,607,0.03,63.67999999999991
14930,5136.64,608,0.03,63.70999999999991
16904,5132.37,609,0.03,63.73999999999991
15722,5120.05,610,0.03,63.76999999999991
16308,5120.0,611,0.03,63.79999999999991
12708,5118.16,612,0.03,63.82999999999991
15443,5116.14,613,0.03,63.859999999999914
17061,5116.13,614,0.03,63.889999999999915
13107,5109.62,615,0.03,63.919999999999916
17519,5102.8,616,0.03,63.94999999999992
12625,5095.38,617,0.03,63.97999999999992
15529,5084.5,618,0.03,64.00999999999992
18198,5083.06,619,0.03,64.03999999999992
17663,5081.04,620,0.03,64.06999999999992
17213,5078.93,621,0.03,64.09999999999992
17861,5064.59,622,0.03,64.12999999999992
14307,5063.08,623,0.03,64.15999999999993
12432,5059.32,624,0.03,64.18999999999993
18144,5058.0,625,0.03,64.21999999999993
16919,5053.81,626,0.03,64.24999999999993
16686,5051.57,627,0.03,64.27999999999993
17402,5047.08,628,0.03,64.30999999999993
12395,5046.92,629,0.03,64.33999999999993
12594,5044.51,630,0.03,64.36999999999993
15527,5041.78,631,0.03,64.39999999999993
16153,5037.51,632,0.03,64.42999999999994
17567,5037.11,633,0.03,64.45999999999994
14493,5036.05,634,0.03,64.48999999999994
12759,5020.74,635,0.03,64.51999999999994
15796,5019.95,636,0.03,64.54999999999994
17758,5012.53,637,0.03,64.57999999999994
15367,5005.7300000000005,638,0.03,64.60999999999994
12444,5005.46,639,0.03,64.63999999999994
16905,5004.5,640,0.03,64.66999999999994
14546,5001.03,641,0.03,64.69999999999995
13329,4977.0199999999995,642,0.03,64.72999999999995
12562,4966.92,643,0.03,64.75999999999995
17469,4958.34,644,0.03,64.78999999999995
12600,4955.79,645,0.03,64.81999999999995
14639,4946.81,646,0.03,64.84999999999995
14209,4937.37,647,0.03,64.87999999999995
17449,4935.15,648,0.03,64.90999999999995
15971,4930.43,649,0.03,64.93999999999996
17802,4915.84,650,0.03,64.96999999999996
13198,4912.28,651,0.03,64.99999999999996
17596,4907.32,652,0.03,65.02999999999996
13523,4892.02,653,0.03,65.05999999999996
16986,4888.75,654,0.03,65.08999999999996
14825,4886.28,655,0.03,65.11999999999996
12688,4873.8099999999995,656,0.03,65.14999999999996
12700,4867.99,657,0.03,65.17999999999996
16143,4866.88,658,0.03,65.20999999999997
14107,4853.7,659,0.03,65.23999999999997
12483,4846.87,660,0.03,65.26999999999997
13562,4838.18,661,0.03,65.29999999999997
12449,4835.89,662,0.03,65.32999999999997
16255,4834.39,663,0.03,65.35999999999997
13044,4824.2,664,0.03,65.38999999999997
15002,4817.28,665,0.03,65.41999999999997
13875,4814.37,666,0.03,65.44999999999997
17191,4810.55,667,0.03,65.47999999999998
15379,4806.4400000000005,668,0.03,65.50999999999998
13021,4786.38,669,0.03,65.53999999999998
14032,4786.07,670,0.03,65.56999999999998
13124,4782.45,671,0.03,65.59999999999998
17652,4737.13,672,0.03,65.62999999999998
12955,4734.26,673,0.03,65.65999999999998
15606,4733.47,674,0.03,65.68999999999998
17082,4732.03,675,0.03,65.71999999999998
13659,4716.63,676,0.03,65.74999999999999
14191,4713.41,677,0.03,65.77999999999999
13988,4708.64,678,0.03,65.80999999999999
16326,4706.99,679,0.03,65.83999999999999
15410,4685.72,680,0.03,65.86999999999999
17829,4680.42,681,0.03,65.89999999999999
17400,4677.05,682,0.03,65.92999999999999
15187,4670.08,683,0.03,65.96
14235,4666.99,684,0.03,65.99
15123,4656.17,685,0.03,66.02
18097,4652.17,686,0.03,66.05
13527,4650.04,687,0.03,66.08
14466,4646.9,688,0.03,66.11
15271,4639.29,689,0.03,66.14
16293,4632.2,690,0.03,66.17
12916,4630.22,691,0.03,66.2
15484,4624.8,692,0.03,66.23
15245,4610.84,693,0.03,66.26
14514,4594.7300000000005,694,0.03,66.29
13971,4593.83,695,0.03,66.32000000000001
17406,4592.1,696,0.03,66.35000000000001
16125,4587.65,697,0.03,66.38000000000001
12578,4572.45,698,0.03,66.41000000000001
13491,4566.56,699,0.03,66.44000000000001
15416,4554.65,700,0.03,66.47000000000001
12553,4548.82,701,0.03,66.50000000000001
17508,4546.78,702,0.03,66.53000000000002
13571,4546.54,703,0.03,66.56000000000002
12782,4526.04,704,0.03,66.59000000000002
18069,4525.71,705,0.03,66.62000000000002
13634,4519.55,706,0.03,66.65000000000002
14001,4517.34,707,0.03,66.68000000000002
13851,4516.76,708,0.03,66.71000000000002
17314,4514.7,709,0.03,66.74000000000002
17308,4511.76,710,0.03,66.77000000000002
17754,4509.39,711,0.03,66.80000000000003
17613,4509.37,712,0.03,66.83000000000003
17442,4500.7,713,0.03,66.86000000000003
14701,4498.94,714,0.03,66.89000000000003
18257,4496.8,715,0.03,66.92000000000003
13510,4488.39,716,0.03,66.95000000000003
17220,4481.75,717,0.03,66.98000000000003
12627,4478.53,718,0.03,67.01000000000003
15680,4464.4800000000005,719,0.03,67.04000000000003
15122,4461.42,720,0.03,67.07000000000004
16081,4460.18,721,0.03,67.10000000000004
13435,4459.83,722,0.03,67.13000000000004
14648,4458.21,723,0.03,67.16000000000004
15764,4453.28,724,0.03,67.19000000000004
16098,4448.1,725,0.03,67.22000000000004
14341,4443.47,726,0.03,67.25000000000004
17682,4441.78,727,0.03,67.28000000000004
18064,4441.18,728,0.03,67.31000000000004
16912,4433.6,729,0.03,67.34000000000005
16858,4431.63,730,0.03,67.37000000000005
18093,4429.61,731,0.03,67.40000000000005
16320,4428.849999999999,732,0.03,67.43000000000005
13982,4418.79,733,0.03,67.46000000000005
17138,4417.27,734,0.03,67.49000000000005
12598,4414.67,735,0.03,67.52000000000005
16563,4412.56,736,0.03,67.55000000000005
12349,4404.54,737,0.03,67.58000000000006
13958,4402.33,738,0.03,67.61000000000006
15203,4400.18,739,0.03,67.64000000000006
17050,4391.66,740,0.03,67.67000000000006
13880,4391.66,741,0.03,67.70000000000006
14625,4391.53,742,0.03,67.73000000000006
16749,4387.08,743,0.03,67.76000000000006
17722,4386.96,744,0.03,67.79000000000006
17412,4384.98,745,0.03,67.82000000000006
16626,4379.65,746,0.03,67.85000000000007
12752,4366.78,747,0.03,67.88000000000007
17188,4361.83,748,0.03,67.91000000000007
14441,4361.59,749,0.03,67.94000000000007
13297,4352.67,750,0.03,67.97000000000007
18272,4347.33,751,0.03,68.00000000000007
16218,4343.6,752,0.03,68.03000000000007
18077,4338.56,753,0.03,68.06000000000007
12917,4329.5,754,0.03,68.09000000000007
16241,4329.31,755,0.03,68.12000000000008
16072,4328.89,756,0.03,68.15000000000008
17372,4325.43,757,0.03,68.18000000000008
14277,4324.47,758,0.03,68.21000000000008
14685,4324.31,759,0.03,68.24000000000008
15708,4323.9800000000005,760,0.03,68.27000000000008
12370,4320.31,761,0.03,68.30000000000008
16477,4320.02,762,0.03,68.33000000000008
18259,4318.200000000001,763,0.03,68.36000000000008
15240,4315.0,764,0.03,68.39000000000009
16283,4311.37,765,0.03,68.42000000000009
16455,4306.72,766,0.03,68.45000000000009
12928,4304.89,767,0.03,68.48000000000009
14854,4302.17,768,0.03,68.51000000000009
14211,4301.69,769,0.03,68.54000000000009
17937,4301.22,770,0.03,68.57000000000009
14334,4292.98,771,0.03,68.6000000000001
12454,4292.71,772,0.03,68.6300000000001
13505,4282.88,773,0.03,68.6600000000001
15493,4280.43,774,0.03,68.6900000000001
12408,4279.64,775,0.03,68.7200000000001
15845,4273.65,776,0.03,68.7500000000001
16712,4266.99,777,0.03,68.7800000000001
16118,4255.43,778,0.03,68.8100000000001
17930,4242.92,779,0.03,68.8400000000001
18079,4242.75,780,0.03,68.8700000000001
12757,4227.7,781,0.03,68.9000000000001
12523,4220.85,782,0.03,68.9300000000001
15861,4217.99,783,0.03,68.96000000000011
17673,4216.33,784,0.03,68.99000000000011
12360,4212.89,785,0.03,69.02000000000011
14290,4208.93,786,0.03,69.05000000000011
16743,4207.01,787,0.03,69.08000000000011
14239,4203.72,788,0.03,69.11000000000011
13911,4200.04,789,0.03,69.14000000000011
15752,4199.09,790,0.03,69.17000000000012
17218,4192.68,791,0.03,69.20000000000012
14482,4192.25,792,0.03,69.23000000000012
18230,4190.71,793,0.03,69.26000000000012
12935,4182.01,794,0.02,69.28000000000011
18287,4177.89,795,0.02,69.30000000000011
15633,4173.41,796,0.02,69.3200000000001
14868,4170.06,797,0.02,69.3400000000001
12653,4160.83,798,0.02,69.3600000000001
14047,4158.7300000000005,799,0.02,69.3800000000001
16150,4154.69,800,0.02,69.40000000000009
16209,4146.78,801,0.02,69.42000000000009
17738,4145.36,802,0.02,69.44000000000008
15050,4138.87,803,0.02,69.46000000000008
13461,4138.5,804,0.02,69.48000000000008
12422,4119.35,805,0.02,69.50000000000007
13450,4117.54,806,0.02,69.52000000000007
14408,4109.77,807,0.02,69.54000000000006
12536,4106.82,808,0.02,69.56000000000006
15518,4103.78,809,0.02,69.58000000000006
17287,4095.71,810,0.02,69.60000000000005
17646,4094.1600000000003,811,0.02,69.62000000000005
14566,4092.0,812,0.02,69.64000000000004
13421,4088.82,813,0.02,69.66000000000004
18194,4084.2000000000003,814,0.02,69.68000000000004
15024,4075.51,815,0.02,69.70000000000003
14913,4073.13,816,0.02,69.72000000000003
14740,4068.86,817,0.02,69.74000000000002
15572,4068.67,818,0.02,69.76000000000002
12876,4068.59,819,0.02,69.78000000000002
12371,4067.38,820,0.02,69.80000000000001
12569,4064.9900000000002,821,0.02,69.82000000000001
16875,4053.2,822,0.02,69.84
15571,4051.63,823,0.02,69.86
17618,4047.94,824,0.02,69.88
13048,4035.16,825,0.02,69.89999999999999
17083,4035.08,826,0.02,69.91999999999999
16571,4025.05,827,0.02,69.93999999999998
15665,4015.12,828,0.02,69.95999999999998
12726,4014.6,829,0.02,69.97999999999998
12840,4013.87,830,0.02,69.99999999999997
17211,4002.1,831,0.02,70.01999999999997
16928,3993.58,832,0.02,70.03999999999996
14547,3986.7400000000002,833,0.02,70.05999999999996
15782,3985.65,834,0.02,70.07999999999996
13542,3970.77,835,0.02,70.09999999999995
14025,3969.1,836,0.02,70.11999999999995
16771,3967.6,837,0.02,70.13999999999994
16732,3966.79,838,0.02,70.15999999999994
15983,3958.8199999999997,839,0.02,70.17999999999994
14824,3952.51,840,0.02,70.19999999999993
17019,3951.5,841,0.02,70.21999999999993
16791,3946.12,842,0.02,70.23999999999992
14465,3946.03,843,0.02,70.25999999999992
13895,3923.62,844,0.02,70.27999999999992
15051,3920.16,845,0.02,70.29999999999991
15858,3917.87,846,0.02,70.31999999999991
15819,3911.28,847,0.02,70.3399999999999
14498,3911.27,848,0.02,70.3599999999999
12721,3906.68,849,0.02,70.3799999999999
13126,3902.47,850,0.02,70.39999999999989
12388,3901.11,851,0.02,70.41999999999989
14817,3889.21,852,0.02,70.43999999999988
12358,3887.07,853,0.02,70.45999999999988
17667,3883.8,854,0.02,70.47999999999988
15288,3883.13,855,0.02,70.49999999999987
15067,3865.13,856,0.02,70.51999999999987
18073,3864.44,857,0.02,70.53999999999986
17728,3861.13,858,0.02,70.55999999999986
15195,3861.0,859,0.02,70.57999999999986
16440,3856.9700000000003,860,0.02,70.59999999999985
15804,3848.55,861,0.02,70.61999999999985
14532,3846.4300000000003,862,0.02,70.63999999999984
15811,3843.2200000000003,863,0.02,70.65999999999984
13037,3842.55,864,0.02,70.67999999999984
16841,3841.16,865,0.02,70.69999999999983
12967,3840.77,866,0.02,70.71999999999983
13357,3838.36,867,0.02,70.73999999999982
16546,3837.36,868,0.02,70.75999999999982
13995,3836.26,869,0.02,70.77999999999982
13213,3834.62,870,0.02,70.79999999999981
14565,3833.87,871,0.02,70.81999999999981
16341,3832.29,872,0.02,70.8399999999998
17954,3831.56,873,0.02,70.8599999999998
14655,3829.23,874,0.02,70.8799999999998
16719,3828.55,875,0.02,70.89999999999979
14744,3821.02,876,0.02,70.91999999999979
14878,3812.2200000000003,877,0.02,70.93999999999978
15421,3805.34,878,0.02,70.95999999999978
16636,3802.04,879,0.02,70.97999999999978
13481,3798.84,880,0.02,70.99999999999977
14540,3785.44,881,0.02,71.01999999999977
17659,3784.13,882,0.02,71.03999999999976
17293,3774.23,883,0.02,71.05999999999976
15494,3770.95,884,0.02,71.07999999999976
17553,3757.6,885,0.02,71.09999999999975
15696,3757.4700000000003,886,0.02,71.11999999999975
17173,3755.65,887,0.02,71.13999999999974
13305,3754.71,888,0.02,71.15999999999974
14649,3754.16,889,0.02,71.17999999999974
12670,3750.39,890,0.02,71.19999999999973
16128,3748.4,891,0.02,71.21999999999973
14309,3747.96,892,0.02,71.23999999999972
15704,3744.1800000000003,893,0.02,71.25999999999972
17071,3738.45,894,0.02,71.27999999999972
16539,3732.01,895,0.02,71.29999999999971
12853,3728.5,896,0.02,71.31999999999971
16950,3725.19,897,0.02,71.3399999999997
12502,3723.87,898,0.02,71.3599999999997
14515,3718.9,899,0.02,71.3799999999997
14364,3717.35,900,0.02,71.3999999999997
16466,3713.59,901,0.02,71.41999999999969
15370,3713.51,902,0.02,71.43999999999969
12737,3710.5,903,0.02,71.45999999999968
15532,3708.05,904,0.02,71.47999999999968
16983,3699.17,905,0.02,71.49999999999967
16240,3693.81,906,0.02,71.51999999999967
17096,3690.83,907,0.02,71.53999999999967
12530,3689.86,908,0.02,71.55999999999966
12510,3689.33,909,0.02,71.57999999999966
15079,3686.75,910,0.02,71.59999999999965
12857,3684.25,911,0.02,71.61999999999965
12597,3683.13,912,0.02,71.63999999999965
12872,3678.34,913,0.02,71.65999999999964
17526,3676.84,914,0.02,71.67999999999964
15255,3670.77,915,0.02,71.69999999999963
18168,3670.12,916,0.02,71.71999999999963
16718,3647.53,917,0.02,71.73999999999963
12623,3639.84,918,0.02,71.75999999999962
17848,3638.15,919,0.02,71.77999999999962
13632,3634.7000000000003,920,0.02,71.79999999999961
16748,3632.29,921,0.02,71.81999999999961
14770,3624.89,922,0.02,71.8399999999996
12468,3624.55,923,0.02,71.8599999999996
15351,3615.18,924,0.02,71.8799999999996
14593,3615.17,925,0.02,71.8999999999996
14653,3614.54,926,0.02,71.91999999999959
13446,3608.86,927,0.02,71.93999999999959
16053,3606.14,928,0.02,71.95999999999958
18242,3605.21,929,0.02,71.97999999999958
15834,3600.29,930,0.02,71.99999999999957
16094,3599.16,931,0.02,72.01999999999957
16503,3597.89,932,0.02,72.03999999999957
14970,3593.4,933,0.02,72.05999999999956
15480,3592.25,934,0.02,72.07999999999956
15569,3586.35,935,0.02,72.09999999999955
17655,3585.28,936,0.02,72.11999999999955
16444,3582.38,937,0.02,72.13999999999955
14132,3580.13,938,0.02,72.15999999999954
14857,3578.931,939,0.02,72.17999999999954
17063,3576.88,940,0.02,72.19999999999953
15365,3573.26,941,0.02,72.21999999999953
13750,3563.6,942,0.02,72.23999999999953
14737,3554.17,943,0.02,72.25999999999952
14503,3543.26,944,0.02,72.27999999999952
15791,3541.79,945,0.02,72.29999999999951
17528,3540.1,946,0.02,72.31999999999951
15953,3524.7,947,0.02,72.3399999999995
16336,3517.69,948,0.02,72.3599999999995
12963,3512.79,949,0.02,72.3799999999995
18219,3507.39,950,0.02,72.3999999999995
17768,3504.56,951,0.02,72.41999999999949
18044,3502.66,952,0.02,72.43999999999949
12645,3499.1,953,0.02,72.45999999999948
15505,3497.14,954,0.02,72.47999999999948
17311,3490.66,955,0.02,72.49999999999947
16347,3482.01,956,0.02,72.51999999999947
15306,3480.98,957,0.02,72.53999999999947
17913,3479.64,958,0.02,72.55999999999946
15712,3467.46,959,0.02,72.57999999999946
15356,3464.95,960,0.02,72.59999999999945
14640,3464.03,961,0.02,72.61999999999945
16325,3463.84,962,0.02,72.63999999999945
16395,3458.95,963,0.02,72.65999999999944
16271,3457.07,964,0.02,72.67999999999944
14409,3453.69,965,0.02,72.69999999999943
12631,3452.27,966,0.02,72.71999999999943
13734,3451.2900000000004,967,0.02,72.73999999999943
13536,3448.29,968,0.02,72.75999999999942
14837,3445.82,969,0.02,72.77999999999942
17924,3445.28,970,0.02,72.79999999999941
13849,3443.8,971,0.02,72.81999999999941
16208,3440.45,972,0.02,72.8399999999994
15113,3439.41,973,0.02,72.8599999999994
15827,3430.96,974,0.02,72.8799999999994
15974,3429.55,975,0.02,72.8999999999994
15059,3427.62,976,0.02,72.91999999999939
14882,3426.55,977,0.02,72.93999999999939
12377,3426.32,978,0.02,72.95999999999938
17597,3425.29,979,0.02,72.97999999999938
17876,3424.02,980,0.02,72.99999999999937
13313,3423.27,981,0.02,73.01999999999937
15380,3422.2000000000003,982,0.02,73.03999999999937
13031,3419.27,983,0.02,73.05999999999936
12609,3417.86,984,0.02,73.07999999999936
16281,3416.52,985,0.02,73.09999999999935
15222,3415.66,986,0.02,73.11999999999935
16360,3411.69,987,0.02,73.13999999999935
14673,3410.81,988,0.02,73.15999999999934
13437,3408.06,989,0.02,73.17999999999934
14215,3404.53,990,0.02,73.19999999999933
15114,3400.12,991,0.02,73.21999999999933
17723,3378.4000000000005,992,0.02,73.23999999999933
15058,3377.18,993,0.02,73.25999999999932
12838,3376.03,994,0.02,73.27999999999932
13425,3375.9300000000003,995,0.02,73.29999999999932
13135,3371.45,996,0.02,73.31999999999931
17725,3371.13,997,0.02,73.3399999999993
13707,3365.86,998,0.02,73.3599999999993
13285,3364.59,999,0.02,73.3799999999993
13823,3358.55,1000,0.02,73.3999999999993
14898,3356.86,1001,0.02,73.41999999999929
12619,3354.95,1002,0.02,73.43999999999929
13577,3346.62,1003,0.02,73.45999999999928
15265,3345.64,1004,0.02,73.47999999999928
17422,3341.65,1005,0.02,73.49999999999928
14776,3339.02,1006,0.02,73.51999999999927
13848,3335.0,1007,0.02,73.53999999999927
14344,3333.7000000000003,1008,0.02,73.55999999999926
13979,3326.83,1009,0.02,73.57999999999926
15676,3324.09,1010,0.02,73.59999999999926
13291,3320.84,1011,0.02,73.61999999999925
14161,3318.88,1012,0.02,73.63999999999925
13929,3318.1,1013,0.02,73.65999999999924
16818,3317.97,1014,0.02,73.67999999999924
17931,3305.96,1015,0.02,73.69999999999924
15065,3304.71,1016,0.02,73.71999999999923
12865,3303.31,1017,0.02,73.73999999999923
16365,3296.7999999999997,1018,0.02,73.75999999999922
14506,3290.67,1019,0.02,73.77999999999922
12424,3289.78,1020,0.02,73.79999999999922
13431,3289.24,1021,0.02,73.81999999999921
17183,3286.9100000000003,1022,0.02,73.83999999999921
13611,3281.03,1023,0.02,73.8599999999992
13131,3279.77,1024,0.02,73.8799999999992
16351,3279.13,1025,0.02,73.8999999999992
13246,3277.68,1026,0.02,73.91999999999919
15916,3277.67,1027,0.02,73.93999999999919
14608,3273.44,1028,0.02,73.95999999999918
13824,3273.36,1029,0.02,73.97999999999918
15978,3272.62,1030,0.02,73.99999999999918
14451,3265.59,1031,0.02,74.01999999999917
13214,3264.23,1032,0.02,74.03999999999917
18188,3263.19,1033,0.02,74.05999999999916
14669,3243.93,1034,0.02,74.07999999999916
16612,3243.48,1035,0.02,74.09999999999916
15140,3239.44,1036,0.02,74.11999999999915
17307,3225.67,1037,0.02,74.13999999999915
15373,3218.59,1038,0.02,74.15999999999914
16059,3217.77,1039,0.02,74.17999999999914
16515,3216.3,1040,0.02,74.19999999999914
13804,3208.52,1041,0.02,74.21999999999913
14217,3206.87,1042,0.02,74.23999999999913
16107,3204.1600000000003,1043,0.02,74.25999999999912
15625,3203.25,1044,0.02,74.27999999999912
16057,3202.07,1045,0.02,74.29999999999912
13868,3192.54,1046,0.02,74.31999999999911
16045,3187.03,1047,0.02,74.33999999999911
14533,3185.12,1048,0.02,74.3599999999991
15057,3184.56,1049,0.02,74.3799999999991
17228,3177.24,1050,0.02,74.3999999999991
14028,3175.5,1051,0.02,74.41999999999909
14293,3174.33,1052,0.02,74.43999999999909
14507,3172.4900000000002,1053,0.02,74.45999999999908
14315,3168.72,1054,0.02,74.47999999999908
13052,3168.53,1055,0.02,74.49999999999908
16837,3167.73,1056,0.02,74.51999999999907
13268,3167.64,1057,0.02,74.53999999999907
16101,3167.42,1058,0.02,74.55999999999906
17679,3166.56,1059,0.02,74.57999999999906
16041,3166.4,1060,0.02,74.59999999999906
12951,3164.42,1061,0.02,74.61999999999905
16400,3159.44,1062,0.02,74.63999999999905
14285,3158.64,1063,0.02,74.65999999999904
14963,3158.63,1064,0.02,74.67999999999904
12976,3156.38,1065,0.02,74.69999999999904
17353,3155.55,1066,0.02,74.71999999999903
15353,3154.05,1067,0.02,74.73999999999903
12456,3153.89,1068,0.02,74.75999999999902
15632,3147.31,1069,0.02,74.77999999999902
17354,3143.46,1070,0.02,74.79999999999902
14306,3141.5,1071,0.02,74.81999999999901
17530,3140.56,1072,0.02,74.83999999999901
16918,3138.06,1073,0.02,74.859999999999
15095,3135.74,1074,0.02,74.879999999999
15199,3122.4,1075,0.02,74.899999999999
13685,3119.44,1076,0.02,74.91999999999899
14700,3116.26,1077,0.02,74.93999999999899
13538,3112.73,1078,0.02,74.95999999999898
17640,3107.59,1079,0.02,74.97999999999898
14978,3106.34,1080,0.02,74.99999999999898
14044,3106.15,1081,0.02,75.01999999999897
17870,3103.2,1082,0.02,75.03999999999897
13742,3102.42,1083,0.02,75.05999999999896
14897,3100.7400000000002,1084,0.02,75.07999999999896
16933,3099.6,1085,0.02,75.09999999999896
13650,3098.5,1086,0.02,75.11999999999895
12937,3097.61,1087,0.02,75.13999999999895
15105,3094.91,1088,0.02,75.15999999999894
13772,3094.72,1089,0.02,75.17999999999894
12589,3094.17,1090,0.02,75.19999999999894
13397,3094.11,1091,0.02,75.21999999999893
15491,3090.85,1092,0.02,75.23999999999893
12849,3090.56,1093,0.02,75.25999999999893
14312,3090.29,1094,0.02,75.27999999999892
16584,3085.4700000000003,1095,0.02,75.29999999999892
13464,3083.89,1096,0.02,75.31999999999891
16007,3075.14,1097,0.02,75.33999999999891
17929,3073.6,1098,0.02,75.3599999999989
12469,3070.54,1099,0.02,75.3799999999989
17147,3069.15,1100,0.02,75.3999999999989
12511,3065.77,1101,0.02,75.4199999999989
13647,3063.78,1102,0.02,75.43999999999889
13196,3059.64,1103,0.02,75.45999999999889
15716,3056.81,1104,0.02,75.47999999999888
17090,3055.94,1105,0.02,75.49999999999888
14456,3047.63,1106,0.02,75.51999999999887
16120,3041.91,1107,0.02,75.53999999999887
13077,3040.17,1108,0.02,75.55999999999887
14064,3039.75,1109,0.02,75.57999999999886
17552,3039.2,1110,0.02,75.59999999999886
12909,3034.77,1111,0.02,75.61999999999885
15823,3033.86,1112,0.02,75.63999999999885
15241,3032.31,1113,0.02,75.65999999999885
17621,3029.32,1114,0.02,75.67999999999884
17884,3028.89,1115,0.02,75.69999999999884
15538,3027.15,1116,0.02,75.71999999999883
16067,3026.19,1117,0.02,75.73999999999883
15596,3023.59,1118,0.02,75.75999999999883
13631,3021.77,1119,0.02,75.77999999999882
15967,3019.2,1120,0.02,75.79999999999882
13692,3016.4500000000003,1121,0.02,75.81999999999881
17145,3014.64,1122,0.02,75.83999999999881
16678,3013.83,1123,0.02,75.8599999999988
16560,3010.73,1124,0.02,75.8799999999988
15614,3008.86,1125,0.02,75.8999999999988
15754,3001.86,1126,0.02,75.9199999999988
14038,3000.93,1127,0.02,75.93999999999879
15965,2999.34,1128,0.02,75.95999999999879
16012,2989.79,1129,0.02,75.97999999999878
12374,2989.2200000000003,1130,0.02,75.99999999999878
14544,2982.43,1131,0.02,76.01999999999877
15687,2981.5,1132,0.02,76.03999999999877
13557,2980.08,1133,0.02,76.05999999999877
17961,2979.09,1134,0.02,76.07999999999876
15602,2975.9700000000003,1135,0.02,76.09999999999876
12770,2975.95,1136,0.02,76.11999999999875
16775,2975.29,1137,0.02,76.13999999999875
15027,2974.04,1138,0.02,76.15999999999875
14226,2967.78,1139,0.02,76.17999999999874
17692,2962.4,1140,0.02,76.19999999999874
13485,2957.92,1141,0.02,76.21999999999873
12877,2955.17,1142,0.02,76.23999999999873
18241,2954.09,1143,0.02,76.25999999999873
13764,2953.26,1144,0.02,76.27999999999872
13253,2951.11,1145,0.02,76.29999999999872
12754,2949.12,1146,0.02,76.31999999999871
16416,2948.47,1147,0.02,76.33999999999871
13635,2948.22,1148,0.02,76.3599999999987
17774,2945.7,1149,0.02,76.3799999999987
15182,2942.752,1150,0.02,76.3999999999987
15757,2940.36,1151,0.02,76.4199999999987
17444,2940.04,1152,0.02,76.43999999999869
15235,2937.81,1153,0.02,76.45999999999869
14524,2933.71,1154,0.02,76.47999999999868
12635,2930.41,1155,0.02,76.49999999999868
12826,2928.69,1156,0.02,76.51999999999867
15862,2928.29,1157,0.02,76.53999999999867
12854,2922.37,1158,0.02,76.55999999999867
12906,2919.81,1159,0.02,76.57999999999866
16358,2917.1,1160,0.02,76.59999999999866
15312,2916.4900000000002,1161,0.02,76.61999999999865
17702,2911.79,1162,0.02,76.63999999999865
16383,2910.84,1163,0.02,76.65999999999865
12438,2906.85,1164,0.02,76.67999999999864
16736,2904.51,1165,0.02,76.69999999999864
17588,2901.65,1166,0.02,76.71999999999863
14867,2901.46,1167,0.02,76.73999999999863
13963,2899.62,1168,0.02,76.75999999999863
13784,2897.18,1169,0.02,76.77999999999862
13110,2896.17,1170,0.02,76.79999999999862
17320,2895.77,1171,0.02,76.81999999999861
15392,2891.82,1172,0.02,76.83999999999861
17242,2889.28,1173,0.02,76.8599999999986
14916,2888.21,1174,0.02,76.8799999999986
14590,2884.29,1175,0.02,76.8999999999986
16755,2882.03,1176,0.02,76.9199999999986
14251,2879.7000000000003,1177,0.02,76.93999999999859
12806,2878.96,1178,0.02,76.95999999999859
14621,2878.27,1179,0.02,76.97999999999858
16633,2878.15,1180,0.02,76.99999999999858
18170,2878.0,1181,0.02,77.01999999999857
14005,2874.72,1182,0.02,77.03999999999857
15043,2873.7999999999997,1183,0.02,77.05999999999857
14758,2864.97,1184,0.02,77.07999999999856
16062,2863.45,1185,0.02,77.09999999999856
12685,2863.08,1186,0.02,77.11999999999856
16086,2862.91,1187,0.02,77.13999999999855
16467,2862.4,1188,0.02,77.15999999999855
13890,2858.73,1189,0.02,77.17999999999854
15611,2858.37,1190,0.02,77.19999999999854
15031,2857.37,1191,0.02,77.21999999999854
13728,2855.17,1192,0.02,77.23999999999853
14035,2852.47,1193,0.02,77.25999999999853
14935,2849.83,1194,0.02,77.27999999999852
12473,2848.23,1195,0.02,77.29999999999852
14875,2841.55,1196,0.02,77.31999999999852
13501,2840.26,1197,0.02,77.33999999999851
14711,2838.2,1198,0.02,77.35999999999851
16229,2835.36,1199,0.02,77.3799999999985
16225,2821.9100000000003,1200,0.02,77.3999999999985
16407,2821.65,1201,0.02,77.4199999999985
13477,2821.12,1202,0.02,77.43999999999849
15797,2821.08,1203,0.02,77.45999999999849
13032,2817.59,1204,0.02,77.47999999999848
13719,2815.25,1205,0.02,77.49999999999848
17386,2812.77,1206,0.02,77.51999999999848
13330,2806.18,1207,0.02,77.53999999999847
17470,2804.87,1208,0.02,77.55999999999847
13205,2803.2,1209,0.02,77.57999999999846
14404,2800.11,1210,0.02,77.59999999999846
16979,2787.09,1211,0.02,77.61999999999846
16772,2785.6,1212,0.02,77.63999999999845
17790,2783.61,1213,0.02,77.65999999999845
15563,2781.21,1214,0.02,77.67999999999844
14869,2776.8,1215,0.02,77.69999999999844
12863,2775.5499999999997,1216,0.02,77.71999999999844
17031,2773.85,1217,0.02,77.73999999999843
13455,2773.82,1218,0.02,77.75999999999843
12676,2773.09,1219,0.02,77.77999999999842
13695,2770.73,1220,0.02,77.79999999999842
18210,2768.83,1221,0.02,77.81999999999842
14233,2766.96,1222,0.02,77.83999999999841
15817,2766.4,1223,0.02,77.85999999999841
17591,2765.7200000000003,1224,0.02,77.8799999999984
15660,2764.14,1225,0.02,77.8999999999984
16871,2761.4900000000002,1226,0.02,77.9199999999984
14696,2758.67,1227,0.02,77.93999999999839
16764,2758.25,1228,0.02,77.95999999999839
17262,2757.62,1229,0.02,77.97999999999838
15993,2756.82,1230,0.02,77.99999999999838
16711,2751.48,1231,0.02,78.01999999999838
12391,2747.82,1232,0.02,78.03999999999837
16335,2747.0,1233,0.02,78.05999999999837
14903,2744.48,1234,0.02,78.07999999999836
17241,2744.14,1235,0.02,78.09999999999836
15329,2742.98,1236,0.02,78.11999999999836
14125,2740.43,1237,0.02,78.13999999999835
14121,2740.3,1238,0.02,78.15999999999835
18283,2736.65,1239,0.02,78.17999999999834
13786,2736.41,1240,0.02,78.19999999999834
15389,2733.8,1241,0.02,78.21999999999834
15111,2730.87,1242,0.02,78.23999999999833
16434,2727.04,1243,0.02,78.25999999999833
12739,2726.73,1244,0.02,78.27999999999832
15810,2724.8,1245,0.02,78.29999999999832
16190,2723.55,1246,0.02,78.31999999999832
17676,2722.52,1247,0.02,78.33999999999831
15841,2716.5,1248,0.02,78.35999999999831
17720,2715.06,1249,0.02,78.3799999999983
13736,2715.01,1250,0.02,78.3999999999983
13211,2706.87,1251,0.02,78.4199999999983
18173,2696.36,1252,0.02,78.43999999999829
12725,2694.56,1253,0.02,78.45999999999829
16232,2692.02,1254,0.02,78.47999999999828
17388,2691.57,1255,0.02,78.49999999999828
15021,2689.59,1256,0.02,78.51999999999828
13813,2686.42,1257,0.02,78.53999999999827
15910,2681.8,1258,0.02,78.55999999999827
14748,2672.25,1259,0.02,78.57999999999826
16369,2664.81,1260,0.02,78.59999999999826
12516,2648.62,1261,0.02,78.61999999999826
12820,2647.94,1262,0.02,78.63999999999825
14496,2645.88,1263,0.02,78.65999999999825
13117,2642.11,1264,0.02,78.67999999999824
15671,2635.4900000000002,1265,0.02,78.69999999999824
13819,2631.1,1266,0.02,78.71999999999824
16618,2630.64,1267,0.02,78.73999999999823
13203,2630.55,1268,0.02,78.75999999999823
16276,2629.3900000000003,1269,0.02,78.77999999999822
14548,2627.49,1270,0.02,78.79999999999822
12671,2622.481,1271,0.02,78.81999999999822
13173,2620.5,1272,0.02,78.83999999999821
14262,2618.23,1273,0.02,78.85999999999821
17744,2617.82,1274,0.02,78.8799999999982
17043,2616.55,1275,0.02,78.8999999999982
17115,2616.29,1276,0.02,78.9199999999982
14756,2613.46,1277,0.02,78.9399999999982
12423,2612.19,1278,0.02,78.95999999999819
15985,2610.28,1279,0.02,78.97999999999818
15142,2608.97,1280,0.02,78.99999999999818
13422,2601.55,1281,0.02,79.01999999999818
17787,2601.4700000000003,1282,0.02,79.03999999999817
13644,2597.52,1283,0.02,79.05999999999817
16206,2597.37,1284,0.02,79.07999999999817
14163,2594.62,1285,0.02,79.09999999999816
16817,2594.55,1286,0.02,79.11999999999816
15426,2592.95,1287,0.02,79.13999999999815
14129,2591.34,1288,0.02,79.15999999999815
13012,2591.1800000000003,1289,0.02,79.17999999999815
15157,2587.54,1290,0.02,79.19999999999814
13700,2586.21,1291,0.02,79.21999999999814
15062,2585.62,1292,0.02,79.23999999999813
17490,2585.06,1293,0.02,79.25999999999813
15826,2583.13,1294,0.02,79.27999999999813
12520,2582.51,1295,0.02,79.29999999999812
12412,2581.03,1296,0.02,79.31999999999812
16244,2579.38,1297,0.02,79.33999999999811
16115,2575.14,1298,0.02,79.35999999999811
14573,2571.72,1299,0.02,79.3799999999981
15033,2571.02,1300,0.02,79.3999999999981
13652,2570.85,1301,0.02,79.4199999999981
17002,2565.6,1302,0.02,79.4399999999981
12982,2562.12,1303,0.02,79.45999999999809
15747,2560.66,1304,0.02,79.47999999999809
16036,2556.84,1305,0.02,79.49999999999808
14397,2556.68,1306,0.02,79.51999999999808
18179,2547.55,1307,0.02,79.53999999999807
13192,2544.53,1308,0.02,79.55999999999807
13344,2543.72,1309,0.02,79.57999999999807
14431,2541.6,1310,0.02,79.59999999999806
17463,2537.91,1311,0.02,79.61999999999806
14810,2537.02,1312,0.02,79.63999999999805
13862,2534.04,1313,0.02,79.65999999999805
17897,2534.0,1314,0.02,79.67999999999805
17465,2533.64,1315,0.02,79.69999999999804
15814,2531.84,1316,0.02,79.71999999999804
13471,2531.58,1317,0.02,79.73999999999803
16889,2530.9,1318,0.02,79.75999999999803
14790,2526.62,1319,0.02,79.77999999999803
17317,2524.02,1320,0.02,79.79999999999802
16987,2524.0,1321,0.02,79.81999999999802
14564,2519.32,1322,0.02,79.83999999999801
15434,2517.11,1323,0.02,79.85999999999801
16104,2515.36,1324,0.02,79.879999999998
13151,2511.69,1325,0.02,79.899999999998
17101,2507.05,1326,0.01,79.909999999998
15860,2505.21,1327,0.01,79.91999999999801
17288,2499.98,1328,0.01,79.92999999999802
14541,2499.68,1329,0.01,79.93999999999802
17594,2497.88,1330,0.01,79.94999999999803
12978,2496.07,1331,0.01,79.95999999999803
16016,2495.04,1332,0.01,79.96999999999804
16499,2491.7400000000002,1333,0.01,79.97999999999804
14745,2491.46,1334,0.01,79.98999999999805
15227,2488.4900000000002,1335,0.01,79.99999999999805
15117,2484.32,1336,0.01,80.00999999999806
14449,2482.8,1337,0.01,80.01999999999806
13414,2482.24,1338,0.01,80.02999999999807
15681,2480.2,1339,0.01,80.03999999999807
13507,2479.16,1340,0.01,80.04999999999808
17348,2476.41,1341,0.01,80.05999999999808
13878,2473.06,1342,0.01,80.06999999999809
12457,2472.31,1343,0.01,80.0799999999981
14229,2468.99,1344,0.01,80.0899999999981
15906,2467.89,1345,0.01,80.0999999999981
16202,2467.04,1346,0.01,80.10999999999811
17164,2466.4,1347,0.01,80.11999999999811
16520,2465.92,1348,0.01,80.12999999999812
16795,2465.19,1349,0.01,80.13999999999812
12517,2464.89,1350,0.01,80.14999999999813
17131,2463.17,1351,0.01,80.15999999999813
15932,2461.85,1352,0.01,80.16999999999814
14842,2456.8,1353,0.01,80.17999999999815
14421,2456.62,1354,0.01,80.18999999999815
14659,2456.53,1355,0.01,80.19999999999816
16470,2453.65,1356,0.01,80.20999999999816
17732,2448.14,1357,0.01,80.21999999999817
12701,2446.41,1358,0.01,80.22999999999817
13623,2446.36,1359,0.01,80.23999999999818
13588,2445.12,1360,0.01,80.24999999999818
14934,2444.1,1361,0.01,80.25999999999819
15623,2437.05,1362,0.01,80.26999999999819
17505,2435.48,1363,0.01,80.2799999999982
13949,2427.32,1364,0.01,80.2899999999982
16638,2426.28,1365,0.01,80.2999999999982
17629,2425.52,1366,0.01,80.30999999999821
17004,2425.16,1367,0.01,80.31999999999822
15077,2423.88,1368,0.01,80.32999999999822
12924,2423.15,1369,0.01,80.33999999999823
13134,2422.28,1370,0.01,80.34999999999823
15089,2420.84,1371,0.01,80.35999999999824
18171,2414.51,1372,0.01,80.36999999999824
13473,2410.98,1373,0.01,80.37999999999825
12397,2409.9,1374,0.01,80.38999999999825
16833,2409.04,1375,0.01,80.39999999999826
16554,2407.17,1376,0.01,80.40999999999826
16005,2403.77,1377,0.01,80.41999999999827
15341,2401.02,1378,0.01,80.42999999999827
17894,2397.66,1379,0.01,80.43999999999828
14256,2397.34,1380,0.01,80.44999999999828
15366,2389.08,1381,0.01,80.45999999999829
16742,2387.71,1382,0.01,80.4699999999983
14414,2387.48,1383,0.01,80.4799999999983
16883,2386.64,1384,0.01,80.4899999999983
16105,2386.19,1385,0.01,80.49999999999831
16040,2383.7000000000003,1386,0.01,80.50999999999831
17623,2383.67,1387,0.01,80.51999999999832
17921,2383.35,1388,0.01,80.52999999999832
15793,2382.92,1389,0.01,80.53999999999833
17827,2381.3,1390,0.01,80.54999999999833
14195,2381.24,1391,0.01,80.55999999999834
14554,2381.04,1392,0.01,80.56999999999834
16359,2379.4,1393,0.01,80.57999999999835
12393,2376.75,1394,0.01,80.58999999999835
17905,2374.22,1395,0.01,80.59999999999836
16147,2367.02,1396,0.01,80.60999999999837
16065,2365.62,1397,0.01,80.61999999999837
17634,2361.9700000000003,1398,0.01,80.62999999999838
13614,2359.19,1399,0.01,80.63999999999838
15073,2357.04,1400,0.01,80.64999999999839
14443,2351.58,1401,0.01,80.65999999999839
16083,2351.42,1402,0.01,80.6699999999984
14502,2351.02,1403,0.01,80.6799999999984
12802,2350.42,1404,0.01,80.6899999999984
13908,2347.05,1405,0.01,80.69999999999841
17282,2339.66,1406,0.01,80.70999999999842
16085,2337.73,1407,0.01,80.71999999999842
13118,2334.1,1408,0.01,80.72999999999843
17434,2333.42,1409,0.01,80.73999999999843
16676,2328.5,1410,0.01,80.74999999999844
17284,2328.22,1411,0.01,80.75999999999844
15489,2327.36,1412,0.01,80.76999999999845
12733,2326.82,1413,0.01,80.77999999999845
15100,2319.5,1414,0.01,80.78999999999846
12724,2317.52,1415,0.01,80.79999999999846
14295,2316.06,1416,0.01,80.80999999999847
14346,2315.75,1417,0.01,80.81999999999847
13994,2313.14,1418,0.01,80.82999999999848
16628,2313.09,1419,0.01,80.83999999999848
17095,2312.59,1420,0.01,80.84999999999849
15549,2308.46,1421,0.01,80.8599999999985
14555,2306.48,1422,0.01,80.8699999999985
12948,2306.18,1423,0.01,80.8799999999985
15946,2304.18,1424,0.01,80.88999999999851
18095,2303.09,1425,0.01,80.89999999999851
13280,2297.13,1426,0.01,80.90999999999852
12599,2296.72,1427,0.01,80.91999999999852
13704,2295.31,1428,0.01,80.92999999999853
16496,2293.47,1429,0.01,80.93999999999853
13055,2292.5099999999998,1430,0.01,80.94999999999854
14938,2289.43,1431,0.01,80.95999999999854
17047,2289.23,1432,0.01,80.96999999999855
17313,2288.13,1433,0.01,80.97999999999855
17018,2287.7,1434,0.01,80.98999999999856
12684,2283.63,1435,0.01,80.99999999999856
14901,2277.05,1436,0.01,81.00999999999857
18051,2275.98,1437,0.01,81.01999999999857
15015,2275.82,1438,0.01,81.02999999999858
13059,2272.62,1439,0.01,81.03999999999859
13371,2271.46,1440,0.01,81.04999999999859
15658,2270.34,1441,0.01,81.0599999999986
13748,2268.35,1442,0.01,81.0699999999986
16163,2263.63,1443,0.01,81.0799999999986
16531,2263.58,1444,0.01,81.08999999999861
15734,2263.3,1445,0.01,81.09999999999862
17994,2262.87,1446,0.01,81.10999999999862
13655,2259.3,1447,0.01,81.11999999999863
14432,2255.51,1448,0.01,81.12999999999863
17193,2254.6,1449,0.01,81.13999999999864
16823,2253.14,1450,0.01,81.14999999999864
17969,2251.19,1451,0.01,81.15999999999865
17414,2249.52,1452,0.01,81.16999999999865
15865,2248.92,1453,0.01,81.17999999999866
12868,2247.06,1454,0.01,81.18999999999866
16174,2246.75,1455,0.01,81.19999999999867
15629,2240.9,1456,0.01,81.20999999999867
13814,2239.07,1457,0.01,81.21999999999868
18215,2238.9900000000002,1458,0.01,81.22999999999868
12649,2238.7,1459,0.01,81.23999999999869
16551,2237.12,1460,0.01,81.24999999999869
17180,2236.33,1461,0.01,81.2599999999987
14462,2231.89,1462,0.01,81.2699999999987
16221,2229.0099999999998,1463,0.01,81.27999999999871
14472,2228.22,1464,0.01,81.28999999999871
14177,2224.39,1465,0.01,81.29999999999872
13338,2223.62,1466,0.01,81.30999999999872
17075,2221.38,1467,0.01,81.31999999999873
14467,2220.9900000000002,1468,0.01,81.32999999999873
12704,2220.84,1469,0.01,81.33999999999874
13627,2217.55,1470,0.01,81.34999999999874
16812,2216.8,1471,0.01,81.35999999999875
13094,2214.6600000000003,1472,0.01,81.36999999999875
17368,2213.24,1473,0.01,81.37999999999876
17648,2208.42,1474,0.01,81.38999999999876
17550,2206.54,1475,0.01,81.39999999999877
16350,2206.49,1476,0.01,81.40999999999877
14597,2201.54,1477,0.01,81.41999999999878
14321,2198.58,1478,0.01,81.42999999999878
14006,2196.67,1479,0.01,81.43999999999879
15934,2190.66,1480,0.01,81.4499999999988
14212,2190.14,1481,0.01,81.4599999999988
18177,2189.62,1482,0.01,81.4699999999988
17822,2188.5,1483,0.01,81.47999999999881
14834,2184.21,1484,0.01,81.48999999999882
13662,2183.13,1485,0.01,81.49999999999882
14708,2182.58,1486,0.01,81.50999999999883
15476,2180.28,1487,0.01,81.51999999999883
16317,2179.76,1488,0.01,81.52999999999884
14808,2175.37,1489,0.01,81.53999999999884
16076,2173.53,1490,0.01,81.54999999999885
13410,2172.51,1491,0.01,81.55999999999885
14665,2172.33,1492,0.01,81.56999999999886
16108,2171.93,1493,0.01,81.57999999999886
15649,2170.35,1494,0.01,81.58999999999887
13888,2169.05,1495,0.01,81.59999999999887
13762,2165.76,1496,0.01,81.60999999999888
14595,2164.45,1497,0.01,81.61999999999888
13365,2164.32,1498,0.01,81.62999999999889
15944,2164.24,1499,0.01,81.63999999999889
12856,2162.68,1500,0.01,81.6499999999989
13320,2160.95,1501,0.01,81.6599999999989
13755,2154.68,1502,0.01,81.66999999999891
18116,2154.3,1503,0.01,81.67999999999891
16042,2153.0,1504,0.01,81.68999999999892
16275,2151.11,1505,0.01,81.69999999999892
13224,2150.85,1506,0.01,81.70999999999893
18239,2150.36,1507,0.01,81.71999999999893
17032,2150.06,1508,0.01,81.72999999999894
17324,2148.87,1509,0.01,81.73999999999894
16966,2148.47,1510,0.01,81.74999999999895
16004,2146.39,1511,0.01,81.75999999999895
17272,2144.53,1512,0.01,81.76999999999896
13610,2144.13,1513,0.01,81.77999999999896
14216,2142.39,1514,0.01,81.78999999999897
16177,2141.61,1515,0.01,81.79999999999897
12687,2138.91,1516,0.01,81.80999999999898
16485,2137.68,1517,0.01,81.81999999999898
17029,2137.3,1518,0.01,81.82999999999899
15638,2137.2,1519,0.01,81.839999999999
17305,2135.46,1520,0.01,81.849999999999
16379,2131.9,1521,0.01,81.859999999999
14360,2128.23,1522,0.01,81.86999999999901
14410,2122.37,1523,0.01,81.87999999999901
14396,2121.93,1524,0.01,81.88999999999902
14499,2120.62,1525,0.01,81.89999999999903
16134,2119.99,1526,0.01,81.90999999999903
15456,2119.27,1527,0.01,81.91999999999904
13152,2114.98,1528,0.01,81.92999999999904
17671,2114.71,1529,0.01,81.93999999999905
14691,2114.33,1530,0.01,81.94999999999905
14469,2112.21,1531,0.01,81.95999999999906
13643,2112.17,1532,0.01,81.96999999999906
13407,2111.89,1533,0.01,81.97999999999907
14407,2111.08,1534,0.01,81.98999999999907
16493,2110.12,1535,0.01,81.99999999999908
17113,2109.16,1536,0.01,82.00999999999908
13517,2109.07,1537,0.01,82.01999999999909
13265,2107.66,1538,0.01,82.02999999999909
12560,2101.39,1539,0.01,82.0399999999991
15815,2100.6,1540,0.01,82.0499999999991
16510,2100.0,1541,0.01,82.0599999999991
17742,2098.48,1542,0.01,82.06999999999911
14399,2098.16,1543,0.01,82.07999999999912
17159,2095.44,1544,0.01,82.08999999999912
13753,2094.57,1545,0.01,82.09999999999913
16600,2093.56,1546,0.01,82.10999999999913
17585,2093.3,1547,0.01,82.11999999999914
14723,2093.06,1548,0.01,82.12999999999914
16934,2090.7400000000002,1549,0.01,82.13999999999915
16054,2090.68,1550,0.01,82.14999999999915
12501,2089.68,1551,0.01,82.15999999999916
16726,2088.41,1552,0.01,82.16999999999916
15151,2085.61,1553,0.01,82.17999999999917
15272,2085.48,1554,0.01,82.18999999999917
12576,2083.87,1555,0.01,82.19999999999918
13591,2081.19,1556,0.01,82.20999999999918
14644,2077.47,1557,0.01,82.21999999999919
18009,2077.08,1558,0.01,82.2299999999992
18026,2074.07,1559,0.01,82.2399999999992
16201,2070.17,1560,0.01,82.2499999999992
17289,2069.89,1561,0.01,82.25999999999921
16794,2069.71,1562,0.01,82.26999999999921
16290,2069.3,1563,0.01,82.27999999999922
13478,2068.03,1564,0.01,82.28999999999922
14988,2066.6,1565,0.01,82.29999999999923
12997,2065.11,1566,0.01,82.30999999999923
16807,2064.88,1567,0.01,82.31999999999924
12610,2057.99,1568,0.01,82.32999999999925
17126,2057.54,1569,0.01,82.33999999999925
12518,2056.89,1570,0.01,82.34999999999926
16891,2056.82,1571,0.01,82.35999999999926
15252,2053.06,1572,0.01,82.36999999999927
15164,2052.02,1573,0.01,82.37999999999927
17086,2050.08,1574,0.01,82.38999999999928
17666,2047.8,1575,0.01,82.39999999999928
16996,2044.16,1576,0.01,82.40999999999929
14232,2043.93,1577,0.01,82.41999999999929
17705,2041.5,1578,0.01,82.4299999999993
18258,2040.97,1579,0.01,82.4399999999993
15506,2040.03,1580,0.01,82.4499999999993
13799,2039.82,1581,0.01,82.45999999999931
16214,2038.25,1582,0.01,82.46999999999932
16331,2037.7,1583,0.01,82.47999999999932
13705,2035.33,1584,0.01,82.48999999999933
14651,2034.1200000000001,1585,0.01,82.49999999999933
15253,2033.29,1586,0.01,82.50999999999934
17846,2033.1,1587,0.01,82.51999999999934
14623,2030.83,1588,0.01,82.52999999999935
12586,2028.67,1589,0.01,82.53999999999935
12873,2027.3,1590,0.01,82.54999999999936
13989,2026.06,1591,0.01,82.55999999999936
15478,2024.98,1592,0.01,82.56999999999937
14631,2023.17,1593,0.01,82.57999999999937
17227,2022.03,1594,0.01,82.58999999999938
16960,2021.98,1595,0.01,82.59999999999938
12348,2019.4,1596,0.01,82.60999999999939
14147,2019.3,1597,0.01,82.6199999999994
14188,2018.91,1598,0.01,82.6299999999994
12418,2016.95,1599,0.01,82.6399999999994
16197,2016.71,1600,0.01,82.64999999999941
14225,2015.12,1601,0.01,82.65999999999941
15384,2014.49,1602,0.01,82.66999999999942
15864,2014.22,1603,0.01,82.67999999999942
13663,2013.6100000000001,1604,0.01,82.68999999999943
16529,2012.0,1605,0.01,82.69999999999943
15990,2010.05,1606,0.01,82.70999999999944
13696,2008.7,1607,0.01,82.71999999999944
15531,2007.44,1608,0.01,82.72999999999945
17460,2007.4,1609,0.01,82.73999999999945
13092,2007.33,1610,0.01,82.74999999999946
14730,2005.06,1611,0.01,82.75999999999947
16698,1998.0,1612,0.01,82.76999999999947
14628,1998.0,1613,0.01,82.77999999999948
13630,1995.68,1614,0.01,82.78999999999948
15550,1995.6,1615,0.01,82.79999999999949
12975,1993.99,1616,0.01,82.80999999999949
15481,1993.34,1617,0.01,82.8199999999995
12986,1991.5900000000001,1618,0.01,82.8299999999995
17048,1991.45,1619,0.01,82.8399999999995
17088,1991.01,1620,0.01,82.84999999999951
16235,1990.6100000000001,1621,0.01,82.85999999999952
16332,1989.97,1622,0.01,82.86999999999952
13874,1989.2,1623,0.01,82.87999999999953
17351,1988.23,1624,0.01,82.88999999999953
17797,1985.87,1625,0.01,82.89999999999954
12585,1982.81,1626,0.01,82.90999999999954
15192,1981.39,1627,0.01,82.91999999999955
12582,1980.4,1628,0.01,82.92999999999955
15795,1979.8700000000001,1629,0.01,82.93999999999956
18204,1979.3,1630,0.01,82.94999999999956
14152,1975.44,1631,0.01,82.95999999999957
17633,1974.89,1632,0.01,82.96999999999957
17966,1974.42,1633,0.01,82.97999999999958
14896,1973.47,1634,0.01,82.98999999999958
14634,1971.82,1635,0.01,82.99999999999959
13208,1970.5,1636,0.01,83.0099999999996
16032,1970.45,1637,0.01,83.0199999999996
13838,1966.09,1638,0.01,83.0299999999996
15030,1964.66,1639,0.01,83.03999999999961
16176,1964.04,1640,0.01,83.04999999999961
17158,1962.3,1641,0.01,83.05999999999962
12399,1962.3,1642,0.01,83.06999999999962
14477,1960.61,1643,0.01,83.07999999999963
18016,1960.46,1644,0.01,83.08999999999963
14301,1956.23,1645,0.01,83.09999999999964
17039,1954.99,1646,0.01,83.10999999999964
17554,1952.45,1647,0.01,83.11999999999965
13761,1952.17,1648,0.01,83.12999999999965
16788,1950.3,1649,0.01,83.13999999999966
13693,1948.32,1650,0.01,83.14999999999966
15081,1948.27,1651,0.01,83.15999999999967
14014,1948.21,1652,0.01,83.16999999999967
15425,1944.57,1653,0.01,83.17999999999968
17337,1944.32,1654,0.01,83.18999999999969
14332,1943.51,1655,0.01,83.19999999999969
17135,1943.24,1656,0.01,83.2099999999997
14905,1939.69,1657,0.01,83.2199999999997
14418,1937.25,1658,0.01,83.2299999999997
14481,1935.32,1659,0.01,83.23999999999971
15605,1933.4,1660,0.01,83.24999999999972
15789,1932.01,1661,0.01,83.25999999999972
15803,1929.66,1662,0.01,83.26999999999973
14276,1929.32,1663,0.01,83.27999999999973
17236,1929.26,1664,0.01,83.28999999999974
13029,1927.3,1665,0.01,83.29999999999974
12385,1923.4,1666,0.01,83.30999999999975
14710,1922.59,1667,0.01,83.31999999999975
12528,1922.28,1668,0.01,83.32999999999976
16681,1921.84,1669,0.01,83.33999999999976
12674,1919.31,1670,0.01,83.34999999999977
13276,1918.56,1671,0.01,83.35999999999977
12842,1917.99,1672,0.01,83.36999999999978
16619,1916.53,1673,0.01,83.37999999999978
16650,1916.11,1674,0.01,83.38999999999979
13476,1915.77,1675,0.01,83.39999999999979
16692,1914.6999999999998,1676,0.01,83.4099999999998
15620,1909.93,1677,0.01,83.4199999999998
14205,1908.38,1678,0.01,83.42999999999981
16426,1908.25,1679,0.01,83.43999999999981
17046,1906.07,1680,0.01,83.44999999999982
17235,1904.8799999999999,1681,0.01,83.45999999999982
14250,1904.05,1682,0.01,83.46999999999983
14127,1900.0800000000002,1683,0.01,83.47999999999983
16770,1900.03,1684,0.01,83.48999999999984
16049,1899.68,1685,0.01,83.49999999999984
12531,1899.05,1686,0.01,83.50999999999985
12762,1898.52,1687,0.01,83.51999999999985
14224,1897.9,1688,0.01,83.52999999999986
14741,1897.59,1689,0.01,83.53999999999986
17560,1895.8,1690,0.01,83.54999999999987
14327,1894.93,1691,0.01,83.55999999999987
16942,1894.11,1692,0.01,83.56999999999988
12584,1893.95,1693,0.01,83.57999999999988
15678,1893.89,1694,0.01,83.58999999999989
17341,1889.83,1695,0.01,83.5999999999999
17259,1889.34,1696,0.01,83.6099999999999
12352,1889.21,1697,0.01,83.6199999999999
14794,1889.15,1698,0.01,83.62999999999991
15381,1887.62,1699,0.01,83.63999999999992
16172,1884.55,1700,0.01,83.64999999999992
14130,1882.67,1701,0.01,83.65999999999993
14000,1877.5900000000001,1702,0.01,83.66999999999993
17350,1876.161,1703,0.01,83.67999999999994
16725,1870.71,1704,0.01,83.68999999999994
16631,1867.02,1705,0.01,83.69999999999995
13168,1866.26,1706,0.01,83.70999999999995
15248,1865.03,1707,0.01,83.71999999999996
14887,1862.0,1708,0.01,83.72999999999996
17974,1858.06,1709,0.01,83.73999999999997
16043,1856.5900000000001,1710,0.01,83.74999999999997
15561,1856.54,1711,0.01,83.75999999999998
13889,1855.73,1712,0.01,83.76999999999998
18151,1853.94,1713,0.01,83.77999999999999
13884,1852.38,1714,0.01,83.78999999999999
16917,1848.88,1715,0.01,83.8
18180,1843.75,1716,0.01,83.81
12950,1843.0,1717,0.01,83.82000000000001
17015,1842.56,1718,0.01,83.83000000000001
16102,1842.14,1719,0.01,83.84000000000002
16880,1840.86,1720,0.01,83.85000000000002
14715,1840.45,1721,0.01,83.86000000000003
17919,1840.32,1722,0.01,83.87000000000003
12694,1839.45,1723,0.01,83.88000000000004
12383,1839.31,1724,0.01,83.89000000000004
16175,1836.44,1725,0.01,83.90000000000005
16205,1830.61,1726,0.01,83.91000000000005
17152,1830.5,1727,0.01,83.92000000000006
16152,1829.04,1728,0.01,83.93000000000006
16825,1826.89,1729,0.01,83.94000000000007
18122,1826.21,1730,0.01,83.95000000000007
17244,1826.04,1731,0.01,83.96000000000008
17642,1824.49,1732,0.01,83.97000000000008
16169,1822.97,1733,0.01,83.98000000000009
14403,1822.76,1734,0.01,83.9900000000001
14389,1821.07,1735,0.01,84.0000000000001
13561,1820.72,1736,0.01,84.0100000000001
16110,1819.27,1737,0.01,84.02000000000011
16511,1819.02,1738,0.01,84.03000000000011
16233,1818.71,1739,0.01,84.04000000000012
15402,1816.64,1740,0.01,84.05000000000013
15221,1816.1000000000001,1741,0.01,84.06000000000013
14553,1816.04,1742,0.01,84.07000000000014
12644,1815.54,1743,0.01,84.08000000000014
15530,1813.72,1744,0.01,84.09000000000015
14704,1813.57,1745,0.01,84.10000000000015
16474,1811.47,1746,0.01,84.11000000000016
15972,1810.27,1747,0.01,84.12000000000016
16595,1810.18,1748,0.01,84.13000000000017
13725,1809.81,1749,0.01,84.14000000000017
15807,1807.57,1750,0.01,84.15000000000018
15133,1806.9,1751,0.01,84.16000000000018
18096,1805.28,1752,0.01,84.17000000000019
12784,1804.75,1753,0.01,84.18000000000019
12381,1803.96,1754,0.01,84.1900000000002
14305,1803.76,1755,0.01,84.2000000000002
16249,1800.07,1756,0.01,84.2100000000002
16027,1799.8400000000001,1757,0.01,84.22000000000021
15452,1799.1100000000001,1758,0.01,84.23000000000022
16348,1798.22,1759,0.01,84.24000000000022
17750,1797.57,1760,0.01,84.25000000000023
12507,1797.31,1761,0.01,84.26000000000023
18161,1797.2,1762,0.01,84.27000000000024
18235,1796.48,1763,0.01,84.28000000000024
15889,1795.83,1764,0.01,84.29000000000025
18236,1795.3500000000001,1765,0.01,84.30000000000025
14870,1794.6000000000001,1766,0.01,84.31000000000026
13503,1793.54,1767,0.01,84.32000000000026
12369,1791.15,1768,0.01,84.33000000000027
16797,1786.77,1769,0.01,84.34000000000027
13375,1786.48,1770,0.01,84.35000000000028
15608,1785.98,1771,0.01,84.36000000000028
13782,1785.77,1772,0.01,84.37000000000029
17165,1783.63,1773,0.01,84.3800000000003
14893,1782.26,1774,0.01,84.3900000000003
14583,1781.03,1775,0.01,84.4000000000003
16380,1780.59,1776,0.01,84.41000000000031
15822,1777.91,1777,0.01,84.42000000000031
12458,1777.49,1778,0.01,84.43000000000032
16611,1776.63,1779,0.01,84.44000000000032
18220,1771.7,1780,0.01,84.45000000000033
16374,1771.45,1781,0.01,84.46000000000033
14387,1770.56,1782,0.01,84.47000000000034
15594,1767.53,1783,0.01,84.48000000000035
16751,1764.72,1784,0.01,84.49000000000035
14738,1763.64,1785,0.01,84.50000000000036
17609,1758.99,1786,0.01,84.51000000000036
16620,1758.93,1787,0.01,84.52000000000037
15220,1758.92,1788,0.01,84.53000000000037
14522,1758.6200000000001,1789,0.01,84.54000000000038
16266,1757.95,1790,0.01,84.55000000000038
12778,1757.68,1791,0.01,84.56000000000039
14915,1752.65,1792,0.01,84.57000000000039
17432,1751.39,1793,0.01,84.5800000000004
13155,1750.18,1794,0.01,84.5900000000004
13717,1748.05,1795,0.01,84.6000000000004
13808,1747.66,1796,0.01,84.61000000000041
15976,1746.6399999999999,1797,0.01,84.62000000000042
13946,1745.43,1798,0.01,84.63000000000042
12494,1743.52,1799,0.01,84.64000000000043
17321,1741.18,1800,0.01,84.65000000000043
15473,1740.0,1801,0.01,84.66000000000044
16087,1739.92,1802,0.01,84.67000000000044
13531,1738.52,1803,0.01,84.68000000000045
13456,1737.8200000000002,1804,0.01,84.69000000000045
15885,1737.57,1805,0.01,84.70000000000046
14692,1735.59,1806,0.01,84.71000000000046
14584,1734.91,1807,0.01,84.72000000000047
13920,1734.88,1808,0.01,84.73000000000047
14075,1734.87,1809,0.01,84.74000000000048
17268,1733.8899999999999,1810,0.01,84.75000000000048
14236,1732.74,1811,0.01,84.76000000000049
15128,1732.22,1812,0.01,84.7700000000005
15777,1732.1599999999999,1813,0.01,84.7800000000005
16809,1725.48,1814,0.01,84.7900000000005
13363,1723.86,1815,0.01,84.80000000000051
16010,1722.1100000000001,1816,0.01,84.81000000000051
16899,1721.02,1817,0.01,84.82000000000052
16119,1720.81,1818,0.01,84.83000000000052
17695,1720.54,1819,0.01,84.84000000000053
15267,1717.36,1820,0.01,84.85000000000053
15736,1717.27,1821,0.01,84.86000000000054
14021,1716.58,1822,0.01,84.87000000000054
17813,1714.6,1823,0.01,84.88000000000055
15369,1713.39,1824,0.01,84.89000000000055
14447,1711.73,1825,0.01,84.90000000000056
13665,1711.6599999999999,1826,0.01,84.91000000000057
12947,1711.33,1827,0.01,84.92000000000057
12405,1710.39,1828,0.01,84.93000000000058
16124,1709.39,1829,0.01,84.94000000000058
13104,1709.1,1830,0.01,84.95000000000059
15947,1708.24,1831,0.01,84.96000000000059
15730,1708.18,1832,0.01,84.9700000000006
13566,1708.1200000000001,1833,0.01,84.9800000000006
12407,1708.1200000000001,1834,0.01,84.9900000000006
16907,1707.9,1835,0.01,85.00000000000061
17162,1707.21,1836,0.01,85.01000000000062
16902,1706.88,1837,0.01,85.02000000000062
13309,1706.3700000000001,1838,0.01,85.03000000000063
12809,1705.34,1839,0.01,85.04000000000063
16654,1705.17,1840,0.01,85.05000000000064
14859,1703.94,1841,0.01,85.06000000000064
17571,1703.75,1842,0.01,85.07000000000065
16329,1703.07,1843,0.01,85.08000000000065
14400,1703.0,1844,0.01,85.09000000000066
12932,1698.56,1845,0.01,85.10000000000066
17694,1695.97,1846,0.01,85.11000000000067
12764,1693.88,1847,0.01,85.12000000000067
16813,1692.98,1848,0.01,85.13000000000068
14078,1692.6299999999999,1849,0.01,85.14000000000068
16671,1692.27,1850,0.01,85.15000000000069
13026,1690.12,1851,0.01,85.1600000000007
13294,1689.53,1852,0.01,85.1700000000007
16993,1688.15,1853,0.01,85.1800000000007
12813,1687.8,1854,0.01,85.19000000000071
13516,1685.26,1855,0.01,85.20000000000071
15987,1682.13,1856,0.01,85.21000000000072
13924,1682.08,1857,0.01,85.22000000000072
12425,1680.81,1858,0.01,85.23000000000073
13064,1680.74,1859,0.01,85.24000000000073
14967,1680.52,1860,0.01,85.25000000000074
12911,1680.47,1861,0.01,85.26000000000074
13800,1679.56,1862,0.01,85.27000000000075
13648,1679.01,1863,0.01,85.28000000000075
13649,1678.88,1864,0.01,85.29000000000076
14245,1677.48,1865,0.01,85.30000000000076
13149,1676.06,1866,0.01,85.31000000000077
17656,1674.69,1867,0.01,85.32000000000077
15996,1671.0,1868,0.01,85.33000000000078
17041,1670.48,1869,0.01,85.34000000000079
17534,1668.83,1870,0.01,85.35000000000079
13434,1666.8600000000001,1871,0.01,85.3600000000008
12912,1662.3,1872,0.01,85.3700000000008
15214,1661.44,1873,0.01,85.3800000000008
13240,1661.17,1874,0.01,85.39000000000081
16639,1659.85,1875,0.01,85.40000000000082
15167,1659.67,1876,0.01,85.41000000000082
15551,1659.28,1877,0.01,85.42000000000083
16859,1657.74,1878,0.01,85.43000000000083
14643,1654.69,1879,0.01,85.44000000000084
13308,1652.47,1880,0.01,85.45000000000084
18022,1651.79,1881,0.01,85.46000000000085
12775,1651.32,1882,0.01,85.47000000000085
16625,1651.08,1883,0.01,85.48000000000086
17451,1648.95,1884,0.01,85.49000000000086
13184,1648.79,1885,0.01,85.50000000000087
12870,1647.15,1886,0.01,85.51000000000087
16768,1647.07,1887,0.01,85.52000000000088
18085,1645.75,1888,0.01,85.53000000000088
15013,1641.3,1889,0.01,85.54000000000089
14904,1640.64,1890,0.01,85.55000000000089
12693,1640.42,1891,0.01,85.5600000000009
14829,1639.94,1892,0.01,85.5700000000009
15732,1637.52,1893,0.01,85.58000000000091
12847,1636.8999999999999,1894,0.01,85.59000000000091
17006,1636.32,1895,0.01,85.60000000000092
12398,1635.6599999999999,1896,0.01,85.61000000000092
15310,1634.64,1897,0.01,85.62000000000093
15339,1634.09,1898,0.01,85.63000000000093
13711,1632.6100000000001,1899,0.01,85.64000000000094
14987,1632.25,1900,0.01,85.65000000000094
14164,1631.77,1901,0.01,85.66000000000095
16398,1631.15,1902,0.01,85.67000000000095
14420,1627.72,1903,0.01,85.68000000000096
12933,1627.28,1904,0.01,85.69000000000096
14759,1625.97,1905,0.01,85.70000000000097
18149,1624.71,1906,0.01,85.71000000000097
15172,1624.05,1907,0.01,85.72000000000098
14831,1623.97,1908,0.01,85.73000000000098
17764,1623.64,1909,0.01,85.74000000000099
14178,1620.93,1910,0.01,85.750000000001
18276,1620.67,1911,0.01,85.760000000001
17951,1618.38,1912,0.01,85.770000000001
12379,1618.27,1913,0.01,85.78000000000101
14937,1617.63,1914,0.01,85.79000000000102
17515,1617.46,1915,0.01,85.80000000000102
17814,1617.32,1916,0.01,85.81000000000103
16224,1616.54,1917,0.01,85.82000000000103
13984,1616.1200000000001,1918,0.01,85.83000000000104
16461,1615.22,1919,0.01,85.84000000000104
15422,1615.02,1920,0.01,85.85000000000105
14336,1614.91,1921,0.01,85.86000000000105
13506,1609.65,1922,0.01,85.87000000000106
16256,1609.57,1923,0.01,85.88000000000106
13249,1608.93,1924,0.01,85.89000000000107
17853,1608.19,1925,0.01,85.90000000000107
13900,1608.09,1926,0.01,85.91000000000108
12669,1607.73,1927,0.01,85.92000000000108
14920,1607.17,1928,0.01,85.93000000000109
17222,1605.01,1929,0.01,85.94000000000109
12783,1603.87,1930,0.01,85.9500000000011
17828,1599.97,1931,0.01,85.9600000000011
17886,1598.43,1932,0.01,85.97000000000111
14587,1598.24,1933,0.01,85.98000000000111
13740,1597.77,1934,0.01,85.99000000000112
12514,1597.76,1935,0.01,86.00000000000112
15325,1596.81,1936,0.01,86.01000000000113
15134,1596.29,1937,0.01,86.02000000000113
13417,1593.89,1938,0.01,86.03000000000114
17028,1593.83,1939,0.01,86.04000000000114
16860,1593.67,1940,0.01,86.05000000000115
14719,1592.18,1941,0.01,86.06000000000115
12577,1591.35,1942,0.01,86.07000000000116
13752,1590.73,1943,0.01,86.08000000000116
16774,1587.85,1944,0.01,86.09000000000117
13850,1586.81,1945,0.01,86.10000000000117
13156,1586.54,1946,0.01,86.11000000000118
16096,1584.97,1947,0.01,86.12000000000118
17540,1582.1000000000001,1948,0.01,86.13000000000119
13239,1579.84,1949,0.01,86.1400000000012
15607,1578.57,1950,0.01,86.1500000000012
12549,1575.68,1951,0.01,86.1600000000012
14850,1575.21,1952,0.01,86.17000000000121
14489,1574.93,1953,0.01,86.18000000000121
14492,1574.3600000000001,1954,0.01,86.19000000000122
13202,1571.35,1955,0.01,86.20000000000122
15466,1571.01,1956,0.01,86.21000000000123
15289,1570.71,1957,0.01,86.22000000000124
17624,1568.63,1958,0.01,86.23000000000124
16716,1568.2800000000002,1959,0.01,86.24000000000125
16099,1568.25,1960,0.01,86.25000000000125
15074,1566.33,1961,0.01,86.26000000000126
18036,1563.6399999999999,1962,0.01,86.27000000000126
17851,1563.34,1963,0.01,86.28000000000127
17837,1560.53,1964,0.01,86.29000000000127
12629,1558.22,1965,0.01,86.30000000000128
13554,1556.3899999999999,1966,0.01,86.31000000000128
15149,1554.6100000000001,1967,0.01,86.32000000000129
14136,1553.96,1968,0.01,86.33000000000129
16017,1553.83,1969,0.01,86.3400000000013
17323,1553.51,1970,0.01,86.3500000000013
14695,1552.57,1971,0.01,86.3600000000013
14186,1550.63,1972,0.01,86.37000000000131
13337,1548.55,1973,0.01,86.38000000000132
12926,1548.46,1974,0.01,86.39000000000132
16366,1548.1299999999999,1975,0.01,86.40000000000133
17190,1548.04,1976,0.01,86.41000000000133
14754,1546.28,1977,0.01,86.42000000000134
16915,1543.18,1978,0.01,86.43000000000134
17649,1542.44,1979,0.01,86.44000000000135
15701,1542.14,1980,0.01,86.45000000000135
13783,1542.09,1981,0.01,86.46000000000136
15279,1541.74,1982,0.01,86.47000000000136
13186,1539.69,1983,0.01,86.48000000000137
16140,1536.19,1984,0.01,86.49000000000137
13579,1535.84,1985,0.01,86.50000000000138
15798,1535.37,1986,0.01,86.51000000000138
13402,1535.13,1987,0.01,86.52000000000139
13939,1533.66,1988,0.01,86.5300000000014
17454,1532.64,1989,0.01,86.5400000000014
18136,1531.71,1990,0.01,86.5500000000014
13539,1531.26,1991,0.01,86.56000000000141
15326,1529.82,1992,0.01,86.57000000000141
14198,1527.58,1993,0.01,86.58000000000142
16340,1526.06,1994,0.01,86.59000000000142
15201,1525.9,1995,0.01,86.60000000000143
12970,1524.97,1996,0.01,86.61000000000143
14567,1524.46,1997,0.01,86.62000000000144
16491,1524.31,1998,0.01,86.63000000000144
14304,1523.81,1999,0.01,86.64000000000145
18062,1523.3700000000001,2000,0.01,86.65000000000146
13042,1522.79,2001,0.01,86.66000000000146
17990,1522.5700000000002,2002,0.01,86.67000000000147
15587,1522.0800000000002,2003,0.01,86.68000000000147
16066,1521.87,2004,0.01,86.69000000000148
14055,1520.96,2005,0.01,86.70000000000148
16790,1520.1200000000001,2006,0.01,86.71000000000149
12818,1517.88,2007,0.01,86.72000000000149
16092,1515.49,2008,0.01,86.7300000000015
14220,1515.0,2009,0.01,86.7400000000015
14682,1514.81,2010,0.01,86.7500000000015
17997,1511.3,2011,0.01,86.76000000000151
17025,1510.6399999999999,2012,0.01,86.77000000000152
16910,1510.06,2013,0.01,86.78000000000152
15948,1509.0900000000001,2014,0.01,86.79000000000153
18074,1509.04,2015,0.01,86.80000000000153
13158,1508.18,2016,0.01,86.81000000000154
15261,1508.0,2017,0.01,86.82000000000154
17977,1507.73,2018,0.01,86.83000000000155
17179,1507.26,2019,0.01,86.84000000000155
14068,1504.97,2020,0.01,86.85000000000156
17290,1501.44,2021,0.01,86.86000000000156
16762,1501.38,2022,0.01,86.87000000000157
15215,1496.46,2023,0.01,86.88000000000157
14885,1496.12,2024,0.01,86.89000000000158
13377,1495.43,2025,0.01,86.90000000000158
13310,1492.8,2026,0.01,86.91000000000159
16314,1491.4,2027,0.01,86.9200000000016
16037,1489.44,2028,0.01,86.9300000000016
17345,1484.3799999999999,2029,0.01,86.9400000000016
15427,1483.14,2030,0.01,86.95000000000161
18214,1480.99,2031,0.01,86.96000000000161
15110,1480.0,2032,0.01,86.97000000000162
17590,1479.22,2033,0.01,86.98000000000162
15574,1476.7,2034,0.01,86.99000000000163
16450,1475.73,2035,0.01,87.00000000000163
15630,1475.45,2036,0.01,87.01000000000164
16419,1474.67,2037,0.01,87.02000000000164
14246,1474.06,2038,0.01,87.03000000000165
16980,1473.3300000000002,2039,0.01,87.04000000000165
16835,1471.51,2040,0.01,87.05000000000166
14684,1468.55,2041,0.01,87.06000000000166
15590,1466.41,2042,0.01,87.07000000000167
18252,1465.59,2043,0.01,87.08000000000168
18196,1464.31,2044,0.01,87.09000000000168
13360,1464.1,2045,0.01,87.10000000000169
12882,1463.04,2046,0.01,87.11000000000169
16586,1462.78,2047,0.01,87.1200000000017
17978,1461.76,2048,0.01,87.1300000000017
18106,1461.46,2049,0.01,87.1400000000017
14264,1461.3600000000001,2050,0.01,87.15000000000171
13085,1459.46,2051,0.01,87.16000000000172
16121,1457.19,2052,0.01,87.17000000000172
15071,1455.56,2053,0.01,87.18000000000173
16569,1455.23,2054,0.01,87.19000000000173
13138,1454.49,2055,0.01,87.20000000000174
18268,1451.22,2056,0.01,87.21000000000174
13165,1451.16,2057,0.01,87.22000000000175
14657,1450.92,2058,0.01,87.23000000000175
16239,1450.9,2059,0.01,87.24000000000176
13361,1450.5,2060,0.01,87.25000000000176
15876,1449.1399999999999,2061,0.01,87.26000000000177
13023,1449.03,2062,0.01,87.27000000000177
15882,1448.91,2063,0.01,87.28000000000178
16906,1448.8,2064,0.01,87.29000000000178
17545,1448.54,2065,0.01,87.30000000000179
14591,1447.14,2066,0.01,87.31000000000179
17073,1446.09,2067,0.01,87.3200000000018
13583,1445.031,2068,0.01,87.3300000000018
15636,1444.58,2069,0.01,87.34000000000181
13370,1442.64,2070,0.01,87.35000000000181
17734,1442.32,2071,0.01,87.36000000000182
18066,1440.4,2072,0.01,87.37000000000182
13543,1439.6100000000001,2073,0.01,87.38000000000183
16088,1437.43,2074,0.01,87.39000000000183
16727,1437.42,2075,0.01,87.40000000000184
13500,1436.3,2076,0.01,87.41000000000184
12805,1434.95,2077,0.01,87.42000000000185
17582,1433.7,2078,0.01,87.43000000000185
13259,1433.38,2079,0.01,87.44000000000186
12389,1433.33,2080,0.01,87.45000000000186
17941,1433.28,2081,0.01,87.46000000000187
13475,1431.78,2082,0.01,87.47000000000187
17175,1430.94,2083,0.01,87.48000000000188
18071,1428.63,2084,0.01,87.49000000000188
13278,1428.2,2085,0.01,87.50000000000189
14487,1428.11,2086,0.01,87.5100000000019
15197,1427.84,2087,0.01,87.5200000000019
17610,1427.84,2088,0.01,87.5300000000019
15076,1425.84,2089,0.01,87.54000000000191
15799,1424.29,2090,0.01,87.55000000000192
16660,1422.35,2091,0.01,87.56000000000192
13145,1419.77,2092,0.01,87.57000000000193
14775,1418.46,2093,0.01,87.58000000000193
15444,1418.26,2094,0.01,87.59000000000194
14412,1417.49,2095,0.01,87.60000000000194
14662,1416.33,2096,0.01,87.61000000000195
17950,1412.65,2097,0.01,87.62000000000195
17438,1412.6200000000001,2098,0.01,87.63000000000196
17878,1412.33,2099,0.01,87.64000000000196
15237,1412.32,2100,0.01,87.65000000000197
14894,1412.21,2101,0.01,87.66000000000197
16394,1412.06,2102,0.01,87.67000000000198
15652,1411.84,2103,0.01,87.68000000000198
16848,1411.62,2104,0.01,87.69000000000199
16926,1410.4,2105,0.01,87.70000000000199
16854,1408.96,2106,0.01,87.710000000002
15106,1407.73,2107,0.01,87.720000000002
14083,1407.26,2108,0.01,87.73000000000201
12695,1407.1200000000001,2109,0.01,87.74000000000201
16173,1406.57,2110,0.01,87.75000000000202
12765,1404.58,2111,0.01,87.76000000000202
15186,1403.2,2112,0.01,87.77000000000203
14687,1402.06,2113,0.01,87.78000000000203
15911,1401.55,2114,0.01,87.79000000000204
15173,1399.26,2115,0.01,87.80000000000204
14019,1398.96,2116,0.01,87.81000000000205
18202,1396.99,2117,0.01,87.82000000000205
18189,1396.58,2118,0.01,87.83000000000206
16129,1396.05,2119,0.01,87.84000000000206
17856,1393.79,2120,0.01,87.85000000000207
16300,1392.43,2121,0.01,87.86000000000207
15453,1388.37,2122,0.01,87.87000000000208
13382,1387.58,2123,0.01,87.88000000000208
15468,1387.48,2124,0.01,87.89000000000209
13821,1387.03,2125,0.01,87.9000000000021
17496,1385.89,2126,0.01,87.9100000000021
14899,1384.88,2127,0.01,87.9200000000021
13572,1384.25,2128,0.01,87.93000000000211
13049,1384.14,2129,0.01,87.94000000000212
16463,1383.7,2130,0.01,87.95000000000212
12952,1382.8400000000001,2131,0.01,87.96000000000213
14116,1382.74,2132,0.01,87.97000000000213
14909,1380.98,2133,0.01,87.98000000000214
13159,1379.75,2134,0.01,87.99000000000214
15141,1378.31,2135,0.01,88.00000000000215
17714,1376.58,2136,0.01,88.01000000000215
17150,1375.65,2137,0.01,88.02000000000216
14577,1374.25,2138,0.01,88.03000000000216
14265,1373.35,2139,0.01,88.04000000000217
14434,1372.8,2140,0.01,88.05000000000217
14538,1370.8400000000001,2141,0.01,88.06000000000218
18221,1370.34,2142,0.01,88.07000000000218
14609,1366.2,2143,0.01,88.08000000000219
14114,1364.09,2144,0.01,88.09000000000219
16634,1363.1,2145,0.01,88.1000000000022
13074,1362.8400000000001,2146,0.01,88.1100000000022
16367,1362.4,2147,0.01,88.12000000000221
16389,1362.27,2148,0.01,88.13000000000221
17796,1361.99,2149,0.01,88.14000000000222
16588,1361.28,2150,0.01,88.15000000000222
16384,1358.95,2151,0.01,88.16000000000223
13760,1358.6399999999999,2152,0.01,88.17000000000223
17908,1357.89,2153,0.01,88.18000000000224
13232,1357.6,2154,0.01,88.19000000000224
12875,1356.99,2155,0.01,88.20000000000225
18167,1355.51,2156,0.01,88.21000000000225
14316,1355.34,2157,0.01,88.22000000000226
17054,1353.83,2158,0.01,88.23000000000226
14550,1353.31,2159,0.01,88.24000000000227
15116,1352.75,2160,0.01,88.25000000000227
16245,1352.3600000000001,2161,0.01,88.26000000000228
12591,1352.15,2162,0.01,88.27000000000228
16079,1352.0,2163,0.01,88.28000000000229
14853,1351.37,2164,0.01,88.2900000000023
12886,1351.09,2165,0.01,88.3000000000023
17731,1347.08,2166,0.01,88.3100000000023
12646,1346.97,2167,0.01,88.32000000000231
15411,1346.38,2168,0.01,88.33000000000231
13639,1346.27,2169,0.01,88.34000000000232
16222,1345.22,2170,0.01,88.35000000000232
17429,1342.16,2171,0.01,88.36000000000233
13743,1340.1499999999999,2172,0.01,88.37000000000234
15398,1339.63,2173,0.01,88.38000000000234
12620,1339.41,2174,0.01,88.39000000000235
12711,1339.05,2175,0.01,88.40000000000235
13220,1336.0900000000001,2176,0.01,88.41000000000236
15347,1333.9,2177,0.01,88.42000000000236
17033,1332.79,2178,0.01,88.43000000000237
15154,1332.26,2179,0.01,88.44000000000237
17932,1331.57,2180,0.01,88.45000000000238
13035,1328.95,2181,0.01,88.46000000000238
16295,1328.55,2182,0.01,88.47000000000239
14712,1328.0700000000002,2183,0.01,88.48000000000239
13919,1326.03,2184,0.01,88.4900000000024
13396,1325.29,2185,0.01,88.5000000000024
14956,1325.0,2186,0.01,88.5100000000024
15774,1324.2,2187,0.01,88.52000000000241
17097,1323.95,2188,0.01,88.53000000000242
12960,1322.07,2189,0.01,88.54000000000242
14847,1320.6,2190,0.01,88.55000000000243
16370,1320.56,2191,0.01,88.56000000000243
13803,1319.1100000000001,2192,0.01,88.57000000000244
17888,1318.9,2193,0.01,88.58000000000244
15751,1318.84,2194,0.01,88.59000000000245
14861,1318.4,2195,0.01,88.60000000000245
12526,1316.66,2196,0.01,88.61000000000246
15471,1316.56,2197,0.01,88.62000000000246
14921,1316.07,2198,0.01,88.63000000000247
14102,1314.73,2199,0.01,88.64000000000247
16464,1314.68,2200,0.01,88.65000000000248
14973,1314.45,2201,0.01,88.66000000000248
15322,1314.15,2202,0.01,88.67000000000249
15146,1313.66,2203,0.01,88.6800000000025
12364,1313.1,2204,0.01,88.6900000000025
12639,1312.37,2205,0.01,88.7000000000025
12426,1311.41,2206,0.01,88.71000000000251
14856,1311.3799999999999,2207,0.01,88.72000000000251
16377,1308.48,2208,0.01,88.73000000000252
13328,1308.48,2209,0.01,88.74000000000252
13587,1308.1,2210,0.01,88.75000000000253
16282,1307.58,2211,0.01,88.76000000000253
14071,1307.41,2212,0.01,88.77000000000254
15677,1305.63,2213,0.01,88.78000000000254
16744,1304.76,2214,0.01,88.79000000000255
15813,1303.9099999999999,2215,0.01,88.80000000000256
12463,1303.63,2216,0.01,88.81000000000256
15101,1303.49,2217,0.01,88.82000000000257
16574,1301.78,2218,0.01,88.83000000000257
16723,1301.63,2219,0.01,88.84000000000258
12919,1301.44,2220,0.01,88.85000000000258
14479,1299.11,2221,0.01,88.86000000000259
12488,1298.66,2222,0.01,88.87000000000259
16372,1298.61,2223,0.01,88.8800000000026
12987,1298.51,2224,0.01,88.8900000000026
12372,1298.04,2225,0.01,88.9000000000026
17499,1296.84,2226,0.01,88.91000000000261
14167,1296.49,2227,0.01,88.92000000000262
14618,1295.67,2228,0.01,88.93000000000262
16929,1295.39,2229,0.01,88.94000000000263
14480,1295.27,2230,0.01,88.95000000000263
15108,1291.75,2231,0.01,88.96000000000264
13846,1290.34,2232,0.01,88.97000000000264
16608,1288.72,2233,0.01,88.98000000000265
16756,1287.42,2234,0.01,88.99000000000265
17411,1286.53,2235,0.01,89.00000000000266
14821,1286.45,2236,0.01,89.01000000000266
17027,1285.41,2237,0.01,89.02000000000267
16212,1284.56,2238,0.01,89.03000000000267
14297,1284.06,2239,0.01,89.04000000000268
17142,1283.75,2240,0.01,89.05000000000268
14284,1282.85,2241,0.01,89.06000000000269
15136,1282.45,2242,0.01,89.0700000000027
16894,1282.36,2243,0.01,89.0800000000027
15525,1280.8,2244,0.01,89.0900000000027
17109,1280.1,2245,0.01,89.10000000000271
17862,1279.09,2246,0.01,89.11000000000271
13243,1278.04,2247,0.01,89.12000000000272
15211,1277.48,2248,0.01,89.13000000000272
16777,1277.01,2249,0.01,89.14000000000273
17759,1276.91,2250,0.01,89.15000000000273
17521,1276.81,2251,0.01,89.16000000000274
18035,1276.74,2252,0.01,89.17000000000274
14478,1276.66,2253,0.01,89.18000000000275
14619,1276.31,2254,0.01,89.19000000000275
15584,1275.0,2255,0.01,89.20000000000276
14820,1274.76,2256,0.01,89.21000000000276
14490,1273.47,2257,0.01,89.22000000000277
17478,1272.8,2258,0.01,89.23000000000278
17132,1272.8,2259,0.01,89.24000000000278
12394,1272.48,2260,0.01,89.25000000000279
16527,1272.44,2261,0.01,89.26000000000279
12908,1272.0,2262,0.01,89.2700000000028
14984,1271.41,2263,0.01,89.2800000000028
12630,1270.88,2264,0.01,89.2900000000028
14679,1270.3999999999999,2265,0.01,89.30000000000281
15038,1269.96,2266,0.01,89.31000000000282
13492,1269.84,2267,0.01,89.32000000000282
15439,1269.05,2268,0.01,89.33000000000283
14379,1268.91,2269,0.01,89.34000000000283
14474,1268.1299999999999,2270,0.01,89.35000000000284
13892,1267.6499999999999,2271,0.01,89.36000000000284
14511,1267.4099999999999,2272,0.01,89.37000000000285
15579,1267.25,2273,0.01,89.38000000000285
13300,1267.21,2274,0.01,89.39000000000286
13497,1266.33,2275,0.01,89.40000000000286
13515,1265.82,2276,0.01,89.41000000000287
14725,1264.84,2277,0.01,89.42000000000287
13617,1263.8,2278,0.01,89.43000000000288
14427,1263.52,2279,0.01,89.44000000000288
16951,1262.75,2280,0.01,89.45000000000289
15009,1261.78,2281,0.01,89.46000000000289
16955,1261.16,2282,0.01,89.4700000000029
14419,1260.91,2283,0.01,89.4800000000029
16688,1260.86,2284,0.01,89.49000000000291
13916,1260.51,2285,0.01,89.50000000000291
16842,1260.44,2286,0.01,89.51000000000292
17343,1259.94,2287,0.01,89.52000000000292
13689,1259.5,2288,0.01,89.53000000000293
14267,1259.19,2289,0.01,89.54000000000293
15651,1259.06,2290,0.01,89.55000000000294
14871,1258.97,2291,0.01,89.56000000000294
12717,1258.91,2292,0.01,89.57000000000295
17635,1256.83,2293,0.01,89.58000000000295
13065,1255.96,2294,0.01,89.59000000000296
16714,1254.71,2295,0.01,89.60000000000296
15064,1254.41,2296,0.01,89.61000000000297
15441,1254.21,2297,0.01,89.62000000000297
13855,1253.94,2298,0.01,89.63000000000298
17037,1253.22,2299,0.01,89.64000000000298
15400,1252.8,2300,0.01,89.65000000000299
14698,1250.76,2301,0.01,89.660000000003
15599,1250.06,2302,0.01,89.670000000003
17481,1249.34,2303,0.01,89.680000000003
13443,1247.71,2304,0.01,89.69000000000301
14383,1247.69,2305,0.01,89.70000000000302
12689,1247.61,2306,0.01,89.71000000000302
14240,1247.49,2307,0.01,89.72000000000303
15004,1246.32,2308,0.01,89.73000000000303
16296,1245.97,2309,0.01,89.74000000000304
12402,1244.15,2310,0.01,89.75000000000304
17076,1242.75,2311,0.01,89.76000000000305
15800,1242.58,2312,0.01,89.77000000000305
14446,1241.31,2313,0.01,89.78000000000306
14382,1240.85,2314,0.01,89.79000000000306
13201,1240.6100000000001,2315,0.01,89.80000000000307
17529,1240.25,2316,0.01,89.81000000000307
13860,1240.0,2317,0.01,89.82000000000308
17034,1239.32,2318,0.01,89.83000000000308
16501,1237.23,2319,0.01,89.84000000000309
15376,1233.3600000000001,2320,0.01,89.85000000000309
17397,1233.18,2321,0.01,89.8600000000031
18080,1231.5,2322,0.01,89.8700000000031
16159,1230.29,2323,0.01,89.88000000000311
14428,1230.14,2324,0.01,89.89000000000311
12673,1230.02,2325,0.01,89.90000000000312
18135,1229.22,2326,0.01,89.91000000000312
13282,1228.89,2327,0.01,89.92000000000313
12866,1227.35,2328,0.01,89.93000000000313
13030,1227.22,2329,0.01,89.94000000000314
17201,1226.44,2330,0.01,89.95000000000314
17456,1225.42,2331,0.01,89.96000000000315
15269,1225.3600000000001,2332,0.01,89.97000000000315
14512,1223.47,2333,0.01,89.98000000000316
15580,1221.95,2334,0.01,89.99000000000316
12605,1217.95,2335,0.01,90.00000000000317
13863,1217.63,2336,0.01,90.01000000000317
15390,1216.66,2337,0.01,90.02000000000318
15661,1215.95,2338,0.01,90.03000000000318
13140,1215.68,2339,0.01,90.04000000000319
12985,1215.6200000000001,2340,0.01,90.0500000000032
17410,1214.72,2341,0.01,90.0600000000032
13440,1213.95,2342,0.01,90.0700000000032
17198,1213.88,2343,0.01,90.08000000000321
14020,1213.26,2344,0.01,90.09000000000322
16872,1213.13,2345,0.01,90.10000000000322
13019,1212.95,2346,0.01,90.11000000000323
13918,1212.8400000000001,2347,0.01,90.12000000000323
15664,1212.35,2348,0.01,90.13000000000324
12464,1212.05,2349,0.01,90.14000000000324
18263,1211.08,2350,0.01,90.15000000000325
14193,1210.19,2351,0.01,90.16000000000325
13723,1209.2,2352,0.01,90.17000000000326
15573,1207.18,2353,0.01,90.18000000000326
17062,1204.32,2354,0.01,90.19000000000327
14320,1204.1200000000001,2355,0.01,90.20000000000327
18057,1203.56,2356,0.01,90.21000000000328
16800,1201.49,2357,0.01,90.22000000000328
17360,1201.43,2358,0.01,90.23000000000329
16946,1199.54,2359,0.01,90.24000000000329
16693,1199.46,2360,0.01,90.2500000000033
17800,1199.01,2361,0.01,90.2600000000033
15994,1198.84,2362,0.01,90.27000000000331
16345,1198.74,2363,0.01,90.28000000000331
17713,1198.09,2364,0.01,90.29000000000332
13405,1196.561,2365,0.01,90.30000000000332
16307,1194.92,2366,0.01,90.31000000000333
15145,1194.73,2367,0.01,90.32000000000333
12611,1193.32,2368,0.01,90.33000000000334
13976,1192.36,2369,0.01,90.34000000000334
17984,1191.27,2370,0.01,90.35000000000335
12993,1191.26,2371,0.01,90.36000000000335
17531,1191.22,2372,0.01,90.37000000000336
14275,1189.3799999999999,2373,0.01,90.38000000000336
18286,1188.43,2374,0.01,90.39000000000337
16471,1186.18,2375,0.01,90.40000000000337
15022,1186.09,2376,0.01,90.41000000000338
18060,1185.46,2377,0.01,90.42000000000338
13601,1185.14,2378,0.01,90.43000000000339
12742,1185.02,2379,0.01,90.4400000000034
18181,1184.21,2380,0.01,90.4500000000034
16830,1183.7,2381,0.01,90.4600000000034
15259,1182.3799999999999,2382,0.01,90.47000000000341
17021,1182.22,2383,0.01,90.48000000000341
13293,1180.34,2384,0.01,90.49000000000342
13395,1180.23,2385,0.01,90.50000000000342
13270,1180.0,2386,0.01,90.51000000000343
15377,1179.95,2387,0.01,90.52000000000344
17058,1179.89,2388,0.01,90.53000000000344
16614,1179.79,2389,0.01,90.54000000000345
15303,1178.78,2390,0.01,90.55000000000345
15600,1178.71,2391,0.01,90.56000000000346
18025,1177.72,2392,0.01,90.57000000000346
15068,1176.85,2393,0.01,90.58000000000347
13233,1176.46,2394,0.01,90.59000000000347
15210,1176.19,2395,0.01,90.60000000000348
17653,1175.88,2396,0.01,90.61000000000348
12640,1174.58,2397,0.01,90.62000000000349
17239,1174.15,2398,0.01,90.63000000000349
13787,1173.7,2399,0.01,90.6400000000035
13299,1173.3,2400,0.01,90.6500000000035
16292,1171.46,2401,0.01,90.6600000000035
14818,1170.41,2402,0.01,90.67000000000351
12691,1170.4,2403,0.01,90.68000000000352
13797,1168.45,2404,0.01,90.69000000000352
17373,1167.5,2405,0.01,90.70000000000353
16653,1166.92,2406,0.01,90.71000000000353
17664,1166.23,2407,0.01,90.72000000000354
17812,1165.8899999999999,2408,0.01,90.73000000000354
14261,1163.45,2409,0.01,90.74000000000355
16306,1162.82,2410,0.01,90.75000000000355
17525,1161.9,2411,0.01,90.76000000000356
16949,1161.27,2412,0.01,90.77000000000356
13897,1160.72,2413,0.01,90.78000000000357
13459,1160.4099999999999,2414,0.01,90.79000000000357
17513,1158.8,2415,0.01,90.80000000000358
15621,1158.77,2416,0.01,90.81000000000358
12885,1158.27,2417,0.01,90.82000000000359
15028,1157.71,2418,0.01,90.8300000000036
15879,1157.3,2419,0.01,90.8400000000036
13744,1156.36,2420,0.01,90.8500000000036
14788,1156.32,2421,0.01,90.86000000000361
17342,1155.8400000000001,2422,0.01,90.87000000000361
18193,1155.7,2423,0.01,90.88000000000362
16184,1155.54,2424,0.01,90.89000000000362
17127,1155.0300000000002,2425,0.01,90.90000000000363
12592,1152.62,2426,0.01,90.91000000000363
12657,1152.06,2427,0.01,90.92000000000364
12533,1149.99,2428,0.01,90.93000000000364
16167,1149.8700000000001,2429,0.01,90.94000000000365
12475,1149.64,2430,0.01,90.95000000000366
16521,1148.01,2431,0.01,90.96000000000366
13499,1146.96,2432,0.01,90.97000000000367
16766,1145.6,2433,0.01,90.98000000000367
13462,1145.6,2434,0.01,90.99000000000368
14206,1145.21,2435,0.01,91.00000000000368
12769,1143.6,2436,0.01,91.01000000000369
14585,1143.27,2437,0.01,91.02000000000369
17770,1143.27,2438,0.01,91.0300000000037
16769,1141.75,2439,0.01,91.0400000000037
12546,1141.5,2440,0.01,91.0500000000037
18125,1141.34,2441,0.01,91.06000000000371
16270,1141.24,2442,0.01,91.07000000000372
15088,1140.27,2443,0.01,91.08000000000372
14693,1139.86,2444,0.01,91.09000000000373
17500,1138.0,2445,0.01,91.10000000000373
13388,1135.7,2446,0.01,91.11000000000374
14201,1134.14,2447,0.01,91.12000000000374
17137,1133.63,2448,0.01,91.13000000000375
16989,1133.25,2449,0.01,91.14000000000375
14375,1132.99,2450,0.01,91.15000000000376
14231,1131.97,2451,0.01,91.16000000000376
15500,1131.56,2452,0.01,91.17000000000377
13882,1131.28,2453,0.01,91.18000000000377
15695,1131.04,2454,0.01,91.19000000000378
17866,1131.0,2455,0.01,91.20000000000378
12710,1130.57,2456,0.01,91.21000000000379
17169,1129.8799999999999,2457,0.01,91.2200000000038
16354,1129.51,2458,0.01,91.2300000000038
15586,1128.66,2459,0.01,91.2400000000038
14450,1128.44,2460,0.01,91.25000000000381
12373,1127.65,2461,0.01,91.26000000000381
14671,1127.45,2462,0.01,91.27000000000382
16838,1126.66,2463,0.01,91.28000000000382
17622,1125.17,2464,0.01,91.29000000000383
13167,1125.15,2465,0.01,91.30000000000383
16637,1124.59,2466,0.01,91.31000000000384
12462,1124.01,2467,0.01,91.32000000000384
14917,1123.75,2468,0.01,91.33000000000385
16916,1123.4,2469,0.01,91.34000000000385
15436,1122.53,2470,0.01,91.35000000000386
17492,1122.42,2471,0.01,91.36000000000386
13486,1122.41,2472,0.01,91.37000000000387
16895,1121.42,2473,0.01,91.38000000000388
15737,1121.21,2474,0.01,91.39000000000388
16014,1121.02,2475,0.01,91.40000000000389
13304,1120.79,2476,0.01,91.41000000000389
13589,1120.74,2477,0.01,91.4200000000039
17302,1119.93,2478,0.01,91.4300000000039
17871,1118.99,2479,0.01,91.4400000000039
16430,1117.94,2480,0.01,91.45000000000391
17788,1117.9,2481,0.01,91.46000000000392
15223,1117.1,2482,0.01,91.47000000000392
14971,1116.57,2483,0.01,91.48000000000393
13778,1116.54,2484,0.01,91.49000000000393
12972,1115.95,2485,0.01,91.50000000000394
14966,1115.8400000000001,2486,0.01,91.51000000000394
13509,1114.72,2487,0.01,91.52000000000395
14672,1113.14,2488,0.01,91.53000000000395
18277,1111.38,2489,0.01,91.54000000000396
16139,1111.15,2490,0.01,91.55000000000396
16203,1110.79,2491,0.01,91.56000000000397
14126,1109.96,2492,0.01,91.57000000000397
15069,1109.53,2493,0.01,91.58000000000398
15559,1109.4,2494,0.01,91.59000000000398
15828,1108.82,2495,0.01,91.60000000000399
17007,1107.6,2496,0.01,91.61000000000399
13109,1107.58,2497,0.01,91.620000000004
15933,1107.46,2498,0.01,91.630000000004
17562,1107.38,2499,0.01,91.64000000000401
14891,1106.73,2500,0.01,91.65000000000401
18218,1106.3,2501,0.01,91.66000000000402
13393,1105.85,2502,0.01,91.67000000000402
14805,1104.64,2503,0.01,91.68000000000403
12439,1104.48,2504,0.01,91.69000000000403
13447,1104.23,2505,0.01,91.70000000000404
16391,1103.61,2506,0.01,91.71000000000404
16386,1102.59,2507,0.01,91.72000000000405
16223,1102.3500000000001,2508,0.01,91.73000000000405
16418,1101.94,2509,0.01,91.74000000000406
16702,1100.8799999999999,2510,0.01,91.75000000000406
13108,1098.52,2511,0.01,91.76000000000407
16805,1097.24,2512,0.01,91.77000000000407
12648,1097.0,2513,0.01,91.78000000000408
17703,1094.84,2514,0.01,91.79000000000408
17366,1094.59,2515,0.01,91.80000000000409
13521,1093.65,2516,0.01,91.8100000000041
12421,1092.83,2517,0.01,91.8200000000041
12803,1092.81,2518,0.01,91.8300000000041
13546,1092.14,2519,0.01,91.84000000000411
14370,1092.13,2520,0.01,91.85000000000412
14813,1090.87,2521,0.01,91.86000000000412
14009,1090.23,2522,0.01,91.87000000000413
17726,1089.56,2523,0.01,91.88000000000413
12534,1089.18,2524,0.01,91.89000000000414
14343,1088.91,2525,0.01,91.90000000000414
14139,1086.8,2526,0.01,91.91000000000415
16211,1086.34,2527,0.01,91.92000000000415
13368,1086.1,2528,0.01,91.93000000000416
12915,1084.85,2529,0.01,91.94000000000416
17423,1084.17,2530,0.01,91.95000000000417
13467,1083.71,2531,0.01,91.96000000000417
14561,1080.76,2532,0.01,91.97000000000418
16298,1080.0,2533,0.01,91.98000000000418
13726,1079.6599999999999,2534,0.01,91.99000000000419
12354,1079.4,2535,0.01,92.00000000000419
12785,1079.31,2536,0.01,92.0100000000042
17477,1079.0,2537,0.01,92.0200000000042
14352,1078.96,2538,0.01,92.03000000000421
13567,1078.59,2539,0.01,92.04000000000421
16231,1078.22,2540,0.01,92.05000000000422
16183,1077.81,2541,0.01,92.06000000000422
16188,1077.71,2542,0.01,92.07000000000423
16071,1076.8,2543,0.01,92.08000000000423
13959,1076.18,2544,0.01,92.09000000000424
14080,1075.73,2545,0.01,92.10000000000424
15912,1074.7,2546,0.01,92.11000000000425
17420,1074.53,2547,0.01,92.12000000000425
16884,1073.92,2548,0.01,92.13000000000426
15254,1073.4,2549,0.01,92.14000000000426
17854,1071.45,2550,0.01,92.15000000000427
15745,1071.24,2551,0.01,92.16000000000427
14484,1070.98,2552,0.01,92.17000000000428
17522,1070.71,2553,0.01,92.18000000000428
12728,1070.17,2554,0.01,92.19000000000429
13727,1067.3,2555,0.01,92.2000000000043
14675,1066.9,2556,0.01,92.2100000000043
14948,1066.57,2557,0.01,92.2200000000043
17277,1065.3500000000001,2558,0.01,92.23000000000431
17849,1063.76,2559,0.01,92.24000000000431
12815,1063.46,2560,0.01,92.25000000000432
14411,1063.0,2561,0.01,92.26000000000433
14204,1062.96,2562,0.01,92.27000000000433
12434,1062.48,2563,0.01,92.28000000000434
15026,1061.61,2564,0.01,92.29000000000434
17616,1060.8,2565,0.01,92.30000000000435
13607,1060.6100000000001,2566,0.01,92.31000000000435
16261,1059.45,2567,0.01,92.32000000000436
17421,1059.41,2568,0.01,92.33000000000436
13856,1058.88,2569,0.01,92.34000000000437
15850,1058.72,2570,0.01,92.35000000000437
12679,1058.67,2571,0.01,92.36000000000438
13295,1058.02,2572,0.01,92.37000000000438
17555,1057.74,2573,0.01,92.38000000000439
13853,1056.94,2574,0.01,92.39000000000439
16278,1056.59,2575,0.01,92.4000000000044
15238,1056.54,2576,0.01,92.4100000000044
16048,1056.53,2577,0.01,92.4200000000044
15407,1056.44,2578,0.01,92.43000000000441
15003,1055.7,2579,0.01,92.44000000000442
15977,1054.73,2580,0.01,92.45000000000442
16728,1054.67,2581,0.01,92.46000000000443
12716,1053.49,2582,0.01,92.47000000000443
13656,1053.35,2583,0.01,92.48000000000444
12580,1052.9,2584,0.01,92.49000000000444
15886,1052.8700000000001,2585,0.01,92.50000000000445
15855,1052.72,2586,0.01,92.51000000000445
16642,1051.46,2587,0.01,92.52000000000446
16593,1051.24,2588,0.01,92.53000000000446
14947,1049.79,2589,0.01,92.54000000000447
13775,1049.66,2590,0.01,92.55000000000447
15626,1049.37,2591,0.01,92.56000000000448
17934,1049.15,2592,0.01,92.57000000000448
15464,1048.85,2593,0.01,92.58000000000449
15763,1048.67,2594,0.01,92.5900000000045
13791,1047.68,2595,0.01,92.6000000000045
14488,1047.43,2596,0.01,92.6100000000045
17539,1047.07,2597,0.01,92.62000000000451
17474,1047.0,2598,0.01,92.63000000000451
18130,1045.74,2599,0.01,92.64000000000452
14734,1045.47,2600,0.01,92.65000000000452
12616,1045.35,2601,0.01,92.66000000000453
13835,1044.82,2602,0.01,92.67000000000453
17042,1044.3799999999999,2603,0.01,92.68000000000454
15969,1043.85,2604,0.01,92.69000000000455
15645,1042.57,2605,0.01,92.70000000000455
17727,1042.55,2606,0.01,92.71000000000456
15801,1042.19,2607,0.01,92.72000000000456
14108,1041.21,2608,0.01,92.73000000000457
16991,1041.21,2609,0.01,92.74000000000457
13613,1039.8500000000001,2610,0.01,92.75000000000458
12486,1037.28,2611,0.01,92.76000000000458
17869,1036.16,2612,0.01,92.77000000000459
17926,1035.49,2613,0.01,92.78000000000459
16260,1035.45,2614,0.01,92.7900000000046
16787,1035.43,2615,0.01,92.8000000000046
13258,1035.18,2616,0.01,92.8100000000046
15171,1034.5,2617,0.01,92.82000000000461
12811,1033.9,2618,0.01,92.83000000000462
17980,1033.42,2619,0.01,92.84000000000462
14248,1032.95,2620,0.01,92.85000000000463
12801,1031.87,2621,0.01,92.86000000000463
13873,1031.02,2622,0.01,92.87000000000464
16385,1030.61,2623,0.01,92.88000000000464
16198,1030.0410000000002,2624,0.01,92.89000000000465
16903,1029.98,2625,0.01,92.90000000000465
16284,1029.77,2626,0.01,92.91000000000466
14932,1029.66,2627,0.01,92.92000000000466
15333,1028.56,2628,0.01,92.93000000000467
15639,1028.33,2629,0.01,92.94000000000467
16682,1028.0,2630,0.01,92.95000000000468
15887,1027.15,2631,0.01,92.96000000000468
16533,1026.94,2632,0.01,92.97000000000469
13956,1026.42,2633,0.01,92.9800000000047
17749,1026.18,2634,0.01,92.9900000000047
13602,1025.17,2635,0.01,93.0000000000047
14475,1025.1200000000001,2636,0.01,93.01000000000471
17310,1025.1,2637,0.01,93.02000000000471
16441,1023.48,2638,0.01,93.03000000000472
15091,1023.11,2639,0.01,93.04000000000472
12666,1020.98,2640,0.01,93.05000000000473
16568,1020.9000000000001,2641,0.01,93.06000000000473
15839,1020.74,2642,0.01,93.07000000000474
13376,1019.76,2643,0.01,93.08000000000474
12828,1018.71,2644,0.01,93.09000000000475
12793,1017.33,2645,0.01,93.10000000000475
15970,1017.32,2646,0.01,93.11000000000476
17299,1016.08,2647,0.01,93.12000000000477
13333,1015.74,2648,0.01,93.13000000000477
17860,1015.54,2649,0.01,93.14000000000478
13867,1015.29,2650,0.01,93.15000000000478
18142,1014.9,2651,0.01,93.16000000000479
14355,1014.45,2652,0.01,93.17000000000479
12642,1013.26,2653,0.01,93.1800000000048
15025,1013.09,2654,0.01,93.1900000000048
17197,1013.01,2655,0.01,93.2000000000048
12936,1012.9,2656,0.01,93.21000000000481
12427,1011.87,2657,0.01,93.22000000000482
12905,1011.82,2658,0.01,93.23000000000482
12652,1011.58,2659,0.01,93.24000000000483
16435,1011.5699999999999,2660,0.01,93.25000000000483
13039,1010.73,2661,0.01,93.26000000000484
17362,1010.54,2662,0.01,93.27000000000484
16160,1009.4499999999999,2663,0.01,93.28000000000485
16451,1009.4,2664,0.01,93.29000000000485
12862,1008.3199999999999,2665,0.01,93.30000000000486
16287,1006.98,2666,0.01,93.31000000000486
13429,1006.8,2667,0.01,93.32000000000487
15771,1006.54,2668,0.01,93.33000000000487
13427,1006.53,2669,0.01,93.34000000000488
14013,1006.22,2670,0.01,93.35000000000488
14953,1005.37,2671,0.01,93.36000000000489
12572,1004.72,2672,0.01,93.3700000000049
17329,1004.4300000000001,2673,0.01,93.3800000000049
18160,1003.88,2674,0.01,93.3900000000049
17578,1003.73,2675,0.01,93.40000000000491
13549,1003.72,2676,0.01,93.41000000000491
15104,1002.54,2677,0.01,93.42000000000492
16623,1002.49,2678,0.01,93.43000000000492
12446,1002.3100000000001,2679,0.01,93.44000000000493
17237,1002.08,2680,0.01,93.45000000000493
13359,1001.96,2681,0.01,93.46000000000494
15706,1001.8100000000001,2682,0.01,93.47000000000494
16535,1001.59,2683,0.01,93.48000000000495
12410,1001.46,2684,0.01,93.49000000000495
12403,1001.36,2685,0.01,93.50000000000496
16122,1001.34,2686,0.01,93.51000000000496
12545,1000.39,2687,0.01,93.52000000000497
14902,1000.27,2688,0.01,93.53000000000497
15508,1000.27,2689,0.01,93.54000000000498
14214,1000.23,2690,0.01,93.55000000000499
18143,1000.16,2691,0.01,93.56000000000499
16572,999.7,2692,0.01,93.570000000005
17205,999.35,2693,0.01,93.580000000005
17631,998.49,2694,0.01,93.590000000005
18006,997.86,2695,0.01,93.60000000000501
13154,997.4300000000001,2696,0.01,93.61000000000502
13857,997.11,2697,0.01,93.62000000000502
15363,996.16,2698,0.01,93.63000000000503
17724,995.6500000000001,2699,0.01,93.64000000000503
16009,992.71,2700,0.01,93.65000000000504
14510,991.98,2701,0.01,93.66000000000504
13559,990.0,2702,0.01,93.67000000000505
13245,989.22,2703,0.01,93.68000000000505
13292,987.79,2704,0.01,93.69000000000506
16130,987.48,2705,0.01,93.70000000000506
18237,987.1,2706,0.01,93.71000000000507
13238,986.73,2707,0.01,93.72000000000507
13439,986.61,2708,0.01,93.73000000000508
15713,985.99,2709,0.01,93.74000000000508
15535,985.82,2710,0.01,93.75000000000509
16254,985.14,2711,0.01,93.76000000000509
15176,985.09,2712,0.01,93.7700000000051
17144,984.57,2713,0.01,93.7800000000051
17214,984.12,2714,0.01,93.79000000000511
14138,982.3800000000001,2715,0.01,93.80000000000511
12541,981.18,2716,0.01,93.81000000000512
12543,980.25,2717,0.01,93.82000000000512
17883,979.95,2718,0.01,93.83000000000513
14230,979.8000000000001,2719,0.01,93.84000000000513
17369,979.1999999999999,2720,0.01,93.85000000000514
17221,978.52,2721,0.01,93.86000000000514
15132,977.9300000000001,2722,0.01,93.87000000000515
16376,977.52,2723,0.01,93.88000000000515
17123,977.17,2724,0.01,93.89000000000516
16863,977.07,2725,0.01,93.90000000000516
15165,975.5,2726,0.01,93.91000000000517
14223,975.23,2727,0.01,93.92000000000517
15951,974.52,2728,0.01,93.93000000000518
17958,973.88,2729,0.01,93.94000000000518
17100,971.74,2730,0.01,93.95000000000519
15449,971.22,2731,0.01,93.9600000000052
14454,970.7,2732,0.01,93.9700000000052
14157,970.33,2733,0.01,93.9800000000052
13223,969.1200000000001,2734,0.01,93.99000000000521
15208,968.02,2735,0.01,94.00000000000522
14142,967.75,2736,0.01,94.01000000000522
15907,967.45,2737,0.01,94.02000000000523
17405,967.22,2738,0.01,94.03000000000523
15247,967.11,2739,0.01,94.04000000000524
13204,966.6600000000001,2740,0.01,94.05000000000524
15084,965.2,2741,0.01,94.06000000000525
13000,965.0,2742,0.01,94.07000000000525
16699,964.9,2743,0.01,94.08000000000526
12550,964.83,2744,0.01,94.09000000000526
14931,964.6800000000001,2745,0.01,94.10000000000527
17081,964.39,2746,0.01,94.11000000000527
15109,961.9,2747,0.01,94.12000000000528
15156,961.49,2748,0.01,94.13000000000528
17544,960.69,2749,0.01,94.14000000000529
18192,957.97,2750,0.01,94.15000000000529
14958,957.9399999999999,2751,0.01,94.1600000000053
17189,957.63,2752,0.01,94.1700000000053
17516,957.55,2753,0.01,94.18000000000531
14430,956.4000000000001,2754,0.01,94.19000000000531
16141,955.94,2755,0.01,94.20000000000532
12990,955.5,2756,0.01,94.21000000000532
17080,955.41,2757,0.01,94.22000000000533
15835,954.09,2758,0.01,94.23000000000533
18001,953.84,2759,0.01,94.24000000000534
17298,952.52,2760,0.01,94.25000000000534
13466,952.25,2761,0.01,94.26000000000535
15646,952.11,2762,0.01,94.27000000000535
17955,949.9,2763,0.01,94.28000000000536
12767,949.82,2764,0.01,94.29000000000536
13046,949.25,2765,0.01,94.30000000000537
15177,948.93,2766,0.01,94.31000000000537
16227,948.82,2767,0.01,94.32000000000538
15181,948.4499999999999,2768,0.01,94.33000000000538
15787,948.05,2769,0.01,94.34000000000539
14350,947.8,2770,0.01,94.3500000000054
16763,947.75,2771,0.01,94.3600000000054
15723,947.65,2772,0.01,94.3700000000054
12355,947.61,2773,0.01,94.38000000000541
17356,946.47,2774,0.01,94.39000000000541
16146,946.38,2775,0.01,94.40000000000542
17604,945.9300000000001,2776,0.01,94.41000000000543
15707,945.58,2777,0.01,94.42000000000543
13261,944.1,2778,0.01,94.43000000000544
16199,942.75,2779,0.01,94.44000000000544
12942,942.65,2780,0.01,94.45000000000545
13526,942.5999999999999,2781,0.01,94.46000000000545
15385,942.08,2782,0.01,94.47000000000546
13636,941.62,2783,0.01,94.48000000000546
15268,941.2500000000001,2784,0.01,94.49000000000547
18156,941.1700000000001,2785,0.01,94.50000000000547
17363,940.86,2786,0.01,94.51000000000548
13416,940.8000000000001,2787,0.01,94.52000000000548
15576,940.6700000000001,2788,0.01,94.53000000000549
16204,939.24,2789,0.01,94.54000000000549
14629,939.21,2790,0.01,94.5500000000055
12697,939.02,2791,0.01,94.5600000000055
12588,938.98,2792,0.01,94.5700000000055
16518,938.27,2793,0.01,94.58000000000551
14605,937.16,2794,0.01,94.59000000000552
17020,935.62,2795,0.01,94.60000000000552
12413,935.5,2796,0.01,94.61000000000553
17472,935.1,2797,0.01,94.62000000000553
13005,935.03,2798,0.01,94.63000000000554
12675,934.8,2799,0.01,94.64000000000554
14615,934.26,2800,0.01,94.65000000000555
15792,933.84,2801,0.01,94.66000000000555
16657,933.62,2802,0.01,94.67000000000556
12874,933.42,2803,0.01,94.68000000000556
18154,932.6,2804,0.01,94.69000000000557
12396,931.43,2805,0.01,94.70000000000557
13465,931.12,2806,0.01,94.71000000000558
14924,931.01,2807,0.01,94.72000000000558
15957,930.1,2808,0.01,94.73000000000559
17987,928.12,2809,0.01,94.7400000000056
15243,927.2800000000001,2810,0.01,94.7500000000056
17805,927.03,2811,0.01,94.7600000000056
16034,925.77,2812,0.01,94.77000000000561
12745,925.41,2813,0.01,94.78000000000561
13805,924.6,2814,0.01,94.79000000000562
13936,924.36,2815,0.01,94.80000000000562
17864,924.32,2816,0.01,94.81000000000563
17143,924.11,2817,0.01,94.82000000000563
14326,923.98,2818,0.01,94.83000000000564
16109,923.58,2819,0.01,94.84000000000565
13034,922.68,2820,0.01,94.85000000000565
15654,922.53,2821,0.01,94.86000000000566
13122,922.39,2822,0.01,94.87000000000566
13934,922.1,2823,0.01,94.88000000000567
13641,921.82,2824,0.01,94.89000000000567
12638,921.49,2825,0.01,94.90000000000568
16136,921.08,2826,0.01,94.91000000000568
14272,920.81,2827,0.01,94.92000000000569
14140,920.05,2828,0.01,94.93000000000569
13075,919.61,2829,0.01,94.9400000000057
14460,919.6,2830,0.01,94.9500000000057
12822,918.98,2831,0.01,94.9600000000057
16387,918.55,2832,0.01,94.97000000000571
12368,917.6999999999999,2833,0.01,94.98000000000572
14061,917.4300000000001,2834,0.01,94.99000000000572
14015,917.34,2835,0.01,95.00000000000573
14549,916.5500000000001,2836,0.01,95.01000000000573
14199,916.4999999999999,2837,0.01,95.02000000000574
13573,916.47,2838,0.01,95.03000000000574
16643,915.5600000000001,2839,0.01,95.04000000000575
14839,915.28,2840,0.01,95.05000000000575
14423,914.9599999999999,2841,0.01,95.06000000000576
16216,914.9300000000001,2842,0.01,95.07000000000576
15364,913.19,2843,0.01,95.08000000000577
14176,913.11,2844,0.01,95.09000000000577
17760,911.68,2845,0.01,95.10000000000578
14289,911.26,2846,0.01,95.11000000000578
17172,910.99,2847,0.01,95.12000000000579
13350,910.72,2848,0.01,95.1300000000058
15919,910.61,2849,0.01,95.1400000000058
16411,910.1899999999999,2850,0.01,95.1500000000058
14568,909.5,2851,0.01,95.16000000000581
14128,909.36,2852,0.01,95.17000000000581
15511,909.23,2853,0.01,95.18000000000582
13548,908.99,2854,0.01,95.19000000000582
13038,908.46,2855,0.01,95.20000000000583
12505,908.0,2856,0.01,95.21000000000583
14729,907.38,2857,0.01,95.22000000000584
14969,906.23,2858,0.01,95.23000000000584
12808,906.1,2859,0.01,95.24000000000585
15304,905.45,2860,0.01,95.25000000000585
15180,904.4300000000001,2861,0.01,95.26000000000586
12722,904.33,2862,0.01,95.27000000000587
15430,903.75,2863,0.01,95.28000000000587
18217,902.8,2864,0.01,95.29000000000588
16975,902.4200000000001,2865,0.01,95.30000000000588
16861,902.37,2866,0.01,95.31000000000589
17176,902.3199999999999,2867,0.01,95.32000000000589
17382,902.28,2868,0.01,95.3300000000059
12994,902.22,2869,0.01,95.3400000000059
17566,901.21,2870,0.01,95.3500000000059
16781,901.05,2871,0.01,95.36000000000591
17322,900.64,2872,0.01,95.37000000000592
17226,900.12,2873,0.01,95.38000000000592
12945,900.11,2874,0.01,95.39000000000593
13810,899.51,2875,0.01,95.40000000000593
16442,899.47,2876,0.01,95.41000000000594
16834,898.96,2877,0.01,95.42000000000594
15710,898.87,2878,0.01,95.43000000000595
17537,897.62,2879,0.01,95.44000000000595
12998,897.38,2880,0.01,95.45000000000596
16947,896.73,2881,0.01,95.46000000000596
17480,896.72,2882,0.01,95.47000000000597
16361,896.66,2883,0.01,95.48000000000597
15992,896.6,2884,0.01,95.49000000000598
16784,896.53,2885,0.01,95.50000000000598
14714,896.4,2886,0.01,95.51000000000599
15542,895.9,2887,0.01,95.520000000006
14133,895.8399999999999,2888,0.01,95.530000000006
17867,895.78,2889,0.01,95.540000000006
13996,895.76,2890,0.01,95.55000000000601
13255,895.61,2891,0.01,95.56000000000601
16138,894.45,2892,0.01,95.57000000000602
14338,894.1,2893,0.01,95.58000000000602
13569,893.78,2894,0.01,95.59000000000603
12772,892.47,2895,0.01,95.60000000000603
17155,892.46,2896,0.01,95.61000000000604
12703,892.18,2897,0.01,95.62000000000604
13288,892.16,2898,0.01,95.63000000000605
15406,891.77,2899,0.01,95.64000000000605
15393,891.34,2900,0.01,95.65000000000606
13872,891.32,2901,0.01,95.66000000000606
15824,890.94,2902,0.01,95.67000000000607
15900,890.5,2903,0.01,95.68000000000607
14065,889.37,2904,0.01,95.69000000000608
17527,888.86,2905,0.01,95.70000000000609
17968,888.04,2906,0.01,95.71000000000609
17708,887.9300000000001,2907,0.01,95.7200000000061
16898,887.67,2908,0.01,95.7300000000061
14994,886.33,2909,0.01,95.7400000000061
16228,886.1600000000001,2910,0.01,95.75000000000611
17704,885.19,2911,0.01,95.76000000000612
14933,885.0,2912,0.01,95.77000000000612
14359,882.58,2913,0.01,95.78000000000613
13166,881.68,2914,0.01,95.79000000000613
12680,880.81,2915,0.01,95.80000000000614
17361,880.64,2916,0.01,95.81000000000614
17464,879.74,2917,0.01,95.82000000000615
14141,879.0300000000001,2918,0.01,95.83000000000615
14686,877.88,2919,0.01,95.84000000000616
14612,877.7,2920,0.01,95.85000000000616
15653,877.4399999999999,2921,0.01,95.86000000000617
12940,876.29,2922,0.01,95.87000000000617
18043,875.97,2923,0.01,95.88000000000618
14681,875.1500000000001,2924,0.01,95.89000000000618
16513,874.59,2925,0.01,95.90000000000619
17223,873.53,2926,0.01,95.91000000000619
17746,873.4300000000001,2927,0.01,95.9200000000062
13200,870.09,2928,0.01,95.9300000000062
14753,869.51,2929,0.01,95.94000000000621
16948,868.77,2930,0.01,95.95000000000621
16357,868.37,2931,0.01,95.96000000000622
16801,867.83,2932,0.01,95.97000000000622
13937,867.38,2933,0.01,95.98000000000623
17167,867.11,2934,0.01,95.99000000000623
17358,866.05,2935,0.01,96.00000000000624
16567,865.6,2936,0.01,96.01000000000624
14600,865.1700000000001,2937,0.01,96.02000000000625
13891,863.5600000000001,2938,0.01,96.03000000000625
15809,862.88,2939,0.01,96.04000000000626
15870,862.61,2940,0.01,96.05000000000626
16668,862.42,2941,0.01,96.06000000000627
15483,862.2,2942,0.01,96.07000000000627
15012,860.62,2943,0.01,96.08000000000628
12794,860.41,2944,0.01,96.09000000000628
13339,860.12,2945,0.01,96.10000000000629
17064,859.35,2946,0.01,96.1100000000063
12787,859.18,2947,0.01,96.1200000000063
14551,858.59,2948,0.01,96.1300000000063
15107,856.26,2949,0.01,96.14000000000631
14508,856.09,2950,0.01,96.15000000000632
17161,856.01,2951,0.01,96.16000000000632
15287,854.58,2952,0.01,96.17000000000633
13945,854.15,2953,0.01,96.18000000000633
14873,854.13,2954,0.01,96.19000000000634
16877,853.72,2955,0.01,96.20000000000634
17349,852.25,2956,0.01,96.21000000000635
16070,852.15,2957,0.01,96.22000000000635
17674,851.7,2958,0.01,96.23000000000636
16020,851.01,2959,0.01,96.24000000000636
13991,850.63,2960,0.01,96.25000000000637
15244,850.1800000000001,2961,0.01,96.26000000000637
16677,849.77,2962,0.01,96.27000000000638
12713,848.55,2963,0.01,96.28000000000638
15784,848.3299999999999,2964,0.01,96.29000000000639
14202,847.76,2965,0.01,96.30000000000639
13221,847.41,2966,0.01,96.3100000000064
13487,846.87,2967,0.01,96.3200000000064
13970,846.55,2968,0.01,96.33000000000641
14803,845.55,2969,0.01,96.34000000000641
18078,844.6,2970,0.01,96.35000000000642
15264,844.2,2971,0.01,96.36000000000642
14922,843.74,2972,0.01,96.37000000000643
15070,843.25,2973,0.01,96.38000000000643
14342,842.74,2974,0.01,96.39000000000644
18108,842.46,2975,0.01,96.40000000000644
16344,842.42,2976,0.01,96.41000000000645
16846,842.41,2977,0.01,96.42000000000645
17638,842.4,2978,0.01,96.43000000000646
16661,842.1800000000001,2979,0.01,96.44000000000646
16362,841.74,2980,0.01,96.45000000000647
15266,841.7,2981,0.01,96.46000000000647
12878,841.64,2982,0.01,96.47000000000648
14862,841.1999999999999,2983,0.01,96.48000000000648
14645,840.24,2984,0.01,96.49000000000649
13169,840.08,2985,0.01,96.5000000000065
13940,839.14,2986,0.01,96.5100000000065
18141,838.57,2987,0.01,96.5200000000065
17332,838.27,2988,0.01,96.53000000000651
16798,837.56,2989,0.01,96.54000000000651
16264,837.53,2990,0.01,96.55000000000652
15224,837.26,2991,0.01,96.56000000000653
15832,836.79,2992,0.0,96.56000000000653
14929,836.69,2993,0.0,96.56000000000653
13795,836.3,2994,0.0,96.56000000000653
16500,835.96,2995,0.0,96.56000000000653
13386,835.46,2996,0.0,96.56000000000653
14556,835.34,2997,0.0,96.56000000000653
16737,835.1999999999999,2998,0.0,96.56000000000653
12525,835.1800000000001,2999,0.0,96.56000000000653
15190,834.4399999999999,3000,0.0,96.56000000000653
15469,834.4,3001,0.0,96.56000000000653
16644,833.78,3002,0.0,96.56000000000653
12903,833.53,3003,0.0,96.56000000000653
14372,830.1800000000001,3004,0.0,96.56000000000653
17003,830.16,3005,0.0,96.56000000000653
14437,829.94,3006,0.0,96.56000000000653
14851,829.4100000000001,3007,0.0,96.56000000000653
12730,829.25,3008,0.0,96.56000000000653
16469,828.91,3009,0.0,96.56000000000653
12953,828.8100000000001,3010,0.0,96.56000000000653
15617,828.5500000000001,3011,0.0,96.56000000000653
13681,827.83,3012,0.0,96.56000000000653
17045,827.6800000000001,3013,0.0,96.56000000000653
15945,827.27,3014,0.0,96.56000000000653
16246,827.25,3015,0.0,96.56000000000653
16747,826.96,3016,0.0,96.56000000000653
12461,826.88,3017,0.0,96.56000000000653
16494,826.53,3018,0.0,96.56000000000653
15006,825.14,3019,0.0,96.56000000000653
17880,824.9200000000001,3020,0.0,96.56000000000653
13922,824.7,3021,0.0,96.56000000000653
14260,824.28,3022,0.0,96.56000000000653
15847,822.57,3023,0.0,96.56000000000653
16680,821.45,3024,0.0,96.56000000000653
13893,821.1,3025,0.0,96.56000000000653
13544,820.5,3026,0.0,96.56000000000653
17952,819.61,3027,0.0,96.56000000000653
12891,819.5,3028,0.0,96.56000000000653
16135,819.45,3029,0.0,96.56000000000653
17683,819.01,3030,0.0,96.56000000000653
13595,818.22,3031,0.0,96.56000000000653
14890,817.25,3032,0.0,96.56000000000653
16943,816.73,3033,0.0,96.56000000000653
13514,815.9000000000001,3034,0.0,96.56000000000653
15399,815.77,3035,0.0,96.56000000000653
16460,814.72,3036,0.0,96.56000000000653
14656,814.65,3037,0.0,96.56000000000653
12763,814.16,3038,0.0,96.56000000000653
14624,814.07,3039,0.0,96.56000000000653
12792,813.88,3040,0.0,96.56000000000653
16621,813.48,3041,0.0,96.56000000000653
15644,813.0,3042,0.0,96.56000000000653
17194,812.5,3043,0.0,96.56000000000653
15759,810.98,3044,0.0,96.56000000000653
16624,810.5699999999999,3045,0.0,96.56000000000653
13637,810.5,3046,0.0,96.56000000000653
16958,809.44,3047,0.0,96.56000000000653
13045,808.92,3048,0.0,96.56000000000653
13479,808.5,3049,0.0,96.56000000000653
15952,806.57,3050,0.0,96.56000000000653
16869,805.62,3051,0.0,96.56000000000653
17251,803.73,3052,0.0,96.56000000000653
14087,803.47,3053,0.0,96.56000000000653
14872,802.6800000000001,3054,0.0,96.56000000000653
16164,802.53,3055,0.0,96.56000000000653
15921,802.11,3056,0.0,96.56000000000653
18265,801.51,3057,0.0,96.56000000000653
16806,801.49,3058,0.0,96.56000000000653
16127,801.31,3059,0.0,96.56000000000653
17817,801.15,3060,0.0,96.56000000000653
12696,801.15,3061,0.0,96.56000000000653
15314,800.65,3062,0.0,96.56000000000653
17023,800.18,3063,0.0,96.56000000000653
13720,799.9,3064,0.0,96.56000000000653
15766,799.66,3065,0.0,96.56000000000653
17255,799.13,3066,0.0,96.56000000000653
13041,799.13,3067,0.0,96.56000000000653
16952,798.78,3068,0.0,96.56000000000653
16438,798.35,3069,0.0,96.56000000000653
13389,797.96,3070,0.0,96.56000000000653
17281,797.8499999999999,3071,0.0,96.56000000000653
15637,797.59,3072,0.0,96.56000000000653
13513,796.99,3073,0.0,96.56000000000653
15396,796.38,3074,0.0,96.56000000000653
17801,795.78,3075,0.0,96.56000000000653
15872,795.68,3076,0.0,96.56000000000653
13336,795.12,3077,0.0,96.56000000000653
17212,794.41,3078,0.0,96.56000000000653
18034,793.7,3079,0.0,96.56000000000653
13175,793.1,3080,0.0,96.56000000000653
16679,793.06,3081,0.0,96.56000000000653
13296,792.51,3082,0.0,96.56000000000653
14022,792.15,3083,0.0,96.56000000000653
16250,791.38,3084,0.0,96.56000000000653
13016,789.89,3085,0.0,96.56000000000653
12923,789.87,3086,0.0,96.56000000000653
16472,789.6,3087,0.0,96.56000000000653
15448,788.81,3088,0.0,96.56000000000653
13323,787.85,3089,0.0,96.56000000000653
16468,787.52,3090,0.0,96.56000000000653
14463,786.5699999999999,3091,0.0,96.56000000000653
16972,786.25,3092,0.0,96.56000000000653
16810,786.14,3093,0.0,96.56000000000653
13770,785.37,3094,0.0,96.56000000000653
15714,784.8100000000001,3095,0.0,96.56000000000653
15806,784.58,3096,0.0,96.56000000000653
15743,784.46,3097,0.0,96.56000000000653
17387,784.11,3098,0.0,96.56000000000653
18248,783.02,3099,0.0,96.56000000000653
12761,782.95,3100,0.0,96.56000000000653
16836,782.37,3101,0.0,96.56000000000653
15679,781.28,3102,0.0,96.56000000000653
14690,781.24,3103,0.0,96.56000000000653
16155,781.05,3104,0.0,96.56000000000653
13212,780.58,3105,0.0,96.56000000000653
15246,780.4,3106,0.0,96.56000000000653
15973,780.39,3107,0.0,96.56000000000653
12735,779.5699999999999,3108,0.0,96.56000000000653
14815,778.5,3109,0.0,96.56000000000653
17482,778.19,3110,0.0,96.56000000000653
13612,777.79,3111,0.0,96.56000000000653
12791,777.75,3112,0.0,96.56000000000653
13965,777.6600000000001,3113,0.0,96.56000000000653
16505,777.6,3114,0.0,96.56000000000653
13563,777.53,3115,0.0,96.56000000000653
15837,777.01,3116,0.0,96.56000000000653
15794,777.0,3117,0.0,96.56000000000653
13598,776.84,3118,0.0,96.56000000000653
18112,775.96,3119,0.0,96.56000000000653
13341,775.85,3120,0.0,96.56000000000653
14234,775.46,3121,0.0,96.56000000000653
16447,775.14,3122,0.0,96.56000000000653
15414,774.9000000000001,3123,0.0,96.56000000000653
17889,774.87,3124,0.0,96.56000000000653
13502,774.6,3125,0.0,96.56000000000653
15773,774.52,3126,0.0,96.56000000000653
18058,774.06,3127,0.0,96.56000000000653
14838,773.6700000000001,3128,0.0,96.56000000000653
15092,773.16,3129,0.0,96.56000000000653
15075,773.03,3130,0.0,96.56000000000653
16961,773.01,3131,0.0,96.56000000000653
16759,772.84,3132,0.0,96.56000000000653
16739,772.23,3133,0.0,96.56000000000653
12965,771.91,3134,0.0,96.56000000000653
14104,771.5799999999999,3135,0.0,96.56000000000653
14997,771.38,3136,0.0,96.56000000000653
14513,770.9100000000001,3137,0.0,96.56000000000653
13781,770.88,3138,0.0,96.56000000000653
14998,770.73,3139,0.0,96.56000000000653
14413,770.37,3140,0.0,96.56000000000653
15988,770.09,3141,0.0,96.56000000000653
17691,769.85,3142,0.0,96.56000000000653
14247,769.71,3143,0.0,96.56000000000653
12628,769.61,3144,0.0,96.56000000000653
16480,769.29,3145,0.0,96.56000000000653
18228,769.2,3146,0.0,96.56000000000653
16978,768.88,3147,0.0,96.56000000000653
13356,768.24,3148,0.0,96.56000000000653
12440,768.15,3149,0.0,96.56000000000653
13484,767.32,3150,0.0,96.56000000000653
13712,766.42,3151,0.0,96.56000000000653
14976,765.86,3152,0.0,96.56000000000653
12991,764.82,3153,0.0,96.56000000000653
15908,764.57,3154,0.0,96.56000000000653
15239,764.34,3155,0.0,96.56000000000653
17466,763.28,3156,0.0,96.56000000000653
16392,763.05,3157,0.0,96.56000000000653
15428,762.75,3158,0.0,96.56000000000653
13745,761.27,3159,0.0,96.56000000000653
15066,760.59,3160,0.0,96.56000000000653
17425,759.17,3161,0.0,96.56000000000653
17495,759.07,3162,0.0,96.56000000000653
13453,758.99,3163,0.0,96.56000000000653
18246,758.8199999999999,3164,0.0,96.56000000000653
15568,758.29,3165,0.0,96.56000000000653
13768,758.07,3166,0.0,96.56000000000653
17461,757.46,3167,0.0,96.56000000000653
14883,756.64,3168,0.0,96.56000000000653
14037,755.95,3169,0.0,96.56000000000653
15331,755.41,3170,0.0,96.56000000000653
18104,754.64,3171,0.0,96.56000000000653
17141,754.33,3172,0.0,96.56000000000653
13980,753.12,3173,0.0,96.56000000000653
13730,752.6,3174,0.0,96.56000000000653
14923,749.1,3175,0.0,96.56000000000653
14912,748.5799999999998,3176,0.0,96.56000000000653
15656,748.5,3177,0.0,96.56000000000653
15831,747.76,3178,0.0,96.56000000000653
15137,747.55,3179,0.0,96.56000000000653
17114,747.22,3180,0.0,96.56000000000653
15618,747.031,3181,0.0,96.56000000000653
15533,746.92,3182,0.0,96.56000000000653
14050,746.36,3183,0.0,96.56000000000653
14228,745.5,3184,0.0,96.56000000000653
17579,744.58,3185,0.0,96.56000000000653
12871,744.02,3186,0.0,96.56000000000653
13070,743.9,3187,0.0,96.56000000000653
13354,743.53,3188,0.0,96.56000000000653
13713,743.26,3189,0.0,96.56000000000653
17038,743.17,3190,0.0,96.56000000000653
15420,743.0,3191,0.0,96.56000000000653
14302,742.9000000000001,3192,0.0,96.56000000000653
15720,741.92,3193,0.0,96.56000000000653
18275,741.85,3194,0.0,96.56000000000653
13721,741.54,3195,0.0,96.56000000000653
16924,739.5,3196,0.0,96.56000000000653
12603,739.1999999999999,3197,0.0,96.56000000000653
12632,738.88,3198,0.0,96.56000000000653
17979,737.81,3199,0.0,96.56000000000653
15462,737.05,3200,0.0,96.56000000000653
13780,735.82,3201,0.0,96.56000000000653
18190,735.6700000000001,3202,0.0,96.56000000000653
12527,735.51,3203,0.0,96.56000000000653
17430,735.17,3204,0.0,96.56000000000653
13286,734.91,3205,0.0,96.56000000000653
15938,734.81,3206,0.0,96.56000000000653
12465,733.89,3207,0.0,96.56000000000653
17756,733.7,3208,0.0,96.56000000000653
17964,733.46,3209,0.0,96.56000000000653
16892,733.4,3210,0.0,96.56000000000653
12537,732.94,3211,0.0,96.56000000000653
17005,732.41,3212,0.0,96.56000000000653
13575,732.0699999999999,3213,0.0,96.56000000000653
17825,731.96,3214,0.0,96.56000000000653
17999,730.9,3215,0.0,96.56000000000653
14778,730.86,3216,0.0,96.56000000000653
17834,730.47,3217,0.0,96.56000000000653
13452,729.8,3218,0.0,96.56000000000653
12925,729.3299999999999,3219,0.0,96.56000000000653
13950,728.56,3220,0.0,96.56000000000653
12786,728.5,3221,0.0,96.56000000000653
13236,727.27,3222,0.0,96.56000000000653
15922,727.2,3223,0.0,96.56000000000653
16075,726.98,3224,0.0,96.56000000000653
16465,726.34,3225,0.0,96.56000000000653
17615,725.7,3226,0.0,96.56000000000653
12797,725.46,3227,0.0,96.56000000000653
12723,725.07,3228,0.0,96.56000000000653
17572,723.01,3229,0.0,96.56000000000653
15368,722.74,3230,0.0,96.56000000000653
13264,722.5600000000001,3231,0.0,96.56000000000653
17561,722.34,3232,0.0,96.56000000000653
18247,721.43,3233,0.0,96.56000000000653
13441,720.9,3234,0.0,96.56000000000653
13921,720.75,3235,0.0,96.56000000000653
16023,719.81,3236,0.0,96.56000000000653
14179,719.78,3237,0.0,96.56000000000653
16415,719.44,3238,0.0,96.56000000000653
13541,717.9,3239,0.0,96.56000000000653
13537,717.85,3240,0.0,96.56000000000653
12573,717.41,3241,0.0,96.56000000000653
12890,717.27,3242,0.0,96.56000000000653
16526,717.21,3243,0.0,96.56000000000653
15274,716.57,3244,0.0,96.56000000000653
12535,716.35,3245,0.0,96.56000000000653
16274,715.9,3246,0.0,96.56000000000653
15309,715.53,3247,0.0,96.56000000000653
18133,715.4999999999999,3248,0.0,96.56000000000653
12492,715.21,3249,0.0,96.56000000000653
14798,715.11,3250,0.0,96.56000000000653
15330,714.96,3251,0.0,96.56000000000653
16269,714.59,3252,0.0,96.56000000000653
17051,714.39,3253,0.0,96.56000000000653
14048,713.89,3254,0.0,96.56000000000653
13512,713.39,3255,0.0,96.56000000000653
13604,713.39,3256,0.0,96.56000000000653
14026,713.11,3257,0.0,96.56000000000653
13147,712.8000000000001,3258,0.0,96.56000000000653
17761,712.78,3259,0.0,96.56000000000653
14470,712.04,3260,0.0,96.56000000000653
16602,711.63,3261,0.0,96.56000000000653
15127,711.5,3262,0.0,96.56000000000653
13699,711.4,3263,0.0,96.56000000000653
17374,711.21,3264,0.0,96.56000000000653
16885,710.74,3265,0.0,96.56000000000653
13103,709.64,3266,0.0,96.56000000000653
12485,708.1,3267,0.0,96.56000000000653
14398,707.79,3268,0.0,96.56000000000653
12781,707.72,3269,0.0,96.56000000000653
12453,707.09,3270,0.0,96.56000000000653
16364,707.04,3271,0.0,96.56000000000653
14942,706.56,3272,0.0,96.56000000000653
17976,706.38,3273,0.0,96.56000000000653
14880,706.19,3274,0.0,96.56000000000653
16882,705.12,3275,0.0,96.56000000000653
12883,703.47,3276,0.0,96.56000000000653
18082,703.37,3277,0.0,96.56000000000653
15103,703.36,3278,0.0,96.56000000000653
16730,702.79,3279,0.0,96.56000000000653
14699,702.6,3280,0.0,96.56000000000653
16997,702.0,3281,0.0,96.56000000000653
14324,701.61,3282,0.0,96.56000000000653
13833,701.36,3283,0.0,96.56000000000653
16565,700.45,3284,0.0,96.56000000000653
17163,699.78,3285,0.0,96.56000000000653
13242,699.4,3286,0.0,96.56000000000653
16018,698.13,3287,0.0,96.56000000000653
15053,697.79,3288,0.0,96.56000000000653
13596,697.04,3289,0.0,96.56000000000653
16658,696.72,3290,0.0,96.56000000000653
15995,696.19,3291,0.0,96.56000000000653
16704,695.66,3292,0.0,96.56000000000653
13101,695.4,3293,0.0,96.56000000000653
12519,695.19,3294,0.0,96.56000000000653
12414,692.41,3295,0.0,96.56000000000653
17733,692.19,3296,0.0,96.56000000000653
12817,690.98,3297,0.0,96.56000000000653
16015,690.54,3298,0.0,96.56000000000653
13927,689.96,3299,0.0,96.56000000000653
15184,689.95,3300,0.0,96.56000000000653
16545,689.82,3301,0.0,96.56000000000653
13626,689.49,3302,0.0,96.56000000000653
17502,689.1,3303,0.0,96.56000000000653
15361,689.07,3304,0.0,96.56000000000653
14111,688.6,3305,0.0,96.56000000000653
12837,688.41,3306,0.0,96.56000000000653
18017,688.0,3307,0.0,96.56000000000653
16343,687.0699999999999,3308,0.0,96.56000000000653
14809,686.76,3309,0.0,96.56000000000653
16309,686.67,3310,0.0,96.56000000000653
13898,686.4,3311,0.0,96.56000000000653
16824,686.24,3312,0.0,96.56000000000653
12658,686.05,3313,0.0,96.56000000000653
15219,685.45,3314,0.0,96.56000000000653
14959,684.97,3315,0.0,96.56000000000653
18123,684.59,3316,0.0,96.56000000000653
16495,684.41,3317,0.0,96.56000000000653
16601,684.25,3318,0.0,96.56000000000653
15901,684.23,3319,0.0,96.56000000000653
14222,683.17,3320,0.0,96.56000000000653
15582,682.9100000000001,3321,0.0,96.56000000000653
13987,682.54,3322,0.0,96.56000000000653
18187,682.19,3323,0.0,96.56000000000653
13415,681.92,3324,0.0,96.56000000000653
12478,680.99,3325,0.0,96.56000000000653
18271,680.85,3326,0.0,96.56000000000653
17547,680.5500000000001,3327,0.0,96.56000000000653
13524,680.1800000000001,3328,0.0,96.56000000000653
13809,679.7,3329,0.0,96.56000000000653
14563,679.44,3330,0.0,96.56000000000653
14497,679.16,3331,0.0,96.56000000000653
17782,679.02,3332,0.0,96.56000000000653
16262,677.78,3333,0.0,96.56000000000653
15669,677.69,3334,0.0,96.56000000000653
13040,676.99,3335,0.0,96.56000000000653
13729,676.4300000000001,3336,0.0,96.56000000000653
13325,675.3,3337,0.0,96.56000000000653
16646,675.05,3338,0.0,96.56000000000653
13355,674.7,3339,0.0,96.56000000000653
16449,674.69,3340,0.0,96.56000000000653
13585,674.46,3341,0.0,96.56000000000653
13951,674.45,3342,0.0,96.56000000000653
12601,673.76,3343,0.0,96.56000000000653
15562,673.3800000000001,3344,0.0,96.56000000000653
14504,673.26,3345,0.0,96.56000000000653
18121,673.1,3346,0.0,96.56000000000653
17962,673.02,3347,0.0,96.56000000000653
16226,672.1700000000001,3348,0.0,96.56000000000653
17709,671.01,3349,0.0,96.56000000000653
13398,670.34,3350,0.0,96.56000000000653
17418,670.0600000000001,3351,0.0,96.56000000000653
16268,667.65,3352,0.0,96.56000000000653
12450,666.95,3353,0.0,96.56000000000653
14356,666.9399999999999,3354,0.0,96.56000000000653
14151,666.7,3355,0.0,96.56000000000653
13741,666.33,3356,0.0,96.56000000000653
17777,665.86,3357,0.0,96.56000000000653
17105,665.78,3358,0.0,96.56000000000653
14452,665.59,3359,0.0,96.56000000000653
16056,664.85,3360,0.0,96.56000000000653
16132,664.1999999999999,3361,0.0,96.56000000000653
15700,664.03,3362,0.0,96.56000000000653
14720,663.81,3363,0.0,96.56000000000653
13474,663.79,3364,0.0,96.56000000000653
13974,663.52,3365,0.0,96.56000000000653
15350,663.25,3366,0.0,96.56000000000653
17852,663.21,3367,0.0,96.56000000000653
17462,662.94,3368,0.0,96.56000000000653
17371,662.55,3369,0.0,96.56000000000653
13864,662.4000000000001,3370,0.0,96.56000000000653
16862,662.33,3371,0.0,96.56000000000653
12386,660.8,3372,0.0,96.56000000000653
16887,660.72,3373,0.0,96.56000000000653
14182,660.07,3374,0.0,96.56000000000653
14603,660.0,3375,0.0,96.56000000000653
15405,659.84,3376,0.0,96.56000000000653
13028,659.68,3377,0.0,96.56000000000653
15492,659.4599999999999,3378,0.0,96.56000000000653
13518,659.4399999999999,3379,0.0,96.56000000000653
13759,659.4100000000001,3380,0.0,96.56000000000653
14150,658.64,3381,0.0,96.56000000000653
17874,658.26,3382,0.0,96.56000000000653
15715,658.02,3383,0.0,96.56000000000653
16696,657.9000000000001,3384,0.0,96.56000000000653
16428,657.33,3385,0.0,96.56000000000653
17459,657.3,3386,0.0,96.56000000000653
13433,656.87,3387,0.0,96.56000000000653
16708,656.63,3388,0.0,96.56000000000653
17935,655.54,3389,0.0,96.56000000000653
15207,653.77,3390,0.0,96.56000000000653
17398,653.38,3391,0.0,96.56000000000653
16648,653.0,3392,0.0,96.56000000000653
17523,652.74,3393,0.0,96.56000000000653
17963,651.51,3394,0.0,96.56000000000653
13622,651.45,3395,0.0,96.56000000000653
13840,651.4,3396,0.0,96.56000000000653
12855,650.9399999999999,3397,0.0,96.56000000000653
16734,650.51,3398,0.0,96.56000000000653
16969,650.41,3399,0.0,96.56000000000653
16117,650.05,3400,0.0,96.56000000000653
15098,649.5,3401,0.0,96.56000000000653
15205,648.8299999999999,3402,0.0,96.56000000000653
13430,648.6899999999999,3403,0.0,96.56000000000653
12844,648.6,3404,0.0,96.56000000000653
16573,648.41,3405,0.0,96.56000000000653
15643,647.4,3406,0.0,96.56000000000653
16412,647.23,3407,0.0,96.56000000000653
14024,645.74,3408,0.0,96.56000000000653
16185,644.72,3409,0.0,96.56000000000653
17312,644.3,3410,0.0,96.56000000000653
16157,644.24,3411,0.0,96.56000000000653
17380,643.75,3412,0.0,96.56000000000653
12612,643.59,3413,0.0,96.56000000000653
13237,643.0,3414,0.0,96.56000000000653
16431,642.81,3415,0.0,96.56000000000653
17779,642.17,3416,0.0,96.56000000000653
16399,641.82,3417,0.0,96.56000000000653
12624,641.13,3418,0.0,96.56000000000653
13318,640.76,3419,0.0,96.56000000000653
12538,640.45,3420,0.0,96.56000000000653
13820,640.4,3421,0.0,96.56000000000653
16368,640.21,3422,0.0,96.56000000000653
12880,640.13,3423,0.0,96.56000000000653
12734,639.65,3424,0.0,96.56000000000653
18163,639.34,3425,0.0,96.56000000000653
12699,638.11,3426,0.0,96.56000000000653
14664,637.89,3427,0.0,96.56000000000653
17134,637.1,3428,0.0,96.56000000000653
15183,637.03,3429,0.0,96.56000000000653
15829,636.14,3430,0.0,96.56000000000653
16534,635.9,3431,0.0,96.56000000000653
14425,635.89,3432,0.0,96.56000000000653
14537,635.45,3433,0.0,96.56000000000653
15297,635.04,3434,0.0,96.56000000000653
17985,634.95,3435,0.0,96.56000000000653
14594,634.83,3436,0.0,96.56000000000653
17334,634.73,3437,0.0,96.56000000000653
14365,634.68,3438,0.0,96.56000000000653
14219,633.83,3439,0.0,96.56000000000653
15045,633.66,3440,0.0,96.56000000000653
17375,632.95,3441,0.0,96.56000000000653
15666,632.9399999999999,3442,0.0,96.56000000000653
13540,632.39,3443,0.0,96.56000000000653
13822,632.0,3444,0.0,96.56000000000653
13444,631.6800000000001,3445,0.0,96.56000000000653
14381,631.34,3446,0.0,96.56000000000653
13706,631.17,3447,0.0,96.56000000000653
15276,631.03,3448,0.0,96.56000000000653
16193,630.43,3449,0.0,96.56000000000653
18101,629.16,3450,0.0,96.56000000000653
13525,628.78,3451,0.0,96.56000000000653
14283,628.4399999999999,3452,0.0,96.56000000000653
16022,628.28,3453,0.0,96.56000000000653
13480,627.82,3454,0.0,96.56000000000653
14237,627.04,3455,0.0,96.56000000000653
14036,626.65,3456,0.0,96.56000000000653
15880,626.5600000000001,3457,0.0,96.56000000000653
17392,626.56,3458,0.0,96.56000000000653
16715,625.52,3459,0.0,96.56000000000653
16330,624.63,3460,0.0,96.56000000000653
14169,624.4300000000001,3461,0.0,96.56000000000653
16750,623.93,3462,0.0,96.56000000000653
16792,623.46,3463,0.0,96.56000000000653
15258,623.16,3464,0.0,96.56000000000653
12575,622.8199999999999,3465,0.0,96.56000000000653
14115,622.6700000000001,3466,0.0,96.56000000000653
15016,622.3,3467,0.0,96.56000000000653
12667,620.13,3468,0.0,96.56000000000653
14529,620.04,3469,0.0,96.56000000000653
16776,619.85,3470,0.0,96.56000000000653
14079,618.73,3471,0.0,96.56000000000653
13493,618.63,3472,0.0,96.56000000000653
16613,618.59,3473,0.0,96.56000000000653
12596,618.27,3474,0.0,96.56000000000653
13301,618.09,3475,0.0,96.56000000000653
13496,617.93,3476,0.0,96.56000000000653
15956,617.6,3477,0.0,96.56000000000653
14377,617.05,3478,0.0,96.56000000000653
13925,616.65,3479,0.0,96.56000000000653
16311,616.26,3480,0.0,96.56000000000653
17639,615.17,3481,0.0,96.56000000000653
14077,615.0799999999999,3482,0.0,96.56000000000653
16847,614.89,3483,0.0,96.56000000000653
15748,614.7600000000001,3484,0.0,96.56000000000653
16844,614.34,3485,0.0,96.56000000000653
14558,614.1,3486,0.0,96.56000000000653
16566,614.01,3487,0.0,96.56000000000653
13914,613.95,3488,0.0,96.56000000000653
14570,613.75,3489,0.0,96.56000000000653
15362,613.08,3490,0.0,96.56000000000653
16178,612.6,3491,0.0,96.56000000000653
16589,612.36,3492,0.0,96.56000000000653
15232,612.06,3493,0.0,96.56000000000653
17209,611.6,3494,0.0,96.56000000000653
16158,611.32,3495,0.0,96.56000000000653
16922,611.08,3496,0.0,96.56000000000653
14793,611.0500000000001,3497,0.0,96.56000000000653
13731,610.59,3498,0.0,96.56000000000653
14636,609.85,3499,0.0,96.56000000000653
17325,609.5699999999999,3500,0.0,96.56000000000653
15275,609.19,3501,0.0,96.56000000000653
16675,608.86,3502,0.0,96.56000000000653
13933,608.7900000000001,3503,0.0,96.56000000000653
15147,608.65,3504,0.0,96.56000000000653
12719,608.1,3505,0.0,96.56000000000653
15717,607.0,3506,0.0,96.56000000000653
13020,606.96,3507,0.0,96.56000000000653
17507,605.58,3508,0.0,96.56000000000653
16780,605.55,3509,0.0,96.56000000000653
13558,605.06,3510,0.0,96.56000000000653
17707,605.0500000000001,3511,0.0,96.56000000000653
12944,604.51,3512,0.0,96.56000000000653
17270,604.4,3513,0.0,96.56000000000653
14417,604.2,3514,0.0,96.56000000000653
12556,603.71,3515,0.0,96.56000000000653
12707,603.42,3516,0.0,96.56000000000653
18264,603.25,3517,0.0,96.56000000000653
16445,602.73,3518,0.0,96.56000000000653
13836,602.52,3519,0.0,96.56000000000653
13832,602.4399999999999,3520,0.0,96.56000000000653
17890,602.09,3521,0.0,96.56000000000653
14670,602.0,3522,0.0,96.56000000000653
12654,601.98,3523,0.0,96.56000000000653
17998,601.74,3524,0.0,96.56000000000653
14254,601.03,3525,0.0,96.56000000000653
15257,600.9,3526,0.0,96.56000000000653
14339,600.66,3527,0.0,96.56000000000653
18183,600.52,3528,0.0,96.56000000000653
12420,600.39,3529,0.0,96.56000000000653
17745,600.34,3530,0.0,96.56000000000653
18211,600.07,3531,0.0,96.56000000000653
16077,600.0,3532,0.0,96.56000000000653
15648,599.9,3533,0.0,96.56000000000653
12521,599.68,3534,0.0,96.56000000000653
14611,599.38,3535,0.0,96.56000000000653
14965,599.0,3536,0.0,96.56000000000653
14569,598.98,3537,0.0,96.56000000000653
13311,598.57,3538,0.0,96.56000000000653
17845,598.19,3539,0.0,96.56000000000653
15424,597.78,3540,0.0,96.56000000000653
14170,597.33,3541,0.0,96.56000000000653
15631,596.67,3542,0.0,96.56000000000653
14455,594.86,3543,0.0,96.56000000000653
15929,594.0,3544,0.0,96.56000000000653
15442,594.0,3545,0.0,96.56000000000653
17119,593.61,3546,0.0,96.56000000000653
14746,593.5,3547,0.0,96.56000000000653
16720,593.43,3548,0.0,96.56000000000653
16116,592.88,3549,0.0,96.56000000000653
13472,592.24,3550,0.0,96.56000000000653
17473,592.15,3551,0.0,96.56000000000653
17815,591.96,3552,0.0,96.56000000000653
13811,591.75,3553,0.0,96.56000000000653
17483,591.73,3554,0.0,96.56000000000653
15346,591.65,3555,0.0,96.56000000000653
15524,591.4,3556,0.0,96.56000000000653
17098,591.0699999999999,3557,0.0,96.56000000000653
15160,589.27,3558,0.0,96.56000000000653
15624,588.13,3559,0.0,96.56000000000653
15191,588.05,3560,0.0,96.56000000000653
15097,587.05,3561,0.0,96.56000000000653
12513,586.79,3562,0.0,96.56000000000653
13106,586.46,3563,0.0,96.56000000000653
17773,585.27,3564,0.0,96.56000000000653
12800,584.25,3565,0.0,96.56000000000653
14023,584.07,3566,0.0,96.56000000000653
15762,583.75,3567,0.0,96.56000000000653
15918,582.88,3568,0.0,96.56000000000653
16100,582.64,3569,0.0,96.56000000000653
16802,582.61,3570,0.0,96.56000000000653
17970,582.59,3571,0.0,96.56000000000653
18232,582.47,3572,0.0,96.56000000000653
17099,582.17,3573,0.0,96.56000000000653
14771,579.92,3574,0.0,96.56000000000653
14742,579.85,3575,0.0,96.56000000000653
17678,579.81,3576,0.0,96.56000000000653
16596,579.63,3577,0.0,96.56000000000653
15588,579.6,3578,0.0,96.56000000000653
15959,579.49,3579,0.0,96.56000000000653
18039,579.17,3580,0.0,96.56000000000653
13314,578.66,3581,0.0,96.56000000000653
18262,577.54,3582,0.0,96.56000000000653
17274,577.38,3583,0.0,96.56000000000653
17557,575.46,3584,0.0,96.56000000000653
12859,575.1,3585,0.0,96.56000000000653
14323,574.26,3586,0.0,96.56000000000653
13262,573.45,3587,0.0,96.56000000000653
15415,572.8100000000001,3588,0.0,96.56000000000653
13379,572.56,3589,0.0,96.56000000000653
13179,572.3100000000001,3590,0.0,96.56000000000653
14053,572.3,3591,0.0,96.56000000000653
12816,572.2,3592,0.0,96.56000000000653
17156,572.07,3593,0.0,96.56000000000653
13369,572.03,3594,0.0,96.56000000000653
15920,571.64,3595,0.0,96.56000000000653
15821,570.96,3596,0.0,96.56000000000653
17122,570.5,3597,0.0,96.56000000000653
15857,570.48,3598,0.0,96.56000000000653
14592,570.46,3599,0.0,96.56000000000653
16667,570.13,3600,0.0,96.56000000000653
17433,569.96,3601,0.0,96.56000000000653
15169,569.22,3602,0.0,96.56000000000653
18244,568.64,3603,0.0,96.56000000000653
17035,568.39,3604,0.0,96.56000000000653
15018,567.51,3605,0.0,96.56000000000653
13321,567.36,3606,0.0,96.56000000000653
14208,567.05,3607,0.0,96.56000000000653
14173,566.95,3608,0.0,96.56000000000653
14986,566.9,3609,0.0,96.56000000000653
15627,566.9,3610,0.0,96.56000000000653
13998,566.7,3611,0.0,96.56000000000653
18150,566.58,3612,0.0,96.56000000000653
12384,566.16,3613,0.0,96.56000000000653
17014,565.58,3614,0.0,96.56000000000653
14716,565.45,3615,0.0,96.56000000000653
15143,563.63,3616,0.0,96.56000000000653
16590,563.6,3617,0.0,96.56000000000653
12790,563.45,3618,0.0,96.56000000000653
17665,563.1,3619,0.0,96.56000000000653
17195,562.98,3620,0.0,96.56000000000653
17265,562.9,3621,0.0,96.56000000000653
16111,562.48,3622,0.0,96.56000000000653
18127,561.53,3623,0.0,96.56000000000653
17233,560.86,3624,0.0,96.56000000000653
15917,560.63,3625,0.0,96.56000000000653
17413,560.14,3626,0.0,96.56000000000653
15055,560.07,3627,0.0,96.56000000000653
14273,559.97,3628,0.0,96.56000000000653
16414,559.71,3629,0.0,96.56000000000653
15198,559.45,3630,0.0,96.56000000000653
17503,558.96,3631,0.0,96.56000000000653
13424,557.92,3632,0.0,96.56000000000653
13260,557.62,3633,0.0,96.56000000000653
13406,557.22,3634,0.0,96.56000000000653
17295,556.95,3635,0.0,96.56000000000653
18049,556.52,3636,0.0,96.56000000000653
16519,556.26,3637,0.0,96.56000000000653
13677,556.1899999999999,3638,0.0,96.56000000000653
13816,555.04,3639,0.0,96.56000000000653
15102,554.67,3640,0.0,96.56000000000653
15634,554.65,3641,0.0,96.56000000000653
15597,554.52,3642,0.0,96.56000000000653
16641,554.5,3643,0.0,96.56000000000653
17407,552.9,3644,0.0,96.56000000000653
12879,552.5699999999999,3645,0.0,96.56000000000653
17016,552.4,3646,0.0,96.56000000000653
12363,552.0,3647,0.0,96.56000000000653
15315,551.54,3648,0.0,96.56000000000653
16936,551.17,3649,0.0,96.56000000000653
16707,551.11,3650,0.0,96.56000000000653
18098,550.84,3651,0.0,96.56000000000653
17291,550.8000000000001,3652,0.0,96.56000000000653
12390,549.84,3653,0.0,96.56000000000653
15200,549.05,3654,0.0,96.56000000000653
16031,548.94,3655,0.0,96.56000000000653
15830,547.7,3656,0.0,96.56000000000653
16811,547.07,3657,0.0,96.56000000000653
17637,547.0600000000001,3658,0.0,96.56000000000653
17520,546.81,3659,0.0,96.56000000000653
18212,546.72,3660,0.0,96.56000000000653
13684,546.52,3661,0.0,96.56000000000653
12743,546.43,3662,0.0,96.56000000000653
15080,546.25,3663,0.0,96.56000000000653
17248,546.16,3664,0.0,96.56000000000653
17806,546.04,3665,0.0,96.56000000000653
17580,545.27,3666,0.0,96.56000000000653
13955,545.17,3667,0.0,96.56000000000653
16475,544.3,3668,0.0,96.56000000000653
13390,544.08,3669,0.0,96.56000000000653
13008,543.28,3670,0.0,96.56000000000653
16927,543.05,3671,0.0,96.56000000000653
15598,543.02,3672,0.0,96.56000000000653
17514,542.83,3673,0.0,96.56000000000653
13785,542.49,3674,0.0,96.56000000000653
15675,542.04,3675,0.0,96.56000000000653
16230,542.03,3676,0.0,96.56000000000653
16060,541.95,3677,0.0,96.56000000000653
16647,541.9,3678,0.0,96.56000000000653
17447,541.53,3679,0.0,96.56000000000653
17643,541.25,3680,0.0,96.56000000000653
13057,540.74,3681,0.0,96.56000000000653
12819,540.52,3682,0.0,96.56000000000653
18056,539.75,3683,0.0,96.56000000000653
15546,539.5500000000001,3684,0.0,96.56000000000653
12958,539.49,3685,0.0,96.56000000000653
15650,539.03,3686,0.0,96.56000000000653
16536,539.02,3687,0.0,96.56000000000653
13812,539.0,3688,0.0,96.56000000000653
15539,538.46,3689,0.0,96.56000000000653
14539,537.48,3690,0.0,96.56000000000653
17269,537.46,3691,0.0,96.56000000000653
16804,536.99,3692,0.0,96.56000000000653
13948,536.86,3693,0.0,96.56000000000653
17011,536.7,3694,0.0,96.56000000000653
18140,536.41,3695,0.0,96.56000000000653
12559,536.21,3696,0.0,96.56000000000653
13894,535.97,3697,0.0,96.56000000000653
13207,535.86,3698,0.0,96.56000000000653
15890,535.65,3699,0.0,96.56000000000653
13024,535.42,3700,0.0,96.56000000000653
16142,535.34,3701,0.0,96.56000000000653
12988,535.32,3702,0.0,96.56000000000653
16935,535.1,3703,0.0,96.56000000000653
12810,534.99,3704,0.0,96.56000000000653
13385,534.57,3705,0.0,96.56000000000653
17443,534.24,3706,0.0,96.56000000000653
16406,533.98,3707,0.0,96.56000000000653
16785,533.78,3708,0.0,96.56000000000653
15756,532.96,3709,0.0,96.56000000000653
15825,532.94,3710,0.0,96.56000000000653
15659,532.49,3711,0.0,96.56000000000653
16021,532.25,3712,0.0,96.56000000000653
14940,531.49,3713,0.0,96.56000000000653
16583,531.4,3714,0.0,96.56000000000653
16706,531.35,3715,0.0,96.56000000000653
17765,530.8,3716,0.0,96.56000000000653
18159,530.15,3717,0.0,96.56000000000653
14002,529.73,3718,0.0,96.56000000000653
17681,529.6,3719,0.0,96.56000000000653
17458,529.58,3720,0.0,96.56000000000653
18191,529.4,3721,0.0,96.56000000000653
16413,528.98,3722,0.0,96.56000000000653
15842,528.75,3723,0.0,96.56000000000653
15115,528.1,3724,0.0,96.56000000000653
14616,527.78,3725,0.0,96.56000000000653
18053,527.77,3726,0.0,96.56000000000653
18011,527.03,3727,0.0,96.56000000000653
16421,526.27,3728,0.0,96.56000000000653
15683,524.54,3729,0.0,96.56000000000653
15891,524.52,3730,0.0,96.56000000000653
13277,523.3,3731,0.0,96.56000000000653
17712,522.91,3732,0.0,96.56000000000653
13605,522.67,3733,0.0,96.56000000000653
12956,521.89,3734,0.0,96.56000000000653
17436,521.31,3735,0.0,96.56000000000653
15689,521.03,3736,0.0,96.56000000000653
14647,519.97,3737,0.0,96.56000000000653
13977,519.8100000000001,3738,0.0,96.56000000000653
13287,519.67,3739,0.0,96.56000000000653
12571,519.61,3740,0.0,96.56000000000653
12777,519.45,3741,0.0,96.56000000000653
14807,519.29,3742,0.0,96.56000000000653
16001,519.06,3743,0.0,96.56000000000653
13190,518.76,3744,0.0,96.56000000000653
12825,518.63,3745,0.0,96.56000000000653
13600,518.42,3746,0.0,96.56000000000653
13553,517.8,3747,0.0,96.56000000000653
17266,517.73,3748,0.0,96.56000000000653
12977,517.63,3749,0.0,96.56000000000653
18205,517.36,3750,0.0,96.56000000000653
14429,516.28,3751,0.0,96.56000000000653
13859,515.86,3752,0.0,96.56000000000653
18243,515.78,3753,0.0,96.56000000000653
17510,514.56,3754,0.0,96.56000000000653
12897,514.25,3755,0.0,96.56000000000653
14722,513.37,3756,0.0,96.56000000000653
16829,513.32,3757,0.0,96.56000000000653
16576,513.1700000000001,3758,0.0,96.56000000000653
13177,512.2,3759,0.0,96.56000000000653
14034,512.02,3760,0.0,96.56000000000653
15467,511.88,3761,0.0,96.56000000000653
15691,511.8,3762,0.0,96.56000000000653
16402,511.4,3763,0.0,96.56000000000653
15655,511.32,3764,0.0,96.56000000000653
14552,511.28000000000003,3765,0.0,96.56000000000653
12361,511.25,3766,0.0,96.56000000000653
16561,511.12,3767,0.0,96.56000000000653
17110,510.7,3768,0.0,96.56000000000653
13367,510.20000000000005,3769,0.0,96.56000000000653
13807,509.9,3770,0.0,96.56000000000653
12904,509.58,3771,0.0,96.56000000000653
13710,509.52,3772,0.0,96.56000000000653
12436,509.01,3773,0.0,96.56000000000653
17524,508.9,3774,0.0,96.56000000000653
17391,508.8,3775,0.0,96.56000000000653
15417,508.8,3776,0.0,96.56000000000653
14317,508.58000000000004,3777,0.0,96.56000000000653
13067,508.51,3778,0.0,96.56000000000653
13594,508.42,3779,0.0,96.56000000000653
17335,508.0,3780,0.0,96.56000000000653
17415,507.84,3781,0.0,96.56000000000653
14158,507.66,3782,0.0,96.56000000000653
17384,507.55,3783,0.0,96.56000000000653
15721,507.08,3784,0.0,96.56000000000653
13885,506.8,3785,0.0,96.56000000000653
13123,506.75,3786,0.0,96.56000000000653
18207,505.12,3787,0.0,96.56000000000653
14968,504.99,3788,0.0,96.56000000000653
18203,504.42,3789,0.0,96.56000000000653
17630,503.59999999999997,3790,0.0,96.56000000000653
14954,503.44,3791,0.0,96.56000000000653
12376,503.15,3792,0.0,96.56000000000653
12419,503.01,3793,0.0,96.56000000000653
13642,501.97,3794,0.0,96.56000000000653
13865,501.56,3795,0.0,96.56000000000653
13247,501.12,3796,0.0,96.56000000000653
16616,500.42,3797,0.0,96.56000000000653
12366,500.24,3798,0.0,96.56000000000653
13428,499.98,3799,0.0,96.56000000000653
15193,499.32,3800,0.0,96.56000000000653
17256,498.93,3801,0.0,96.56000000000653
14171,498.79,3802,0.0,96.56000000000653
13961,498.7,3803,0.0,96.56000000000653
14949,498.55,3804,0.0,96.56000000000653
17608,498.53,3805,0.0,96.56000000000653
16820,497.61,3806,0.0,96.56000000000653
17923,497.0,3807,0.0,96.56000000000653
15300,496.44,3808,0.0,96.56000000000653
17053,496.38,3809,0.0,96.56000000000653
15278,496.15999999999997,3810,0.0,96.56000000000653
16977,496.0,3811,0.0,96.56000000000653
17995,495.48,3812,0.0,96.56000000000653
16352,494.44,3813,0.0,96.56000000000653
17823,494.25,3814,0.0,96.56000000000653
17333,494.25,3815,0.0,96.56000000000653
14008,493.74,3816,0.0,96.56000000000653
15958,492.99,3817,0.0,96.56000000000653
13176,492.84,3818,0.0,96.56000000000653
14270,492.65000000000003,3819,0.0,96.56000000000653
15507,492.36,3820,0.0,96.56000000000653
16488,492.2,3821,0.0,96.56000000000653
14310,492.1,3822,0.0,96.56000000000653
13732,491.86,3823,0.0,96.56000000000653
17106,491.23,3824,0.0,96.56000000000653
16799,491.03000000000003,3825,0.0,96.56000000000653
14663,490.6,3826,0.0,96.56000000000653
15000,490.52,3827,0.0,96.56000000000653
14416,490.22,3828,0.0,96.56000000000653
12983,490.08000000000004,3829,0.0,96.56000000000653
12634,490.0,3830,0.0,96.56000000000653
17715,489.59999999999997,3831,0.0,96.56000000000653
12943,489.0,3832,0.0,96.56000000000653
17925,488.16,3833,0.0,96.56000000000653
12920,488.09000000000003,3834,0.0,96.56000000000653
13412,487.34999999999997,3835,0.0,96.56000000000653
13675,486.82000000000005,3836,0.0,96.56000000000653
17453,486.71999999999997,3837,0.0,96.56000000000653
15138,486.59000000000003,3838,0.0,96.56000000000653
13153,486.22,3839,0.0,96.56000000000653
15216,486.09,3840,0.0,96.56000000000653
17658,485.88,3841,0.0,96.56000000000653
12443,485.31,3842,0.0,96.56000000000653
13116,485.19,3843,0.0,96.56000000000653
15447,484.93,3844,0.0,96.56000000000653
16999,484.82,3845,0.0,96.56000000000653
13733,484.53000000000003,3846,0.0,96.56000000000653
16504,484.38,3847,0.0,96.56000000000653
16024,484.2,3848,0.0,96.56000000000653
16603,482.47,3849,0.0,96.56000000000653
17996,482.33,3850,0.0,96.56000000000653
18216,481.75,3851,0.0,96.56000000000653
15174,481.46,3852,0.0,96.56000000000653
14052,480.81,3853,0.0,96.56000000000653
17988,479.59,3854,0.0,96.56000000000653
12979,479.53999999999996,3855,0.0,96.56000000000653
15048,479.27,3856,0.0,96.56000000000653
13161,478.88,3857,0.0,96.56000000000653
12479,477.3,3858,0.0,96.56000000000653
14319,476.95000000000005,3859,0.0,96.56000000000653
17111,476.58,3860,0.0,96.56000000000653
15344,476.58,3861,0.0,96.56000000000653
12447,476.49,3862,0.0,96.56000000000653
15277,476.34,3863,0.0,96.56000000000653
15780,475.28000000000003,3864,0.0,96.56000000000653
16552,475.02000000000004,3865,0.0,96.56000000000653
14599,474.54,3866,0.0,96.56000000000653
17104,474.03,3867,0.0,96.56000000000653
15349,473.81,3868,0.0,96.56000000000653
15557,473.65000000000003,3869,0.0,96.56000000000653
16635,473.0,3870,0.0,96.56000000000653
16080,472.9,3871,0.0,96.56000000000653
13194,472.78,3872,0.0,96.56000000000653
18280,472.45000000000005,3873,0.0,96.56000000000653
14975,472.39,3874,0.0,96.56000000000653
13043,471.57,3875,0.0,96.56000000000653
15963,470.76,3876,0.0,96.56000000000653
17254,470.73,3877,0.0,96.56000000000653
18083,470.72999999999996,3878,0.0,96.56000000000653
14819,470.16,3879,0.0,96.56000000000653
16473,469.58,3880,0.0,96.56000000000653
14058,469.19,3881,0.0,96.56000000000653
14369,469.13,3882,0.0,96.56000000000653
15387,468.65,3883,0.0,96.56000000000653
12554,468.5,3884,0.0,96.56000000000653
14335,468.26,3885,0.0,96.56000000000653
14491,468.13,3886,0.0,96.56000000000653
17294,467.78999999999996,3887,0.0,96.56000000000653
17187,467.71,3888,0.0,96.56000000000653
14029,467.66,3889,0.0,96.56000000000653
16390,467.5,3890,0.0,96.56000000000653
14148,466.29,3891,0.0,96.56000000000653
13248,465.68,3892,0.0,96.56000000000653
15036,465.55,3893,0.0,96.56000000000653
13698,465.53000000000003,3894,0.0,96.56000000000653
17181,465.37,3895,0.0,96.56000000000653
17140,465.32,3896,0.0,96.56000000000653
13928,464.57,3897,0.0,96.56000000000653
17040,463.25,3898,0.0,96.56000000000653
14331,462.65999999999997,3899,0.0,96.56000000000653
17680,462.5,3900,0.0,96.56000000000653
18031,462.09999999999997,3901,0.0,96.56000000000653
14575,460.71,3902,0.0,96.56000000000653
15540,460.68,3903,0.0,96.56000000000653
12491,460.40000000000003,3904,0.0,96.56000000000653
16310,460.08,3905,0.0,96.56000000000653
14118,458.45,3906,0.0,96.56000000000653
13957,458.25,3907,0.0,96.56000000000653
15121,457.72,3908,0.0,96.56000000000653
16069,457.7,3909,0.0,96.56000000000653
12564,456.9,3910,0.0,96.56000000000653
15589,456.58,3911,0.0,96.56000000000653
12999,455.88,3912,0.0,96.56000000000653
12375,455.42,3913,0.0,96.56000000000653
15585,455.3,3914,0.0,96.56000000000653
16765,454.75,3915,0.0,96.56000000000653
17344,454.61,3916,0.0,96.56000000000653
17067,454.54,3917,0.0,96.56000000000653
12459,454.36,3918,0.0,96.56000000000653
16038,454.33000000000004,3919,0.0,96.56000000000653
15475,454.10999999999996,3920,0.0,96.56000000000653
17564,454.01,3921,0.0,96.56000000000653
17376,453.64,3922,0.0,96.56000000000653
12729,453.01,3923,0.0,96.56000000000653
14184,452.89,3924,0.0,96.56000000000653
15418,452.32,3925,0.0,96.56000000000653
14011,451.91999999999996,3926,0.0,96.56000000000653
18158,451.75,3927,0.0,96.56000000000653
18100,451.56,3928,0.0,96.56000000000653
17276,451.34000000000003,3929,0.0,96.56000000000653
15961,451.28999999999996,3930,0.0,96.56000000000653
12831,451.11,3931,0.0,96.56000000000653
15124,450.82,3932,0.0,96.56000000000653
16870,450.15999999999997,3933,0.0,96.56000000000653
14784,449.93,3934,0.0,96.56000000000653
16039,449.65,3935,0.0,96.56000000000653
13489,449.52,3936,0.0,96.56000000000653
15126,449.49,3937,0.0,96.56000000000653
12448,449.45,3938,0.0,96.56000000000653
15739,449.12,3939,0.0,96.56000000000653
16939,449.0,3940,0.0,96.56000000000653
18176,448.65,3941,0.0,96.56000000000653
14296,448.45,3942,0.0,96.56000000000653
14761,447.92,3943,0.0,96.56000000000653
14780,447.68,3944,0.0,96.56000000000653
18201,447.53000000000003,3945,0.0,96.56000000000653
16095,447.05,3946,0.0,96.56000000000653
13754,447.05,3947,0.0,96.56000000000653
16921,446.67,3948,0.0,96.56000000000653
17476,446.51,3949,0.0,96.56000000000653
13877,446.33,3950,0.0,96.56000000000653
17370,446.18,3951,0.0,96.56000000000653
17070,445.32,3952,0.0,96.56000000000653
18134,445.0,3953,0.0,96.56000000000653
12788,444.9,3954,0.0,96.56000000000653
14638,443.6,3955,0.0,96.56000000000653
18222,443.0,3956,0.0,96.56000000000653
14093,442.85,3957,0.0,96.56000000000653
14996,442.28999999999996,3958,0.0,96.56000000000653
17699,442.0,3959,0.0,96.56000000000653
13738,440.93,3960,0.0,96.56000000000653
15877,440.78,3961,0.0,96.56000000000653
16932,440.71,3962,0.0,96.56000000000653
12907,440.36,3963,0.0,96.56000000000653
18233,440.0,3964,0.0,96.56000000000653
16025,439.65999999999997,3965,0.0,96.56000000000653
14979,439.46,3966,0.0,96.56000000000653
16968,439.43,3967,0.0,96.56000000000653
13086,439.33000000000004,3968,0.0,96.56000000000653
13432,439.1,3969,0.0,96.56000000000653
13358,439.03,3970,0.0,96.56000000000653
17729,438.65000000000003,3971,0.0,96.56000000000653
15859,438.46,3972,0.0,96.56000000000653
15881,438.24,3973,0.0,96.56000000000653
17807,437.87,3974,0.0,96.56000000000653
12552,437.82,3975,0.0,96.56000000000653
15158,437.66,3976,0.0,96.56000000000653
15553,437.23,3977,0.0,96.56000000000653
16888,437.15,3978,0.0,96.56000000000653
14877,437.0,3979,0.0,96.56000000000653
17178,436.71,3980,0.0,96.56000000000653
18284,436.68,3981,0.0,96.56000000000653
16084,436.18,3982,0.0,96.56000000000653
14123,436.18,3983,0.0,96.56000000000653
14311,435.90000000000003,3984,0.0,96.56000000000653
13150,435.02,3985,0.0,96.56000000000653
14238,434.23,3986,0.0,96.56000000000653
14581,433.8,3987,0.0,96.56000000000653
18029,433.77,3988,0.0,96.56000000000653
15613,433.71999999999997,3989,0.0,96.56000000000653
16522,433.36,3990,0.0,96.56000000000653
17687,432.68,3991,0.0,96.56000000000653
16236,432.2,3992,0.0,96.56000000000653
16881,432.0,3993,0.0,96.56000000000653
14042,431.98,3994,0.0,96.56000000000653
15488,431.92,3995,0.0,96.56000000000653
13066,430.9,3996,0.0,96.56000000000653
17842,430.69,3997,0.0,96.56000000000653
12795,430.48,3998,0.0,96.56000000000653
16404,430.3,3999,0.0,96.56000000000653
12827,430.15000000000003,4000,0.0,96.56000000000653
15450,429.84,4001,0.0,96.56000000000653
15230,429.6,4002,0.0,96.56000000000653
15915,429.21,4003,0.0,96.56000000000653
16324,428.68,4004,0.0,96.56000000000653
12452,428.57,4005,0.0,96.56000000000653
18089,428.45,4006,0.0,96.56000000000653
17285,428.34,4007,0.0,96.56000000000653
16481,428.23,4008,0.0,96.56000000000653
15545,428.05,4009,0.0,96.56000000000653
15360,427.93,4010,0.0,96.56000000000653
12740,427.6,4011,0.0,96.56000000000653
13624,427.18,4012,0.0,96.56000000000653
18285,427.0,4013,0.0,96.56000000000653
17740,426.9,4014,0.0,96.56000000000653
13171,426.81,4015,0.0,96.56000000000653
18152,426.69,4016,0.0,96.56000000000653
15930,426.63,4017,0.0,96.56000000000653
12445,426.48,4018,0.0,96.56000000000653
15217,426.24,4019,0.0,96.56000000000653
17103,424.3,4020,0.0,96.56000000000653
16913,423.90999999999997,4021,0.0,96.56000000000653
17330,423.8,4022,0.0,96.56000000000653
12542,423.38,4023,0.0,96.56000000000653
14097,422.85999999999996,4024,0.0,96.56000000000653
13374,422.8,4025,0.0,96.56000000000653
16137,422.7,4026,0.0,96.56000000000653
18240,422.58,4027,0.0,96.56000000000653
16149,422.22,4028,0.0,96.56000000000653
13964,421.9,4029,0.0,96.56000000000653
17232,421.52,4030,0.0,96.56000000000653
17601,421.48,4031,0.0,96.56000000000653
13574,421.25,4032,0.0,96.56000000000653
16773,421.24,4033,0.0,96.56000000000653
14757,420.5,4034,0.0,96.56000000000653
15206,420.29999999999995,4035,0.0,96.56000000000653
15894,420.29,4036,0.0,96.56000000000653
15711,420.25,4037,0.0,96.56000000000653
18128,420.04,4038,0.0,96.56000000000653
13442,419.87,4039,0.0,96.56000000000653
16541,419.78,4040,0.0,96.56000000000653
13096,419.70000000000005,4041,0.0,96.56000000000653
14124,419.58000000000004,4042,0.0,96.56000000000653
13079,419.18,4043,0.0,96.56000000000653
15262,418.82,4044,0.0,96.56000000000653
12593,418.09999999999997,4045,0.0,96.56000000000653
13073,418.08,4046,0.0,96.56000000000653
15968,418.05,4047,0.0,96.56000000000653
17701,417.95,4048,0.0,96.56000000000653
17855,417.94,4049,0.0,96.56000000000653
15433,417.87,4050,0.0,96.56000000000653
16629,417.73,4051,0.0,96.56000000000653
16832,417.61,4052,0.0,96.56000000000653
14762,417.57,4053,0.0,96.56000000000653
12833,417.38,4054,0.0,96.56000000000653
17258,417.3,4055,0.0,96.56000000000653
16816,417.06,4056,0.0,96.56000000000653
12493,416.79,4057,0.0,96.56000000000653
16957,416.64,4058,0.0,96.56000000000653
15011,416.6,4059,0.0,96.56000000000653
12608,415.79,4060,0.0,96.56000000000653
15725,415.25,4061,0.0,96.56000000000653
16752,415.0,4062,0.0,96.56000000000653
13565,414.8,4063,0.0,96.56000000000653
16356,414.42,4064,0.0,96.56000000000653
18278,414.20000000000005,4065,0.0,96.56000000000653
13002,414.13,4066,0.0,96.56000000000653
15504,413.9,4067,0.0,96.56000000000653
14288,413.85,4068,0.0,96.56000000000653
17052,413.75,4069,0.0,96.56000000000653
13669,413.55,4070,0.0,96.56000000000653
14082,413.36,4071,0.0,96.56000000000653
17767,413.05,4072,0.0,96.56000000000653
17662,412.92,4073,0.0,96.56000000000653
18050,412.06,4074,0.0,96.56000000000653
13827,412.05,4075,0.0,96.56000000000653
16272,411.7,4076,0.0,96.56000000000653
12504,411.0,4077,0.0,96.56000000000653
16815,410.97,4078,0.0,96.56000000000653
12579,410.72,4079,0.0,96.56000000000653
12672,410.5,4080,0.0,96.56000000000653
15099,410.48,4081,0.0,96.56000000000653
17598,409.98,4082,0.0,96.56000000000653
12930,409.9,4083,0.0,96.56000000000653
15728,409.80000000000007,4084,0.0,96.56000000000653
14348,409.57,4085,0.0,96.56000000000653
15225,409.40000000000003,4086,0.0,96.56000000000653
16864,409.25,4087,0.0,96.56000000000653
16243,409.1,4088,0.0,96.56000000000653
13686,409.04,4089,0.0,96.56000000000653
12974,408.95,4090,0.0,96.56000000000653
14846,406.79999999999995,4091,0.0,96.56000000000653
12353,406.76,4092,0.0,96.56000000000653
14627,406.40000000000003,4093,0.0,96.56000000000653
16632,406.4,4094,0.0,96.56000000000653
17000,406.3,4095,0.0,96.56000000000653
15280,406.21999999999997,4096,0.0,96.56000000000653
12741,406.07,4097,0.0,96.56000000000653
12922,405.38,4098,0.0,96.56000000000653
18110,405.18,4099,0.0,96.56000000000653
13640,405.0,4100,0.0,96.56000000000653
17379,404.66,4101,0.0,96.56000000000653
16319,404.40000000000003,4102,0.0,96.56000000000653
12498,403.70000000000005,4103,0.0,96.56000000000653
17785,403.38,4104,0.0,96.56000000000653
17431,403.3,4105,0.0,96.56000000000653
13530,402.97999999999996,4106,0.0,96.56000000000653
16315,402.71,4107,0.0,96.56000000000653
15037,402.51,4108,0.0,96.56000000000653
15501,402.5,4109,0.0,96.56000000000653
15888,402.12,4110,0.0,96.56000000000653
16893,401.77,4111,0.0,96.56000000000653
18048,401.73,4112,0.0,96.56000000000653
14494,401.46,4113,0.0,96.56000000000653
14736,401.08,4114,0.0,96.56000000000653
14471,400.95,4115,0.0,96.56000000000653
17403,400.57,4116,0.0,96.56000000000653
18270,400.35,4117,0.0,96.56000000000653
17168,400.2,4118,0.0,96.56000000000653
16538,399.62,4119,0.0,96.56000000000653
15966,399.58,4120,0.0,96.56000000000653
13143,399.2,4121,0.0,96.56000000000653
18111,398.9,4122,0.0,96.56000000000653
15446,398.85,4123,0.0,96.56000000000653
15522,398.84,4124,0.0,96.56000000000653
17830,398.7,4125,0.0,96.56000000000653
12508,398.27,4126,0.0,96.56000000000653
15577,397.98,4127,0.0,96.56000000000653
17789,397.15,4128,0.0,96.56000000000653
12824,397.12,4129,0.0,96.56000000000653
13673,396.92,4130,0.0,96.56000000000653
17486,396.87,4131,0.0,96.56000000000653
15883,396.48,4132,0.0,96.56000000000653
17918,396.39,4133,0.0,96.56000000000653
18067,396.33,4134,0.0,96.56000000000653
13879,395.5,4135,0.0,96.56000000000653
17286,395.48,4136,0.0,96.56000000000653
13083,395.43,4137,0.0,96.56000000000653
18164,394.7,4138,0.0,96.56000000000653
16207,394.38,4139,0.0,96.56000000000653
15386,394.14,4140,0.0,96.56000000000653
16998,394.02000000000004,4141,0.0,96.56000000000653
15960,394.0,4142,0.0,96.56000000000653
12499,393.72,4143,0.0,96.56000000000653
17300,393.64,4144,0.0,96.56000000000653
15437,393.45,4145,0.0,96.56000000000653
16868,393.39,4146,0.0,96.56000000000653
14620,393.28000000000003,4147,0.0,96.56000000000653
16827,392.13,4148,0.0,96.56000000000653
16424,392.06,4149,0.0,96.56000000000653
16783,391.95,4150,0.0,96.56000000000653
15342,391.76,4151,0.0,96.56000000000653
15461,391.29999999999995,4152,0.0,96.56000000000653
13966,390.86,4153,0.0,96.56000000000653
14072,390.85,4154,0.0,96.56000000000653
14706,390.69,4155,0.0,96.56000000000653
17614,390.07,4156,0.0,96.56000000000653
14197,390.05,4157,0.0,96.56000000000653
14172,389.97,4158,0.0,96.56000000000653
14910,389.86,4159,0.0,96.56000000000653
17936,389.84,4160,0.0,96.56000000000653
17116,389.78,4161,0.0,96.56000000000653
14752,389.64,4162,0.0,96.56000000000653
12677,389.3,4163,0.0,96.56000000000653
13352,389.28,4164,0.0,96.56000000000653
17479,389.26000000000005,4165,0.0,96.56000000000653
12690,389.01,4166,0.0,96.56000000000653
17595,388.79,4167,0.0,96.56000000000653
15592,388.58,4168,0.0,96.56000000000653
13896,388.55,4169,0.0,96.56000000000653
13899,388.52,4170,0.0,96.56000000000653
17357,388.14,4171,0.0,96.56000000000653
17753,388.06,4172,0.0,96.56000000000653
17771,387.41,4173,0.0,96.56000000000653
17718,386.98,4174,0.0,96.56000000000653
14678,386.44,4175,0.0,96.56000000000653
14779,386.15,4176,0.0,96.56000000000653
16492,385.56,4177,0.0,96.56000000000653
12973,385.55,4178,0.0,96.56000000000653
14826,385.2,4179,0.0,96.56000000000653
17711,385.1,4180,0.0,96.56000000000653
17772,384.77,4181,0.0,96.56000000000653
17171,384.59,4182,0.0,96.56000000000653
16433,384.52,4183,0.0,96.56000000000653
17250,384.52,4184,0.0,96.56000000000653
14322,384.3,4185,0.0,96.56000000000653
14358,384.29999999999995,4186,0.0,96.56000000000653
17012,384.16,4187,0.0,96.56000000000653
16982,384.06,4188,0.0,96.56000000000653
15155,383.96999999999997,4189,0.0,96.56000000000653
13792,383.95,4190,0.0,96.56000000000653
12515,383.7,4191,0.0,96.56000000000653
15440,383.68,4192,0.0,96.56000000000653
12547,383.58,4193,0.0,96.56000000000653
12832,383.03,4194,0.0,96.56000000000653
13817,382.98,4195,0.0,96.56000000000653
14767,382.81,4196,0.0,96.56000000000653
17568,382.79,4197,0.0,96.56000000000653
16988,382.67,4198,0.0,96.56000000000653
13997,382.31,4199,0.0,96.56000000000653
13657,382.14,4200,0.0,96.56000000000653
14908,381.9,4201,0.0,96.56000000000653
16304,381.66,4202,0.0,96.56000000000653
15090,381.32,4203,0.0,96.56000000000653
17393,381.15,4204,0.0,96.56000000000653
17903,381.09000000000003,4205,0.0,96.56000000000653
12796,381.0,4206,0.0,96.56000000000653
16930,380.55,4207,0.0,96.56000000000653
17804,380.13,4208,0.0,96.56000000000653
14731,380.02,4209,0.0,96.56000000000653
16577,380.0,4210,0.0,96.56000000000653
17783,379.91,4211,0.0,96.56000000000653
16484,379.4,4212,0.0,96.56000000000653
14200,379.2,4213,0.0,96.56000000000653
18162,379.16,4214,0.0,96.56000000000653
13372,378.64,4215,0.0,96.56000000000653
13954,378.59,4216,0.0,96.56000000000653
17078,378.2,4217,0.0,96.56000000000653
13345,377.6,4218,0.0,96.56000000000653
12941,377.49,4219,0.0,96.56000000000653
17717,376.92,4220,0.0,96.56000000000653
17489,376.64,4221,0.0,96.56000000000653
14353,376.5,4222,0.0,96.56000000000653
14531,376.34,4223,0.0,96.56000000000653
13688,375.5,4224,0.0,96.56000000000653
14448,375.35,4225,0.0,96.56000000000653
14294,375.34,4226,0.0,96.56000000000653
14067,374.7,4227,0.0,96.56000000000653
13351,373.94,4228,0.0,96.56000000000653
13283,373.36,4229,0.0,96.56000000000653
17437,373.17,4230,0.0,96.56000000000653
13197,373.01000000000005,4231,0.0,96.56000000000653
15989,372.51,4232,0.0,96.56000000000653
12981,372.21999999999997,4233,0.0,96.56000000000653
13597,372.21,4234,0.0,96.56000000000653
17245,371.63,4235,0.0,96.56000000000653
15472,371.56,4236,0.0,96.56000000000653
15975,371.01,4237,0.0,96.56000000000653
15063,370.79999999999995,4238,0.0,96.56000000000653
15765,370.63,4239,0.0,96.56000000000653
15458,370.43999999999994,4240,0.0,96.56000000000653
17094,370.40000000000003,4241,0.0,96.56000000000653
16148,370.37,4242,0.0,96.56000000000653
17792,370.05,4243,0.0,96.56000000000653
16758,369.34000000000003,4244,0.0,96.56000000000653
14888,369.2,4245,0.0,96.56000000000653
15477,368.4,4246,0.0,96.56000000000653
16448,367.87,4247,0.0,96.56000000000653
15345,367.69,4248,0.0,96.56000000000653
14018,367.15000000000003,4249,0.0,96.56000000000653
14962,366.91,4250,0.0,96.56000000000653
12899,366.4,4251,0.0,96.56000000000653
17911,366.23,4252,0.0,96.56000000000653
12889,365.66,4253,0.0,96.56000000000653
16974,365.5,4254,0.0,96.56000000000653
12651,365.3,4255,0.0,96.56000000000653
15429,364.90000000000003,4256,0.0,96.56000000000653
17536,364.83,4257,0.0,96.56000000000653
14886,364.8,4258,0.0,96.56000000000653
15949,364.72,4259,0.0,96.56000000000653
15343,364.5,4260,0.0,96.56000000000653
14528,364.21999999999997,4261,0.0,96.56000000000653
16909,364.14,4262,0.0,96.56000000000653
16509,363.7,4263,0.0,96.56000000000653
14253,363.40000000000003,4264,0.0,96.56000000000653
16078,362.99,4265,0.0,96.56000000000653
16378,362.95,4266,0.0,96.56000000000653
17573,362.9,4267,0.0,96.56000000000653
13962,362.8,4268,0.0,96.56000000000653
18119,362.24,4269,0.0,96.56000000000653
15029,362.15,4270,0.0,96.56000000000653
16052,362.06,4271,0.0,96.56000000000653
16259,361.94,4272,0.0,96.56000000000653
13844,361.62,4273,0.0,96.56000000000653
14950,361.25,4274,0.0,96.56000000000653
16305,361.21999999999997,4275,0.0,96.56000000000653
13274,360.85,4276,0.0,96.56000000000653
18091,360.85,4277,0.0,96.56000000000653
17945,360.35,4278,0.0,96.56000000000653
17912,360.1,4279,0.0,96.56000000000653
18208,360.08,4280,0.0,96.56000000000653
15008,360.0,4281,0.0,96.56000000000653
13298,360.0,4282,0.0,96.56000000000653
13181,359.69,4283,0.0,96.56000000000653
17660,359.47,4284,0.0,96.56000000000653
14919,359.35,4285,0.0,96.56000000000653
15863,358.7,4286,0.0,96.56000000000653
18003,358.61,4287,0.0,96.56000000000653
17948,358.56000000000006,4288,0.0,96.56000000000653
16856,358.49,4289,0.0,96.56000000000653
17748,358.15,4290,0.0,96.56000000000653
13228,358.0,4291,0.0,96.56000000000653
16606,357.66,4292,0.0,96.56000000000653
15595,357.6,4293,0.0,96.56000000000653
17967,357.28999999999996,4294,0.0,96.56000000000653
18040,357.20000000000005,4295,0.0,96.56000000000653
18273,357.0,4296,0.0,96.56000000000653
13234,356.95,4297,0.0,96.56000000000653
14500,356.85,4298,0.0,96.56000000000653
17200,356.71,4299,0.0,96.56000000000653
12544,355.7,4300,0.0,96.56000000000653
12617,355.53,4301,0.0,96.56000000000653
12996,355.5,4302,0.0,96.56000000000653
16920,355.45,4303,0.0,96.56000000000653
14268,354.85,4304,0.0,96.56000000000653
14244,354.82,4305,0.0,96.56000000000653
15986,354.42,4306,0.0,96.56000000000653
12845,354.09,4307,0.0,96.56000000000653
12715,353.86,4308,0.0,96.56000000000653
17252,353.86,4309,0.0,96.56000000000653
16323,353.66,4310,0.0,96.56000000000653
13210,353.48,4311,0.0,96.56000000000653
14804,353.27,4312,0.0,96.56000000000653
16382,353.1,4313,0.0,96.56000000000653
17780,352.91,4314,0.0,96.56000000000653
17196,352.9,4315,0.0,96.56000000000653
13765,352.821,4316,0.0,96.56000000000653
16857,352.8,4317,0.0,96.56000000000653
15334,351.67,4318,0.0,96.56000000000653
14333,351.45,4319,0.0,96.56000000000653
16192,351.3,4320,0.0,96.56000000000653
13923,351.13,4321,0.0,96.56000000000653
16263,351.01,4322,0.0,96.56000000000653
14252,350.99,4323,0.0,96.56000000000653
13332,350.9,4324,0.0,96.56000000000653
17835,350.64,4325,0.0,96.56000000000653
17795,350.39,4326,0.0,96.56000000000653
12532,349.83000000000004,4327,0.0,96.56000000000653
13670,349.7,4328,0.0,96.56000000000653
13887,349.55,4329,0.0,96.56000000000653
13550,349.51,4330,0.0,96.56000000000653
18090,349.4,4331,0.0,96.56000000000653
14545,349.25,4332,0.0,96.56000000000653
16355,349.2,4333,0.0,96.56000000000653
13790,348.8,4334,0.0,96.56000000000653
17577,348.75,4335,0.0,96.56000000000653
15282,348.59,4336,0.0,96.56000000000653
13187,348.31,4337,0.0,96.56000000000653
18155,347.82,4338,0.0,96.56000000000653
12760,347.8,4339,0.0,96.56000000000653
17668,347.75,4340,0.0,96.56000000000653
15085,347.54,4341,0.0,96.56000000000653
13545,347.35,4342,0.0,96.56000000000653
12895,347.3,4343,0.0,96.56000000000653
16006,347.17,4344,0.0,96.56000000000653
13584,347.15,4345,0.0,96.56000000000653
12441,347.1,4346,0.0,96.56000000000653
13062,346.98,4347,0.0,96.56000000000653
12411,346.9,4348,0.0,96.56000000000653
12566,346.7,4349,0.0,96.56000000000653
16423,346.12,4350,0.0,96.56000000000653
13413,345.8,4351,0.0,96.56000000000653
15840,345.66,4352,0.0,96.56000000000653
12829,345.35,4353,0.0,96.56000000000653
14724,345.25,4354,0.0,96.56000000000653
13774,345.0,4355,0.0,96.56000000000653
17548,345.0,4356,0.0,96.56000000000653
14633,344.90000000000003,4357,0.0,96.56000000000653
17810,344.86,4358,0.0,96.56000000000653
15337,344.72,4359,0.0,96.56000000000653
15519,344.61,4360,0.0,96.56000000000653
17569,344.14,4361,0.0,96.56000000000653
13068,344.0,4362,0.0,96.56000000000653
16990,344.0,4363,0.0,96.56000000000653
15120,343.82,4364,0.0,96.56000000000653
15047,343.62,4365,0.0,96.56000000000653
15520,343.5,4366,0.0,96.56000000000653
18081,343.45,4367,0.0,96.56000000000653
18250,342.92,4368,0.0,96.56000000000653
18047,342.69,4369,0.0,96.56000000000653
16851,342.45,4370,0.0,96.56000000000653
14989,342.4,4371,0.0,96.56000000000653
17833,342.36,4372,0.0,96.56000000000653
18199,342.2,4373,0.0,96.56000000000653
16826,341.7,4374,0.0,96.56000000000653
17542,341.7,4375,0.0,96.56000000000653
16585,341.59,4376,0.0,96.56000000000653
13347,341.36,4377,0.0,96.56000000000653
13252,341.3,4378,0.0,96.56000000000653
17917,341.28,4379,0.0,96.56000000000653
17928,341.24,4380,0.0,96.56000000000653
16044,340.84000000000003,4381,0.0,96.56000000000653
15818,340.5,4382,0.0,96.56000000000653
12900,340.33,4383,0.0,96.56000000000653
14840,340.21,4384,0.0,96.56000000000653
12698,339.75,4385,0.0,96.56000000000653
13737,339.59999999999997,4386,0.0,96.56000000000653
14203,339.34,4387,0.0,96.56000000000653
17697,338.95,4388,0.0,96.56000000000653
17839,338.8,4389,0.0,96.56000000000653
14630,338.65,4390,0.0,96.56000000000653
14799,338.15,4391,0.0,96.56000000000653
17296,338.13,4392,0.0,96.56000000000653
12869,337.66999999999996,4393,0.0,96.56000000000653
14926,337.65,4394,0.0,96.56000000000653
17736,337.49,4395,0.0,96.56000000000653
15942,337.44,4396,0.0,96.56000000000653
12780,337.4,4397,0.0,96.56000000000653
13930,337.34,4398,0.0,96.56000000000653
17973,337.04,4399,0.0,96.56000000000653
16476,337.0,4400,0.0,96.56000000000653
17488,336.5,4401,0.0,96.56000000000653
17914,336.43,4402,0.0,96.56000000000653
15619,336.40000000000003,4403,0.0,96.56000000000653
13482,336.09,4404,0.0,96.56000000000653
16690,336.08,4405,0.0,96.56000000000653
16273,336.03999999999996,4406,0.0,96.56000000000653
14196,335.52,4407,0.0,96.56000000000653
16063,335.32,4408,0.0,96.56000000000653
12489,334.93,4409,0.0,96.56000000000653
17821,334.62,4410,0.0,96.56000000000653
12350,334.4,4411,0.0,96.56000000000653
14094,334.27,4412,0.0,96.56000000000653
17607,333.81,4413,0.0,96.56000000000653
13216,333.74,4414,0.0,96.56000000000653
14241,333.70000000000005,4415,0.0,96.56000000000653
15781,333.56,4416,0.0,96.56000000000653
14957,333.29,4417,0.0,96.56000000000653
13904,332.64,4418,0.0,96.56000000000653
16850,332.41,4419,0.0,96.56000000000653
16803,332.3,4420,0.0,96.56000000000653
16452,332.17,4421,0.0,96.56000000000653
17776,331.81,4422,0.0,96.56000000000653
17647,331.65999999999997,4423,0.0,96.56000000000653
15512,331.58,4424,0.0,96.56000000000653
17435,331.35,4425,0.0,96.56000000000653
13519,331.26,4426,0.0,96.56000000000653
16030,331.24,4427,0.0,96.56000000000653
16478,331.0,4428,0.0,96.56000000000653
15878,330.77,4429,0.0,96.56000000000653
17309,330.59000000000003,4430,0.0,96.56000000000653
14517,330.45,4431,0.0,96.56000000000653
17301,330.43,4432,0.0,96.56000000000653
13010,330.12,4433,0.0,96.56000000000653
15130,330.11,4434,0.0,96.56000000000653
12850,330.0,4435,0.0,96.56000000000653
18186,329.58,4436,0.0,96.56000000000653
17518,329.42,4437,0.0,96.56000000000653
17154,329.34,4438,0.0,96.56000000000653
15153,329.25,4439,0.0,96.56000000000653
15979,329.22,4440,0.0,96.56000000000653
14012,328.8,4441,0.0,96.56000000000653
16855,328.4,4442,0.0,96.56000000000653
16318,328.15,4443,0.0,96.56000000000653
15709,327.85,4444,0.0,96.56000000000653
15735,327.68,4445,0.0,96.56000000000653
16166,327.48,4446,0.0,96.56000000000653
13981,327.39,4447,0.0,96.56000000000653
13498,327.38,4448,0.0,96.56000000000653
12804,327.02,4449,0.0,96.56000000000653
16322,326.75,4450,0.0,96.56000000000653
12460,326.65,4451,0.0,96.56000000000653
14070,326.55,4452,0.0,96.56000000000653
16604,326.25,4453,0.0,96.56000000000653
17843,326.23,4454,0.0,96.56000000000653
17439,325.74,4455,0.0,96.56000000000653
13661,325.24,4456,0.0,96.56000000000653
15213,325.05,4457,0.0,96.56000000000653
13801,324.8,4458,0.0,96.56000000000653
15982,324.51,4459,0.0,96.56000000000653
12946,324.45,4460,0.0,96.56000000000653
16685,324.24,4461,0.0,96.56000000000653
18261,324.24,4462,0.0,96.56000000000653
15869,323.65999999999997,4463,0.0,96.56000000000653
12495,323.4,4464,0.0,96.56000000000653
13025,323.39,4465,0.0,96.56000000000653
13646,323.3,4466,0.0,96.56000000000653
16195,323.25,4467,0.0,96.56000000000653
17793,323.04,4468,0.0,96.56000000000653
14263,322.93,4469,0.0,96.56000000000653
16627,322.8,4470,0.0,96.56000000000653
16342,322.41,4471,0.0,96.56000000000653
14424,322.08,4472,0.0,96.56000000000653
17326,321.95,4473,0.0,96.56000000000653
15726,321.91,4474,0.0,96.56000000000653
13111,321.88000000000005,4475,0.0,96.56000000000653
17471,321.65000000000003,4476,0.0,96.56000000000653
15770,321.45,4477,0.0,96.56000000000653
14823,321.43,4478,0.0,96.56000000000653
17182,321.3,4479,0.0,96.56000000000653
15236,321.05,4480,0.0,96.56000000000653
15323,320.9,4481,0.0,96.56000000000653
18117,320.72,4482,0.0,96.56000000000653
12365,320.69,4483,0.0,96.56000000000653
14622,320.58000000000004,4484,0.0,96.56000000000653
17991,320.55,4485,0.0,96.56000000000653
13986,320.46,4486,0.0,96.56000000000653
13942,320.0,4487,0.0,96.56000000000653
13843,319.75,4488,0.0,96.56000000000653
16674,319.61,4489,0.0,96.56000000000653
16967,319.02,4490,0.0,96.56000000000653
17229,318.76,4491,0.0,96.56000000000653
14703,318.17,4492,0.0,96.56000000000653
18253,317.88,4493,0.0,96.56000000000653
17267,317.62,4494,0.0,96.56000000000653
15616,317.11,4495,0.0,96.56000000000653
17689,317.08,4496,0.0,96.56000000000653
15682,316.99,4497,0.0,96.56000000000653
16761,316.62,4498,0.0,96.56000000000653
15204,316.58,4499,0.0,96.56000000000653
13494,316.26000000000005,4500,0.0,96.56000000000653
15196,316.25,4501,0.0,96.56000000000653
12614,315.6,4502,0.0,96.56000000000653
15042,315.45,4503,0.0,96.56000000000653
15670,315.2,4504,0.0,96.56000000000653
16091,315.06,4505,0.0,96.56000000000653
17121,314.74,4506,0.0,96.56000000000653
14991,314.67,4507,0.0,96.56000000000653
18206,314.65999999999997,4508,0.0,96.56000000000653
12650,314.44,4509,0.0,96.56000000000653
17440,314.26,4510,0.0,96.56000000000653
12888,313.77,4511,0.0,96.56000000000653
13087,313.64,4512,0.0,96.56000000000653
16582,313.62,4513,0.0,96.56000000000653
14981,313.52,4514,0.0,96.56000000000653
17882,313.46,4515,0.0,96.56000000000653
13845,312.98,4516,0.0,96.56000000000653
16234,312.78,4517,0.0,96.56000000000653
15318,312.62,4518,0.0,96.56000000000653
13226,312.46,4519,0.0,96.56000000000653
12834,312.38,4520,0.0,96.56000000000653
12529,311.78000000000003,4521,0.0,96.56000000000653
14951,311.69,4522,0.0,96.56000000000653
13990,311.3,4523,0.0,96.56000000000653
12898,310.96000000000004,4524,0.0,96.56000000000653
16328,310.83,4525,0.0,96.56000000000653
13847,310.72,4526,0.0,96.56000000000653
16439,310.70000000000005,4527,0.0,96.56000000000653
12738,310.7,4528,0.0,96.56000000000653
15185,310.62,4529,0.0,96.56000000000653
14848,310.56,4530,0.0,96.56000000000653
14181,310.55,4531,0.0,96.56000000000653
15188,310.43,4532,0.0,96.56000000000653
13315,310.26,4533,0.0,96.56000000000653
14749,310.15,4534,0.0,96.56000000000653
13628,310.14,4535,0.0,96.56000000000653
17383,309.99,4536,0.0,96.56000000000653
14122,309.77,4537,0.0,96.56000000000653
15699,309.65,4538,0.0,96.56000000000653
16373,309.49,4539,0.0,96.56000000000653
16683,309.35,4540,0.0,96.56000000000653
17563,309.28000000000003,4541,0.0,96.56000000000653
12884,309.05,4542,0.0,96.56000000000653
15010,308.94,4543,0.0,96.56000000000653
16194,308.59999999999997,4544,0.0,96.56000000000653
14927,308.2,4545,0.0,96.56000000000653
16524,308.14,4546,0.0,96.56000000000653
13289,307.95,4547,0.0,96.56000000000653
15778,307.95,4548,0.0,96.56000000000653
16123,307.78,4549,0.0,96.56000000000653
13529,307.76,4550,0.0,96.56000000000653
18070,307.75,4551,0.0,96.56000000000653
15454,307.69,4552,0.0,96.56000000000653
13060,307.53,4553,0.0,96.56000000000653
18269,307.5,4554,0.0,96.56000000000653
17120,307.46,4555,0.0,96.56000000000653
13932,307.4,4556,0.0,96.56000000000653
15374,307.32,4557,0.0,96.56000000000653
17721,307.21000000000004,4558,0.0,96.56000000000653
13036,307.1,4559,0.0,96.56000000000653
13142,307.09,4560,0.0,96.56000000000653
15087,306.94,4561,0.0,96.56000000000653
17551,306.84,4562,0.0,96.56000000000653
16649,306.58000000000004,4563,0.0,96.56000000000653
13718,306.55,4564,0.0,96.56000000000653
13281,306.45,4565,0.0,96.56000000000653
17077,306.0,4566,0.0,96.56000000000653
14168,305.9,4567,0.0,96.56000000000653
16796,305.62,4568,0.0,96.56000000000653
16181,305.54,4569,0.0,96.56000000000653
14990,305.42,4570,0.0,96.56000000000653
14783,305.35,4571,0.0,96.56000000000653
15893,305.28000000000003,4572,0.0,96.56000000000653
13383,305.28000000000003,4573,0.0,96.56000000000653
13667,305.02,4574,0.0,96.56000000000653
15163,304.47,4575,0.0,96.56000000000653
18185,304.25,4576,0.0,96.56000000000653
13343,303.93,4577,0.0,96.56000000000653
16489,303.7,4578,0.0,96.56000000000653
13660,303.69,4579,0.0,96.56000000000653
14791,303.63,4580,0.0,96.56000000000653
14806,303.43,4581,0.0,96.56000000000653
17339,303.36,4582,0.0,96.56000000000653
16689,303.26,4583,0.0,96.56000000000653
17207,303.21999999999997,4584,0.0,96.56000000000653
18255,303.15,4585,0.0,96.56000000000653
15060,303.09,4586,0.0,96.56000000000653
16425,302.7,4587,0.0,96.56000000000653
18165,302.46000000000004,4588,0.0,96.56000000000653
15308,302.27,4589,0.0,96.56000000000653
15054,302.1,4590,0.0,96.56000000000653
15242,302.04,4591,0.0,96.56000000000653
13773,301.54,4592,0.0,96.56000000000653
12665,301.45,4593,0.0,96.56000000000653
15667,301.32,4594,0.0,96.56000000000653
14043,301.3,4595,0.0,96.56000000000653
15148,301.29,4596,0.0,96.56000000000653
13625,301.26,4597,0.0,96.56000000000653
15432,301.26,4598,0.0,96.56000000000653
16437,301.25,4599,0.0,96.56000000000653
13400,300.93,4600,0.0,96.56000000000653
12351,300.93,4601,0.0,96.56000000000653
16479,300.83,4602,0.0,96.56000000000653
16050,300.7,4603,0.0,96.56000000000653
17556,300.67,4604,0.0,96.56000000000653
14797,300.31,4605,0.0,96.56000000000653
15724,299.8,4606,0.0,96.56000000000653
12852,299.75,4607,0.0,96.56000000000653
17766,299.61,4608,0.0,96.56000000000653
12864,299.57,4609,0.0,96.56000000000653
13346,299.4,4610,0.0,96.56000000000653
17898,299.18,4611,0.0,96.56000000000653
12595,299.02,4612,0.0,96.56000000000653
17124,298.89,4613,0.0,96.56000000000653
17824,298.4,4614,0.0,96.56000000000653
12881,298.0,4615,0.0,96.56000000000653
13164,297.46000000000004,4616,0.0,96.56000000000653
13708,296.88,4617,0.0,96.56000000000653
14985,296.75,4618,0.0,96.56000000000653
18059,296.71,4619,0.0,96.56000000000653
13751,296.25,4620,0.0,96.56000000000653
13504,295.93,4621,0.0,96.56000000000653
15962,295.83,4622,0.0,96.56000000000653
14614,295.13,4623,0.0,96.56000000000653
17057,294.74,4624,0.0,96.56000000000653
14747,294.3,4625,0.0,96.56000000000653
17506,294.29,4626,0.0,96.56000000000653
14137,294.1,4627,0.0,96.56000000000653
15041,294.02,4628,0.0,96.56000000000653
17927,294.0,4629,0.0,96.56000000000653
15718,293.79,4630,0.0,96.56000000000653
15135,293.78,4631,0.0,96.56000000000653
14192,293.74,4632,0.0,96.56000000000653
15928,293.53,4633,0.0,96.56000000000653
17710,293.5,4634,0.0,96.56000000000653
17441,293.35,4635,0.0,96.56000000000653
14835,293.09999999999997,4636,0.0,96.56000000000653
16721,292.47,4637,0.0,96.56000000000653
16956,292.34,4638,0.0,96.56000000000653
13739,292.2,4639,0.0,96.56000000000653
13449,291.88,4640,0.0,96.56000000000653
17907,291.76,4641,0.0,96.56000000000653
14727,291.13,4642,0.0,96.56000000000653
18182,291.13,4643,0.0,96.56000000000653
15302,291.05,4644,0.0,96.56000000000653
13796,289.7,4645,0.0,96.56000000000653
14433,289.6,4646,0.0,96.56000000000653
14162,289.36,4647,0.0,96.56000000000653
17501,288.6,4648,0.0,96.56000000000653
16808,288.42,4649,0.0,96.56000000000653
13616,288.1,4650,0.0,96.56000000000653
14010,288.09999999999997,4651,0.0,96.56000000000653
16432,287.4,4652,0.0,96.56000000000653
17497,287.25,4653,0.0,96.56000000000653
13508,287.05,4654,0.0,96.56000000000653
13909,286.6,4655,0.0,96.56000000000653
17688,286.5,4656,0.0,96.56000000000653
14183,286.29,4657,0.0,96.56000000000653
16555,285.89,4658,0.0,96.56000000000653
14660,285.74,4659,0.0,96.56000000000653
14402,285.6,4660,0.0,96.56000000000653
16890,285.41,4661,0.0,96.56000000000653
17627,285.11,4662,0.0,96.56000000000653
17355,285.11,4663,0.0,96.56000000000653
16429,284.55,4664,0.0,96.56000000000653
15445,284.5,4665,0.0,96.56000000000653
17359,284.46,4666,0.0,96.56000000000653
12851,284.13,4667,0.0,96.56000000000653
15662,283.73,4668,0.0,96.56000000000653
15338,283.43,4669,0.0,96.56000000000653
15391,282.92,4670,0.0,96.56000000000653
15936,282.79,4671,0.0,96.56000000000653
17247,282.19,4672,0.0,96.56000000000653
17072,282.05,4673,0.0,96.56000000000653
16557,281.85,4674,0.0,96.56000000000653
13326,281.76,4675,0.0,96.56000000000653
13679,281.26,4676,0.0,96.56000000000653
18042,281.15,4677,0.0,96.56000000000653
15772,280.88,4678,0.0,96.56000000000653
14242,280.55,4679,0.0,96.56000000000653
13606,280.53999999999996,4680,0.0,96.56000000000653
13581,280.53000000000003,4681,0.0,96.56000000000653
15556,279.77,4682,0.0,96.56000000000653
17264,279.59,4683,0.0,96.56000000000653
17786,278.74,4684,0.0,96.56000000000653
14303,277.94,4685,0.0,96.56000000000653
16543,277.80999999999995,4686,0.0,96.56000000000653
16334,277.48,4687,0.0,96.56000000000653
15355,277.05,4688,0.0,96.56000000000653
13272,276.56,4689,0.0,96.56000000000653
12750,275.88,4690,0.0,96.56000000000653
13399,275.4,4691,0.0,96.56000000000653
16297,275.4,4692,0.0,96.56000000000653
16313,274.15000000000003,4693,0.0,96.56000000000653
12789,273.35,4694,0.0,96.56000000000653
13307,273.34,4695,0.0,96.56000000000653
15964,272.96000000000004,4696,0.0,96.56000000000653
17498,272.22,4697,0.0,96.56000000000653
13917,272.04,4698,0.0,96.56000000000653
14816,271.85,4699,0.0,96.56000000000653
17292,271.75,4700,0.0,96.56000000000653
14436,271.70000000000005,4701,0.0,96.56000000000653
16089,271.44,4702,0.0,96.56000000000653
13058,271.40000000000003,4703,0.0,96.56000000000653
15943,271.28999999999996,4704,0.0,96.56000000000653
17278,271.24,4705,0.0,96.56000000000653
13837,271.24,4706,0.0,96.56000000000653
18238,270.92,4707,0.0,96.56000000000653
13533,270.79,4708,0.0,96.56000000000653
14520,270.6,4709,0.0,96.56000000000653
16757,270.48,4710,0.0,96.56000000000653
15609,270.03000000000003,4711,0.0,96.56000000000653
12807,269.95,4712,0.0,96.56000000000653
12751,268.27,4713,0.0,96.56000000000653
18254,267.9,4714,0.0,96.56000000000653
14039,267.28000000000003,4715,0.0,96.56000000000653
15408,267.18,4716,0.0,96.56000000000653
15503,267.15,4717,0.0,96.56000000000653
15320,267.13,4718,0.0,96.56000000000653
15517,267.03,4719,0.0,96.56000000000653
14863,266.76,4720,0.0,96.56000000000653
16502,266.5,4721,0.0,96.56000000000653
15119,266.4,4722,0.0,96.56000000000653
14392,266.4,4723,0.0,96.56000000000653
12962,266.39,4724,0.0,96.56000000000653
13217,266.12,4725,0.0,96.56000000000653
15019,266.0,4726,0.0,96.56000000000653
17636,265.93,4727,0.0,96.56000000000653
16321,265.5,4728,0.0,96.56000000000653
16074,265.25,4729,0.0,96.56000000000653
13973,264.7,4730,0.0,96.56000000000653
16615,264.5,4731,0.0,96.56000000000653
16286,263.65,4732,0.0,96.56000000000653
13128,263.5,4733,0.0,96.56000000000653
12892,263.38,4734,0.0,96.56000000000653
17808,262.64,4735,0.0,96.56000000000653
12771,262.5,4736,0.0,96.56000000000653
14526,262.4,4737,0.0,96.56000000000653
13331,262.4,4738,0.0,96.56000000000653
17910,261.7,4739,0.0,96.56000000000653
14269,261.68,4740,0.0,96.56000000000653
12655,261.35,4741,0.0,96.56000000000653
17385,261.11,4742,0.0,96.56000000000653
13080,260.83,4743,0.0,96.56000000000653
13189,260.68,4744,0.0,96.56000000000653
15014,260.17,4745,0.0,96.56000000000653
17901,260.08,4746,0.0,96.56000000000653
17022,260.0,4747,0.0,96.56000000000653
12487,259.79999999999995,4748,0.0,96.56000000000653
16733,259.68,4749,0.0,96.56000000000653
14149,259.43,4750,0.0,96.56000000000653
16217,259.39000000000004,4751,0.0,96.56000000000653
17125,259.35,4752,0.0,96.56000000000653
17558,259.17,4753,0.0,96.56000000000653
13127,259.17,4754,0.0,96.56000000000653
17219,259.13,4755,0.0,96.56000000000653
15536,259.09,4756,0.0,96.56000000000653
16381,258.7,4757,0.0,96.56000000000653
13683,258.6,4758,0.0,96.56000000000653
13227,257.7,4759,0.0,96.56000000000653
16542,257.32,4760,0.0,96.56000000000653
15852,257.26,4761,0.0,96.56000000000653
15404,257.06,4762,0.0,96.56000000000653
14166,256.85,4763,0.0,96.56000000000653
14876,256.7,4764,0.0,96.56000000000653
14274,256.6,4765,0.0,96.56000000000653
12430,256.4,4766,0.0,96.56000000000653
13806,256.38,4767,0.0,96.56000000000653
17896,256.32,4768,0.0,96.56000000000653
13825,255.59,4769,0.0,96.56000000000653
14881,255.4,4770,0.0,96.56000000000653
13121,254.73,4771,0.0,96.56000000000653
12604,254.18,4772,0.0,96.56000000000653
15923,254.16,4773,0.0,96.56000000000653
17992,254.13,4774,0.0,96.56000000000653
14765,254.11,4775,0.0,96.56000000000653
17626,254.0,4776,0.0,96.56000000000653
16845,253.88,4777,0.0,96.56000000000653
17210,253.37,4778,0.0,96.56000000000653
18267,252.87,4779,0.0,96.56000000000653
15035,252.73000000000002,4780,0.0,96.56000000000653
13251,252.68,4781,0.0,96.56000000000653
15552,252.52,4782,0.0,96.56000000000653
13404,252.49,4783,0.0,96.56000000000653
13645,252.1,4784,0.0,96.56000000000653
16453,251.71,4785,0.0,96.56000000000653
16976,251.51999999999998,4786,0.0,96.56000000000653
16911,251.35,4787,0.0,96.56000000000653
13861,251.31,4788,0.0,96.56000000000653
18266,251.1,4789,0.0,96.56000000000653
16962,251.04,4790,0.0,96.56000000000653
14764,250.55,4791,0.0,96.56000000000653
17303,250.04,4792,0.0,96.56000000000653
15510,250.0,4793,0.0,96.56000000000653
18002,249.92,4794,0.0,96.56000000000653
18005,249.72,4795,0.0,96.56000000000653
13747,249.39999999999998,4796,0.0,96.56000000000653
12563,249.24,4797,0.0,96.56000000000653
14483,249.2,4798,0.0,96.56000000000653
16508,248.8,4799,0.0,96.56000000000653
13061,248.61,4800,0.0,96.56000000000653
13250,248.54000000000002,4801,0.0,96.56000000000653
13592,247.95999999999998,4802,0.0,96.56000000000653
13834,247.89,4803,0.0,96.56000000000653
15293,247.5,4804,0.0,96.56000000000653
13349,247.32,4805,0.0,96.56000000000653
14658,247.15,4806,0.0,96.56000000000653
14654,246.86,4807,0.0,96.56000000000653
15697,246.75,4808,0.0,96.56000000000653
13943,246.54,4809,0.0,96.56000000000653
15495,246.5,4810,0.0,96.56000000000653
15378,246.5,4811,0.0,96.56000000000653
15783,246.3,4812,0.0,96.56000000000653
18153,246.22,4813,0.0,96.56000000000653
16778,245.94,4814,0.0,96.56000000000653
14325,245.48000000000002,4815,0.0,96.56000000000653
14281,245.15,4816,0.0,96.56000000000653
12660,245.1,4817,0.0,96.56000000000653
15118,244.8,4818,0.0,96.56000000000653
13511,244.61,4819,0.0,96.56000000000653
13905,244.45,4820,0.0,96.56000000000653
16528,244.41,4821,0.0,96.56000000000653
14694,244.31,4822,0.0,96.56000000000653
13551,244.2,4823,0.0,96.56000000000653
17892,244.1,4824,0.0,96.56000000000653
16793,243.84,4825,0.0,96.56000000000653
15884,243.75000000000003,4826,0.0,96.56000000000653
13886,243.56,4827,0.0,96.56000000000653
15543,242.84,4828,0.0,96.56000000000653
16215,242.35,4829,0.0,96.56000000000653
17915,242.13,4830,0.0,96.56000000000653
17009,242.06,4831,0.0,96.56000000000653
16436,242.04,4832,0.0,96.56000000000653
13445,241.89999999999998,4833,0.0,96.56000000000653
13582,241.68,4834,0.0,96.56000000000653
13275,241.66,4835,0.0,96.56000000000653
15776,241.62,4836,0.0,96.56000000000653
15162,241.5,4837,0.0,96.56000000000653
14774,241.45,4838,0.0,96.56000000000653
14523,241.09,4839,0.0,96.56000000000653
16427,241.06,4840,0.0,96.56000000000653
15286,240.55,4841,0.0,96.56000000000653
15336,240.5,4842,0.0,96.56000000000653
15931,239.9,4843,0.0,96.56000000000653
15690,239.76,4844,0.0,96.56000000000653
17055,239.55,4845,0.0,96.56000000000653
13570,239.49,4846,0.0,96.56000000000653
13789,239.45999999999998,4847,0.0,96.56000000000653
17684,239.41,4848,0.0,96.56000000000653
14777,239.26,4849,0.0,96.56000000000653
17981,239.12,4850,0.0,96.56000000000653
12561,238.85,4851,0.0,96.56000000000653
12718,238.25,4852,0.0,96.56000000000653
16280,238.05,4853,0.0,96.56000000000653
14982,237.78,4854,0.0,96.56000000000653
17877,237.61,4855,0.0,96.56000000000653
14458,237.42,4856,0.0,96.56000000000653
17617,237.28,4857,0.0,96.56000000000653
15457,237.07,4858,0.0,96.56000000000653
16740,236.81,4859,0.0,96.56000000000653
18024,236.77999999999997,4860,0.0,96.56000000000653
12732,236.26000000000002,4861,0.0,96.56000000000653
13608,236.2,4862,0.0,96.56000000000653
13088,236.11,4863,0.0,96.56000000000653
16026,236.09,4864,0.0,96.56000000000653
17093,235.88,4865,0.0,96.56000000000653
17872,235.87,4866,0.0,96.56000000000653
16046,235.78,4867,0.0,96.56000000000653
17993,235.19,4868,0.0,96.56000000000653
12392,234.75000000000003,4869,0.0,96.56000000000653
17868,234.65,4870,0.0,96.56000000000653
13114,234.38,4871,0.0,96.56000000000653
14473,234.34000000000003,4872,0.0,96.56000000000653
17060,234.24,4873,0.0,96.56000000000653
13009,234.0,4874,0.0,96.56000000000653
12736,234.0,4875,0.0,96.56000000000653
16579,233.85,4876,0.0,96.56000000000653
13348,233.76,4877,0.0,96.56000000000653
14153,233.4,4878,0.0,96.56000000000653
13129,233.25,4879,0.0,96.56000000000653
14995,233.23000000000002,4880,0.0,96.56000000000653
15451,233.21,4881,0.0,96.56000000000653
13678,232.6,4882,0.0,96.56000000000653
18213,232.48000000000002,4883,0.0,96.56000000000653
16971,232.20999999999998,4884,0.0,96.56000000000653
16408,231.93,4885,0.0,96.56000000000653
17151,231.90000000000003,4886,0.0,96.56000000000653
13619,231.69,4887,0.0,96.56000000000653
17136,231.68,4888,0.0,96.56000000000653
18279,231.33999999999997,4889,0.0,96.56000000000653
15487,231.32,4890,0.0,96.56000000000653
15001,230.85999999999999,4891,0.0,96.56000000000653
12746,230.85000000000002,4892,0.0,96.56000000000653
15941,230.6,4893,0.0,96.56000000000653
15866,230.53,4894,0.0,96.56000000000653
17261,230.44,4895,0.0,96.56000000000653
13960,230.22,4896,0.0,96.56000000000653
14069,230.06,4897,0.0,96.56000000000653
14017,229.75,4898,0.0,96.56000000000653
12812,229.64000000000001,4899,0.0,96.56000000000653
13403,229.5,4900,0.0,96.56000000000653
14596,229.47,4901,0.0,96.56000000000653
17185,229.46,4902,0.0,96.56000000000653
15528,229.33,4903,0.0,96.56000000000653
17347,228.96,4904,0.0,96.56000000000653
15273,228.96,4905,0.0,96.56000000000653
13146,228.91,4906,0.0,96.56000000000653
17989,228.82999999999998,4907,0.0,96.56000000000653
15231,228.35999999999999,4908,0.0,96.56000000000653
17066,228.34,4909,0.0,96.56000000000653
16760,228.0,4910,0.0,96.56000000000653
15566,227.87,4911,0.0,96.56000000000653
14363,227.47000000000003,4912,0.0,96.56000000000653
18021,227.06,4913,0.0,96.56000000000653
18132,226.9,4914,0.0,96.56000000000653
16540,226.70000000000002,4915,0.0,96.56000000000653
14718,226.42,4916,0.0,96.56000000000653
16669,226.14000000000001,4917,0.0,96.56000000000653
16666,225.94,4918,0.0,96.56000000000653
14357,225.77,4919,0.0,96.56000000000653
16587,225.15,4920,0.0,96.56000000000653
16346,224.51,4921,0.0,96.56000000000653
15175,224.14,4922,0.0,96.56000000000653
12914,223.98,4923,0.0,96.56000000000653
16753,223.92000000000002,4924,0.0,96.56000000000653
16562,223.85999999999999,4925,0.0,96.56000000000653
13926,223.85000000000002,4926,0.0,96.56000000000653
18131,222.95999999999998,4927,0.0,96.56000000000653
12887,222.4,4928,0.0,96.56000000000653
15294,222.3,4929,0.0,96.56000000000653
15897,222.05,4930,0.0,96.56000000000653
14598,221.97,4931,0.0,96.56000000000653
14314,221.9,4932,0.0,96.56000000000653
14445,221.65,4933,0.0,96.56000000000653
17087,221.53,4934,0.0,96.56000000000653
18197,221.4,4935,0.0,96.56000000000653
14960,221.27,4936,0.0,96.56000000000653
13419,221.06,4937,0.0,96.56000000000653
15790,220.85,4938,0.0,96.56000000000653
12821,220.8,4939,0.0,96.56000000000653
18030,220.7,4940,0.0,96.56000000000653
16482,220.62,4941,0.0,96.56000000000653
13033,220.55,4942,0.0,96.56000000000653
18007,220.32,4943,0.0,96.56000000000653
18114,220.1,4944,0.0,96.56000000000653
13454,219.87,4945,0.0,96.56000000000653
13992,219.5,4946,0.0,96.56000000000653
14074,219.39999999999998,4947,0.0,96.56000000000653
15096,219.39000000000001,4948,0.0,96.56000000000653
12799,219.35,4949,0.0,96.56000000000653
15423,219.14,4950,0.0,96.56000000000653
14271,219.13,4951,0.0,96.56000000000653
12702,219.0,4952,0.0,96.56000000000653
15086,218.53,4953,0.0,96.56000000000653
17619,218.52,4954,0.0,96.56000000000653
12574,218.45,4955,0.0,96.56000000000653
17217,218.0,4956,0.0,96.56000000000653
15591,217.9,4957,0.0,96.56000000000653
16874,217.74,4958,0.0,96.56000000000653
16035,217.73,4959,0.0,96.56000000000653
15295,217.23999999999998,4960,0.0,96.56000000000653
15554,217.2,4961,0.0,96.56000000000653
13423,217.03,4962,0.0,96.56000000000653
15401,216.95000000000002,4963,0.0,96.56000000000653
15460,216.76,4964,0.0,96.56000000000653
17902,216.39999999999998,4965,0.0,96.56000000000653
15604,216.39,4966,0.0,96.56000000000653
13858,216.17,4967,0.0,96.56000000000653
13674,215.88,4968,0.0,96.56000000000653
16179,215.83,4969,0.0,96.56000000000653
15052,215.78,4970,0.0,96.56000000000653
14476,215.7,4971,0.0,96.56000000000653
15788,215.53,4972,0.0,96.56000000000653
16189,215.48,4973,0.0,96.56000000000653
14376,215.46,4974,0.0,96.56000000000653
18157,215.35,4975,0.0,96.56000000000653
14635,215.22,4976,0.0,96.56000000000653
16338,214.79999999999998,4977,0.0,96.56000000000653
14106,214.79999999999998,4978,0.0,96.56000000000653
14361,214.70999999999998,4979,0.0,96.56000000000653
14601,213.96,4980,0.0,96.56000000000653
13621,213.85,4981,0.0,96.56000000000653
17153,213.78,4982,0.0,96.56000000000653
13411,213.55,4983,0.0,96.56000000000653
16591,213.5,4984,0.0,96.56000000000653
16897,213.03,4985,0.0,96.56000000000653
13724,213.01,4986,0.0,96.56000000000653
16302,212.82,4987,0.0,96.56000000000653
13691,212.78,4988,0.0,96.56000000000653
12961,211.99,4989,0.0,96.56000000000653
12470,211.95,4990,0.0,96.56000000000653
14843,211.79999999999998,4991,0.0,96.56000000000653
15703,211.5,4992,0.0,96.56000000000653
14992,210.5,4993,0.0,96.56000000000653
17271,210.39,4994,0.0,96.56000000000653
13532,210.31,4995,0.0,96.56000000000653
17484,209.57,4996,0.0,96.56000000000653
13828,209.49,4997,0.0,96.56000000000653
13056,209.48,4998,0.0,96.56000000000653
14003,209.41,4999,0.0,96.56000000000653
15112,209.4,5000,0.0,96.56000000000653
16487,209.4,5001,0.0,96.56000000000653
17026,208.98,5002,0.0,96.56000000000653
13651,208.95,5003,0.0,96.56000000000653
17743,208.85,5004,0.0,96.56000000000653
15327,208.75,5005,0.0,96.56000000000653
15741,208.62,5006,0.0,96.56000000000653
16914,208.46,5007,0.0,96.56000000000653
16457,208.36,5008,0.0,96.56000000000653
12848,208.0,5009,0.0,96.56000000000653
16964,207.85,5010,0.0,96.56000000000653
16866,207.73999999999998,5011,0.0,96.56000000000653
13099,207.35999999999999,5012,0.0,96.56000000000653
15925,207.15,5013,0.0,96.56000000000653
15820,206.98,5014,0.0,96.56000000000653
18126,206.82999999999998,5015,0.0,96.56000000000653
14964,206.21,5016,0.0,96.56000000000653
14519,206.09,5017,0.0,96.56000000000653
15914,205.99,5018,0.0,96.56000000000653
16090,205.91,5019,0.0,96.56000000000653
14278,205.83,5020,0.0,96.56000000000653
17670,205.7,5021,0.0,96.56000000000653
16622,205.6,5022,0.0,96.56000000000653
14602,205.35999999999999,5023,0.0,96.56000000000653
15307,205.3,5024,0.0,96.56000000000653
15758,205.25,5025,0.0,96.56000000000653
12400,205.25,5026,0.0,96.56000000000653
17112,205.17,5027,0.0,96.56000000000653
15319,204.5,5028,0.0,96.56000000000653
14928,204.46,5029,0.0,96.56000000000653
16901,204.26,5030,0.0,96.56000000000653
17206,204.24,5031,0.0,96.56000000000653
14468,204.24,5032,0.0,96.56000000000653
12663,204.0,5033,0.0,96.56000000000653
13017,204.0,5034,0.0,96.56000000000653
17394,203.86999999999998,5035,0.0,96.56000000000653
17891,203.85999999999999,5036,0.0,96.56000000000653
15020,203.42,5037,0.0,96.56000000000653
17074,203.05,5038,0.0,96.56000000000653
15459,202.82999999999998,5039,0.0,96.56000000000653
18169,202.65,5040,0.0,96.56000000000653
12416,202.56,5041,0.0,96.56000000000653
14892,202.35000000000002,5042,0.0,96.56000000000653
14385,202.11,5043,0.0,96.56000000000653
16937,202.1,5044,0.0,96.56000000000653
16965,201.19,5045,0.0,96.56000000000653
18281,201.14,5046,0.0,96.56000000000653
13556,200.82,5047,0.0,96.56000000000653
12995,200.72,5048,0.0,96.56000000000653
14330,200.63,5049,0.0,96.56000000000653
13133,200.45000000000002,5050,0.0,96.56000000000653
13944,200.43,5051,0.0,96.56000000000653
14782,200.10000000000002,5052,0.0,96.56000000000653
15593,199.8,5053,0.0,96.56000000000653
13322,199.48000000000002,5054,0.0,96.56000000000653
17184,198.41000000000003,5055,0.0,96.56000000000653
12581,197.71,5056,0.0,96.56000000000653
17778,197.70000000000002,5057,0.0,96.56000000000653
14185,197.65,5058,0.0,96.56000000000653
14789,197.64,5059,0.0,96.56000000000653
12927,197.31,5060,0.0,96.56000000000653
14830,197.13,5061,0.0,96.56000000000653
15234,197.0,5062,0.0,96.56000000000653
13436,196.89,5063,0.0,96.56000000000653
13978,196.79000000000002,5064,0.0,96.56000000000653
13284,196.15,5065,0.0,96.56000000000653
16112,195.73999999999998,5066,0.0,96.56000000000653
13757,195.55,5067,0.0,96.56000000000653
15212,195.42999999999998,5068,0.0,96.56000000000653
14666,195.25,5069,0.0,96.56000000000653
15612,195.15,5070,0.0,96.56000000000653
14405,195.0,5071,0.0,96.56000000000653
13671,194.95,5072,0.0,96.56000000000653
14100,194.9,5073,0.0,96.56000000000653
17468,194.8,5074,0.0,96.56000000000653
17475,194.37,5075,0.0,96.56000000000653
18084,193.72999999999996,5076,0.0,96.56000000000653
16695,193.15,5077,0.0,96.56000000000653
14801,193.14,5078,0.0,96.56000000000653
13568,192.85,5079,0.0,96.56000000000653
17257,192.73,5080,0.0,96.56000000000653
12522,192.72,5081,0.0,96.56000000000653
18028,192.05,5082,0.0,96.56000000000653
15909,191.94,5083,0.0,96.56000000000653
14279,191.86,5084,0.0,96.56000000000653
15692,191.04,5085,0.0,96.56000000000653
15954,190.75,5086,0.0,96.56000000000653
14728,190.58,5087,0.0,96.56000000000653
15688,190.57,5088,0.0,96.56000000000653
15412,190.53,5089,0.0,96.56000000000653
14617,190.47000000000003,5090,0.0,96.56000000000653
13766,190.35,5091,0.0,96.56000000000653
14501,190.31,5092,0.0,96.56000000000653
13972,190.25,5093,0.0,96.56000000000653
17885,190.19,5094,0.0,96.56000000000653
18046,189.63,5095,0.0,96.56000000000653
17166,189.49,5096,0.0,96.56000000000653
13387,189.44,5097,0.0,96.56000000000653
18045,189.4,5098,0.0,96.56000000000653
16673,188.83,5099,0.0,96.56000000000653
16277,188.69,5100,0.0,96.56000000000653
14697,188.60999999999999,5101,0.0,96.56000000000653
17283,188.46,5102,0.0,96.56000000000653
16051,188.44,5103,0.0,96.56000000000653
13063,188.4,5104,0.0,96.56000000000653
12893,188.14,5105,0.0,96.56000000000653
15490,188.1,5106,0.0,96.56000000000653
17781,188.02,5107,0.0,96.56000000000653
14131,187.87,5108,0.0,96.56000000000653
17279,187.82999999999998,5109,0.0,96.56000000000653
16900,187.6900000000001,5110,0.0,96.56000000000653
15072,187.51999999999998,5111,0.0,96.56000000000653
18013,187.29,5112,0.0,96.56000000000653
17693,187.02,5113,0.0,96.56000000000653
16267,186.66,5114,0.0,96.56000000000653
18063,186.60000000000002,5115,0.0,96.56000000000653
17215,186.15,5116,0.0,96.56000000000653
16388,186.05,5117,0.0,96.56000000000653
15567,186.01,5118,0.0,96.56000000000653
12641,185.9,5119,0.0,96.56000000000653
14812,185.8,5120,0.0,96.56000000000653
17840,185.72,5121,0.0,96.56000000000653
17574,185.65,5122,0.0,96.56000000000653
17010,185.46,5123,0.0,96.56000000000653
16559,185.20000000000002,5124,0.0,96.56000000000653
14879,185.06,5125,0.0,96.56000000000653
16097,185.04999999999998,5126,0.0,96.56000000000653
14677,184.91,5127,0.0,96.56000000000653
17803,184.66,5128,0.0,96.56000000000653
14059,183.6,5129,0.0,96.56000000000653
13460,183.44,5130,0.0,96.56000000000653
14983,183.20000000000002,5131,0.0,96.56000000000653
17798,183.09,5132,0.0,96.56000000000653
15746,182.96,5133,0.0,96.56000000000653
16819,182.59,5134,0.0,96.56000000000653
14941,182.1,5135,0.0,96.56000000000653
17587,181.66,5136,0.0,96.56000000000653
12934,181.65,5137,0.0,96.56000000000653
16594,181.09,5138,0.0,96.56000000000653
15292,180.94,5139,0.0,96.56000000000653
14858,180.75,5140,0.0,96.56000000000653
12622,180.1,5141,0.0,96.56000000000653
18234,179.6,5142,0.0,96.56000000000653
14945,179.4,5143,0.0,96.56000000000653
16640,179.4,5144,0.0,96.56000000000653
18147,179.33999999999997,5145,0.0,96.56000000000653
15895,179.17,5146,0.0,96.56000000000653
16490,179.16000000000003,5147,0.0,96.56000000000653
14705,179.0,5148,0.0,96.56000000000653
15209,178.98000000000002,5149,0.0,96.56000000000653
15139,178.96,5150,0.0,96.56000000000653
17904,178.92,5151,0.0,96.56000000000653
16691,178.83,5152,0.0,96.56000000000653
16299,178.65,5153,0.0,96.56000000000653
17879,178.51999999999998,5154,0.0,96.56000000000653
12686,178.28,5155,0.0,96.56000000000653
17253,178.26,5156,0.0,96.56000000000653
13271,178.26,5157,0.0,96.56000000000653
13618,177.34,5158,0.0,96.56000000000653
12618,177.31,5159,0.0,96.56000000000653
13072,177.15,5160,0.0,96.56000000000653
16285,176.9,5161,0.0,96.56000000000653
17036,176.9,5162,0.0,96.56000000000653
13746,176.69,5163,0.0,96.56000000000653
17947,176.68,5164,0.0,96.56000000000653
18282,176.6,5165,0.0,96.56000000000653
18054,176.5,5166,0.0,96.56000000000653
12509,176.5,5167,0.0,96.56000000000653
18175,176.1,5168,0.0,96.56000000000653
13547,175.53,5169,0.0,96.56000000000653
18166,175.5,5170,0.0,96.56000000000653
14486,175.5,5171,0.0,96.56000000000653
13007,175.25,5172,0.0,96.56000000000653
17331,175.2,5173,0.0,96.56000000000653
16144,175.2,5174,0.0,96.56000000000653
17108,174.95,5175,0.0,96.56000000000653
18010,174.8,5176,0.0,96.56000000000653
13826,174.65,5177,0.0,96.56000000000653
13560,174.37,5178,0.0,96.56000000000653
14518,174.37,5179,0.0,96.56000000000653
16731,174.05,5180,0.0,96.56000000000653
15335,173.97,5181,0.0,96.56000000000653
14674,173.66,5182,0.0,96.56000000000653
15565,173.16,5183,0.0,96.56000000000653
16741,173.06,5184,0.0,96.56000000000653
16599,172.8,5185,0.0,96.56000000000653
13195,172.38,5186,0.0,96.56000000000653
13690,172.25,5187,0.0,96.56000000000653
12442,172.06,5188,0.0,96.56000000000653
15515,171.81,5189,0.0,96.56000000000653
14536,171.8,5190,0.0,96.56000000000653
17983,171.71,5191,0.0,96.56000000000653
17575,171.7,5192,0.0,96.56000000000653
16312,171.15,5193,0.0,96.56000000000653
15403,170.88,5194,0.0,96.56000000000653
14811,170.5,5195,0.0,96.56000000000653
13852,170.45000000000002,5196,0.0,96.56000000000653
17922,170.4,5197,0.0,96.56000000000653
15256,170.4,5198,0.0,96.56000000000653
14218,169.48000000000002,5199,0.0,96.56000000000653
18004,169.47,5200,0.0,96.56000000000653
16002,169.21,5201,0.0,96.56000000000653
15647,169.0,5202,0.0,96.56000000000653
12367,168.9,5203,0.0,96.56000000000653
14578,168.63,5204,0.0,96.56000000000653
14860,168.62,5205,0.0,96.56000000000653
17367,168.4,5206,0.0,96.56000000000653
18099,168.31,5207,0.0,96.56000000000653
17737,168.24,5208,0.0,96.56000000000653
12551,168.0,5209,0.0,96.56000000000653
18088,167.67000000000002,5210,0.0,96.56000000000653
14521,167.65,5211,0.0,96.56000000000653
17559,167.62,5212,0.0,96.56000000000653
18037,167.42,5213,0.0,96.56000000000653
17586,167.4,5214,0.0,96.56000000000653
13609,167.35,5215,0.0,96.56000000000653
16405,167.25,5216,0.0,96.56000000000653
15166,167.16,5217,0.0,96.56000000000653
18107,167.13,5218,0.0,96.56000000000653
17875,167.1,5219,0.0,96.56000000000653
15509,166.51,5220,0.0,96.56000000000653
18014,166.42,5221,0.0,96.56000000000653
14495,166.3,5222,0.0,96.56000000000653
13967,166.3,5223,0.0,96.56000000000653
17650,166.08,5224,0.0,96.56000000000653
14485,165.75,5225,0.0,96.56000000000653
13903,165.45000000000002,5226,0.0,96.56000000000653
13470,165.0,5227,0.0,96.56000000000653
15316,165.0,5228,0.0,96.56000000000653
16663,165.0,5229,0.0,96.56000000000653
17408,164.89000000000001,5230,0.0,96.56000000000653
13191,164.69,5231,0.0,96.56000000000653
15904,164.68,5232,0.0,96.56000000000653
17535,164.4,5233,0.0,96.56000000000653
13603,164.34,5234,0.0,96.56000000000653
17318,164.28,5235,0.0,96.56000000000653
17417,164.18,5236,0.0,96.56000000000653
14516,163.92,5237,0.0,96.56000000000653
16662,163.8,5238,0.0,96.56000000000653
18200,163.8,5239,0.0,96.56000000000653
14955,163.77,5240,0.0,96.56000000000653
14354,163.62,5241,0.0,96.56000000000653
14119,163.47,5242,0.0,96.56000000000653
15474,163.1,5243,0.0,96.56000000000653
16517,162.7,5244,0.0,96.56000000000653
15359,162.6,5245,0.0,96.56000000000653
18174,162.5,5246,0.0,96.56000000000653
12954,162.45,5247,0.0,96.56000000000653
15733,162.3,5248,0.0,96.56000000000653
15534,162.25,5249,0.0,96.56000000000653
16443,162.24,5250,0.0,96.56000000000653
13672,162.07000000000002,5251,0.0,96.56000000000653
12661,162.0,5252,0.0,96.56000000000653
17971,161.94,5253,0.0,96.56000000000653
17600,161.67000000000002,5254,0.0,96.56000000000653
14571,161.65,5255,0.0,96.56000000000653
15499,161.6,5256,0.0,96.56000000000653
16113,161.38,5257,0.0,96.56000000000653
13714,161.35,5258,0.0,96.56000000000653
14362,161.2,5259,0.0,96.56000000000653
13779,161.13,5260,0.0,96.56000000000653
16403,161.04999999999998,5261,0.0,96.56000000000653
14089,161.0,5262,0.0,96.56000000000653
13229,160.95,5263,0.0,96.56000000000653
17953,160.82,5264,0.0,96.56000000000653
17605,160.75,5265,0.0,96.56000000000653
17202,160.65,5266,0.0,96.56000000000653
17487,160.55,5267,0.0,96.56000000000653
15229,160.5,5268,0.0,96.56000000000653
14814,160.46,5269,0.0,96.56000000000653
16645,160.39,5270,0.0,96.56000000000653
18146,160.35000000000002,5271,0.0,96.56000000000653
12966,160.18,5272,0.0,96.56000000000653
13701,159.55,5273,0.0,96.56000000000653
17820,159.51,5274,0.0,96.56000000000653
13302,159.2,5275,0.0,96.56000000000653
16213,159.0,5276,0.0,96.56000000000653
18224,158.95000000000002,5277,0.0,96.56000000000653
13125,158.57,5278,0.0,96.56000000000653
15548,158.09,5279,0.0,96.56000000000653
15348,158.04,5280,0.0,96.56000000000653
14318,158.02,5281,0.0,96.56000000000653
17751,157.85999999999999,5282,0.0,96.56000000000653
14207,157.8,5283,0.0,96.56000000000653
14822,157.70000000000002,5284,0.0,96.56000000000653
16687,157.63,5285,0.0,96.56000000000653
12894,157.35,5286,0.0,96.56000000000653
16371,157.2,5287,0.0,96.56000000000653
17128,157.09,5288,0.0,96.56000000000653
17118,157.02,5289,0.0,96.56000000000653
15007,156.91,5290,0.0,96.56000000000653
15742,156.87,5291,0.0,96.56000000000653
14406,156.75,5292,0.0,96.56000000000653
18018,156.69,5293,0.0,96.56000000000653
16578,156.6,5294,0.0,96.56000000000653
15438,156.57999999999998,5295,0.0,96.56000000000653
15263,156.51,5296,0.0,96.56000000000653
17899,155.8,5297,0.0,96.56000000000653
13051,155.8,5298,0.0,96.56000000000653
17832,155.37,5299,0.0,96.56000000000653
14368,155.0,5300,0.0,96.56000000000653
14046,154.99,5301,0.0,96.56000000000653
17698,154.95,5302,0.0,96.56000000000653
15740,154.88,5303,0.0,96.56000000000653
15729,154.70000000000002,5304,0.0,96.56000000000653
15226,154.41,5305,0.0,96.56000000000653
13490,154.25,5306,0.0,96.56000000000653
17517,153.94,5307,0.0,96.56000000000653
16908,153.59,5308,0.0,96.56000000000653
15560,153.52,5309,0.0,96.56000000000653
15431,153.24,5310,0.0,96.56000000000653
13676,153.15,5311,0.0,96.56000000000653
12602,153.12,5312,0.0,96.56000000000653
16248,152.94,5313,0.0,96.56000000000653
16507,152.76,5314,0.0,96.56000000000653
18138,152.65,5315,0.0,96.56000000000653
18113,152.64000000000001,5316,0.0,96.56000000000653
14066,152.55,5317,0.0,96.56000000000653
17327,152.35,5318,0.0,96.56000000000653
13653,152.2,5319,0.0,96.56000000000653
16617,151.85,5320,0.0,96.56000000000653
12858,151.73,5321,0.0,96.56000000000653
18076,151.49,5322,0.0,96.56000000000653
13697,151.29999999999998,5323,0.0,96.56000000000653
14287,151.23000000000002,5324,0.0,96.56000000000653
16337,151.05,5325,0.0,96.56000000000653
14980,150.68,5326,0.0,96.56000000000653
15991,150.55,5327,0.0,96.56000000000653
15775,150.5,5328,0.0,96.56000000000653
14084,150.5,5329,0.0,96.56000000000653
14845,150.0,5330,0.0,96.56000000000653
17234,149.89000000000001,5331,0.0,96.56000000000653
17946,149.57999999999998,5332,0.0,96.56000000000653
18038,149.41,5333,0.0,96.56000000000653
17390,149.3,5334,0.0,96.56000000000653
15435,149.29,5335,0.0,96.56000000000653
13003,149.05,5336,0.0,96.56000000000653
17549,148.86,5337,0.0,96.56000000000653
15526,148.44,5338,0.0,96.56000000000653
17859,148.21,5339,0.0,96.56000000000653
15684,147.8,5340,0.0,96.56000000000653
13578,147.66,5341,0.0,96.56000000000653
15479,147.4,5342,0.0,96.56000000000653
16724,147.35,5343,0.0,96.56000000000653
14098,147.35,5344,0.0,96.56000000000653
17794,147.3,5345,0.0,96.56000000000653
17030,146.87,5346,0.0,96.56000000000653
14683,146.56,5347,0.0,96.56000000000653
15496,146.14000000000001,5348,0.0,96.56000000000653
18137,145.99,5349,0.0,96.56000000000653
13866,145.67000000000002,5350,0.0,96.56000000000653
15937,145.35,5351,0.0,96.56000000000653
17199,145.12,5352,0.0,96.56000000000653
14972,145.07,5353,0.0,96.56000000000653
15902,145.01,5354,0.0,96.56000000000653
16852,144.91000000000003,5355,0.0,96.56000000000653
16822,144.84,5356,0.0,96.56000000000653
17938,144.29,5357,0.0,96.56000000000653
12587,144.0,5358,0.0,96.56000000000653
17186,144.0,5359,0.0,96.56000000000653
12387,143.94,5360,0.0,96.56000000000653
14604,143.85999999999999,5361,0.0,96.56000000000653
14574,143.70000000000002,5362,0.0,96.56000000000653
15558,143.32999999999998,5363,0.0,96.56000000000653
13457,143.27,5364,0.0,96.56000000000653
17149,143.10000000000002,5365,0.0,96.56000000000653
15705,143.1,5366,0.0,96.56000000000653
15761,143.05,5367,0.0,96.56000000000653
14386,142.4,5368,0.0,96.56000000000653
14041,141.41,5369,0.0,96.56000000000653
17273,141.12,5370,0.0,96.56000000000653
12636,141.0,5371,0.0,96.56000000000653
17959,140.75,5372,0.0,96.56000000000653
16598,140.7,5373,0.0,96.56000000000653
15388,140.54,5374,0.0,96.56000000000653
15702,140.39000000000001,5375,0.0,96.56000000000653
13420,140.35,5376,0.0,96.56000000000653
13483,140.34,5377,0.0,96.56000000000653
15324,140.22000000000003,5378,0.0,96.56000000000653
13839,139.95000000000002,5379,0.0,96.56000000000653
15848,139.94,5380,0.0,96.56000000000653
14073,139.54,5381,0.0,96.56000000000653
14768,139.5,5382,0.0,96.56000000000653
16483,139.35,5383,0.0,96.56000000000653
14772,139.26,5384,0.0,96.56000000000653
14707,139.2,5385,0.0,96.56000000000653
18209,139.10000000000002,5386,0.0,96.56000000000653
13273,138.98,5387,0.0,96.56000000000653
12902,138.68,5388,0.0,96.56000000000653
13716,138.28,5389,0.0,96.56000000000653
15873,138.23999999999998,5390,0.0,96.56000000000653
17982,138.18,5391,0.0,96.56000000000653
15663,138.14,5392,0.0,96.56000000000653
12512,138.03,5393,0.0,96.56000000000653
13907,136.8,5394,0.0,96.56000000000653
16237,136.65,5395,0.0,96.56000000000653
16651,136.2,5396,0.0,96.56000000000653
17972,136.04,5397,0.0,96.56000000000653
16876,136.01,5398,0.0,96.56000000000653
14366,136.0,5399,0.0,96.56000000000653
13830,135.95000000000002,5400,0.0,96.56000000000653
12968,135.95,5401,0.0,96.56000000000653
17583,135.95,5402,0.0,96.56000000000653
14889,135.9,5403,0.0,96.56000000000653
15419,135.86,5404,0.0,96.56000000000653
16114,135.75000000000003,5405,0.0,96.56000000000653
14391,135.6,5406,0.0,96.56000000000653
15283,135.43,5407,0.0,96.56000000000653
13076,135.4,5408,0.0,96.56000000000653
16665,135.39999999999998,5409,0.0,96.56000000000653
14588,135.39,5410,0.0,96.56000000000653
13144,135.35,5411,0.0,96.56000000000653
13702,135.18,5412,0.0,96.56000000000653
17960,135.08,5413,0.0,96.56000000000653
13119,134.9,5414,0.0,96.56000000000653
16055,134.8,5415,0.0,96.56000000000653
14340,134.7,5416,0.0,96.56000000000653
17826,134.59,5417,0.0,96.56000000000653
14174,134.46,5418,0.0,96.56000000000653
15926,134.44,5419,0.0,96.56000000000653
16486,134.36,5420,0.0,96.56000000000653
14586,134.16,5421,0.0,96.56000000000653
14280,134.04,5422,0.0,96.56000000000653
14349,133.5,5423,0.0,96.56000000000653
15056,133.45,5424,0.0,96.56000000000653
17881,133.35000000000002,5425,0.0,96.56000000000653
12959,133.35,5426,0.0,96.56000000000653
17909,132.55,5427,0.0,96.56000000000653
12964,132.24,5428,0.0,96.56000000000653
14444,132.04,5429,0.0,96.56000000000653
14438,131.9,5430,0.0,96.56000000000653
17565,131.83,5431,0.0,96.56000000000653
17297,131.78,5432,0.0,96.56000000000653
17455,131.7,5433,0.0,96.56000000000653
13586,131.53,5434,0.0,96.56000000000653
14795,131.45000000000002,5435,0.0,96.56000000000653
14378,131.25,5436,0.0,96.56000000000653
12565,131.17,5437,0.0,96.56000000000653
17225,131.15,5438,0.0,96.56000000000653
16865,130.95,5439,0.0,96.56000000000653
15844,130.73999999999998,5440,0.0,96.56000000000653
17240,130.6,5441,0.0,96.56000000000653
16410,130.32,5442,0.0,96.56000000000653
17818,130.18,5443,0.0,96.56000000000653
16288,129.85,5444,0.0,96.56000000000653
17762,129.75,5445,0.0,96.56000000000653
14865,129.72,5446,0.0,96.56000000000653
17847,129.69,5447,0.0,96.56000000000653
14999,129.48000000000002,5448,0.0,96.56000000000653
18020,129.28,5449,0.0,96.56000000000653
12555,129.23,5450,0.0,96.56000000000653
13071,129.22,5451,0.0,96.56000000000653
17056,128.60000000000002,5452,0.0,96.56000000000653
16828,128.5,5453,0.0,96.56000000000653
17089,128.45,5454,0.0,96.56000000000653
16251,128.31,5455,0.0,96.56000000000653
15892,128.2,5456,0.0,96.56000000000653
13666,127.89999999999999,5457,0.0,96.56000000000653
16397,127.88,5458,0.0,96.56000000000653
13053,127.65,5459,0.0,96.56000000000653
15578,127.1,5460,0.0,96.56000000000653
16973,127.0,5461,0.0,96.56000000000653
16840,126.71000000000001,5462,0.0,96.56000000000653
14751,126.45,5463,0.0,96.56000000000653
13279,126.30000000000001,5464,0.0,96.56000000000653
15463,126.14,5465,0.0,96.56000000000653
16294,126.05000000000001,5466,0.0,96.56000000000653
13794,126.03,5467,0.0,96.56000000000653
17657,126.0,5468,0.0,96.56000000000653
12814,125.92,5469,0.0,96.56000000000653
13522,125.80000000000001,5470,0.0,96.56000000000653
14773,125.7,5471,0.0,96.56000000000653
16925,125.65,5472,0.0,96.56000000000653
15017,125.58,5473,0.0,96.56000000000653
15731,125.3,5474,0.0,96.56000000000653
13912,124.95,5475,0.0,96.56000000000653
17148,124.88,5476,0.0,96.56000000000653
13312,124.75,5477,0.0,96.56000000000653
14726,124.75,5478,0.0,96.56000000000653
16849,124.57,5479,0.0,96.56000000000653
17541,124.46,5480,0.0,96.56000000000653
17316,124.45,5481,0.0,96.56000000000653
18000,124.25,5482,0.0,96.56000000000653
15779,124.08000000000001,5483,0.0,96.56000000000653
13968,123.66,5484,0.0,96.56000000000653
14187,123.5,5485,0.0,96.56000000000653
15927,123.39,5486,0.0,96.56000000000653
16068,122.93,5487,0.0,96.56000000000653
13876,122.7,5488,0.0,96.56000000000653
13638,122.64,5489,0.0,96.56000000000653
14165,122.53999999999999,5490,0.0,96.56000000000653
14076,122.47,5491,0.0,96.56000000000653
12969,122.45,5492,0.0,96.56000000000653
13244,121.74000000000001,5493,0.0,96.56000000000653
13182,121.18,5494,0.0,96.56000000000653
15049,121.17000000000002,5495,0.0,96.56000000000653
17260,120.95,5496,0.0,96.56000000000653
17446,120.9,5497,0.0,96.56000000000653
14884,120.6,5498,0.0,96.56000000000653
17543,120.05,5499,0.0,96.56000000000653
18015,120.03,5500,0.0,96.56000000000653
17603,120.01000000000002,5501,0.0,96.56000000000653
14259,120.0,5502,0.0,96.56000000000653
14453,119.93,5503,0.0,96.56000000000653
15161,119.92,5504,0.0,96.56000000000653
17177,119.5,5505,0.0,96.56000000000653
17170,118.98,5506,0.0,96.56000000000653
15843,118.95000000000002,5507,0.0,96.56000000000653
17280,118.85999999999999,5508,0.0,96.56000000000653
17079,118.80000000000001,5509,0.0,96.56000000000653
14155,118.75,5510,0.0,96.56000000000653
13257,117.95,5511,0.0,96.56000000000653
13193,117.88,5512,0.0,96.56000000000653
16291,117.72,5513,0.0,96.56000000000653
17654,117.55,5514,0.0,96.56000000000653
15836,117.47,5515,0.0,96.56000000000653
16959,117.35000000000001,5516,0.0,96.56000000000653
15409,117.2,5517,0.0,96.56000000000653
13084,116.44999999999999,5518,0.0,96.56000000000653
17117,116.19999999999999,5519,0.0,96.56000000000653
14874,116.18,5520,0.0,96.56000000000653
13170,116.00999999999999,5521,0.0,96.56000000000653
14143,115.8,5522,0.0,96.56000000000653
14721,115.77,5523,0.0,96.56000000000653
13241,115.58,5524,0.0,96.56000000000653
17208,115.35,5525,0.0,96.56000000000653
18027,115.31,5526,0.0,96.56000000000653
18012,115.3,5527,0.0,96.56000000000653
15352,114.95,5528,0.0,96.56000000000653
17401,114.85,5529,0.0,96.56000000000653
15905,114.69,5530,0.0,96.56000000000653
17933,114.69,5531,0.0,96.56000000000653
13188,114.60000000000001,5532,0.0,96.56000000000653
16247,114.56,5533,0.0,96.56000000000653
14632,114.56,5534,0.0,96.56000000000653
17275,114.52,5535,0.0,96.56000000000653
14974,114.39,5536,0.0,96.56000000000653
14652,114.18,5537,0.0,96.56000000000653
12938,114.14,5538,0.0,96.56000000000653
14582,114.11,5539,0.0,96.56000000000653
18148,114.10000000000001,5540,0.0,96.56000000000653
14457,113.64,5541,0.0,96.56000000000653
18105,113.48000000000002,5542,0.0,96.56000000000653
16821,113.35,5543,0.0,96.56000000000653
17784,112.86,5544,0.0,96.56000000000653
14689,112.8,5545,0.0,96.56000000000653
16697,112.75,5546,0.0,96.56000000000653
18129,112.55000000000001,5547,0.0,96.56000000000653
15899,112.5,5548,0.0,96.56000000000653
15610,112.46000000000001,5549,0.0,96.56000000000653
13620,112.34,5550,0.0,96.56000000000653
17816,112.32,5551,0.0,96.56000000000653
17893,112.25,5552,0.0,96.56000000000653
12756,112.07999999999998,5553,0.0,96.56000000000653
15317,112.05000000000001,5554,0.0,96.56000000000653
14750,112.03,5555,0.0,96.56000000000653
15875,111.72,5556,0.0,96.56000000000653
16547,111.71,5557,0.0,96.56000000000653
17957,111.68,5558,0.0,96.56000000000653
14668,111.63,5559,0.0,96.56000000000653
18124,111.53,5560,0.0,96.56000000000653
17304,111.5,5561,0.0,96.56000000000653
17887,111.35,5562,0.0,96.56000000000653
18120,111.15,5563,0.0,96.56000000000653
14464,111.0,5564,0.0,96.56000000000653
16064,111.0,5565,0.0,96.56000000000653
12692,110.95,5566,0.0,96.56000000000653
14509,110.95,5567,0.0,96.56000000000653
15537,110.92,5568,0.0,96.56000000000653
15853,110.8,5569,0.0,96.56000000000653
14787,110.65,5570,0.0,96.56000000000653
16963,110.55000000000001,5571,0.0,96.56000000000653
14641,110.46,5572,0.0,96.56000000000653
16544,110.3,5573,0.0,96.56000000000653
17836,110.21000000000001,5574,0.0,96.56000000000653
16339,109.95,5575,0.0,96.56000000000653
15851,109.73,5576,0.0,96.56000000000653
14033,109.44,5577,0.0,96.56000000000653
16363,109.36000000000001,5578,0.0,96.56000000000653
16664,109.2,5579,0.0,96.56000000000653
14345,108.97999999999999,5580,0.0,96.56000000000653
16106,108.38,5581,0.0,96.56000000000653
15935,108.03999999999999,5582,0.0,96.56000000000653
14374,108.0,5583,0.0,96.56000000000653
14661,107.95,5584,0.0,96.56000000000653
15583,107.86,5585,0.0,96.56000000000653
13580,107.75,5586,0.0,96.56000000000653
14943,107.62,5587,0.0,96.56000000000653
15395,107.45,5588,0.0,96.56000000000653
16301,107.33,5589,0.0,96.56000000000653
15328,107.24,5590,0.0,96.56000000000653
16047,107.14,5591,0.0,96.56000000000653
15846,107.01,5592,0.0,96.56000000000653
16082,106.75,5593,0.0,96.56000000000653
14637,106.67999999999999,5594,0.0,96.56000000000653
15168,106.56,5595,0.0,96.56000000000653
17791,106.1,5596,0.0,96.56000000000653
18103,105.8,5597,0.0,96.56000000000653
15642,105.78000000000002,5598,0.0,96.56000000000653
14579,105.56,5599,0.0,96.56000000000653
15340,105.5,5600,0.0,96.56000000000653
12929,105.1,5601,0.0,96.56000000000653
14027,104.82,5602,0.0,96.56000000000653
17328,104.7,5603,0.0,96.56000000000653
16630,104.30000000000001,5604,0.0,96.56000000000653
16375,104.0,5605,0.0,96.56000000000653
16896,103.95,5606,0.0,96.56000000000653
14542,103.25,5607,0.0,96.56000000000653
15924,102.82,5608,0.0,96.56000000000653
16396,102.69999999999999,5609,0.0,96.56000000000653
17467,102.6,5610,0.0,96.56000000000653
14836,102.44999999999999,5611,0.0,96.56000000000653
15486,102.0,5612,0.0,96.56000000000653
16462,102.0,5613,0.0,96.56000000000653
16516,101.69999999999999,5614,0.0,96.56000000000653
18068,101.69999999999999,5615,0.0,96.56000000000653
16944,101.36,5616,0.0,96.56000000000653
18086,101.34,5617,0.0,96.56000000000653
13235,101.17000000000007,5618,0.0,96.56000000000653
18195,101.16,5619,0.0,96.56000000000653
13011,101.10000000000001,5620,0.0,96.56000000000653
17741,101.1,5621,0.0,96.56000000000653
17493,100.91000000000001,5622,0.0,96.56000000000653
14946,100.9,5623,0.0,96.56000000000653
17224,100.86,5624,0.0,96.56000000000653
17427,100.8,5625,0.0,96.56000000000653
14371,100.5,5626,0.0,96.56000000000653
15635,100.35,5627,0.0,96.56000000000653
13703,99.5,5628,0.0,96.56000000000653
17939,99.14,5629,0.0,96.56000000000653
16289,98.81,5630,0.0,96.56000000000653
12774,98.7,5631,0.0,96.56000000000653
17538,98.42,5632,0.0,96.56000000000653
16694,98.30000000000001,5633,0.0,96.56000000000653
17895,98.0,5634,0.0,96.56000000000653
18033,97.97,5635,0.0,96.56000000000653
12984,97.5,5636,0.0,96.56000000000653
17395,97.5,5637,0.0,96.56000000000653
14642,96.12,5638,0.0,96.56000000000653
13793,96.0,5639,0.0,96.56000000000653
17024,95.85,5640,0.0,96.56000000000653
18249,95.34,5641,0.0,96.56000000000653
12548,95.19999999999999,5642,0.0,96.56000000000653
15285,94.92,5643,0.0,96.56000000000653
14833,94.8,5644,0.0,96.56000000000653
15868,94.53,5645,0.0,96.56000000000653
16073,94.35,5646,0.0,96.56000000000653
15397,94.0,5647,0.0,96.56000000000653
14394,93.8,5648,0.0,96.56000000000653
18227,93.75,5649,0.0,96.56000000000653
15305,93.6,5650,0.0,96.56000000000653
15082,93.35000000000001,5651,0.0,96.56000000000653
12992,93.35000000000001,5652,0.0,96.56000000000653
16196,93.3,5653,0.0,96.56000000000653
15816,93.3,5654,0.0,96.56000000000653
14054,92.46,5655,0.0,96.56000000000653
13160,91.8,5656,0.0,96.56000000000653
16831,91.8,5657,0.0,96.56000000000653
12659,91.68,5658,0.0,96.56000000000653
13392,91.14,5659,0.0,96.56000000000653
14786,90.96,5660,0.0,96.56000000000653
13947,90.6,5661,0.0,96.56000000000653
14435,90.42,5662,0.0,96.56000000000653
16506,90.30000000000001,5663,0.0,96.56000000000653
16597,90.04,5664,0.0,96.56000000000653
15686,90.0,5665,0.0,96.56000000000653
14117,90.0,5666,0.0,96.56000000000653
13535,89.5,5667,0.0,96.56000000000653
13222,88.5,5668,0.0,96.56000000000653
15083,88.2,5669,0.0,96.56000000000653
16564,87.8,5670,0.0,96.56000000000653
17606,87.30000000000001,5671,0.0,96.56000000000653
16498,86.12,5672,0.0,96.56000000000653
13180,86.10000000000001,5673,0.0,96.56000000000653
15541,85.13000000000001,5674,0.0,96.56000000000653
13841,85.0,5675,0.0,96.56000000000653
12401,84.3,5676,0.0,96.56000000000653
15094,83.0,5677,0.0,96.56000000000653
14347,82.6,5678,0.0,96.56000000000653
13469,82.4,5679,0.0,96.56000000000653
17065,82.35,5680,0.0,96.56000000000653
16028,82.2,5681,0.0,96.56000000000653
13215,81.6,5682,0.0,96.56000000000653
13006,81.57,5683,0.0,96.56000000000653
17620,81.44,5684,0.0,96.56000000000653
17008,81.36,5685,0.0,96.56000000000653
15170,81.15,5686,0.0,96.56000000000653
17336,81.12,5687,0.0,96.56000000000653
16789,80.8,5688,0.0,96.56000000000653
17752,80.64,5689,0.0,96.56000000000653
15833,80.4,5690,0.0,96.56000000000653
15131,80.28,5691,0.0,96.56000000000653
14109,80.2,5692,0.0,96.56000000000653
14190,79.9,5693,0.0,96.56000000000653
16165,79.9,5694,0.0,96.56000000000653
14589,79.5,5695,0.0,96.56000000000653
14007,79.48,5696,0.0,96.56000000000653
15753,79.2,5697,0.0,96.56000000000653
17192,77.83,5698,0.0,96.56000000000653
12570,77.52,5699,0.0,96.56000000000653
17942,77.50000000000001,5700,0.0,96.56000000000653
14785,77.4,5701,0.0,96.56000000000653
13132,77.3,5702,0.0,96.56000000000653
16867,76.74000000000001,5703,0.0,96.56000000000653
14373,76.55,5704,0.0,96.56000000000653
15668,76.32000000000001,5705,0.0,96.56000000000653
14090,76.32000000000001,5706,0.0,96.56000000000653
14613,76.32000000000001,5707,0.0,96.56000000000653
13219,76.23,5708,0.0,96.56000000000653
17628,75.75,5709,0.0,96.56000000000653
16610,75.66,5710,0.0,96.56000000000653
14559,75.6,5711,0.0,96.56000000000653
17944,75.41,5712,0.0,96.56000000000653
16420,75.0,5713,0.0,96.56000000000653
15603,74.73,5714,0.0,96.56000000000653
13095,74.39999999999999,5715,0.0,96.56000000000653
18032,73.5,5716,0.0,96.56000000000653
12506,73.5,5717,0.0,96.56000000000653
16171,73.2,5718,0.0,96.56000000000653
17906,72.9,5719,0.0,96.56000000000653
14717,72.8,5720,0.0,96.56000000000653
13105,72.0,5721,0.0,96.56000000000653
16459,71.78999999999999,5722,0.0,96.56000000000653
13938,71.66,5723,0.0,96.56000000000653
13185,71.4,5724,0.0,96.56000000000653
16970,71.4,5725,0.0,96.56000000000653
14576,70.80000000000001,5726,0.0,96.56000000000653
15564,70.74000000000001,5727,0.0,96.56000000000653
16581,70.44,5728,0.0,96.56000000000653
12568,70.0,5729,0.0,96.56000000000653
13172,69.6,5730,0.0,96.56000000000653
12861,68.25,5731,0.0,96.56000000000653
17249,68.03,5732,0.0,96.56000000000653
14393,67.95,5733,0.0,96.56000000000653
17532,65.34,5734,0.0,96.56000000000653
13022,65.3,5735,0.0,96.56000000000653
17216,65.05,5736,0.0,96.56000000000653
17747,64.65,5737,0.0,96.56000000000653
13130,64.0,5738,0.0,96.56000000000653
16238,63.66,5739,0.0,96.56000000000653
17263,63.440000000000005,5740,0.0,96.56000000000653
15470,63.419999999999995,5741,0.0,96.56000000000653
12404,63.24,5742,0.0,96.56000000000653
16058,62.7,5743,0.0,96.56000000000653
13218,62.63999999999999,5744,0.0,96.56000000000653
14650,62.5,5745,0.0,96.56000000000653
15516,62.43,5746,0.0,96.56000000000653
13380,62.4,5747,0.0,96.56000000000653
13303,61.72,5748,0.0,96.56000000000653
13818,61.28,5749,0.0,96.56000000000653
15375,60.959999999999994,5750,0.0,96.56000000000653
18256,60.599999999999994,5751,0.0,96.56000000000653
16605,60.48,5752,0.0,96.56000000000653
15250,60.0,5753,0.0,96.56000000000653
17174,59.9,5754,0.0,96.56000000000653
13391,59.8,5755,0.0,96.56000000000653
13682,59.5,5756,0.0,96.56000000000653
15233,59.400000000000006,5757,0.0,96.56000000000653
15371,59.400000000000006,5758,0.0,96.56000000000653
14384,58.5,5759,0.0,96.56000000000653
12466,56.73,5760,0.0,96.56000000000653
17775,56.4,5761,0.0,96.56000000000653
13366,56.160000000000004,5762,0.0,96.56000000000653
15685,55.980000000000004,5763,0.0,96.56000000000653
12776,55.5,5764,0.0,96.56000000000653
12860,55.47,5765,0.0,96.56000000000653
17494,54.699999999999996,5766,0.0,96.56000000000653
12496,54.09,5767,0.0,96.56000000000653
14760,53.8,5768,0.0,96.56000000000653
13306,53.65,5769,0.0,96.56000000000653
16349,53.5,5770,0.0,96.56000000000653
15313,52.0,5771,0.0,96.56000000000653
16786,51.839999999999996,5772,0.0,96.56000000000653
17844,51.559999999999995,5773,0.0,96.56000000000653
13254,51.410000000000004,5774,0.0,96.56000000000653
17763,51.15,5775,0.0,96.56000000000653
14351,51.0,5776,0.0,96.56000000000653
14743,50.48,5777,0.0,96.56000000000653
18184,49.8,5778,0.0,96.56000000000653
16530,48.349999999999994,5779,0.0,96.56000000000653
16257,46.95,5780,0.0,96.56000000000653
13438,46.5,5781,0.0,96.56000000000653
15698,46.2,5782,0.0,96.56000000000653
15672,45.300000000000004,5783,0.0,96.56000000000653
16061,44.95,5784,0.0,96.56000000000653
17599,44.55,5785,0.0,96.56000000000653
17916,43.87,5786,0.0,96.56000000000653
14300,43.2,5787,0.0,96.56000000000653
13913,42.22,5788,0.0,96.56000000000653
13906,42.0,5789,0.0,96.56000000000653
16219,40.8,5790,0.0,96.56000000000653
14266,40.56,5791,0.0,96.56000000000653
15178,40.5,5792,0.0,96.56000000000653
14086,39.95,5793,0.0,96.56000000000653
16659,39.12,5794,0.0,96.56000000000653
17246,38.92,5795,0.0,96.56000000000653
18019,38.45,5796,0.0,96.56000000000653
15455,38.25,5797,0.0,96.56000000000653
15693,37.5,5798,0.0,96.56000000000653
16162,37.4,5799,0.0,96.56000000000653
17352,36.25,5800,0.0,96.56000000000653
14993,36.13,5801,0.0,96.56000000000653
16417,35.7,5802,0.0,96.56000000000653
17831,35.400000000000006,5803,0.0,96.56000000000653
15744,34.8,5804,0.0,96.56000000000653
17533,34.8,5805,0.0,96.56000000000653
15871,33.099999999999994,5806,0.0,96.56000000000653
16941,33.0,5807,0.0,96.56000000000653
14977,31.929999999999996,5808,0.0,96.56000000000653
17129,31.85,5809,0.0,96.56000000000653
13915,31.200000000000003,5810,0.0,96.56000000000653
14144,30.599999999999998,5811,0.0,96.56000000000653
13120,30.599999999999998,5812,0.0,96.56000000000653
16548,30.15,5813,0.0,96.56000000000653
15575,30.1,5814,0.0,96.56000000000653
15657,30.0,5815,0.0,96.56000000000653
17319,29.1,5816,0.0,96.56000000000653
17102,25.5,5817,0.0,96.56000000000653
15284,24.75,5818,0.0,96.56000000000653
14610,24.35,5819,0.0,96.56000000000653
16537,23.35,5820,0.0,96.56000000000653
12606,21.0,5821,0.0,96.56000000000653
17986,20.8,5822,0.0,96.56000000000653
16953,20.8,5823,0.0,96.56000000000653
15999,20.4,5824,0.0,96.56000000000653
16093,17.0,5825,0.0,96.56000000000653
12846,15.58,5826,0.0,96.56000000000653
17900,15.0,5827,0.0,96.56000000000653
14580,14.850000000000001,5828,0.0,96.56000000000653
14900,13.919999999999998,5829,0.0,96.56000000000653
17956,12.75,5830,0.0,96.56000000000653
18115,9.700000000000001,5831,0.0,96.56000000000653
15040,7.49,5832,0.0,96.56000000000653
15913,6.300000000000001,5833,0.0,96.56000000000653
16738,3.75,5834,0.0,96.56000000000653
13788,3.75,5835,0.0,96.56000000000653
14095,2.95,5836,0.0,96.56000000000653
16454,1.9000000000000004,5837,0.0,96.56000000000653
12558,1.0658141036401503e-14,5838,0.0,96.56000000000653
12607,3.552713678800501e-15,5839,0.0,96.56000000000653
12768,3.552713678800501e-15,5840,0.0,96.56000000000653
12773,1.7763568394002505e-15,5841,0.0,96.56000000000653
18274,1.7763568394002505e-15,5842,0.0,96.56000000000653
