Invoice,OrderValue,ItemsPerOrder
489434,505.3,8
489435,145.79999999999998,4
489436,630.33,19
489437,310.75,23
489438,2286.24,17
489439,426.3,19
489440,50.4,2
489441,344.34000000000003,4
489442,382.37,23
489443,285.06,7
489444,141.0,1
489445,308.44,19
489446,996.1,27
489447,130.0,1
489448,570.24,4
489450,196.10000000000002,9
489460,485.79,15
489461,589.33,26
489462,148.3,13
489465,1197.8000000000002,19
489488,251.1,30
489505,255.5,10
489514,823.02,32
489517,282.46000000000004,38
489519,696.73,38
489520,733.63,30
489522,700.31,104
489523,1160.0,1
489526,929.92,44
489529,229.46,50
489531,145.0,14
489532,304.53000000000003,20
489533,192.75,22
489536,367.40999999999997,130
489537,633.33,59
489539,2887.14,17
489540,537.96,5
489542,387.6,2
489544,281.82,14
489545,124.95,32
489546,584.5,33
489547,641.45,22
489550,482.3,23
489552,278.61,25
489556,379.65,59
489557,603.94,21
489558,291.58000000000004,4
489559,128.60000000000002,8
489560,859.0999999999999,30
489561,246.86,27
489562,229.6,39
489564,322.9,14
489566,218.54999999999998,8
489567,307.8,20
489569,282.28,18
489571,156.71,30
489572,507.49,83
489573,580.02,32
489574,551.33,65
489575,367.28000000000003,22
489576,319.66,17
489579,219.82,34
489580,261.0,8
489581,124.83000000000001,10
489582,293.95,9
489584,21.95,1
489585,105.85,4
489586,263.42,6
489590,362.78000000000003,27
489593,423.87,30
489594,322.33,51
489598,822.37,50
489599,2454.68,79
489606,2.1,1
489611,2.95,1
489613,12.75,1
489617,198.0,16
489634,17.4,1
489635,352.85,21
489637,535.9,20
489639,31.200000000000003,1
489640,329.90999999999997,27
489641,622.1,30
489644,896.5400000000001,26
489645,261.74,32
489650,173.1,7
489652,294.14,17
489654,222.12,30
489656,1237.3,22
489657,55.2,3
489658,828.09,21
489661,23.48,4
489662,73.75,1
489664,374.43,11
489665,252.3,10
489666,263.09000000000003,15
489667,538.46,10
489668,378.12,8
489669,397.20000000000005,3
489670,114.60000000000001,2
489671,740.3,8
489672,772.65,32
489673,61.099999999999994,4
489674,261.3,17
489675,4939.22,22
489676,1210.8,5
489677,192.0,2
489678,189.29999999999998,20
489679,795.98,42
489680,45.0,1
489681,89.59,11
489682,125.73,4
489683,1317.97,46
489684,266.6,9
489687,221.53,12
489688,299.70000000000005,3
489695,306.95,15
489699,401.7,25
489702,3108.64,30
489705,17.0,1
489723,2052.12,26
489725,216.0,1
489726,750.0,1
489727,900.0,1
489728,180.45,10
489733,168.0,2
489743,538.77,33
489748,754.2,3
489764,223.1,14
489765,285.59,41
489766,130.18,46
489780,159.98000000000002,8
489782,230.46,22
489783,162.04,7
489784,40.8,4
489785,333.67,20
489786,216.86,44
489787,319.54,74
489788,119.16,17
489789,80.4,5
489790,131.12,2
489791,221.19,65
489792,923.79,58
489793,260.36,16
489794,58.2,4
489795,935.01,13
489796,311.5,19
489797,200.63,26
489798,311.69,20
489800,408.07,32
489801,128.48000000000002,6
489802,174.52,45
489804,251.17000000000002,16
489805,454.35,46
489807,180.13,28
489808,109.84,17
489809,112.5,6
489810,493.25,26
489811,634.29,9
489812,597.6899999999999,25
489814,824.1800000000001,89
489815,132.55,9
489816,284.55,27
489817,340.2,3
489818,294.3,14
489819,618.4300000000001,13
489822,371.27000000000004,54
489823,87.30000000000001,6
489824,176.88,44
489825,174.1,11
489826,85.95,10
489827,445.7,23
489829,472.47,8
489830,637.04,69
489831,1008.0,1
489832,316.22,55
489833,150.68,24
489834,214.79999999999998,1
489835,714.0,2
489837,514.97,47
489840,89.69999999999999,1
489855,157.91,29
489862,734.7,4
489863,66.82,18
489864,206.85,3
489865,234.87,18
489866,1003.83,120
489868,675.0,14
489869,39.980000000000004,17
489870,162.1,3
489871,735.7,5
489872,632.9,22
489873,10.2,1
489874,176.6,12
489875,530.76,95
489876,39.85,18
489877,368.1,4
489878,143.11,38
489879,163.47,44
489880,380.28000000000003,22
489883,578.28,27
489884,3.61,1
489888,597.4,26
489889,4734.24,20
489890,976.8,3
489891,181.08,6
489893,300.1,9
489894,520.2,27
489895,371.82,22
489896,337.93,20
489897,260.44,13
489900,287.37,19
489902,119.10000000000001,4
489904,203.78,13
489905,478.7,19
489906,120.0,4
489907,202.06,11
489908,107.33,6
489909,642.2,16
489910,144.0,1
489912,1146.1000000000001,58
489913,69.6,3
489914,993.0,29
489915,54.599999999999994,2
489916,336.0,9
489932,82.6,6
489935,181.65,2
489994,430.9,4
489996,320.40000000000003,5
489998,321.65,18
489999,154.2,7
490000,143.06,12
490001,169.5,2
490002,114.55,28
490003,317.55,12
490004,912.5600000000001,9
490005,556.75,25
490006,344.40000000000003,19
490008,503.93,64
490009,285.09,31
490010,1008.0,1
490011,221.69,43
490012,763.35,27
490013,500.55,33
490014,744.21,93
490017,393.65,99
490018,4380.0,4
490019,308.6,15
490020,37.8,3
490021,10.2,1
490022,45.60000000000001,3
490023,189.15,4
490024,215.0,49
490034,69.82,11
490045,180.39,22
490046,228.3,7
490047,263.85,28
490048,1146.71,35
490049,102.0,1
490050,13.5,1
490052,831.0,42
490053,119.54,17
490054,277.5,7
490056,61.12,16
490057,360.52,20
490058,47.85,2
490059,14475.0,9
490060,314.22,17
490061,4000.0,4
490062,165.3,8
490063,210.39,52
490064,355.59000000000003,19
490065,1260.0,1
490066,372.2,7
490067,952.61,24
490068,284.3,9
490069,161.39999999999998,5
490070,236.25,5
490071,294.85,19
490072,194.65,30
490073,258.1,13
490075,381.0,4
490077,115.50999999999999,6
490078,584.35,29
490079,160.35,10
490080,311.7,15
490081,723.09,20
490082,337.9,7
490083,2506.14,61
490085,170.06,15
490086,799.2,1
490087,898.1800000000001,51
490088,17.0,2
490089,466.20000000000005,1
490090,45.55,17
490091,636.0,1
490092,510.87,23
490093,1794.7,64
490094,851.76,1
490095,186.36,12
490097,279.42,36
490099,1225.98,74
490100,869.9300000000001,83
490101,338.5,11
490106,314.37,20
490107,110.69999999999999,8
490108,239.68,5
490109,415.0,20
490110,30.15,2
490111,321.21000000000004,31
490112,313.19,20
490113,39.2,11
490114,257.62,22
490115,342.6,12
490116,122.39999999999999,4
490118,317.04,47
490119,108.75,1
490121,112.03,32
490124,319.87,44
490125,297.05,9
490127,569.1800000000001,33
490128,241.8,14
490132,197.3,12
490134,151.65,25
490135,387.87,18
490136,174.85,41
490137,160.69,21
490138,339.78,14
490139,210.55,13
490140,407.22,43
490141,308.75,18
490142,1261.0,14
490143,1610.52,76
490144,337.1,18
490145,989.18,39
490147,510.64,8
490151,160.39,14
490152,682.65,29
490154,290.48,49
490156,455.36,6
490157,138.0,1
490158,508.26,22
490159,19.5,2
490160,244.79999999999998,1
490161,825.94,59
490162,280.2,26
490163,141.63,17
490164,1058.4,41
490166,371.85,12
490167,312.21,8
490171,29.28,5
490202,410.0,20
490209,908.0400000000001,5
490212,108.95,12
490214,319.15,20
490218,67.67999999999999,3
490219,155.65,7
490229,1185.16,34
490247,351.3,11
490258,20.4,1
490266,231.2,8
490272,521.38,59
490277,1077.6,10
490279,317.83,83
490281,311.2,16
490282,107.95,7
490284,439.46,53
490285,373.74,7
490286,762.1,53
490287,367.1,14
490288,332.16,3
490289,273.75,20
490290,164.03,10
490291,424.03,38
490292,460.55,62
490293,137.4,14
490294,378.96,61
490295,435.88,17
490297,694.2,14
490298,1523.2,40
490299,621.22,44
490300,260.64,95
490301,345.27,9
490302,303.62,69
490303,106.25,7
490304,843.01,46
490305,726.57,33
490308,194.53,16
490310,231.90000000000003,4
490311,307.65000000000003,22
490312,326.13,61
490313,137.95,6
490320,867.89,9
490323,236.69,65
490324,672.0,2
490326,149.10000000000002,10
490327,990.0,2
490331,298.99,59
490340,630.39,47
490341,334.65,19
490342,130.8,4
490346,216.6,16
490347,109.4,8
490349,32.25,3
490353,532.28,44
490355,538.1099999999999,4
490356,117.13000000000001,9
490359,59.5,1
490360,126.8,21
490362,220.9,37
490363,138.24,1
490364,103.95,6
490365,351.6,5
490366,227.25,14
490367,79.6,2
490368,159.1,2
490369,230.2,4
490370,452.95,26
490371,233.70999999999998,14
490372,434.15,15
490373,502.54,18
490374,136.75,9
490375,350.55,20
490376,796.5500000000001,24
490377,15.0,1
490378,224.1,15
490380,478.74,18
490381,97.11,7
490382,760.69,32
490383,148.3,4
490385,130.32,5
490386,549.77,33
490387,450.84000000000003,18
490388,146.62,9
490389,689.5,33
490390,256.2,8
490391,304.1,11
490392,203.32,9
490393,281.02,19
490394,870.2800000000001,18
490395,283.15,13
490396,269.15,15
490397,309.1,18
490398,567.71,29
490399,441.63,23
490400,689.9,49
490401,139.25,13
490403,316.74,94
490404,188.69,23
490405,260.65,21
490408,413.44,15
490430,253.55,13
490458,817.4399999999999,23
490459,950.69,54
490461,720.79,116
490463,305.5,8
490464,118.25999999999999,16
490465,933.35,69
490466,183.6,24
490467,280.94,44
490468,204.24,12
490470,242.96,49
490471,212.13,29
490472,619.24,30
490473,204.65,25
490474,748.42,35
490476,211.62,3
490477,533.14,18
490478,302.5,42
490479,1450.2,35
490481,21.25,2
490482,289.3,27
490483,132.4,10
490484,186.6,4
490485,125.94,17
490486,90.0,1
490487,81.3,11
490488,647.82,33
490489,266.19,24
490490,547.73,86
490491,175.20000000000002,6
490493,12.75,1
490494,192.26999999999998,55
490496,671.56,52
490499,406.70000000000005,21
490500,355.13,33
490501,285.64,32
490502,101.4,19
490503,582.12,40
490504,391.92,25
490505,98.16,16
490506,25.46,11
490508,450.84000000000003,18
490511,626.6,18
490512,235.13,51
490514,137.75,24
490515,147.4,9
490516,504.54,18
490518,474.32,16
490519,213.65,13
490521,235.84,15
490522,150.4,8
490524,436.18,24
490525,255.00000000000003,11
490526,533.97,28
490527,182.01,10
490528,118.25,26
490529,48.89,14
490530,161.8,5
490531,166.95,15
490533,378.05,45
490534,263.68,48
490535,560.58,18
490536,221.9,10
490537,209.41,16
490538,504.54,18
490539,346.0,13
490542,716.35,20
490545,34.0,1
490547,311.2,12
490548,504.54,18
490557,463.0,21
490561,41.300000000000004,1
490563,808.12,28
490564,367.9,11
490569,411.20000000000005,9
490577,187.19,14
490603,287.49,37
490604,682.4,8
490605,191.74,14
490606,426.0,15
490607,173.54999999999998,10
490608,163.77,31
490609,218.33,46
490610,211.62,15
490611,312.65,12
490612,610.95,41
490613,224.98,17
490616,214.79999999999998,6
490618,44.7,2
490625,362.6,7
490636,425.09000000000003,44
490637,452.15999999999997,11
490638,147.1,4
490640,321.00000000000006,8
490641,51.0,2
490642,446.4,24
490653,990.48,11
490657,208.82999999999998,27
490659,380.84000000000003,16
490665,76.5,3
490667,238.85,50
490668,312.33000000000004,6
490669,214.17000000000002,30
490670,143.70000000000002,11
490671,488.16,1
490672,660.96,2
490673,156.5,7
490674,242.1,14
490675,696.5400000000001,16
490676,451.44,17
490677,151.72,10
490678,380.65000000000003,12
490679,379.16,47
490680,293.35,21
490681,164.75,44
490682,285.9,5
490683,413.00000000000006,15
490684,74.56,4
490685,1066.82,90
490686,153.28,9
490687,924.95,40
490689,307.90999999999997,18
490690,207.9,3
490691,306.0,1
490692,195.78,20
490693,190.47,56
490694,1244.3200000000002,22
490695,108.4,16
490697,378.84000000000003,16
490703,154.2,8
490704,355.38,3
490705,204.0,2
490706,1088.63,42
490707,45.9,16
490708,241.05,13
490709,198.98000000000002,60
490710,332.70000000000005,5
490711,448.96,73
490712,331.40000000000003,20
490714,4.95,1
490717,449.95,43
490718,485.31,21
490719,668.1,76
490720,357.87,5
490722,386.39,25
490724,716.04,12
490725,343.44,4
490726,561.5999999999999,3
490727,285.35,40
490728,221.52,27
490733,412.6,7
490734,306.55,9
490737,389.62,15
490738,25.5,1
490747,8.92,2
490749,580.6400000000001,10
490750,312.96,3
490751,1429.83,17
490752,356.40000000000003,5
490753,322.65,22
490754,302.78000000000003,20
490755,338.34000000000003,11
490757,425.59000000000003,20
490759,182.88,1
490760,10.0,1
490761,255.04,16
490762,323.39,13
490763,1019.9999999999999,1
490764,306.45,10
490767,44.32,13
490769,221.0,3
490770,135.94,15
490782,707.93,28
490785,2590.7999999999997,2
490786,30.599999999999998,3
490789,192.54999999999998,9
490796,870.63,26
490797,155.7,8
490800,7.800000000000001,1
490801,660.0,2
490802,19.5,1
490803,207.32,6
490804,487.09000000000003,33
490805,215.0,12
490806,39.400000000000006,2
490808,134.04,25
490809,159.0,3
490810,259.92,3
490811,309.7,17
490817,1806.19,56
490823,304.8,10
490834,564.38,42
490836,2.9,1
490838,20.25,3
490846,129.3,10
490847,249.64,9
490851,311.8,10
490855,363.6,2
490863,88.05,13
490871,211.41,22
490881,10.0,1
490893,111.24000000000001,12
490899,792.84,47
490905,656.85,53
490917,312.9,12
490920,109.08,14
490921,42.300000000000004,2
490922,114.3,1
490924,123.1,26
490925,648.5,14
490926,250.02,36
490927,304.20000000000005,6
490928,404.44,49
490930,81.12,1
490932,12.4,1
490933,2452.56,8
490936,366.9,19
490937,2285.58,75
490938,215.3,33
490940,0.95,1
490941,644.52,61
490944,151.2,2
490945,97.55,15
490948,15.0,1
490953,966.6600000000001,57
490954,102.82,15
490956,2442.7200000000003,6
490957,3796.37,153
490958,328.8,6
490959,507.9,16
490961,194.75,10
490962,683.14,4
490964,104.15,51
490966,436.71,32
490968,484.0,8
490971,372.64,9
490972,728.0500000000001,23
490978,193.08,34
490981,313.45,15
490982,8.82,2
490984,303.45,9
490989,462.46,22
490990,271.85,69
490992,438.74,21
490998,379.13,14
490999,24.65,2
491006,272.5,18
491007,213.27,13
491008,191.89000000000001,7
491009,255.68,23
491010,318.0,16
491011,389.99,8
491014,549.09,27
491024,383.04,6
491025,325.44,1
491026,162.72,1
491033,328.02000000000004,8
491034,305.5,10
491035,295.35,18
491038,528.9,23
491039,301.0,5
491044,234.38,16
491045,303.2,6
491048,519.42,22
491049,748.9,15
491050,333.8,21
491051,408.51,24
491054,320.2,8
491055,219.55,9
491056,1007.74,11
491057,77.8,5
491058,307.95,13
491059,285.29999999999995,2
491060,392.40000000000003,2
491061,233.53000000000003,12
491062,124.0,3
491063,203.3,8
491064,185.9,50
491067,333.3,4
491068,700.4,51
491069,521.0500000000001,19
491070,383.8,9
491071,194.10000000000002,5
491072,15.45,5
491073,95.75999999999999,5
491074,23.6,1
491075,187.8,8
491077,433.05,67
491078,259.11,21
491079,588.85,17
491081,308.0,15
491082,1273.5,40
491083,322.98,41
491085,130.6,6
491086,267.26,32
491089,200.23999999999998,14
491090,351.45,12
491091,3249.32,42
491092,844.12,51
491093,1445.56,19
491094,216.0,1
491095,135.0,6
491096,175.95000000000002,9
491097,338.13,33
491098,179.78,23
491100,63.5,4
491101,298.68,39
491102,50.55,3
491103,163.26,9
491104,1552.9,7
491105,212.58,39
491109,143.36,22
491111,321.67,36
491112,174.33,6
491113,893.33,122
491116,301.57,13
491118,580.79,72
491122,601.6,21
491123,380.36,47
491124,327.38,17
491125,966.24,14
491126,389.34000000000003,21
491127,256.2,11
491129,50.699999999999996,2
491131,1.7,1
491132,171.6,7
491133,480.0,1
491136,343.52,13
491138,179.85,4
491143,476.03999999999996,2
491144,873.48,19
491145,135.0,7
491146,178.98000000000002,13
491147,34.3,8
491148,3882.66,26
491149,289.92,9
491150,435.6,6
491151,661.16,8
491152,436.8,6
491153,300.35,16
491154,289.85,14
491158,275.73,13
491159,291.0,4
491160,377.57,19
491161,109.35,3
491163,179.6,8
491164,33.55,14
491165,737.7,14
491169,8.5,1
491170,328.99,35
491171,203.85000000000002,21
491172,730.59,10
491173,248.49,27
491174,228.96,1
491175,347.54,9
491176,1213.02,1
491177,105.78000000000002,6
491178,390.44,37
491180,294.52000000000004,32
491181,592.2,8
491182,190.3,8
491183,945.58,57
491184,139.85000000000002,2
491185,421.17,33
491186,288.49,83
491187,97.5,5
491188,79.7,20
491189,31.200000000000003,1
491191,71.78999999999999,5
491192,509.3,35
491193,762.98,23
491194,302.70000000000005,11
491195,658.5,13
491196,165.5,2
491197,126.57,23
491198,95.55,6
491199,143.72,23
491200,165.0,1
491201,413.1,4
491203,580.15,10
491204,224.35999999999999,58
491205,1391.91,44
491207,105.75999999999999,12
491209,278.08,49
491210,785.62,40
491211,1766.28,37
491212,873.61,17
491226,448.2,15
491235,307.2,10
491238,170.45,12
491240,936.26,22
491247,436.40000000000003,12
491314,1505.4,6
491317,683.91,45
491318,369.6,2
491319,181.63,12
491320,178.2,2
491321,844.45,59
491340,517.7,56
491356,282.03000000000003,14
491358,99.60000000000001,13
491368,164.31,20
491385,328.7,5
491394,404.82,45
491395,204.26,23
491396,435.51,37
491397,155.79,27
491399,171.5,15
491400,427.52,22
491401,218.05,16
491403,616.53,46
491405,70.80000000000001,1
491406,792.02,140
491407,130.62,10
491408,133.75,7
491421,208.9,39
491422,864.8900000000001,33
491424,177.91,14
491425,230.0,23
491426,917.76,67
491427,583.7,55
491429,375.66,18
491431,1980.0,7
491432,325.64,19
491433,233.10000000000002,7
491434,327.32,15
491435,244.42000000000002,49
491436,10.14,1
491437,439.18,6
491438,375.18,13
491439,306.0,1
491440,1350.0,1
491442,102.0,1
491443,574.07,18
491444,41.89,2
491445,122.94999999999999,23
491447,15.9,1
491448,459.58,28
491449,1641.9,34
491450,634.88,10
491452,222.05,33
491453,86.75,16
491454,218.44,10
491456,11016.0,7
491457,362.93,57
491462,718.83,13
491463,7.5,2
491464,52.800000000000004,1
491465,350.68,14
491468,1107.95,50
491474,217.34,25
491479,391.16,38
491497,899.64,13
491498,209.59,18
491506,199.68,32
491508,348.6,8
491516,51.269999999999996,2
491528,307.54,37
491554,198.76999999999998,10
491555,513.54,21
491570,811.76,20
491584,525.34,45
491586,117.96000000000001,4
491587,500.0,1
491603,539.47,25
491607,289.53000000000003,12
491612,849.9399999999999,17
491613,252.04,34
491622,483.42,73
491625,615.3,7
491627,460.3,16
491629,308.81,16
491630,438.22,58
491631,160.55,8
491633,465.42,29
491634,574.09,125
491635,1323.86,22
491636,285.48,20
491637,638.52,24
491640,406.12,55
491642,358.32,64
491643,1056.86,17
491644,100.55,14
491645,156.14,44
491646,641.51,13
491647,15.5,1
491648,214.09,10
491649,549.08,4
491651,356.55,11
491652,510.36,51
491653,164.48,13
491654,469.49,45
491655,15.5,1
491656,344.65,28
491658,155.06,37
491659,416.82,24
491660,152.25,24
491661,326.4,1
491662,356.17,49
491663,90.95,17
491664,450.71,37
491665,1184.6100000000001,45
491666,335.98,23
491667,120.06,53
491668,370.2,6
491669,76.84,25
491670,650.88,10
491671,505.13,44
491672,336.82,14
491673,126.7,31
491674,591.48,21
491675,374.04,64
491677,15.0,1
491678,300.42,16
491679,145.06,35
491680,244.79999999999998,2
491681,272.4,20
491682,21.95,1
491683,361.55,58
491684,228.8,34
491685,5.1,1
491686,452.5,27
491687,588.4,8
491688,197.98,39
491690,511.64000000000004,15
491691,386.73,33
491692,856.78,39
491694,228.34,18
491695,106.65,32
491696,56.45,3
491697,493.37,43
491698,1014.54,46
491699,286.28000000000003,18
491700,507.65,60
491701,123.43,35
491703,399.79999999999995,36
491704,65.10000000000001,3
491706,15.299999999999999,1
491707,98.25,11
491708,100.80000000000001,1
491709,147.99,4
491710,258.3,15
491711,313.64,15
491712,360.51000000000005,28
491713,545.1,3
491714,526.46,88
491715,233.42000000000002,15
491716,217.8,16
491717,213.88,64
491718,181.51,11
491719,348.61,51
491720,261.7,26
491721,354.29,40
491722,292.98,15
491724,124.9,19
491725,45.0,1
491726,1081.66,68
491729,171.82,13
491730,252.12,16
491731,228.6,9
491733,366.4,7
491734,950.0,10
491735,225.8,15
491736,756.51,27
491737,31.929999999999996,4
491738,1286.43,65
491742,22.5,1
491743,597.56,9
491744,22.5,1
491745,66.75,5
491746,327.71000000000004,27
491747,187.70000000000002,13
491748,319.38,6
491750,572.05,34
491751,196.92000000000002,12
491752,309.3,11
491753,348.85,13
491754,38.66,4
491755,79.94999999999999,8
491756,318.36,18
491757,705.5999999999999,1
491758,400.91,67
491759,15.0,1
491760,170.04999999999998,4
491780,615.22,29
491782,162.25,8
491784,675.05,25
491800,5259.17,68
491803,698.61,97
491804,112.64,18
491805,1350.81,63
491806,8.95,1
491807,164.28,18
491809,272.02,37
491810,619.67,19
491811,290.15,28
491812,13854.2,113
491813,157.5,1
491814,310.43,23
491815,177.84,1
491816,1550.07,63
491825,414.36,25
491826,850.8299999999999,7
491828,409.2,4
491829,325.44,1
491831,137.73,33
491832,132.51,9
491833,390.66,105
491834,197.05,29
491840,129.6,17
491861,266.02,26
491868,431.98,21
491888,626.0,57
491893,274.0,67
491894,1126.81,17
491923,307.24,16
491924,700.83,56
491935,689.71,65
491941,70.80000000000001,2
491949,53.2,2
491950,238.05,16
491951,926.31,77
491953,2308.5,14
491954,88.5,6
491955,50.400000000000006,1
491956,381.4,21
491957,149.5,4
491958,99.86,3
491959,111.0,18
491960,659.4,25
491961,1456.2,24
491963,93.35000000000001,6
491964,45.300000000000004,3
491965,497.65000000000003,31
491967,384.16,42
491979,891.41,12
491980,227.72,6
491981,381.21999999999997,19
491982,154.69,6
491983,415.49,20
491984,306.54,19
491986,495.0,1
491987,62.31,4
491988,429.66,7
491991,27.0,2
491992,57.9,4
491993,304.7,12
491994,306.40000000000003,20
491995,367.75,9
491996,1337.0,6
491997,292.31,34
491998,297.86,15
491999,310.87,20
492003,253.42000000000002,16
492004,847.0,26
492005,2320.2000000000003,9
492007,169.5,1
492008,61.2,4
492009,174.65,15
492011,253.64000000000001,7
492012,675.12,50
492014,13.5,1
492015,1413.34,58
492016,179.36,13
492017,394.41999999999996,4
492018,531.3,36
492020,414.78,17
492021,208.79999999999998,1
492022,216.0,1
492035,285.22,18
492039,301.9,11
492051,870.84,21
492064,558.17,70
492071,6.75,1
492073,1500.46,6
492074,377.49,27
492075,477.36,79
492076,152.0,2
492077,290.72,31
492078,147.68,34
492079,324.8,15
492080,308.38,6
492092,698.2,42
492098,2343.72,24
492117,1021.53,39
492125,146.45999999999998,3
492127,538.77,16
492133,1737.2,4
492153,208.68,25
492168,391.55,27
492169,823.8100000000001,63
492170,138.22,5
492172,327.91,19
492173,316.39,15
492174,478.16,11
492175,182.25,9
492176,466.88,72
492177,598.2,11
492178,340.39,28
492179,24.630000000000003,7
492181,380.78,11
492185,960.0,1
492202,774.21,24
492203,204.0,1
492204,322.92,13
492208,334.14,16
492209,236.17,50
492210,263.4,2
492214,301.16,19
492216,939.21,41
492218,297.86,11
492220,205.32,52
492221,288.88,9
492222,187.84,11
492223,179.0,7
492224,801.3,9
492225,1084.08,16
492227,334.5,8
492228,343.66,13
492229,388.74,9
492230,60.48,1
492231,53.0,3
492232,61.45,3
492233,126.5,6
492234,297.4,11
492235,155.34,7
492236,2156.0,6
492237,3480.0,7
492238,520.46,10
492239,313.8,6
492240,575.64,10
492241,969.66,62
492242,321.65000000000003,18
492244,435.5,18
492245,243.86,18
492246,1226.79,31
492247,307.15,14
492248,511.2,7
492249,243.65,15
492250,462.95,17
492251,825.32,49
492252,357.0,14
492253,223.7,11
492269,855.45,20
492270,96.3,5
492271,68.69999999999999,3
492272,141.66,18
492273,10.2,1
492281,306.3,12
492282,371.48,21
492283,117.30000000000001,4
492285,164.1,9
492287,313.3,12
492290,187.44,12
492296,499.15,27
492297,307.95,16
492300,348.15,7
492302,183.4,9
492304,214.25,10
492312,123.19,11
492313,407.69,32
492314,336.6,14
492317,593.4,22
492318,214.21,15
492319,161.6,42
492321,1181.5,10
492322,352.0,1
492325,212.1,10
492328,271.56,9
492340,311.99,36
492342,1221.97,58
492347,1209.58,12
492348,540.66,5
492349,306.2,6
492351,35.45,9
492356,422.35,19
492357,115.3,13
492358,1750.43,46
492359,78.6,3
492360,584.1,37
492361,342.36,32
492362,436.56,21
492367,618.79,40
492368,519.53,50
492369,323.25,16
492370,130.51,33
492371,252.20000000000002,5
492372,195.50000000000003,11
492374,425.95,23
492375,14.2,2
492376,215.75,52
492378,422.15,11
492379,338.31,23
492380,274.32,9
492383,542.36,16
492387,1088.8,51
492391,340.67,13
492395,22.67,7
492397,78.2,2
492398,50.400000000000006,1
492399,320.65000000000003,21
492401,324.87,8
492403,276.5,12
492404,98.30000000000001,3
492405,255.37,56
492406,597.5,15
492407,278.07,44
492408,133.0,15
492409,189.31,11
492410,781.1,11
492412,136.20000000000002,5
492413,295.64,38
492415,904.3799999999999,15
492417,220.07,5
492418,3416.7200000000003,74
492419,426.09000000000003,69
492421,125.95,19
492423,124.57,13
492424,3.75,1
492426,301.02,6
492427,342.55,8
492428,447.53000000000003,27
492429,1425.3,23
492430,100.80000000000001,1
492431,353.0,11
492432,273.88,14
492433,176.4,11
492434,589.34,26
492435,140.9,41
492436,329.58,11
492437,323.78000000000003,16
492438,164.59,11
492439,1952.64,3
492440,295.55,11
492441,435.45,21
492442,323.0,3
492443,366.62,5
492444,171.26,11
492445,1594.85,29
492446,589.4,15
492448,699.08,14
492449,120.15,7
492462,233.94,37
492465,193.85,17
492472,172.07,45
492484,176.71,44
492499,400.76,8
492500,6.6,1
492512,199.19,12
492516,226.74,10
492517,233.4,14
492518,809.62,16
492519,299.65,6
492520,420.41,26
492521,71.4,5
492522,160.82999999999998,6
492524,391.44,11
492525,74.94,21
492526,7.8,3
492527,437.96000000000004,14
492528,302.06,11
492529,433.96,36
492530,2.95,1
492534,78.33,31
492535,286.04,17
492536,343.96000000000004,8
492537,411.7,26
492538,255.15,4
492539,252.59,20
492540,256.66,38
492542,88.28,21
492544,96.0,6
492545,139.0,8
492546,141.0,6
492547,424.3,32
492549,339.9,19
492571,310.70000000000005,9
492578,319.5,10
492579,1707.48,54
492580,144.51,13
492581,251.3,4
492582,322.6,15
492583,263.90000000000003,5
492585,754.75,74
492588,348.2,13
492589,95.4,3
492591,282.3,2
492592,799.3,78
492593,208.66,85
492594,117.35000000000001,7
492635,729.12,31
492640,421.4,44
492641,162.8,8
492643,234.54000000000002,21
492644,950.04,71
492650,803.25,1
492652,184.44,11
492659,173.22,51
492680,157.43,32
492684,144.6,9
492687,10.1,4
492705,429.8,52
492707,133.34,32
492708,428.44,23
492710,608.4,2
492711,6.75,1
492713,6.75,1
492714,351.69,45
492716,205.47,14
492717,458.20000000000005,8
492718,22.5,1
492720,896.8499999999999,10
492722,1.0,1
492723,8.4,1
492724,8370.08,52
492726,294.0,10
492727,567.0,1
492728,622.48,30
492729,366.58,52
492730,64.17,7
492731,290.65,9
492732,486.0,3
492733,376.0,19
492734,70.80000000000001,11
492735,668.65,23
492736,102.75,7
492737,356.95,29
492738,1010.55,57
492740,1839.5999999999997,4
492741,3.75,1
492742,1636.43,89
492743,143.7,6
492744,75.0,5
492745,310.01,20
492747,187.55,10
492749,757.45,36
492750,285.3,16
492751,316.59,44
492752,1.95,1
492753,779.04,34
492760,180.3,12
492761,664.65,25
492762,914.24,25
492763,307.91,17
492764,498.5,23
492765,495.65000000000003,27
492766,211.36,6
492767,340.5,6
492768,316.54,21
492769,272.0,4
492770,86.46000000000001,5
492771,101.03999999999999,7
492772,131.25,9
492773,914.16,36
492774,314.44,18
492775,312.6,16
492776,410.42,33
492777,207.71,11
492778,376.84999999999997,14
492779,107.3,13
492780,3.9,2
492781,646.3000000000001,21
492784,403.56,74
492785,485.40000000000003,9
492792,330.05,15
492793,313.83000000000004,5
492794,310.72,19
492795,158.6,13
492796,153.2,12
492797,353.25,20
492798,193.53,36
492799,511.14,20
492800,243.0,11
492801,254.54,38
492803,383.86,38
492804,264.64,18
492805,243.65,20
492806,756.15,11
492807,342.82,30
492808,464.56,8
492809,316.83,22
492810,602.4000000000001,5
492811,226.54000000000002,25
492812,554.0,31
492813,622.65,35
492814,412.62,7
492815,111.68,28
492816,330.6,17
492817,199.13,4
492818,259.15,14
492819,913.1500000000001,22
492820,192.09,21
492822,46.8,1
492823,379.72,29
492824,3.37,2
492830,975.06,46
492832,321.88000000000005,12
492834,367.8,8
492836,200.0,1
492837,633.22,11
492839,673.12,65
492840,107.1,1
492841,7.95,1
492842,607.0,2
492843,456.0,5
492869,122.25,12
492875,270.0,8
492878,266.7,15
492891,318.66,5
492929,371.55,50
492935,74.1,1
492940,209.4,7
492942,305.95,14
492943,7112.68,35
492944,138.75,9
492945,308.34000000000003,18
492948,154.65,19
492949,66.48,3
492950,801.4300000000001,25
492951,433.99,8
492953,487.3,28
492954,178.5,2
492975,50.25,9
492993,30.64,12
493050,122.3,24
493052,303.85,17
493053,66.2,12
493069,196.75,6
493071,398.70000000000005,2
493076,24.450000000000003,3
493077,313.6,13
493139,581.4499999999999,46
493157,212.21,28
493181,3284.88,23
493183,568.51,21
493187,192.42000000000002,16
493188,22.96,11
493189,68.14,26
493200,66.01,13
493257,1072.44,8
493258,2872.04,5
493266,136.3,6
493300,131.8,9
493301,179.46,3
493302,21.51,7
493303,12.72,1
493304,21.4,8
493308,324.99,21
493325,701.1999999999999,6
493326,799.9200000000001,7
493360,113.12,6
493371,352.05,23
493372,643.7,40
493375,163.2,24
493376,1.95,1
493393,2565.83,103
493395,2583.23,104
493398,66.9,10
493399,879.72,10
493407,24.6,7
493409,612.0,1
493410,22.5,1
493412,22.5,1
493414,290.2,6
493427,264.38,18
493428,230.9,24
493432,481.38,49
493433,405.3,14
493434,1021.0200000000001,9
493435,797.65,66
493436,3000.2400000000002,18
493437,758.4000000000001,2
493438,360.0,2
493439,2021.72,16
493442,309.2,57
493443,567.5,47
493444,211.29,42
493446,189.68,47
493463,30.37,14
493467,415.84999999999997,26
493536,412.17,63
493537,660.0,2
493540,165.0,1
493542,118.75,14
493543,425.06,40
493546,136.28,14
493565,133.2,8
493566,316.7,3
493568,644.58,37
493569,279.11,13
493571,135.25,8
493573,364.04,15
493574,531.72,26
493575,302.2,9
493577,311.42,20
493609,42.0,1
493613,510.0,1
493619,309.46,9
493666,585.85,38
493667,974.39,25
493670,614.05,76
493671,757.1,43
493672,464.37,65
493685,906.23,13
493695,386.93,66
493696,2054.79,48
493699,256.7,3
493700,255.05,15
493701,714.05,58
493702,1600.0,2
493703,1560.0,3
493704,346.75,58
493706,848.75,56
493707,588.3100000000001,13
493708,980.63,41
493709,442.44,17
493710,118.10000000000001,9
493715,167.27,41
493716,468.56,41
493717,299.34,30
493718,421.15999999999997,19
493719,627.91,38
493720,551.45,10
493721,151.1,23
493722,1640.58,13
493738,586.1600000000001,12
493739,689.8199999999999,24
493755,57.599999999999994,1
493757,635.85,22
493759,754.81,103
493760,30.45,3
493761,2179.08,24
493762,414.71999999999997,1
493765,1390.52,9
493793,750.0,1
493794,318.0,1
493796,2287.2,4
493797,306.0,1
493798,1377.8799999999999,3
493799,2427.6,2
493800,854.72,13
493801,9.9,1
493802,935.5500000000001,25
493804,332.58,19
493806,26.05,4
493810,93.05000000000001,5
493812,3677.9,199
493813,392.95000000000005,7
493814,202.73000000000002,24
493815,108.37,8
493816,212.0,5
493817,323.40000000000003,24
493818,360.76,8
493819,44051.6,94
493820,262.05,31
493824,165.60000000000002,8
493825,200.09,22
493826,49.2,6
493827,324.24,9
493828,316.2,17
493834,334.35,29
493840,614.5,9
493841,699.83,44
493843,217.2,7
493844,140.22000000000003,8
493846,284.52,9
493847,518.14,29
493848,158.0,9
493860,452.6,14
493863,2130.3,38
493865,1251.7,54
493866,439.28000000000003,27
493872,314.46000000000004,19
493873,589.07,29
493874,302.9,14
493875,237.45000000000002,12
493876,205.75,11
493877,2388.82,62
493878,508.72,35
493880,563.98,14
493881,357.0,6
493882,680.22,25
493883,3528.0,2
493884,396.0,2
493885,6624.0,4
493886,500.89,30
493887,760.02,6
493897,780.52,1
493899,404.55,28
493900,780.52,1
493922,194.1,12
493923,702.5500000000001,22
493924,180.0,1
493925,228.29999999999998,12
493926,228.67000000000002,6
493927,358.67999999999995,2
493929,281.25,7
493930,141.60000000000002,1
493941,382.32,2
493945,200.45,6
493946,363.74,22
493947,284.34000000000003,30
493948,1104.25,11
493949,174.1,11
493950,740.63,23
493951,114.60000000000001,2
493952,212.4,2
493953,328.62,18
493954,258.39,14
493955,1190.46,30
493956,101.85000000000001,7
493957,304.76,6
493959,177.35000000000002,9
493960,483.57,31
493961,354.69,37
493962,673.0,29
493963,465.8,12
493964,1970.19,101
493965,236.8,28
493968,691.04,16
493969,1007.7800000000001,38
493970,297.1,9
493971,152.05,39
493972,327.6,13
493973,91.28,16
493974,241.54,38
493975,760.24,28
493976,497.20000000000005,28
493977,275.95,22
493978,1276.23,59
493979,147.6,32
493980,601.8000000000001,6
493981,3654.38,55
493982,268.3,25
493983,447.36,8
493985,328.05,17
493987,716.4300000000001,4
493988,300.6,5
493989,1192.9,46
493990,168.3,10
493991,238.79999999999998,1
493993,635.88,27
493994,5520.0,4
493995,2699.44,19
493996,307.06,19
493997,137.79,29
493998,305.8,10
494000,443.48,7
494001,552.79,28
494002,290.12,26
494003,194.25,18
494004,338.71,18
494007,136.15,29
494008,326.54,18
494009,345.18,19
494010,126.15,6
494020,249.6,9
494021,357.17,17
494022,1980.0,7
494023,488.68,18
494026,365.03999999999996,1
494027,209.00000000000003,12
494028,306.62,22
494029,478.77000000000004,9
494032,306.74,20
494035,521.0500000000001,29
494036,595.0,10
494037,565.0,8
494040,9.700000000000001,3
494042,975.11,1
494045,435.88,1
494046,47.4,4
494047,473.56,16
494048,499.36,13
494079,150.31,21
494108,858.27,59
494110,408.42,18
494113,150.0,1
494118,305.28,2
494119,559.96,10
494120,1642.5,1
494128,60.300000000000004,3
494139,271.2,19
494140,117.0,2
494141,256.8,9
494142,165.8,17
494143,881.2,25
494146,152.88,2
494148,803.76,35
494149,321.52,6
494150,726.6,3
494153,142.35,10
494154,384.49,14
494157,463.11,18
494160,368.1,2
494161,833.94,9
494163,95.19999999999999,2
494164,24.45,2
494165,235.8,2
494167,133.51999999999998,6
494169,163.4,4
494170,484.54,12
494206,495.0,2
494207,293.35,11
494208,137.7,38
494209,260.15000000000003,11
494210,731.52,1
494211,120.7,8
494212,690.52,51
494213,101.95,26
494214,1579.72,60
494216,446.1,3
494217,308.24,4
494218,204.28,36
494227,658.95,32
494228,285.83,21
494229,1218.8,19
494230,32.5,5
494233,1254.56,52
494234,5.0,1
494235,643.5,17
494236,120.0,2
494237,219.89000000000001,24
494239,584.08,148
494240,665.1,20
494241,326.98,16
494243,18532.3,44
494244,6711.0,18
494246,36.25,5
494264,432.83,43
494267,363.12,70
494268,306.3,16
494269,334.99,22
494272,321.44,21
494275,534.6,11
494276,305.09999999999997,7
494277,1335.92,5
494278,708.2,11
494280,854.35,33
494281,317.64,2
494327,430.83,8
494335,288.85,17
494336,332.7,11
494338,403.06,8
494339,530.34,38
494342,177.9,4
494343,143.22,15
494344,89.32,5
494345,374.11,21
494348,546.95,1
494349,117.80000000000001,14
494351,354.45,1
494354,1273.5,34
494357,1383.4099999999999,36
494359,383.02,102
494362,119.38000000000001,19
494364,748.91,45
494383,179.7,2
494384,381.66,25
494385,486.64,25
494389,480.47,29
494390,520.24,27
494391,164.34,12
494392,129.09,6
494394,274.2,15
494395,953.5,55
494416,371.46999999999997,23
494419,39.8,1
494429,141.6,2
494432,1240.0,8
494433,244.79999999999998,1
494434,302.15,18
494435,201.05,16
494436,419.65,16
494437,222.85,22
494439,328.5,4
494440,290.72,16
494441,182.46,12
494442,671.9300000000001,40
494443,272.73,45
494445,280.82,16
494447,354.66,17
494450,22.5,1
494451,355.62,50
494454,127.7,8
494455,532.1,20
494456,290.63,17
494458,15.0,1
494459,925.85,48
494467,475.88,42
494468,343.2,19
494469,429.64,10
494470,130.8,1
494471,1639.1200000000001,118
494473,859.27,42
494475,125.97,20
494476,367.68,11
494478,975.76,20
494479,858.25,76
494480,855.9,100
494481,532.1,20
494482,1131.62,40
494483,939.4,36
494484,327.19,22
494490,498.12,20
494498,12.600000000000001,1
494499,470.22,20
494503,485.52000000000004,20
494504,93.47,6
494505,169.33,10
494506,439.62,20
494507,278.38,30
494508,113.80000000000001,4
494509,45.599999999999994,2
494510,439.62,20
494511,1075.27,57
494512,301.6,17
494513,45.0,1
494514,694.2,20
494515,2370.7799999999997,20
494516,306.40000000000003,21
494518,330.0,2
494529,280.05,13
494533,137.1,5
494585,7.1,5
494586,244.19,40
494587,60.120000000000005,15
494588,347.0,3
494589,482.8,20
494590,2.95,1
494591,89.25,2
494594,316.25,10
494603,193.68,10
494605,120.95,5
494606,347.34000000000003,24
494607,91.5,3
494608,521.9,20
494611,79.19999999999999,1
494612,148.15,11
494613,361.81,23
494614,506.6,20
494616,110.72,9
494617,290.0,10
494618,235.51999999999998,16
494619,738.1800000000001,32
494620,208.1,13
494621,195.2,19
494622,55.47,17
494623,175.37,11
494624,158.9,11
494625,205.48,46
494627,83.4,4
494630,244.2,7
494632,306.3,20
494634,214.0,16
494635,226.49,13
494636,224.09,34
494637,113.33,23
494638,278.47,48
494639,975.0,43
494640,409.69,47
494641,1568.87,5
494642,521.9,20
494643,1936.74,15
494644,519.18,129
494645,242.5,17
494646,136.8,4
494647,1185.81,25
494648,454.90000000000003,20
494649,156.32999999999998,12
494651,685.9,46
494652,560.23,37
494653,400.8,23
494654,587.52,7
494655,240.0,14
494656,294.4,15
494657,101.3,14
494658,135.57999999999998,26
494659,383.5,18
494660,185.8,27
494661,150.18,28
494662,377.32,32
494663,239.84,12
494664,443.83000000000004,22
494665,488.68,25
494666,1258.38,143
494667,206.4,4
494668,182.25,22
494669,146.81,18
494670,608.75,36
494671,185.7,7
494672,151.49,13
494673,514.81,16
494674,151.11,44
494676,144.1,22
494677,202.35000000000002,13
494678,3151.0,15
494679,299.49,24
494680,263.83,15
494681,369.44,19
494682,359.16,43
494683,226.08,28
494684,112.95,8
494686,206.44,18
494687,83.4,1
494732,658.73,39
494762,181.44,35
494768,297.32,20
494778,308.39,59
494779,216.72,31
494780,838.75,27
494783,482.4,25
494785,380.52,19
494787,206.38,50
494788,11.9,1
494789,125.63000000000001,7
494790,213.53,9
494792,235.89000000000001,26
494794,291.5,19
494795,189.3,15
494797,181.3,38
494798,376.25,28
494799,443.13,23
494803,205.82,41
494804,463.0,31
494805,7.5,1
494807,60.959999999999994,6
494808,223.54,42
494809,8.5,1
494811,250.15,64
494815,246.75,14
494816,76.74000000000001,6
494817,226.62,7
494818,80.8,5
494819,320.7,11
494823,100.8,3
494827,332.5,12
494836,205.7,13
494847,154.83,9
494860,211.95,23
494866,676.4,67
494867,270.8,25
494868,1537.31,37
494870,673.15,142
494871,740.76,24
494872,286.43,18
494873,715.5,43
494874,346.36,4
494875,4448.09,52
494876,155.55,5
494878,113.28,6
494887,196.64999999999998,4
494888,45.0,1
494889,291.38,52
494890,92.35,27
494891,1130.22,71
494892,8.7,1
494893,940.74,49
494894,279.0,2
494895,724.13,39
494896,360.87,18
494897,537.78,31
494898,122.7,9
494899,72.0,1
494900,684.48,16
494904,310.26,22
494905,200.18,16
494906,273.56,27
494908,152.64000000000001,1
494912,1376.46,30
494913,189.95,17
494914,771.641,20
494915,972.44,81
494916,174.12,35
494917,183.20000000000002,30
494919,1352.4,9
494920,35.72,3
494921,323.0,5
494922,282.33,16
494930,480.0,5
494931,1135.01,28
494946,554.94,28
494966,278.16999999999996,16
494971,221.32,3
494987,777.53,46
494989,348.71,77
494990,322.29,22
494991,211.85,26
494993,133.25,20
494994,216.0,4
494995,301.58,27
494996,133.8,6
494997,228.96,1
495009,171.45999999999998,14
495010,181.45,11
495011,161.3,10
495016,529.01,102
495020,846.46,48
495022,9.7,2
495028,202.35,20
495029,255.64000000000001,43
495030,835.45,53
495031,463.16,26
495033,81.75,5
495053,101.43,8
495055,756.85,1
495056,756.85,1
495057,282.75,12
495058,167.1,26
495059,226.89000000000001,34
495071,455.0,3
495072,833.52,44
495073,3590.07,74
495074,108.72,7
495075,411.92,5
495077,303.8,20
495078,157.8,2
495079,274.89,17
495080,54.95,3
495085,303.87,16
495090,537.25,25
495102,686.22,83
495110,199.53,30
495148,523.48,22
495149,216.22,15
495150,149.0,18
495151,104.38,38
495152,393.88,32
495153,438.05,35
495154,130.8,1
495158,218.8,27
495171,133.15,5
495176,413.0,28
495177,412.15,32
495178,534.7,51
495179,260.0,11
495182,269.90999999999997,6
495183,1210.43,71
495184,345.29,46
495185,2507.06,44
495187,527.3000000000001,56
495188,588.45,21
495189,127.48,10
495192,324.9,14
495193,227.1,53
495194,6989.4,15
495195,368.8,24
495196,25.3,8
495197,284.2,11
495198,373.8,3
495200,323.66,19
495206,258.09,22
495208,11.25,3
495215,192.45000000000002,10
495224,17.49,5
495225,173.66,25
495226,212.25,5
495227,188.54,37
495228,8951.24,40
495229,1222.32,9
495230,724.92,44
495232,1193.89,71
495233,96.0,1
495235,1193.89,1
495236,812.44,11
495237,526.96,35
495238,302.06,21
495240,555.0,1
495241,436.3,8
495242,13.5,1
495243,256.95,16
495244,920.95,48
495276,1075.3000000000002,5
495277,210.05,11
495279,597.44,15
495280,323.65,21
495289,302.4,9
495290,299.89,37
495291,256.6,15
495292,231.54999999999998,13
495293,192.51,10
495294,238.78000000000003,12
495295,22.5,1
495300,1120.46,30
495302,189.0,1
495304,701.55,39
495307,908.14,19
495308,20.45,6
495310,1807.98,110
495311,237.65,19
495312,181.39,11
495313,319.38,18
495314,115.49,22
495316,48.2,6
495317,787.35,45
495318,80.2,5
495322,286.18,19
495331,614.1899999999999,87
495333,16.95,1
495340,982.83,23
495344,277.68,19
495345,441.26,13
495346,137.12,9
495347,162.25,13
495348,238.89,7
495349,315.55,20
495350,118.31,6
495351,436.35,19
495352,154.77,23
495353,159.1,29
495354,394.6,17
495355,379.33,17
495356,307.1,6
495357,185.06,27
495358,924.64,8
495359,1018.98,10
495360,557.53,40
495361,76.4,2
495362,950.72,102
495364,106.65,7
495365,501.23,80
495366,297.63,41
495367,326.55,42
495369,565.79,61
495370,16.439999999999998,2
495371,378.71000000000004,8
495372,260.84,32
495374,308.01,17
495375,409.93,13
495376,139.65,17
495377,475.0,26
495378,61.349999999999994,4
495379,435.54,69
495380,296.68,14
495381,397.05,20
495382,200.20000000000002,6
495383,281.1,60
495384,125.34,22
495385,257.3,7
495386,162.65,9
495387,357.88,20
495388,364.73,24
495389,245.17000000000002,66
495390,225.5,27
495391,340.17,23
495392,285.35,19
495393,175.26,67
495394,135.0,4
495395,323.38,51
495396,462.05,20
495397,332.55,14
495398,518.35,23
495399,521.77,29
495400,262.95000000000005,15
495401,627.77,40
495402,302.2,17
495404,1432.02,15
495405,247.55,30
495407,350.73,20
495408,140.55,4
495409,310.67,48
495414,83.14,16
495415,344.75,20
495439,422.70000000000005,28
495456,312.1,16
495467,1051.92,50
495487,772.87,18
495488,627.4300000000001,23
495501,352.2,52
495503,342.42,39
495504,617.97,117
495505,215.7,5
495506,46.5,1
495507,536.85,47
495508,1025.46,33
495509,454.74,20
495510,183.93,35
495512,616.1800000000001,39
495514,144.65,22
495524,19.95,3
495526,379.13,23
495527,180.45000000000002,12
495529,445.34,53
495530,730.9399999999999,47
495531,170.81,47
495533,215.46,18
495534,305.34,16
495536,204.60000000000002,10
495544,452.6,15
495546,818.01,65
495547,235.5,5
495548,13.2,1
495549,387.74,33
495551,155.45,20
495575,505.13,24
495576,302.55,19
495577,301.8,12
495578,267.21999999999997,14
495580,132.2,7
495581,441.23,26
495584,229.59,15
495591,18570.88,90
495605,455.02,24
495609,54.0,1
495633,133.01,14
495634,221.5,7
495676,388.24,21
495677,220.6,15
495678,374.35,26
495680,556.66,37
495681,495.72,25
495682,389.86,44
495683,140.95,7
495684,34.78,3
495686,633.25,43
495687,76.52000000000001,4
495688,352.29,33
495689,565.15,37
495699,1834.14,27
495700,20.4,1
495702,125.30000000000001,3
495703,261.88,19
495706,371.91,98
495707,296.4,14
495708,453.38,16
495710,630.79,40
495711,544.22,66
495712,781.52,7
495713,177.0,11
495715,114.28,17
495716,593.66,31
495718,234.57,41
495719,109.19999999999999,7
495720,430.3,44
495721,216.04,14
495722,301.53999999999996,8
495724,108.84,8
495725,533.44,28
495726,346.3,10
495727,201.60000000000002,6
495731,267.79,34
495733,68.34,1
495734,205.82,1
495735,201.56,1
495736,21.0,1
495742,63.24,1
495745,56.73,1
495746,281.75,43
495747,129.23,1
495748,117.72,1
495750,132.79,1
495753,178.31,1
495754,15.58,1
495755,342.8,1
495756,39.67,1
495758,274.2,1
495760,64.13,1
495763,107.14,1
495765,29.95,1
495766,84.58,1
495773,4.57,1
495776,49.35,1
495777,179.45,1
495780,16.33,1
495782,139.71,1
495783,48.96,1
495784,11.31,1
495788,11.9,1
495791,243.63,1
495792,114.89,1
495794,41.09,1
495795,27.82,1
495799,81.61,1
495801,77.52,1
495802,387.54,1
495806,478.9,28
495807,184.3,8
495808,188.44,12
495809,324.5,29
495810,492.4,14
495811,304.1,16
495812,345.71999999999997,6
495815,595.95,14
495818,148.63,9
495819,158.4,7
495854,348.61,18
495875,398.16,24
495880,1019.9999999999999,2
495882,332.03999999999996,5
495883,366.28,20
495884,148.85,6
495885,337.66999999999996,37
495886,106.4,13
495887,106.05000000000001,7
495889,157.08,38
495898,236.75,43
495906,4385.71,33
495907,602.3,6
495908,854.8,2
495909,104.95,3
495910,198.84,30
495912,558.14,70
495913,394.6,21
495915,300.68,2
495916,346.95,24
495917,533.72,16
495918,15.9,1
495919,823.15,41
495920,770.15,38
495921,357.59,16
495925,325.38,58
495928,1072.4,10
495929,321.08,13
495935,251.68,13
495936,1356.63,40
495937,363.1,5
495938,582.3,5
495939,168.54999999999998,25
495940,201.20000000000002,19
495941,151.95,14
495942,67.6,6
495945,1025.87,53
495946,110.5,2
495947,565.3,62
495949,151.87,29
495950,15.9,1
495954,911.4399999999999,10
495955,449.97,30
495956,654.0,3
495957,303.9,13
495958,138.18,13
495960,586.88,8
495962,305.7,17
495963,489.31,46
495993,155.86,27
495994,428.8,40
495995,37.05,1
496002,317.64,21
496003,113.19,16
496004,235.12,26
496007,490.39,37
496008,1034.67,62
496010,186.82,39
496011,46.08,1
496012,553.06,11
496013,665.24,30
496014,76.32000000000001,1
496017,279.07,32
496019,75.2,13
496020,37.2,1
496022,3.38,1
496023,131.9,6
496024,873.44,29
496033,246.78,49
496042,286.15000000000003,9
496047,842.82,46
496054,463.21999999999997,33
496056,81.6,1
496057,422.7,28
496058,846.8100000000001,39
496059,20.0,1
496060,630.32,7
496061,318.98,14
496062,808.15,53
496063,392.82,16
496065,110.88,12
496066,346.56,2
496067,76.32000000000001,1
496068,176.7,3
496069,517.16,21
496070,306.3,10
496072,571.84,27
496073,795.68,62
496074,272.45,19
496075,121.1,8
496081,171.32999999999998,18
496083,5.1,1
496085,124.1,14
496086,413.75,74
496088,301.40000000000003,27
496089,676.5,41
496092,430.2,17
496093,909.5,42
496094,311.24,21
496095,96.5,2
496096,777.9,17
496097,360.0,1
496099,529.0,3
496103,18.75,1
496107,10.600000000000001,1
496110,15.9,1
496112,18.75,1
496113,10.5,1
496115,8985.6,1
496130,439.15000000000003,29
496155,305.4,5
496166,490.2,19
496167,368.55,14
496168,214.2,9
496170,5.0,1
496171,199.29999999999998,3
496172,92.16,1
496173,208.57,22
496174,231.32,14
496198,497.93,19
496200,493.94,31
496201,309.76,68
496203,2.5,1
496204,869.88,6
496205,416.5,1
496216,323.5,32
496217,345.44,14
496220,509.12,32
496221,276.07,32
496222,664.001,43
496230,10.5,1
496232,327.95,24
496233,188.83,20
496235,414.92,42
496236,75.9,4
496237,2646.4,47
496238,72.6,3
496245,193.8,10
496288,782.26,63
496291,339.3,16
496292,185.23,40
496293,487.77000000000004,27
496294,227.95000000000002,15
496296,129.75,13
496297,319.55,49
496299,694.5,7
496300,151.32,12
496301,696.45,42
496302,125.69999999999999,6
496303,543.93,53
496304,508.27,49
496305,304.47,17
496306,310.39,6
496307,95.9,4
496308,973.8199999999999,111
496309,732.2,29
496310,110.82,10
496311,214.95,7
496313,225.86,67
496315,127.06,26
496316,579.6,4
496317,317.62,48
496318,82.7,21
496319,128.0,14
496321,257.71,78
496322,416.32,43
496323,115.2,7
496324,307.8,5
496325,320.26,25
496326,301.70000000000005,7
496327,229.76999999999998,18
496329,91.14,8
496330,302.08,10
496331,482.67,23
496333,283.43,60
496334,1026.3799999999999,24
496335,298.3,12
496337,161.39000000000001,26
496338,283.8,12
496339,314.99,66
496340,1755.74,99
496341,1614.3899999999999,80
496342,286.34,12
496343,386.19,25
496344,106.67999999999999,7
496345,129.75,5
496348,281.05,19
496349,435.32,16
496351,257.05,15
496354,159.66,10
496355,730.0799999999999,1
496356,528.24,19
496357,436.04,19
496359,56.0,1
496361,107.9,10
496363,347.33,23
496370,388.88,26
496373,549.3,28
496374,138.3,8
496381,274.9,11
496399,389.03000000000003,23
496400,452.9,57
496407,188.15,11
496412,325.44,1
496425,282.76,5
496426,35.400000000000006,1
496427,291.14,43
496428,218.39999999999998,1
496429,246.75,18
496430,111.82000000000001,14
496431,188.65,45
496434,279.51,30
496436,217.2,16
496438,129.76,24
496439,56.0,1
496440,39.0,1
496441,241.1,53
496442,45.2,2
496443,793.92,47
496444,293.02,12
496445,759.1,35
496446,217.71,19
496459,364.29,25
496460,28.15,4
496461,312.16,9
496462,310.14,16
496463,818.19,45
496464,452.4,3
496465,708.7,31
496466,15.9,1
496467,818.19,1
496469,113.4,3
496470,298.37,39
496471,231.55999999999997,14
496473,342.25100000000003,21
496474,206.15,7
496475,300.4,4
496476,44.25,1
496477,35.04,3
496480,603.8,18
496486,166.31,15
496488,156.3,44
496491,117.22,9
496493,1.3,1
496496,1.3,1
496500,179.97,12
496502,1023.6,56
496503,288.95,15
496504,337.5,16
496505,364.5,22
496506,352.13,23
496507,176.1,7
496509,141.24,5
496510,740.43,36
496512,420.26,79
496513,737.22,14
496514,361.83,45
496516,594.75,19
496517,550.8,12
496518,270.06,8
496519,304.35,21
496520,1445.67,59
496528,674.4,5
496529,208.0,16
496530,623.78,42
496534,777.4,1
496551,553.66,109
496564,608.5,41
496577,524.6,12
496578,365.16,41
496579,214.48,53
496580,63.15,4
496581,207.83,45
496582,50.94,17
496584,608.5,1
496587,94.67,25
496588,366.20000000000005,9
496589,583.08,26
496590,37.5,2
496592,849.86,18
496595,354.1,69
496597,1399.92,27
496609,287.26,26
496611,1970.76,50
496612,907.4,7
496613,664.8000000000001,6
496614,501.96000000000004,6
496616,714.21,29
496617,266.5,9
496618,17.0,1
496623,598.91,13
496624,411.66,25
496625,595.58,12
496626,1045.45,26
496627,87.0,4
496628,219.41000000000003,11
496629,20.4,2
496631,385.2,24
496641,328.0,15
496642,237.9,12
496643,1143.421,20
496644,110.88,46
496651,517.8,94
496652,112.2,3
496662,195.55,8
496665,509.46,21
496675,107.75,7
496677,105.88,26
496690,458.4,44
496703,931.43,65
496704,652.65,30
496705,294.17,21
496706,710.65,20
496710,112.5,23
496725,102.74,23
496728,346.75,28
496730,485.5,24
496737,294.65000000000003,14
496745,306.1,18
496750,150.0,11
496768,307.74,19
496770,191.02,31
496771,349.25,23
496772,315.0,20
496773,687.08,70
496774,300.3,15
496775,360.3,5
496792,105.0,1
496802,704.5500000000001,29
496803,41.300000000000004,3
496816,221.69,11
496817,299.86,17
496818,231.4,16
496821,450.38,28
496822,606.3,28
496829,965.78,16
496850,286.41999999999996,15
496851,487.12,47
496862,125.65,37
496863,585.03,62
496864,437.90000000000003,21
496865,64.5,4
496866,237.65,25
496867,625.0,1
496868,127.15,5
496869,662.4,17
496870,112.5,1
496871,460.39,73
496872,260.74,75
496873,78.5,4
496876,94.55,18
496877,488.88,3
496881,164.83,32
496882,686.03,128
496900,1728.58,101
496904,389.25,28
496907,475.3,25
496911,311.43,16
496912,475.3,25
496913,399.75,28
496914,90.0,1
496915,701.51,17
496916,51.0,1
496917,327.4,21
496918,376.95,26
496919,475.3,25
496920,220.09,22
496921,433.55,73
496925,47.65,5
496926,461.65000000000003,65
496927,164.95000000000002,17
496928,152.17,9
496929,399.72,5
496930,311.14,17
496931,325.12,13
496932,390.65000000000003,14
496933,243.65,12
496934,105.53,7
496935,104.7,6
496944,129.88,35
496945,1042.88,6
496946,283.43,19
496947,832.48,61
496948,313.67,18
496949,150.35,4
496959,318.0,1
496961,231.05,42
496962,318.0,1
496963,60.48,1
496972,312.74,25
496973,269.37,17
496974,1138.84,49
496975,228.57999999999998,16
496976,124.45,31
496977,532.9300000000001,30
496978,372.15,23
496980,300.5,6
496981,247.2,4
496982,97.95,8
496987,497.16,18
496990,1328.77,17
496994,1653.76,15
496996,315.6,6
497000,118.10000000000001,13
497002,413.0,21
497004,376.0,4
497005,234.0,4
497006,674.64,41
497007,130.75,9
497025,125.27000000000001,15
497027,982.26,53
497029,354.87,31
497030,458.42,8
497031,113.38,15
497033,302.46000000000004,13
497035,573.81,50
497036,258.7,10
497039,102.84,1
497043,466.19,28
497056,387.02,22
497073,88.98,6
497084,176.66,17
497100,33.66,1
497106,37.07,2
497124,661.34,48
497152,109.0,3
497157,5206.5,6
497163,15.0,1
497195,54.300000000000004,8
497196,301.25,16
497197,368.27,23
497198,99.69,16
497200,110.27000000000001,19
497201,987.64,50
497202,212.78,44
497203,484.90999999999997,60
497204,298.99,21
497205,268.1,19
497207,197.96,33
497208,357.04,61
497209,418.65,125
497210,191.7,11
497211,181.6,13
497212,309.7,8
497213,349.31,20
497214,129.7,31
497215,310.44,22
497216,407.91,24
497217,7497.64,34
497218,196.20000000000002,7
497219,388.8,3
497221,301.56,76
497222,106.75,16
497223,261.0,15
497225,304.32000000000005,4
497226,288.5,9
497227,1690.32,21
497228,341.78000000000003,25
497229,312.59,15
497230,328.75,21
497233,438.03,31
497234,344.18,5
497235,426.87,23
497236,147.0,3
497237,216.95000000000002,8
497238,748.98,45
497240,217.8,14
497242,163.8,11
497244,2.95,1
497247,113.0,6
497249,183.55,7
497250,129.96,4
497251,611.54,31
497252,404.91,27
497253,297.64,27
497254,166.9,24
497256,604.1,30
497257,307.85,17
497258,202.45,12
497259,120.6,8
497261,154.38,21
497263,85.67999999999999,3
497264,115.03,35
497265,314.1,9
497266,150.03,17
497267,283.79,38
497269,135.4,26
497272,327.33,18
497274,311.75,22
497284,334.18,47
497312,399.59,12
497334,99.89999999999999,2
497335,98.69999999999999,3
497336,558.9,7
497337,365.1,21
497339,365.1,1
497340,168.8,8
497341,419.6,19
497342,142.9,3
497345,29.1,3
497346,259.15,11
497347,546.15,70
497348,197.7,8
497349,68.19999999999999,5
497351,128.2,38
497358,156.62,39
497359,134.9,11
497360,1885.61,91
497362,1701.66,14
497363,562.96,25
497364,651.41,36
497365,53.28,1
497366,157.20000000000002,8
497367,279.5,14
497368,112.4,8
497369,668.15,10
497370,93.35000000000001,6
497371,368.15,17
497372,64.14,8
497373,119.85,7
497374,373.65,21
497376,324.3,14
497377,534.26,22
497378,742.38,29
497379,124.78,9
497380,548.9,6
497382,632.02,36
497383,274.44,18
497384,892.72,27
497385,236.6,16
497386,142.32999999999998,15
497387,209.1,12
497388,103.52,37
497389,54.75,3
497390,373.1,25
497391,405.4,21
497392,213.05,13
497393,275.41,16
497394,242.94,11
497395,179.68,8
497396,117.0,6
497397,154.91,11
497398,136.89,25
497399,250.95,7
497400,224.38,19
497401,224.35,15
497402,1460.7,51
497403,548.1700000000001,29
497404,153.75,7
497405,187.95,4
497433,105.0,2
497473,445.68,38
497475,48.349999999999994,3
497485,66.06,2
497486,291.86,17
497488,27.25,4
497489,266.84000000000003,39
497494,448.05,22
497495,424.71999999999997,31
497496,87.4,4
497497,301.2,8
497498,332.40000000000003,5
497499,988.04,52
497500,192.42000000000002,7
497501,124.77,31
497504,215.14999999999998,36
497506,151.55,21
497508,85.5,12
497509,275.8,7
497510,55.5,4
497511,101.39999999999999,3
497512,480.82,80
497517,283.98,15
497518,199.04000000000002,13
497519,195.39999999999998,12
497521,143.01,40
497522,50.8,12
497523,171.7,5
497525,103.77,13
497572,89.32000000000001,5
497574,297.66,11
497583,190.1,12
497588,132.94,29
497589,0.95,1
497592,1402.43,56
497593,158.7,13
497594,477.68,20
497596,380.0,23
497597,310.29,21
497600,202.57,25
497601,225.60000000000002,8
497602,370.63,25
497603,522.28,27
497604,213.4,10
497605,6.35,1
497606,351.99,15
497607,6.35,1
497608,236.61,12
497609,117.80000000000001,2
497610,6.35,1
497612,131.78,9
497615,286.55,26
497618,374.2,27
497619,276.15,53
497620,67.34,9
497622,534.96,8
497623,390.85,19
497624,114.88,4
497625,311.87,14
497628,236.07,41
497629,307.25,14
497630,268.14,21
497632,416.2,64
497636,636.9,11
497644,245.48999999999998,12
497652,41.300000000000004,3
497662,190.7,9
497670,15.0,1
497677,306.0,12
497678,79.9,1
497680,280.51,14
497681,365.76,1
497682,152.39999999999998,1
497683,324.82,11
497684,193.71,8
497690,334.7,5
497691,582.35,60
497692,401.94,17
497696,220.99,12
497706,402.75,26
497711,21.8,2
497715,102.00000000000001,1
497716,660.0,4
497732,179.37,23
497733,63.5,1
497734,15.0,1
497735,471.84000000000003,3
497736,102.0,1
497738,175.95999999999998,5
497739,204.49,32
497740,738.86,44
497741,304.3,20
497742,484.44,3
497743,150.39000000000001,19
497786,310.7,9
497787,247.5,19
497788,329.23,13
497791,393.74,44
497794,147.71,20
497795,935.8299999999999,44
497796,407.15,20
497798,493.66,18
497799,216.60000000000002,2
497802,576.0,6
497807,399.29999999999995,5
497808,425.63,35
497809,404.55,18
497812,682.79,60
497816,136.92,11
497817,120.8,8
497819,0.0,1
497839,236.46,54
497840,334.5,6
497842,377.62,29
497843,0.0,1
497844,283.85,35
497846,25.0,1
497874,198.18,12
497875,271.0,2
497876,304.65,19
497879,662.25,15
497880,254.92000000000002,16
497881,432.24,4
497882,100.0,1
497883,541.19,34
497884,687.4,65
497885,736.44,19
497887,184.34,13
497888,130.5,9
497889,345.21,16
497890,174.95,9
497891,336.27,31
497892,174.49,20
497893,148.9,29
497894,762.69,66
497895,237.6,1
497896,261.6,1
497897,545.9,3
497898,218.53,21
497899,237.42,9
497901,293.59000000000003,37
497902,252.0,14
497903,214.38,21
497905,568.3,10
497906,881.86,22
497907,394.25,13
497908,1.55,1
497909,464.57,123
497910,404.66,25
497911,212.9,21
497912,699.93,90
497913,1585.18,29
497914,174.79999999999998,8
497915,133.0,15
497916,866.99,36
497917,511.69,49
497918,343.3,76
497919,341.23,21
497920,272.96000000000004,21
497921,770.93,104
497922,352.5,21
497923,304.38,18
497925,107.62,5
497926,762.48,47
497928,102.30000000000001,5
497929,356.65000000000003,19
497931,1709.0,17
497932,712.39,46
497933,526.0799999999999,6
497934,129.05,8
497935,1486.0610000000001,24
497936,45.0,3
497937,2805.0,7
497939,348.38,21
497941,897.0,6
497942,128.28,3
497943,1381.95,11
497944,339.84000000000003,4
497946,16973.1,30
497947,1508.65,51
497948,1009.9399999999999,48
497949,1331.22,80
497950,89.69999999999999,1
497952,1508.65,1
497953,51.43,17
497954,340.97,59
497955,1212.5,14
497956,231.68,14
497957,59.400000000000006,1
497958,1100.72,47
497959,171.60000000000002,2
497963,255.42,25
497966,47.400000000000006,1
497969,47.400000000000006,1
497983,517.12,16
498012,541.8000000000001,19
498013,171.79,11
498014,442.8,25
498015,517.57,35
498018,239.14000000000001,22
498019,1482.95,73
498020,62.7,2
498021,129.34,9
498022,63.5,1
498025,181.24,3
498026,591.37,29
498027,623.9300000000001,36
498028,108.2,7
498029,59.92,4
498035,1083.01,23
498037,404.76,15
498041,211.94,17
498042,169.69,7
498043,178.43,6
498044,342.4,18
498045,931.72,19
498046,186.1,14
498047,962.99,51
498048,194.3,43
498049,1384.02,54
498052,1677.42,15
498053,159.68,9
498054,68.6,3
498055,434.6,47
498060,204.36,31
498070,207.15,55
498078,345.99,17
498089,393.14000000000004,15
498090,48.8,4
498091,745.47,48
498093,393.24,3
498094,197.70000000000002,10
498095,553.28,67
498096,340.35,29
498097,774.6,6
498098,171.25,15
498099,196.6,18
498100,215.5,17
498101,413.67,27
498102,242.52,3
498103,310.98,24
498104,927.27,135
498105,1348.08,7
498106,164.09,8
498107,525.0,28
498108,179.68,10
498110,3.75,1
498112,469.51,31
498114,3019.35,85
498116,366.0,9
498118,394.42,9
498119,356.5,6
498120,400.8,3
498121,199.70000000000002,5
498123,276.44,68
498124,357.39,30
498125,190.95000000000002,12
498126,79.32,7
498127,93.87,9
498128,139.35000000000002,16
498130,177.88000000000002,8
498131,313.55,5
498132,354.7,35
498135,454.35,52
498136,194.74,8
498137,107.7,5
498138,470.9,23
498139,672.1,18
498141,421.03000000000003,25
498142,306.48,18
498143,596.48,41
498145,543.1,35
498149,427.0,12
498152,2836.7999999999997,1
498153,147.64000000000001,10
498154,334.84000000000003,17
498155,100.5,3
498156,164.35,5
498157,366.41999999999996,16
498158,514.89,52
498159,253.60000000000002,13
498160,146.54,40
498161,3157.06,36
498162,223.2,7
498163,2947.1,37
498164,468.0,26
498205,307.89,21
498213,968.78,10
498216,170.2,16
498217,521.96,22
498221,241.96,21
498222,194.63,41
498223,206.83,15
498224,121.55,27
498236,377.8,6
498238,425.62,41
498240,549.5,30
498249,2329.48,62
498254,80.96,4
498256,366.83,22
498260,528.05,29
498261,869.82,117
498269,15.0,1
498270,301.91999999999996,16
498276,398.1,3
498281,408.5,10
498283,595.0,2
498284,365.90000000000003,2
498288,201.42,20
498290,610.5600000000001,6
498291,118.2,3
498292,51.0,1
498294,301.78999999999996,22
498300,303.98,18
498301,673.12,16
498303,19.5,1
498305,240.75,11
498307,59.699999999999996,1
498325,532.41,45
498326,91.4,5
498328,275.04,5
498336,169.55,10
498338,448.01,28
498340,443.52,21
498341,1.25,1
498343,210.07000000000002,10
498345,293.45,18
498346,312.96,6
498347,131.42000000000002,18
498348,371.40000000000003,22
498349,533.36,9
498350,299.52,38
498351,164.70000000000002,9
498352,158.32,31
498353,443.06,24
498354,230.51,22
498355,129.11,7
498357,166.13,34
498359,454.4,12
498360,175.27,46
498361,326.55,23
498362,1910.96,34
498363,304.0,13
498364,319.88,20
498365,383.55,27
498366,301.31,21
498378,485.67,29
498379,941.57,54
498380,21.0,1
498381,18.05,3
498383,37.5,1
498389,354.17,97
498395,9695.16,37
498396,1474.1000000000001,7
498397,307.21000000000004,11
498398,3788.34,14
498399,170.68,6
498400,136.93,32
498401,311.21000000000004,19
498403,246.22,17
498416,307.3,17
498418,360.38,18
498421,163.55,23
498429,387.51,29
498430,378.46,17
498431,1038.09,38
498432,102.2,11
498433,838.15,83
498434,2160.72,41
498435,266.39,82
498436,50.58,20
498437,408.0,2
498438,162.18,12
498439,276.65,4
498440,6412.0,7
498442,266.21,20
498445,407.94,4
498446,1564.28,27
498447,619.86,5
498448,102.84,7
498457,40.32,1
498463,304.61,21
498473,210.0,1
498504,612.5,2
498505,40.32,1
498507,546.5999999999999,3
498508,590.91,41
498510,250.92000000000002,7
498511,717.62,21
498513,897.0300000000001,54
498515,131.95,10
498516,331.12,10
498517,896.73,57
498518,351.32,40
498519,159.9,25
498521,613.78,36
498522,127.34,9
498524,173.13,13
498525,410.86,15
498526,322.1,10
498527,34.92,21
498528,138.8,10
498543,5.05,3
498545,164.69,59
498547,101.35,43
498548,976.01,112
498550,202.56,11
498552,148.4,14
498553,105.31,21
498554,311.9,21
498555,263.24,19
498558,60.6,2
498559,127.2,1
498560,360.75,48
498561,268.8,16
498562,564.8910000000001,19
498564,317.69,57
498565,298.5,13
498566,342.04,14
498567,220.56,54
498568,89.28,4
498569,986.8,39
498570,153.95,30
498571,228.28,22
498573,192.76,44
498574,527.2,35
498575,173.88,3
498577,110.9,6
498578,216.9,29
498579,268.86,33
498581,160.19,20
498584,222.08,29
498585,35.4,3
498587,293.53,11
498588,437.16,28
498589,1609.1000000000001,55
498590,442.65,70
498592,408.29,14
498593,205.35999999999999,31
498594,353.25,62
498596,330.35,19
498597,259.54,15
498601,179.76,7
498610,498.67,39
498611,284.75,14
498612,84.5,6
498613,118.00000000000001,10
498614,515.88,26
498615,339.18,13
498616,38.099999999999994,3
498617,164.85,6
498618,1632.93,85
498622,355.25,13
498636,273.75,53
498642,826.15,51
498648,367.6,2
498694,237.09,18
498696,995.21,59
498697,230.4,12
498704,290.39,47
498705,743.4,38
498706,325.74,8
498708,249.12,3
498709,132.5,1
498713,562.98,31
498715,112.88,18
498716,1420.3500000000001,58
498717,309.87,48
498718,373.48,5
498719,278.7,4
498720,737.5600000000001,23
498721,684.8,40
498722,264.3,18
498723,3360.0,4
498724,2685.54,33
498725,453.54,31
498726,319.32,6
498728,950.4899999999999,12
498729,1310.3000000000002,54
498734,158.79,14
498736,347.2,35
498746,299.64,13
498756,1110.48,3
498757,427.61,38
498758,2.5,1
498759,881.52,11
498762,344.0,59
498763,37.900000000000006,6
498764,204.58,36
498765,34.06,19
498766,309.32,8
498767,139.8,5
498768,759.32,30
498769,1036.6399999999999,22
498770,454.7,30
498774,638.57,25
498776,887.4,7
498778,654.12,11
498779,405.78,10
498797,445.01,75
498817,102.03,7
498827,778.6800000000001,4
498832,172.15,21
498836,5.1,1
498844,80.7,2
498849,111.35,21
498850,637.4399999999999,18
498851,359.05,22
498852,17.0,1
498853,850.0,26
498877,560.97,50
498878,124.75,19
498879,289.6,10
498880,267.45,4
498884,371.56,23
498886,217.23999999999998,53
498890,611.42,24
498893,392.20000000000005,20
498899,562.6,107
498900,295.64,23
498901,218.81,27
498902,213.0,7
498903,1033.55,66
498905,605.91,62
498906,154.25,8
498907,298.55,17
498908,222.53,15
498909,288.99,17
498910,4010.08,9
498911,246.54999999999998,30
498912,91.08000000000001,2
498913,552.05,13
498914,389.28000000000003,18
498918,238.09,12
498919,78.45,4
498921,1006.2900000000001,63
498923,262.18,16
498925,369.0,3
498926,523.5,5
498927,277.12,13
498928,4168.98,30
498929,186.05,13
498931,2087.68,13
498935,892.65,40
498936,1087.52,13
498939,1087.52,13
498943,1087.52,13
498944,92.49000000000001,9
498945,1087.52,13
498964,393.05,35
498997,239.89999999999998,19
498999,212.85,53
499004,300.2,27
499009,675.74,5
499010,706.35,27
499011,704.4,35
499012,42.5,1
499013,284.11,20
499014,317.8,4
499020,467.19,33
499023,115.4,3
499025,40.8,1
499029,725.76,1
499030,572.75,9
499031,247.45,20
499032,304.36,10
499033,1022.6,12
499035,220.19,14
499036,664.92,21
499038,654.82,38
499039,1112.2,4
499043,35.0,6
499044,108.44,3
499045,18.1,4
499056,352.821,17
499057,365.93,59
499058,104.4,7
499059,292.5,1
499061,303.65,11
499062,126.75,11
499064,153.72,16
499065,323.55,16
499066,317.29,18
499067,1834.8400000000001,16
499069,200.43,35
499070,82.4,6
499071,505.6,67
499072,96.66,2
499122,192.14,17
499123,151.67,46
499155,117.22,13
499163,172.85,11
499164,262.32,13
499165,597.76,34
499166,162.0,12
499167,1132.8000000000002,2
499168,746.9,5
499169,190.8,1
499170,4376.25,41
499171,330.65999999999997,24
499172,121.23,3
499173,228.23000000000002,11
499174,323.38,16
499175,112.65,6
499176,5710.32,20
499177,15.55,2
499218,309.6,3
499219,182.88,1
499220,153.5,43
499221,115.25,9
499222,106.35,26
499223,592.05,20
499225,252.26,44
499226,313.24,18
499227,287.51,39
499228,335.58,19
499229,349.0,10
499230,122.59,36
499231,801.8199999999999,49
499232,1191.6200000000001,95
499234,869.5600000000001,29
499235,211.3,3
499236,143.56,19
499237,986.64,55
499238,285.6,8
499239,160.81,20
499240,4.25,1
499242,413.08,14
499244,11.739999999999998,5
499245,373.5,4
499247,137.64,32
499248,1537.43,41
499249,296.94,8
499250,89.17,12
499254,315.59999999999997,4
499255,125.4,3
499261,126.43,9
499262,311.52,20
499263,100.08,4
499264,467.54,25
499266,8.25,1
499267,2320.03,38
499269,263.23,19
499270,220.01000000000002,7
499272,567.5,52
499273,502.2,25
499274,199.25,21
499275,393.96000000000004,28
499276,295.38,34
499279,19.5,1
499284,936.28,54
499285,303.21999999999997,67
499294,99.64999999999999,18
499295,168.48,18
499297,5158.4,17
499298,4122.0,8
499299,2448.0,6
499300,214.07999999999998,5
499302,478.58000000000004,23
499303,648.0,24
499304,30.599999999999998,1
499306,332.52,11
499307,316.59,24
499308,359.65999999999997,27
499312,134.03,7
499313,365.33000000000004,20
499326,244.36999999999998,15
499327,24.0,4
499352,48.1,26
499377,231.59,45
499378,463.0,79
499379,242.14999999999998,8
499381,62.79,8
499382,69.09,24
499383,247.68,2
499384,335.0,11
499386,109.59,9
499387,766.59,36
499388,705.0,2
499398,339.96,23
499399,3537.821,76
499400,311.3,17
499401,145.0,1
499402,287.55,20
499403,128.55,5
499404,432.06,17
499405,707.8100000000001,26
499411,364.1,16
499450,177.98000000000002,3
499451,153.0,1
499452,142.15,11
499453,255.05,14
499454,279.2,15
499455,368.4,2
499456,131.4,4
499457,259.2,22
499458,398.16,4
499459,159.78,11
499460,164.05,9
499461,179.41,27
499463,464.94,22
499464,202.03,14
499465,349.64,24
499466,208.93,16
499467,189.63,26
499468,248.0,20
499469,679.9200000000001,9
499470,45.0,6
499471,141.54,15
499472,236.4,17
499473,245.97,9
499474,693.16,94
499475,198.6,49
499476,101.4,12
499477,145.59,6
499478,410.48,27
499479,421.35,17
499480,132.95,4
499481,658.5,15
499482,523.05,21
499483,175.24,3
499484,196.20000000000002,1
499485,170.35,19
499486,1422.78,13
499487,199.5,24
499488,633.45,9
499490,304.72,37
499491,299.76,25
499494,873.12,123
499495,211.9,5
499496,163.7,13
499497,302.91,54
499498,102.22,13
499499,315.74,27
499500,669.01,53
499502,255.79,93
499503,248.61,31
499504,420.75,3
499505,212.06,57
499506,471.20000000000005,33
499507,238.4,34
499508,361.73,69
499509,34.0,1
499510,187.37,11
499511,347.50000000000006,14
499512,499.88,16
499513,118.68,6
499515,30.0,1
499516,318.86,15
499517,629.39,37
499519,61.199999999999996,2
499520,796.4,7
499521,2377.38,27
499523,1945.8,16
499524,1943.52,20
499525,132.0,1
499526,124.85,6
499527,399.55,14
499528,240.9,12
499529,177.12,6
499532,379.7,17
499533,136.07999999999998,17
499534,254.99999999999997,1
499535,364.35,24
499542,187.87,52
499549,214.48,13
499576,106.66,6
499596,300.15,55
499597,353.72,14
499601,605.4,33
499604,213.3,15
499619,2135.46,9
499623,200.43,30
499624,669.71,26
499625,607.52,63
499628,95.12,25
499629,40.32,3
499630,76.5,1
499631,438.8,15
499632,312.2,10
499633,319.08000000000004,8
499635,384.0,4
499636,302.9,17
499637,313.1,3
499639,177.63,21
499640,335.68,4
499641,153.06,43
499650,217.86,5
499656,156.6,23
499657,78.99,21
499659,174.05,43
499660,305.04,3
499663,272.45,7
499664,1189.34,61
499665,474.71,32
499674,40.0,2
499675,397.84000000000003,14
499676,389.78,47
499677,141.24,6
499678,136.15,7
499679,257.2,14
499680,49.95,1
499681,1626.4,33
499682,344.1,16
499683,1464.28,36
499684,122.04,1
499685,1562.94,19
499686,174.1,11
499687,121.35,6
499689,134.7,10
499691,313.41,17
499692,659.34,37
499752,731.72,18
499754,345.96,14
499756,354.49,27
499757,191.10000000000002,24
499758,167.76,47
499759,464.85,24
499760,309.6,3
499761,164.10000000000002,7
499762,108.5,22
499763,27.05,5
499764,32.53,8
499768,253.76,21
499769,1518.8,19
499770,123.39,17
499771,108.72,28
499772,443.98,116
499773,312.0,7
499775,68.28,2
499777,566.4300000000001,33
499778,341.73,19
499779,311.70000000000005,11
499780,633.6800000000001,34
499781,644.25,33
499782,234.0,1
499784,426.0,29
499785,301.9,9
499788,339.46,16
499789,2544.2000000000003,70
499795,111.44999999999999,4
499797,599.3,12
499798,325.2,13
499799,53.2,2
499800,105.6,5
499801,392.70000000000005,9
499849,221.74,17
499850,456.95,47
499853,281.86,43
499859,7.15,3
499864,23.8,1
499866,228.82999999999998,22
499873,96.0,7
499874,737.4300000000001,45
499875,363.48,13
499876,541.9,11
499877,303.0,9
499878,7720.6,36
499879,305.8,7
499880,545.45,27
499881,473.09,20
499882,392.70000000000005,9
499883,508.33,28
499884,326.70000000000005,3
499886,136.5,3
499887,124.05000000000001,13
499890,258.42,49
499891,604.0,6
499893,114.10000000000001,11
499894,274.77,32
499895,133.48000000000002,41
499897,1730.74,69
499899,159.3,15
499900,344.57,24
499912,599.57,24
499914,341.0,27
499918,564.49,66
499919,537.01,16
499921,991.62,39
499922,129.11,6
499939,316.86,23
499942,149.55,4
499944,222.57,33
499956,155.65,17
499958,165.20000000000002,10
499959,200.0,1
499960,815.79,48
499961,1085.01,12
499962,208.92000000000002,16
499964,154.14,12
499965,776.65,139
499966,193.66000000000003,4
499967,1311.45,31
499968,1647.63,115
499969,664.54,29
499971,268.68,16
499972,773.79,45
499973,547.69,108
499974,113.80000000000001,5
499975,159.07,9
499977,359.53000000000003,22
499979,426.69,10
499981,128.19,7
499982,299.28,17
499985,20.32,2
499986,176.9,31
499988,98.69999999999999,3
499990,306.54,18
499991,171.15,6
499993,152.85,9
499994,111.72,25
499995,366.51,15
499996,124.45,8
499997,758.38,44
499998,381.54,27
499999,39.95,1
500001,286.6,17
500008,394.59,17
500009,99.6,2
500010,815.32,36
500012,620.54,35
500014,1449.74,96
500015,327.4,59
500017,196.20000000000002,3
500018,243.36,7
500019,90.0,1
500020,349.4,12
500021,276.49,11
500022,132.0,13
500023,564.2,29
500024,395.5,25
500025,751.8,42
500029,301.33,15
500030,288.5,24
500045,97.5,5
500064,547.2,4
500072,579.75,3
500073,356.24,13
500083,392.70000000000005,9
500092,498.63,37
500093,183.64000000000001,40
500094,331.58,60
500096,269.2,3
500097,399.9,17
500098,718.21,80
500099,213.29,19
500100,257.77,19
500105,233.8,37
500108,440.2,29
500113,308.74,1
500114,635.0,26
500115,40.65,7
500116,236.35,13
500117,663.96,15
500118,955.5,40
500119,236.66,6
500120,453.08,14
500121,202.35,12
500122,367.15000000000003,13
500123,743.62,40
500124,434.55,29
500125,437.24,28
500126,2985.5,33
500128,128.55,24
500129,610.54,80
500130,261.3,11
500132,513.05,5
500133,402.79,32
500134,314.57,16
500135,576.9,21
500141,281.76,19
500144,604.33,31
500145,363.56,22
500146,392.67,7
500147,270.05,11
500148,431.59,31
500149,184.72,27
500150,290.05,19
500151,53.12,27
500153,3.95,1
500155,7.5,1
500157,320.88,17
500158,286.8,17
500159,219.83,33
500160,411.79,19
500161,394.35,9
500162,299.83,17
500163,205.98,15
500165,478.5,25
500166,328.72,26
500167,70.0,5
500168,240.8,14
500169,1211.76,17
500170,421.45,23
500171,73.60000000000001,6
500172,807.12,11
500173,5525.28,11
500174,302.52,24
500175,750.28,16
500176,334.06,19
500177,224.79999999999998,18
500181,274.8,17
500183,522.73,23
500198,721.46,51
500205,23.4,1
500220,237.95000000000002,41
500223,204.34,15
500232,2640.0,7
500233,194.32,58
500234,407.36,63
500235,317.5,1
500236,332.8,10
500237,498.04,31
500238,116.5,6
500239,188.1,7
500240,192.6,8
500241,310.8,12
500246,53.4,2
500247,300.05,20
500249,27.36,1
500250,50.0,3
500251,89.55000000000001,6
500252,80.30000000000001,4
500254,315.17,18
500255,405.41999999999996,4
500256,400.13,58
500257,180.81,32
500259,269.0,19
500260,156.9,12
500261,15.25,2
500262,295.05,20
500267,599.12,32
500271,104.25,7
500278,284.05,18
500282,594.0,1
500285,40.1,13
500287,157.74,12
500289,330.0,2
500292,187.44,11
500293,638.5600000000001,101
500294,425.3,3
500296,12.120000000000001,3
500297,378.3,5
500299,268.52,30
500300,621.15,10
500301,164.05,14
500302,337.74,15
500303,477.1,14
500304,130.3,19
500306,316.75,19
500310,309.29999999999995,5
500311,451.88,39
500312,296.21,22
500313,94.5,3
500316,176.07999999999998,16
500318,388.35,7
500320,679.04,57
500322,375.61,83
500323,487.75,24
500324,406.27,52
500325,232.65,16
500326,206.7,32
500327,203.37,31
500328,317.88,7
500329,583.25,63
500330,231.79000000000002,14
500331,369.99,37
500332,259.36,30
500333,442.59,21
500334,315.28,36
500335,242.72,51
500336,619.04,145
500337,321.7,15
500338,396.83,77
500339,337.56,18
500340,152.75,25
500341,479.90999999999997,68
500342,9.3,1
500343,357.0,17
500344,353.14,30
500346,114.6,9
500347,596.67,39
500349,102.13,9
500350,7.5,1
500353,1966.84,110
500354,250.02,14
500355,433.77,18
500356,1816.98,270
500357,190.38,12
500358,635.9,36
500359,299.44,19
500360,298.5,20
500361,7.5,2
500362,365.15,74
500367,348.32,9
500368,553.7,35
500369,314.6,15
500370,296.25,20
500371,80.62,6
500372,122.02000000000001,6
500373,307.33,16
500374,147.0,10
500375,373.5,19
500376,703.1999999999999,6
500377,204.05,14
500378,304.32,10
500379,337.74,19
500380,214.82999999999998,10
500381,387.24,26
500382,224.94,13
500383,456.85,9
500384,50.400000000000006,2
500385,514.48,15
500386,308.4,4
500389,2133.16,10
500399,101.89999999999999,8
500400,2394.0,9
500425,343.35,4
500428,193.2,12
500448,468.0,2
500449,159.15,36
500450,651.18,3
500451,127.49999999999999,1
500452,339.36,4
500453,11.8,4
500454,1095.0,2
500455,580.08,33
500456,232.64000000000001,13
500457,10.9,2
500458,78.0,4
500459,309.26,21
500460,313.20000000000005,8
500476,323.02,40
500493,47.79,9
500495,10.0,1
500498,1334.27,52
500500,111.56,3
500501,210.00000000000003,8
500502,848.7,22
500503,332.83,40
500504,23.35,4
500505,445.44,15
500506,340.03000000000003,48
500508,111.3,9
500509,229.53,11
500510,336.5,18
500511,151.5,5
500523,137.70000000000002,7
500533,484.4,6
500535,397.07,23
500536,2.55,1
500537,219.87,23
500538,695.84,33
500539,477.30000000000007,2
500540,106.25999999999999,7
500541,310.77000000000004,28
500564,85.19999999999999,3
500566,131.16,5
500567,1509.6000000000001,21
500568,278.79999999999995,2
500574,693.26,38
500576,263.73,13
500577,166.48000000000002,14
500578,60.0,3
500579,234.60999999999999,9
500580,143.45,7
500581,495.0,3
500582,400.2,22
500583,858.08,53
500584,106.05,7
500585,124.10000000000001,9
500587,766.94,40
500588,61.199999999999996,1
500589,79.2,1
500590,212.0,1
500611,116.67999999999999,27
500615,166.86,4
500616,193.29000000000002,12
500638,312.39,5
500639,357.4,17
500652,100.18,13
500653,689.45,23
500654,145.0,1
500655,1691.16,11
500656,120.97,35
500658,42.61,17
500659,400.61,24
500661,16.0,5
500662,769.56,4
500663,534.6,23
500664,215.38,43
500672,221.98,21
500673,285.68,9
500685,291.76,13
500696,273.6,9
500699,745.94,9
500701,178.35999999999999,20
500702,343.5,4
500703,248.2,6
500706,299.40999999999997,8
500711,304.4,16
500712,1119.48,41
500713,283.47,18
500715,1290.81,70
500716,127.80000000000001,4
500718,488.1,29
500719,185.99,24
500720,210.89000000000001,19
500721,505.73,67
500728,273.54,19
500730,551.2,24
500734,364.79,25
500736,107.76,4
500737,401.31,23
500739,76.32000000000001,1
500741,1108.85,30
500744,602.76,15
500745,452.96,22
500746,352.14,14
500747,655.92,15
500749,2017.3600000000001,17
500751,3176.34,147
500754,249.8,9
500773,17.700000000000003,1
500778,17.0,1
500781,649.22,38
500782,572.91,7
500784,353.28,20
500788,665.38,15
500794,321.48,4
500828,496.55999999999995,4
500829,126.5,9
500830,84.2,13
500832,1.65,1
500834,165.78,11
500836,355.86,21
500837,113.53,5
500838,249.21,34
500839,386.0,3
500840,70.89,8
500843,429.81,75
500844,47.75,13
500845,41.75,13
500853,291.12,64
500857,215.46,34
500860,194.4,12
500861,1012.4,40
500862,227.7,6
500863,720.72,6
500864,310.14,9
500866,260.4,15
500867,50.4,1
500868,551.95,35
500869,137.75,28
500871,152.09,25
500872,441.65,24
500873,330.0,1
500874,286.35,33
500875,176.39999999999998,2
500876,474.55,7
500878,754.95,26
500879,612.7,23
500880,359.83,26
500881,415.78000000000003,49
500882,109.6,7
500883,274.9,16
500884,430.0,10
500885,412.2,14
500886,214.13,25
500889,287.04,18
500890,272.16,20
500896,349.68,20
500899,306.6,16
500900,167.75,6
500901,365.7,4
500902,715.42,21
500903,2655.96,9
500904,162.45,10
500917,451.68,11
500919,353.71999999999997,15
500920,105.08,6
500921,611.84,35
500922,37.75,3
500933,216.89000000000001,54
500940,219.46,22
500941,306.26,16
500943,760.38,10
500963,304.05,12
500964,140.19,7
500968,119.75999999999999,2
500970,203.7,3
500971,588.0,2
500973,597.48,22
500979,11.9,1
500986,124.07,9
500995,138.89,6
500996,257.55,14
500997,335.9,11
500998,1609.01,93
500999,518.91,58
501000,120.4,11
501001,129.33,15
501002,24.5,3
501004,366.69,27
501005,296.34,21
501006,3425.2599999999998,24
501007,865.45,68
501008,281.89,21
501009,316.77,22
501010,848.03,125
501011,477.74,33
501028,246.1,10
501029,122.7,8
501030,371.72,29
501031,574.11,35
501033,215.15,28
501034,335.4,15
501035,229.70999999999998,36
501037,35.400000000000006,1
501038,384.46,30
501039,1019.3100000000001,18
501042,255.1,14
501043,917.5600000000001,36
501044,93.23,4
501045,415.3,23
501046,612.0,1
501047,1780.9,8
501048,323.35,7
501049,5089.72,23
501079,120.0,6
501082,97.35,6
501083,97.35,6
501084,148.94,9
501085,302.0,29
501086,128.06,16
501093,402.5,11
501098,221.74,24
501101,222.5,9
501102,615.61,38
501103,795.5,47
501104,146.4,5
501114,110.95,13
501117,322.53000000000003,26
501118,405.0,6
501119,728.88,15
501121,197.28,10
501123,604.74,37
501124,96.96,2
501126,213.01,42
501127,638.75,36
501128,81.85,8
501129,535.27,52
501132,986.75,22
501133,807.22,29
501134,254.6,26
501135,328.05,6
501136,404.16,39
501137,324.8,11
501138,418.06,70
501140,115.9,19
501141,318.54,40
501142,116.85,21
501143,493.44,12
501144,451.97,52
501145,367.29,32
501146,256.77,23
501147,167.73,22
501148,1968.98,29
501149,180.4,38
501150,116.86,5
501151,375.5,5
501152,311.7,6
501153,591.43,65
501154,111.18,10
501155,79.9,1
501156,39.29,10
501157,432.08,97
501158,717.23,7
501159,221.0,14
501160,92.0,7
501166,427.98,26
501167,267.98,20
501168,321.6,16
501172,110.4,4
501175,480.75,5
501176,830.871,56
501177,12.600000000000001,1
501178,165.0,1
501181,279.8,18
501182,484.65,37
501186,332.05,30
501201,718.68,22
501251,216.0,1
501256,879.6,2
501257,972.0,1
501261,153.0,1
501263,126.48,1
501264,365.43,21
501265,178.20000000000002,1
501266,362.88,1
501267,391.15,34
501268,607.35,10
501272,851.16,26
501273,274.09000000000003,19
501274,85.60000000000001,7
501275,242.44,17
501276,190.9,6
501277,306.98,12
501278,189.29,48
501279,402.97999999999996,18
501280,238.07,42
501281,819.24,49
501282,371.7,23
501284,1182.35,50
501291,475.54,105
501295,169.65,1
501296,527.48,65
501297,115.16,30
501298,180.85,25
501299,112.9,15
501300,1881.27,34
501301,661.04,13
501302,241.04,9
501303,807.2,5
501304,270.92,42
501305,298.9,22
501308,334.08000000000004,18
501316,508.01,34
501318,329.5,11
501320,456.65999999999997,24
501333,500.24,3
501335,3.3,1
501345,1155.02,11
501347,334.45,21
501369,299.03,22
501385,355.21,51
501386,985.44,40
501387,235.6,19
501403,46.8,2
501420,83.52,1
501422,152.54999999999998,7
501423,146.95,8
501425,277.13,51
501426,424.74,33
501427,153.1,34
501430,389.4,21
501431,143.85999999999999,23
501432,102.0,1
501434,754.26,38
501437,73.45,6
501438,547.3199999999999,35
501439,112.8,4
501440,1442.57,58
501442,517.95,31
501443,165.63,34
501444,1842.88,59
501445,706.2,26
501446,344.78000000000003,18
501447,303.98,20
501449,454.73,21
501461,115.03,13
501463,123.60000000000001,6
501464,205.56,2
501469,224.1,14
501470,234.59,49
501471,305.41,13
501472,271.32,9
501473,4607.3,55
501474,382.79,65
501476,266.73,18
501477,389.26000000000005,18
501478,278.45,17
501479,300.6,14
501480,864.0,6
501482,422.09,6
501483,1448.64,24
501484,331.32,19
501485,975.0,5
501505,304.09000000000003,21
501507,110.95,30
501508,431.39,33
501509,155.64000000000001,30
501515,298.44,32
501523,818.29,50
501524,470.72,25
501525,427.20000000000005,3
501526,537.9200000000001,26
501528,746.9399999999999,23
501529,209.88,33
501530,1607.04,56
501531,152.16,8
501532,137.11,30
501533,320.12,4
501534,6866.3,10
501535,162.15,9
501537,328.35,14
501539,180.16,46
501540,236.02,41
501541,1225.2,68
501542,308.0,11
501543,39.12,3
501544,292.93,52
501545,2917.7599999999998,37
501546,114.69,14
501547,169.45,10
501548,1466.31,42
501550,1189.01,64
501552,381.95,22
501553,177.44,14
501556,1050.56,47
501557,156.51999999999998,23
501563,156.2,8
501564,197.38,35
501565,140.16,2
501566,204.2,3
501567,45.6,2
501568,425.64000000000004,5
501569,1328.04,16
501570,459.86,27
501571,222.95999999999998,4
501572,407.91,25
501573,595.1,25
501574,724.89,48
501575,1321.55,32
501576,153.94,8
501578,1922.1000000000001,21
501611,1835.0,6
501612,120.64999999999999,12
501613,219.79999999999998,10
501614,3137.85,14
501616,140.20000000000002,8
501617,228.9,17
501618,296.42,19
501619,525.9000000000001,15
501620,241.05,20
501621,571.62,6
501622,99.0,9
501623,452.82000000000005,5
501624,319.03000000000003,41
501625,248.65,21
501626,57.82,13
501627,91.8,3
501628,782.56,39
501629,96.23,17
501637,102.0,1
501638,1048.08,28
501639,120.6,3
501640,656.25,26
501641,353.49,26
501645,627.74,33
501646,199.12,17
501647,210.0,1
501648,76.32000000000001,1
501649,24.05,4
501650,360.26,30
501651,110.26,23
501652,281.03000000000003,38
501653,347.15,7
501654,47.93,15
501656,185.23,40
501657,292.66,67
501658,146.14000000000001,22
501660,328.03000000000003,14
501661,312.97,9
501662,250.47,13
501663,1155.48,61
501664,618.36,39
501665,327.19,21
501666,136.10000000000002,7
501667,906.82,6
501669,406.70000000000005,18
501670,263.5,1
501671,305.55,10
501672,323.93,22
501673,187.64000000000001,8
501674,155.05,7
501675,186.0,11
501676,325.35,11
501677,560.98,25
501679,120.32,10
501681,266.9,16
501682,330.29,10
501685,4580.0,5
501687,583.1,5
501688,286.22,16
501689,190.67000000000002,12
501691,663.6,30
501693,222.93,4
501694,138.54,10
501695,285.0,2
501696,66.0,1
501697,94.9,9
501699,162.14,24
501700,283.0,65
501701,176.51999999999998,3
501705,448.42,45
501706,174.6,2
501707,8.5,1
501708,116.85,2
501709,497.9,25
501710,453.17,27
501711,327.44,11
501712,161.6,9
501713,1048.76,22
501714,698.45,45
501715,959.7,9
501716,419.55,25
501717,405.53000000000003,13
501718,177.3,14
501719,355.8,5
501729,1248.48,6
501730,275.35,58
501731,291.45,21
501732,704.58,30
501766,6958.17,1
501767,728.37,83
501768,6958.17,1
501770,318.06,14
501776,306.97,17
501785,138.49,8
501789,653.01,53
501790,1263.36,21
501791,414.5,16
501792,313.4,16
501793,421.31,25
501795,248.8,45
501800,595.8000000000001,8
501805,376.44,29
501806,593.84,58
501807,494.99,67
501808,149.56,28
501810,1055.51,58
501811,169.8,9
501812,308.96,19
501813,343.94,24
501815,149.15,18
501816,154.21,5
501818,117.1,12
501819,322.69,1
501822,385.38,3
501824,150.34,11
501825,409.44000000000005,5
501828,606.45,40
501830,318.0,1
501831,198.57999999999998,34
501836,824.4,26
501845,604.65,21
501846,17.6,7
501847,361.04,28
501848,377.87,9
501849,215.55,35
501850,144.35000000000002,8
501852,324.89,13
501853,219.8,91
501854,107.34,31
501855,329.38,5
501856,17.0,1
501858,418.15000000000003,31
501859,280.0,8
501860,746.98,61
501862,268.83,23
501863,359.08,25
501864,161.4,2
501866,280.2,2
501867,258.75,13
501868,496.85,12
501869,320.0,1
501870,411.42,34
501871,658.0,15
501872,18.41,8
501874,2613.62,8
501875,226.60000000000002,9
501876,150.64,6
501877,549.99,79
501879,224.81,49
501880,215.44,28
501881,294.59999999999997,2
501882,101.75,7
501883,262.31,16
501884,111.35000000000001,20
501885,86.25,3
501886,194.22,19
501887,181.66,43
501888,321.34000000000003,13
501889,552.38,20
501890,198.85,50
501891,113.25,8
501892,167.65,35
501893,254.64000000000001,55
501894,181.8,9
501895,143.48000000000002,11
501896,477.28,19
501897,758.74,74
501898,220.0,9
501899,1089.98,12
501900,127.88,11
501902,381.0,7
501903,372.74,24
501904,917.6999999999999,18
501906,1073.75,79
501907,872.9399999999999,140
501908,17.4,1
501909,314.1,6
501910,253.57999999999998,15
501911,223.91000000000003,21
501912,415.92,23
501913,343.12,14
501916,142.95,4
501917,535.53,24
501918,2545.44,5
501919,391.5,25
501920,371.5,15
501921,353.4,10
501922,1021.37,89
501923,151.45,9
501925,988.0400000000001,14
501926,851.96,37
501927,437.96999999999997,28
501928,186.9,21
501929,95.39999999999999,7
501930,782.4499999999999,33
501931,0.95,1
501938,1183.8,12
501944,218.34,15
501945,120.9,11
501947,107.70000000000002,5
501959,133.6,6
501960,546.03,34
501996,139.2,1
502028,310.98,16
502035,318.8,18
502036,301.5,13
502037,298.4,14
502038,623.6899999999999,44
502039,34.8,2
502053,388.6,43
502055,1523.77,169
502056,471.15999999999997,32
502057,49.3,8
502058,233.55,2
502059,370.75,21
502060,630.72,32
502063,301.14,23
502064,60.0,1
502069,222.06,12
502080,195.35,11
502082,310.8,8
502087,388.48,19
502089,511.22999999999996,33
502091,114.5,7
502093,266.08,27
502094,628.0799999999999,46
502096,225.74,22
502097,313.38,4
502098,345.6,13
502099,473.98,11
502100,300.38,18
502101,372.94,27
502102,284.03999999999996,5
502104,198.9,39
502105,163.41,8
502106,490.84000000000003,4
502107,227.01999999999998,7
502108,238.5,9
502109,105.66,8
502110,301.86,23
502111,777.91,12
502112,9.899999999999999,1
502113,512.48,81
502118,1327.98,23
502138,10.14,1
502169,487.79999999999995,5
502189,129.82999999999998,47
502192,869.27,34
502219,81.6,1
502228,190.78,34
502229,531.4200000000001,26
502230,229.47,57
502232,330.38,20
502233,255.02,5
502234,677.38,35
502235,260.75,39
502236,312.45,11
502237,257.34000000000003,30
502238,309.8,19
502239,190.5,1
502240,426.27,25
502241,122.17999999999999,21
502242,149.3,11
502244,364.31,23
502245,1017.43,43
502246,71.4,2
502247,359.27,18
502249,298.74,37
502251,496.66,31
502252,156.9,6
502255,390.6,16
502256,377.4,5
502257,597.3,8
502258,111.95,29
502259,156.6,9
502260,291.5,19
502261,63.0,1
502263,10953.5,1
502266,241.89999999999998,7
502267,1900.0,4
502268,117.05000000000001,9
502269,10000.0,4
502272,355.62,48
502273,159.5,7
502274,10.05,2
502275,34.8,2
502278,395.23,17
502279,27.4,2
502280,289.45,16
502281,174.02,20
502286,220.6,23
502287,15.9,1
502288,412.88,18
502293,388.55,21
502300,2509.8999999999996,7
502301,877.1800000000001,27
502303,301.5,13
502313,446.21,27
502314,762.6800000000001,21
502315,30.599999999999998,1
502316,79.2,1
502317,571.0500000000001,16
502318,313.49,18
502319,309.35,14
502320,334.08,24
502322,38.35,1
502323,349.75000000000006,19
502326,1885.3700000000001,64
502327,346.9,17
502328,230.01000000000002,4
502331,40.0,1
502333,2300.4,8
502334,36.8,1
502336,187.95,11
502337,300.8,31
502347,310.2,18
502363,120.29,35
502375,243.29,17
502393,1020.48,7
502396,560.94,17
502399,302.86,19
502404,306.96,17
502418,119.0,1
502419,443.21,113
502420,293.5,39
502421,34.5,2
502422,519.3000000000001,18
502423,1083.05,55
502424,330.15,24
502425,59.5,3
502426,568.94,3
502427,363.51,63
502429,1201.52,67
502430,327.93,13
502432,102.0,1
502433,132.64,6
502436,169.21,42
502439,42.900000000000006,2
502440,45.0,3
502441,379.04,9
502443,8.5,1
502444,275.35,64
502445,5.05,2
502446,110.03,6
502448,193.22,7
502449,354.79,21
502450,386.53000000000003,29
502455,782.56,1
502456,91.8,1
502462,101.30000000000001,6
502463,169.33,10
502464,26.55,12
502465,81.0,7
502466,173.06,11
502467,391.59,15
502468,342.36,16
502484,123.37,25
502485,282.05,22
502487,85.65,3
502488,392.94,18
502489,59.8,5
502490,520.92,33
502491,828.8,28
502492,529.62,33
502493,141.06,7
502494,463.35,23
502495,161.5,8
502496,241.20000000000002,8
502498,134.2,7
502499,1009.6700000000001,22
502500,213.75,7
502501,316.58,23
502509,328.3,20
502523,205.23,23
502525,2779.34,14
502528,322.6,14
502532,2640.0,8
502534,578.63,59
502535,937.54,9
502565,509.65,32
502567,139.32,7
502568,70.6,3
502569,283.36,13
502570,220.32000000000002,2
502583,331.5,17
502584,309.3,18
502586,577.24,29
502588,867.04,88
502590,342.0,2
502591,201.85,43
502592,62.95,4
502594,205.91,20
502595,736.1,44
502596,336.04,23
502597,360.95,19
502598,766.52,47
502599,132.8,55
502602,241.38,1
502604,141.29999999999998,13
502605,726.32,45
502606,260.5,16
502607,325.15000000000003,16
502608,503.97,24
502609,344.3,9
502610,1103.85,19
502611,251.78,37
502613,885.14,138
502614,69.6,3
502615,340.3,21
502616,209.3,16
502617,525.34,25
502618,227.52,34
502620,172.35,14
502623,86.22,7
502624,243.03,80
502628,531.97,34
502632,133.85,7
502633,429.90000000000003,21
502636,381.36,10
502637,545.98,37
502638,357.91,23
502643,41.85,3
502648,935.36,14
502653,312.46000000000004,20
502659,82.2,3
502660,112.24,22
502661,250.45,12
502662,119.84,41
502663,146.67999999999998,7
502664,209.93,8
502665,46.2,2
502667,17.91,4
502668,0.84,1
502669,724.25,15
502670,200.63,13
502671,403.28000000000003,11
502672,19.8,1
502673,833.2,31
502674,272.95,13
502675,174.2,10
502677,352.77,25
502692,1708.1999999999998,1
502716,914.17,29
502721,383.75,27
502723,870.0,1
502724,286.58,12
502725,307.98,18
502728,299.75,19
502730,20.4,1
502733,280.6,40
502734,485.52000000000004,9
502735,146.67999999999998,7
502736,14.849999999999998,3
502738,131.68,1
502739,409.2,25
502740,303.55,12
502743,175.5,10
502745,81.4,4
502747,798.5500000000001,32
502748,465.51,42
502749,187.14000000000001,18
502751,102.53999999999999,25
502752,90.15,5
502753,194.8,10
502755,67.25,2
502756,501.36,20
502757,285.84000000000003,13
502758,4865.7,27
502759,3208.44,20
502760,816.0,1
502761,128.22,14
502762,219.39999999999998,6
502763,292.47,18
502764,2021.23,105
502765,84.37,31
502768,181.7,71
502771,2585.75,24
502772,120.0,1
502779,274.05,23
502781,45.6,1
502784,780.92,48
502785,181.58,6
502792,205.35000000000002,6
502794,312.88,14
502795,132.88,9
502796,362.56,40
502798,162.4,13
502799,259.08,43
502810,155.32999999999998,28
502811,290.95,18
502812,226.29999999999998,17
502813,201.13000000000002,19
502814,397.54,9
502815,376.2,37
502816,299.0,12
502817,139.94,35
502818,112.23,18
502819,63.72,4
502820,941.42,38
502821,70.19999999999999,4
502822,118.0,16
502823,1290.28,25
502824,127.65,17
502825,463.62,54
502826,722.1700000000001,25
502827,439.62,28
502828,293.5,60
502829,392.59,68
502830,131.25,9
502831,30.0,1
502832,197.78,30
502833,924.5400000000001,10
502834,95.78,7
502835,382.2,31
502836,156.74,14
502837,307.25,28
502838,210.47,48
502839,1017.96,24
502840,334.87,59
502841,144.35,61
502842,153.55,39
502843,656.72,12
502844,1031.3700000000001,71
502845,351.69,24
502846,153.54999999999998,9
502847,379.04,38
502848,742.41,87
502850,28.9,7
502851,253.45,30
502852,213.15,17
502853,826.87,118
502854,190.53,43
502855,292.44,44
502856,364.47,55
502857,309.99,14
502858,250.26,14
502859,309.3,12
502860,106.96000000000001,18
502861,256.83,60
502862,359.46000000000004,5
502863,1162.95,11
502864,415.71000000000004,11
502865,271.05,7
502866,186.23,62
502867,284.64,16
502868,181.89,39
502869,523.53,68
502870,1406.43,77
502871,367.69,21
502873,381.0,6
502874,348.47,20
502875,243.0,14
502876,1110.0,1
502877,861.5999999999999,1
502880,574.1899999999999,73
502881,288.57,31
502882,890.4000000000001,1
502883,2121.36,3
502884,637.11,23
502885,197.79,6
502886,749.28,76
502887,7090.8,8
502888,1652.4,5
502889,461.76,37
502890,74.0,8
502891,173.67,13
502892,164.47,10
502893,401.65,33
502895,317.61,34
502896,325.84999999999997,20
502897,292.95,25
502898,270.95,23
502901,940.52,12
502902,315.4,17
502905,306.0,1
502906,1045.44,2
502908,1.45,1
502909,350.1,27
502911,228.67000000000002,18
502912,579.6,19
502913,415.14,92
502914,41.25,1
502915,265.14,14
502916,236.55,42
502917,147.3,4
502918,29.95,1
502919,359.44,22
502920,142.12,53
502921,52.84,12
502922,198.95000000000002,42
502923,1.25,1
502924,285.40999999999997,23
502925,238.07,55
502954,848.6800000000001,37
502968,728.39,30
502991,918.5,3
503024,499.51,28
503046,375.6,3
503048,437.9,17
503049,123.1,7
503058,313.70000000000005,2
503059,169.25,14
503060,487.34999999999997,34
503062,208.17,65
503063,308.85,21
503064,215.92,67
503065,138.7,4
503066,630.35,33
503067,1430.37,79
503068,239.08,15
503069,905.16,40
503070,369.3,25
503071,702.32,37
503072,146.9,13
503073,75.0,1
503074,494.48,31
503106,117.0,3
503116,68.25,4
503135,1065.12,16
503143,301.8,8
503144,323.71000000000004,55
503146,365.1,10
503147,26.75,2
503148,359.95,20
503149,142.28,26
503150,97.97,11
503151,2429.42,80
503152,316.56,11
503153,397.4,13
503154,90.39999999999999,3
503155,1104.94,62
503156,253.21,71
503157,275.21,65
503158,30.1,3
503159,362.77,17
503160,123.28,2
503162,167.4,8
503163,1652.22,13
503164,326.29,14
503165,1180.92,8
503167,92.16,1
503168,408.0,1
503169,227.95000000000002,13
503170,104.5,20
503171,374.18,23
503172,143.07,24
503174,308.7,16
503177,1.65,1
503178,673.28,30
503179,684.12,42
503180,412.49,32
503181,214.11,14
503183,1254.22,20
503184,299.2,2
503186,6051.45,8
503187,110.7,3
503188,43.5,3
503189,171.9,4
503190,99.0,1
503192,1038.35,24
503193,307.90000000000003,18
503194,750.0,10
503195,156.87,41
503197,306.75,11
503198,107.58,8
503204,328.67,19
503217,23.4,7
503220,132.52,18
503226,976.08,14
503230,128.3,4
503234,339.17,28
503235,397.39,59
503236,13.2,2
503237,258.45,26
503241,389.81,28
503242,476.84000000000003,28
503243,502.80000000000007,3
503244,169.69,37
503245,389.49,22
503246,433.53000000000003,26
503247,357.0,4
503248,282.0,18
503250,349.20000000000005,4
503251,342.65,17
503252,179.61,10
503253,187.99,31
503255,181.15,12
503256,305.76,2
503258,16.44,5
503259,390.69,28
503260,416.84999999999997,72
503265,472.89,24
503268,121.67999999999999,1
503277,118.8,23
503293,312.51,23
503295,572.3100000000001,34
503328,63.150000000000006,3
503329,212.65,20
503330,174.14000000000001,36
503331,342.37,22
503332,382.55,14
503333,393.62,16
503334,612.0,1
503335,308.61,11
503336,152.5,18
503337,337.78,27
503338,190.95,11
503339,117.53999999999999,5
503340,473.59,79
503341,560.14,24
503342,253.88,20
503343,169.8,16
503344,128.59,16
503345,227.19,22
503346,65.73,24
503347,22.15,3
503348,52.51,20
503349,1576.18,33
503350,421.45000000000005,25
503351,79.95,1
503352,1400.26,26
503353,1062.8400000000001,47
503354,215.3,41
503355,300.87,8
503356,617.06,8
503358,305.0,18
503359,17.4,1
503360,121.85,8
503361,318.98,21
503362,254.92000000000002,33
503363,150.3,11
503365,76.23,11
503379,110.3,7
503391,228.96000000000004,3
503394,299.34000000000003,14
503395,300.35,18
503397,1262.75,43
503398,356.23,12
503401,2174.84,58
503402,287.9,22
503427,545.48,33
503430,817.25,24
503431,324.6,9
503432,486.8,13
503433,389.95,20
503434,651.48,9
503435,571.76,33
503436,476.36,30
503437,266.93,15
503438,245.76,14
503439,627.8,18
503441,300.05,11
503442,202.2,12
503443,323.87,14
503444,632.28,5
503445,540.08,20
503447,700.47,34
503448,524.39,12
503449,126.5,21
503450,77.5,3
503452,315.69,23
503455,355.38,5
503461,326.65000000000003,19
503469,34.0,1
503470,391.8,4
503472,216.3,13
503479,119.39999999999999,1
503496,215.5,20
503497,15.0,1
503498,409.31,18
503499,396.06,19
503503,714.0,26
503507,360.76,66
503515,199.97,12
503516,162.1,12
503517,379.2,21
503531,222.11,15
503532,727.49,40
503533,304.8,8
503534,151.46,7
503535,303.39,20
503536,479.81,53
503537,207.95000000000002,14
503538,170.12,25
503539,266.85,16
503540,126.51,11
503541,363.56,22
503542,2831.66,31
503543,235.19,64
503545,313.1,17
503546,303.1,17
503547,864.8,77
503548,298.88,55
503550,285.6,5
503551,210.86,21
503568,300.66,9
503569,428.24,2
503570,128.51,14
503572,441.55,15
503573,232.92,15
503575,541.95,14
503579,449.19,59
503580,514.42,16
503584,20.97,8
503585,256.64,17
503586,374.2,6
503587,387.45,18
503588,217.92,30
503589,72.34,27
503590,452.48,20
503591,1505.89,43
503592,285.08,16
503593,178.2,1
503594,244.31,15
503595,104.5,12
503597,207.35999999999999,1
503598,296.8,1
503599,63.0,1
503600,216.0,1
503602,318.0,1
503603,721.8,3
503604,450.85,30
503605,204.0,1
503606,1275.6,49
503607,148.47,10
503608,412.58,26
503609,819.42,10
503611,589.52,14
503612,1008.0,6
503613,2.95,1
503614,477.08,32
503616,396.47,24
503666,283.78000000000003,13
503667,334.93,67
503668,321.45,18
503670,128.7,9
503671,300.2,13
503672,158.25,6
503673,321.05,14
503680,214.32999999999998,35
503683,89.25,1
503685,478.1,6
503692,165.38,11
503693,173.89000000000001,52
503694,228.0,5
503695,252.3,9
503697,269.7,14
503698,234.02,58
503702,129.22,12
503703,430.95,43
503704,502.05,8
503705,429.96,12
503706,105.18,29
503708,445.40000000000003,22
503709,261.1,31
503710,118.95,7
503711,47.5,4
503712,649.91,44
503713,252.51999999999998,14
503714,130.3,38
503716,263.13,6
503717,177.9,9
503718,480.7,37
503719,7.95,1
503720,332.37,7
503723,1076.46,21
503724,365.5,23
503725,214.20000000000002,4
503729,307.26,20
503730,359.83,27
503731,598.04,36
503732,166.84,11
503766,680.04,35
503772,366.19,23
503773,368.6,48
503774,362.39,88
503775,143.12,17
503776,33.0,2
503777,238.5,30
503778,312.5,12
503780,330.45,28
503782,789.75,32
503783,1015.48,15
503784,1187.9,34
503785,12.75,1
503786,132.8,12
503787,450.05,28
503790,1017.6,117
503791,142.8,4
503795,614.63,27
503796,74.6,2
503797,482.58,29
503798,318.09,28
503800,124.5,8
503801,418.25,13
503802,227.65,25
503804,823.4,6
503805,1154.4,3
503806,237.70000000000002,4
503807,3068.68,14
503808,785.26,8
503809,1117.64,17
503810,2213.2000000000003,9
503811,209.4,7
503812,135.55,9
503813,320.23,16
503814,1700.16,10
503815,166.23,8
503821,293.06,15
503822,13.919999999999998,1
503824,389.43,25
503825,132.3,8
503826,128.07999999999998,7
503827,405.0,4
503828,636.6,10
503829,444.6,35
503830,1.55,1
503831,1103.8,11
503832,360.6,17
503833,874.84,11
503834,1749.68,11
503835,874.84,11
503836,874.84,11
503837,294.52,16
503838,98.89999999999999,5
503839,88.5,5
503842,222.25,11
503844,418.1,4
503845,204.60000000000002,3
503846,442.5,22
503847,147.12,12
503848,187.35000000000002,11
503849,907.1,6
503850,1231.94,33
503851,816.0,1
503852,1383.6,5
503853,394.65999999999997,21
503854,247.5,13
503855,246.05,15
503856,453.03999999999996,20
503858,47.400000000000006,1
503859,1623.8,64
503860,396.2,10
503861,696.03,21
503863,167.25,10
503864,632.66,44
503867,537.58,23
503868,855.35,23
503869,1239.83,34
503870,138.29,15
503875,460.34,64
503877,206.66,34
503895,297.69,26
503901,196.07999999999998,11
503904,475.46,11
503905,21.6,5
503907,4614.18,21
503921,433.71999999999997,27
503922,404.58000000000004,13
503923,297.94000000000005,7
503924,540.16,33
503925,314.85,10
503926,240.57,33
503927,894.0,5
503928,26.25,5
503929,1444.05,58
503930,197.1,19
503932,142.34,15
503933,521.13,29
503934,141.08,19
503935,443.28000000000003,29
503936,1183.38,13
503937,414.72,1
503938,227.4,3
503939,33.0,2
503941,466.47,23
503942,304.33,10
503943,153.8,5
503944,387.43,27
503945,356.0,4
503946,123.6,7
503947,40.5,2
503948,35.7,1
503949,310.82,12
503950,123.87,25
503951,585.73,39
503953,17.65,2
503954,316.41,16
503955,3242.22,17
503956,521.54,93
503959,992.64,6
503960,15.0,1
503961,195.0,3
503962,172.39999999999998,2
503963,232.61999999999998,25
503964,303.90000000000003,22
503965,412.85,23
503966,33.260000000000005,5
503968,300.7,15
503969,247.5,3
503971,303.45,15
503972,196.54999999999998,46
503973,178.35,8
503975,381.98,23
503976,277.85,52
503977,168.04,18
503978,245.85,27
503979,708.76,41
503980,646.8,9
503981,373.01000000000005,19
503982,488.3,12
503984,216.0,1
503985,1888.31,57
503986,374.95,22
503987,933.8,37
503988,162.72,1
503989,534.19,31
503991,762.28,36
503994,101.36,7
503995,716.46,7
503997,225.6,6
504000,25.5,1
504001,254.99999999999997,1
504002,99.49,19
504020,613.0999999999999,17
504026,728.5,18
504064,162.75,27
504065,325.44,1
504082,368.39000000000004,37
504092,319.69,19
504093,70.3,4
504094,336.9,14
504097,392.62,24
504098,365.59000000000003,24
504099,322.0,2
504100,1326.3,52
504101,271.6,8
504102,50.8,1
504116,76.5,1
504117,298.44,24
504118,228.93,32
504119,375.27,85
504120,270.44,52
504121,158.28,22
504122,776.29,46
504123,168.9,7
504125,457.55,9
504126,326.95,6
504127,30.599999999999998,1
504128,175.38,14
504130,728.8,25
504131,312.2,19
504132,1262.88,3
504133,199.20000000000002,7
504134,111.9,8
504135,1057.3600000000001,12
504136,384.27000000000004,5
504137,1149.58,31
504138,177.6,5
504139,707.78,90
504140,856.23,86
504141,320.25,30
504142,177.98,47
504143,171.57999999999998,10
504144,116.65,19
504145,549.51,48
504146,2969.6,50
504147,684.96,14
504148,86.10000000000001,4
504149,164.92,59
504150,612.81,35
504151,292.34,22
504152,335.0,15
504153,115.78,24
504154,458.79,47
504155,525.12,19
504156,113.45,22
504157,351.96,44
504158,487.67,26
504159,50.13,16
504160,347.28,67
504161,764.64,38
504162,478.66,30
504163,635.5,22
504164,114.89,7
504165,1844.19,4
504166,2318.4,8
504176,9.87,1
504183,465.18,18
504184,151.4,8
504188,22.5,1
504189,107.78999999999999,4
504192,381.0,22
504193,306.0,1
504195,359.90000000000003,19
504196,303.63,19
504200,313.75,20
504203,739.2,5
504204,926.82,51
504206,337.17,20
504210,15.0,1
504212,455.8,29
504213,539.5500000000001,6
504214,539.5500000000001,6
504216,161.47,30
504217,1160.66,58
504232,886.1800000000001,38
504234,1704.72,15
504244,1770.44,20
504257,701.97,49
504266,503.85,19
504318,166.05,44
504320,302.3,12
504321,155.75000000000003,12
504323,122.2,22
504326,408.7,20
504327,222.17,81
504328,355.19,50
504329,92.39999999999999,2
504331,119.0,2
504332,2622.481,45
504333,305.18,2
504335,74.1,1
504336,2139.4,27
504337,468.06,12
504338,755.8199999999999,13
504339,38.7,1
504340,410.84000000000003,55
504341,226.7,20
504344,420.47,14
504351,334.8,1
504352,70.0,2
504355,4.25,1
504356,89.12,8
504372,315.85,20
504373,339.7,20
504375,547.6,19
504376,153.95999999999998,16
504386,662.88,66
504394,315.05,43
504404,6.75,1
504406,228.04999999999998,33
504407,265.78000000000003,25
504408,335.53000000000003,13
504409,1788.7,59
504410,216.0,3
504411,41.75999999999999,3
504412,747.09,73
504413,260.52,16
504414,253.7,12
504416,159.0,7
504418,304.6,30
504421,394.24,24
504426,695.96,23
504427,823.39,107
504430,260.52,34
504432,239.06,4
504433,120.50999999999999,15
504434,173.4,4
504435,215.34,55
504436,9325.28,39
504437,720.34,31
504438,150.0,2
504439,134.35,25
504440,591.98,55
504441,174.4,9
504444,182.42,25
504447,33.85,4
504449,454.36,23
504450,136.53,23
504451,1033.5,28
504452,291.33000000000004,13
504454,261.41,51
504458,324.51,45
504459,113.49,14
504462,924.1700000000001,28
504466,134.77,33
504467,25.05,5
504469,263.2,3
504470,235.2,2
504471,221.9,7
504472,236.39999999999998,2
504473,611.7,26
504474,147.85,9
504475,342.58,22
504477,347.42,20
504478,863.64,33
504479,77.55,4
504480,275.64,3
504481,250.53,15
504486,313.92,4
504487,128.21,20
504498,6631.2699999999995,70
504508,1545.38,94
504519,524.98,52
504532,713.13,30
504533,101.75999999999999,6
504535,152.64000000000001,1
504536,596.0600000000001,59
504542,2113.68,15
504546,13.65,1
504547,217.2,18
504548,364.68,20
504550,1954.99,44
504551,660.0,4
504552,595.55,31
504553,312.26,17
504554,127.62,39
504555,217.13,38
504556,627.18,47
504558,296.35,40
504559,369.24,4
504560,17.0,1
504569,582.19,27
504571,359.11,42
504572,705.49,106
504574,1167.8799999999999,53
504575,307.1,17
504576,560.8,12
504577,532.46,21
504578,521.46,6
504580,322.35,12
504581,122.58,8
504582,447.45000000000005,9
504583,15.0,1
504584,124.62,4
504585,379.62,8
504586,192.84,7
504587,1563.06,30
504588,508.55,34
504589,399.6,20
504591,357.09,23
504592,315.53999999999996,10
504593,540.5699999999999,33
504594,276.54,63
504618,427.19,22
504619,43.92,2
504620,149.0,10
504621,435.3,21
504622,183.45,15
504623,144.45,41
504624,471.02000000000004,6
504625,58.5,1
504626,523.08,26
504627,84.69,3
504628,5.75,2
504630,19.799999999999997,1
504631,315.5,18
504633,167.15,9
504634,236.64000000000001,13
504635,746.33,50
504636,301.65,12
504638,560.23,39
504640,638.52,48
504643,425.89,27
504644,526.14,29
504645,294.08,9
504646,618.55,10
504647,25.200000000000003,1
504649,251.47,15
504655,325.24,17
504668,495.85,14
504669,203.8,10
504673,294.68,20
504675,436.76,17
504677,84.9,13
504680,32.1,2
504682,218.23000000000002,27
504683,109.5,4
504686,94.8,1
504687,94.8,1
504688,94.8,1
504691,389.36,16
504692,735.64,44
504694,219.85999999999999,11
504695,356.93,57
504696,15.9,1
504697,284.59,19
504698,495.26,22
504699,254.4,15
504700,57.63,1
504701,324.4,22
504703,239.64,9
504704,247.91,45
504705,266.3,18
504707,279.6,1
504708,202.06,14
504709,114.48,5
504711,378.6,27
504712,841.62,1
504714,1125.44,52
504715,3720.24,21
504716,651.9100000000001,22
504717,400.48,18
504718,122.45,5
504730,1031.3,25
504741,191.67,32
504742,329.22,22
504766,1336.03,62
504775,341.78000000000003,20
504789,359.61,21
504807,254.0,18
504808,185.6,34
504810,311.76,18
504825,136.85,13
504826,354.24,2
504827,43.45,3
504828,59.5,1
504829,332.0,17
504830,382.64,50
504831,570.4,74
504832,363.12,7
504833,294.72,18
504834,334.3,21
504835,430.69,18
504836,752.28,6
504837,396.24,18
504838,595.54,26
504842,432.34999999999997,26
504844,17.55,6
504846,902.16,4
504847,577.26,42
504848,263.28,72
504850,127.20000000000002,3
504851,1354.3999999999999,8
504852,202.17000000000002,18
504853,488.18,35
504854,486.3,42
504855,520.83,23
504856,90.00999999999999,16
504857,938.63,76
504858,347.9,18
504859,354.33,4
504860,313.65,17
504861,382.68,29
504862,350.4,21
504863,114.17,14
504864,232.41,26
504865,174.61,14
504866,211.77,20
504867,494.40999999999997,8
504868,739.25,84
504869,43.8,1
504870,582.84,29
504871,642.75,6
504872,772.35,7
504873,441.35,23
504874,1503.45,14
504875,753.6500000000001,9
504876,260.95,23
504877,316.05,37
504878,551.42,56
504879,2142.4,14
504880,160.15,15
504881,326.16,21
504882,596.7,65
504883,239.1,11
504884,957.3199999999999,20
504885,115.2,13
504886,315.17,23
504887,326.16,21
504888,148.73,12
504889,4.9,2
504890,599.4399999999999,91
504891,130.07,9
504893,737.03,61
504894,271.8,12
504895,495.29999999999995,11
504896,218.46,24
504897,1.95,1
504898,374.91,77
504900,396.22,21
504901,163.41,24
504902,734.91,49
504903,115.49,56
504904,517.79,113
504905,216.2,4
504906,430.12,21
504907,430.12,21
504908,391.5,12
504909,881.48,28
504910,618.54,21
504911,321.15000000000003,15
504912,187.62,3
504913,754.5,32
504914,150.0,1
504915,764.38,41
504917,231.25,4
504920,1047.0,6
504922,130.2,5
504923,139.35,4
504926,215.86,6
504927,479.6,2
504929,175.0,1
504930,45.95,3
504932,102.0,1
504934,324.42,19
504937,228.96,1
504938,746.01,36
504950,115.05,7
504974,406.8,21
504978,180.3,11
505000,164.78,40
505001,304.46,20
505002,195.1,13
505004,1335.02,47
505005,127.75,8
505007,38.1,3
505008,579.75,3
505009,360.47,11
505011,237.02,16
505012,1108.95,43
505013,754.5,55
505014,484.25,54
505015,572.9,28
505017,285.42,20
505018,110.26,31
505019,1021.04,16
505020,522.2,11
505023,689.46,25
505024,216.54,51
505042,411.44,22
505044,11.6,1
505047,59.4,2
505051,863.2,50
505052,360.62,21
505056,989.63,45
505057,317.45000000000005,14
505058,354.06,15
505059,190.76,15
505061,590.35,23
505062,197.0,7
505063,30.15,6
505064,204.74999999999997,2
505066,800.98,30
505067,168.45,53
505068,412.32,21
505070,52.75,11
505075,434.26,21
505076,329.8,20
505077,967.72,7
505078,337.4,20
505079,60.9,4
505080,74.86,4
505081,115.17999999999999,4
505082,235.67000000000002,16
505083,414.77,20
505084,220.2,2
505085,291.4,19
505086,339.0,2
505087,434.26,21
505088,59.0,1
505089,1076.5,13
505090,300.92,22
505142,603.08,36
505143,153.9,18
505144,406.36,21
505146,907.44,5
505147,703.22,13
505148,64.35,1
505152,43.75,1
505153,124.71,24
505154,111.72000000000001,2
505157,88.45,6
505158,264.5,3
505159,271.19,13
505162,185.8,37
505163,119.84,10
505165,240.77,16
505166,120.15,6
505167,237.83,40
505168,588.98,36
505169,418.96,21
505170,581.15,14
505171,221.4,23
505172,645.5,13
505173,490.08000000000004,30
505174,225.1,17
505175,153.28,17
505176,736.88,19
505177,534.34,54
505178,356.04,45
505179,68.25,7
505180,55.5,14
505181,142.85,10
505182,114.09,21
505183,339.59000000000003,11
505184,376.11,18
505185,680.91,110
505186,369.71,24
505187,234.6,4
505188,294.37,23
505189,629.58,37
505196,225.07999999999998,13
505199,264.29,40
505200,402.68,10
505201,425.6,25
505204,15.0,1
505206,701.32,16
505209,693.5500000000001,117
505211,422.75,15
505212,299.25,9
505213,572.06,15
505227,874.84,1
505228,569.84,10
505229,874.84,1
505230,372.45,19
505232,280.72,21
505233,180.0,20
505235,1576.8,1
505236,1000.5,48
505237,151.20000000000002,1
505238,314.5,1
505239,757.95,23
505240,148.60000000000002,3
505287,557.04,26
505297,300.54,16
505313,149.1,5
505314,1112.06,49
505315,523.42,8
505316,291.55,37
505317,328.9,17
505328,182.77,25
505329,237.70000000000002,6
505330,241.2,2
505331,393.33,19
505332,345.62,63
505333,38.25,2
505335,3857.2,42
505336,317.45,14
505337,910.93,53
505338,15.299999999999999,1
505340,296.2,21
505341,245.26999999999998,18
505342,276.71,19
505343,317.83,20
505344,357.62,15
505345,93.71000000000001,7
505346,23.75,1
505347,438.47,6
505348,182.8,12
505349,208.19,43
505351,222.32,29
505352,30.0,1
505356,801.47,52
505357,302.0,5
505358,373.71,41
505360,253.73,11
505361,126.58,20
505362,183.3,11
505363,842.45,37
505364,280.41,29
505366,336.6,11
505367,305.33,17
505368,401.23,25
505372,51.0,1
505373,39.6,1
505374,159.2,1
505375,4.65,1
505376,609.92,69
505378,430.0,13
505379,371.4,4
505380,213.0,6
505381,581.85,15
505385,284.86,17
505389,10.2,1
505392,84.56,4
505393,45.0,1
505394,547.12,10
505396,3181.97,58
505397,679.35,32
505398,394.0,29
505399,37.8,2
505409,134.4,6
505443,301.26,21
505445,107.76,4
505447,540.2,22
505448,206.46,14
505450,3374.8,36
505452,576.63,19
505453,969.69,38
505456,343.2,9
505461,354.9,10
505462,1045.1,58
505463,344.8,14
505464,281.23,32
505465,384.36,7
505466,690.7,15
505468,186.35,10
505469,342.7,4
505472,27.5,2
505479,86.3,11
505481,45.9,1
505482,178.0,2
505491,181.5,7
505494,133.3,17
505495,308.46000000000004,26
505496,291.26,15
505497,386.2,20
505498,265.8,16
505499,297.98,16
505500,434.52,2
505501,325.43,5
505502,352.8,18
505503,386.24,12
505504,484.82,39
505506,107.66,7
505507,246.88,15
505508,972.54,26
505509,1085.0,40
505511,152.69,11
505512,8.75,3
505513,334.96,80
505514,438.65000000000003,23
505515,265.15000000000003,13
505516,503.21999999999997,30
505517,125.03,8
505518,157.3,10
505519,328.66,22
505520,317.5,1
505521,130.6,7
505522,371.85,17
505523,416.62,19
505525,887.4,6
505530,513.0,16
505532,17.0,1
505533,740.52,2
505534,1824.1,5
505535,6.8,3
505536,840.0,1
505537,529.5,2
505538,791.99,3
505540,495.0,2
505542,476.88,28
505547,748.0,10
505548,406.5,24
505549,294.74,50
505550,322.14,30
505551,336.45000000000005,20
505552,19.799999999999997,1
505553,199.19,17
505554,213.28,6
505555,211.15,12
505557,378.87,23
505558,457.32,27
505559,546.96,1
505560,63.0,1
505561,358.40000000000003,26
505563,179.54999999999998,5
505564,122.54,7
505565,295.61,17
505566,497.25,18
505567,335.7,20
505568,978.21,10
505569,163.1,20
505570,69.93,5
505571,422.68,51
505572,344.55,44
505573,276.86,22
505574,336.83,22
505575,82.2,5
505576,289.94,16
505577,325.45,15
505578,157.14000000000001,11
505579,364.59999999999997,26
505580,357.49,28
505581,119.84,16
505585,500.3,29
505588,158.09,23
505615,434.06,45
505616,325.15,16
505633,112.55,30
505634,320.91,47
505635,424.2,22
505636,386.40000000000003,22
505637,214.45,12
505639,179.52,4
505640,453.6,9
505641,128.41,10
505643,512.26,22
505644,122.6,7
505657,317.44,21
505669,281.0,9
505675,261.39,13
505676,167.0,10
505681,131.25,9
505682,457.37,16
505685,230.11,30
505688,180.15,5
505694,255.66,15
505695,252.27,13
505696,290.40000000000003,4
505697,325.5,17
505698,296.0,2
505699,329.17,53
505700,103.48,5
505701,183.9,24
505702,194.09,27
505703,328.48,20
505704,123.03,21
505705,122.93,39
505706,139.5,4
505707,1002.95,40
505708,166.28,37
505709,612.07,157
505710,645.1,36
505711,83.26,5
505712,564.57,53
505713,654.32,42
505714,304.52000000000004,18
505715,298.32,18
505716,360.85,25
505717,424.79,56
505718,167.35,7
505719,635.85,52
505720,190.97,38
505721,167.25,24
505723,521.33,47
505724,341.09999999999997,17
505725,403.01,64
505729,182.45000000000002,13
505730,483.15000000000003,32
505731,314.2,18
505732,657.21,42
505733,309.13,17
505734,421.26,31
505735,348.0,5
505736,289.25,24
505737,553.74,5
505738,327.22,4
505739,463.8,6
505740,391.67999999999995,2
505741,918.88,107
505742,324.44,11
505743,301.40999999999997,22
505744,2310.0,6
505745,2816.62,11
505746,525.0,2
505747,3256.64,13
505748,320.5,16
505755,646.55,8
505756,184.91,14
505757,228.05,14
505762,235.88,13
505766,50.48,3
505769,39.15,1
505770,140.55,10
505771,305.75,16
505772,35.28,5
505773,207.6,11
505774,350.23,14
505775,211.67000000000002,8
505776,73.5,3
505778,149.92000000000002,5
505779,199.5,11
505780,178.87,11
505781,142.2,8
505782,129.48000000000002,9
505783,237.35000000000002,7
505784,25.5,1
505785,191.02,6
505787,454.15,32
505788,246.7,9
505789,183.84,8
505790,115.5,7
505791,238.61,51
505806,371.85,1
505809,279.6,12
505826,301.09000000000003,21
505838,179.05,34
505840,661.79,36
505841,453.15,17
505842,229.5,1
505844,55.8,5
505845,172.78,10
505846,388.1,16
505847,200.84,54
505848,85.8,4
505849,163.2,1
505851,545.37,28
505852,276.5,21
505853,176.4,15
505854,529.79,92
505855,456.87,31
505858,286.81,17
505867,227.74,13
505877,486.62,17
505882,173.72,57
505883,956.9,27
505884,906.0,57
505885,228.25,15
505886,251.27,10
505887,140.75,2
505889,381.89,21
505890,271.67,34
505891,336.55,22
505916,352.23,51
505941,683.48,10
505962,297.5,51
505963,355.89,9
505964,524.21,32
505965,354.07,77
505966,534.0,10
505967,371.40999999999997,22
505969,355.96,64
505970,257.62,16
505973,884.22,9
505974,341.29,35
505975,384.31,21
505976,334.35,21
505977,2519.52,25
505978,856.44,11
505979,293.26,20
505980,379.92,18
505981,5416.8,12
505982,78.64,3
505983,143.5,3
505984,3707.92,20
505985,796.68,11
505986,347.76,21
505987,1480.37,12
505988,523.08,26
505989,239.65,12
505990,170.1,7
505991,339.6,4
505992,21.0,1
505993,241.3,3
505994,942.46,13
505995,458.97,27
505996,287.16,31
505997,641.05,38
505998,550.3,33
505999,465.55,24
506000,725.15,3
506003,2409.2200000000003,32
506004,175.2,1
506018,243.35999999999999,1
506024,365.03999999999996,2
506025,292.21,18
506029,683.0,49
506047,218.57,37
506055,133.5,23
506066,1080.2,5
506070,1050.85,39
506073,55.8,3
506080,109.33,16
506082,1160.1,58
506091,584.06,40
506092,105.71000000000001,23
506097,296.99,15
506099,227.2,35
506100,2043.3600000000001,53
506107,210.83,25
506108,521.88,29
506111,472.29,29
506112,813.6,1
506113,550.3,14
506114,812.45,27
506115,234.75000000000003,7
506116,110.88000000000001,3
506117,231.93,45
506118,136.25,8
506119,186.66,7
506120,301.02,21
506121,125.46000000000001,3
506122,429.25,25
506123,183.99,13
506125,221.10000000000002,3
506127,301.3,14
506130,112.14999999999999,6
506131,405.06,28
506134,265.08,11
506135,306.05,17
506136,112.20000000000002,2
506137,689.47,35
506138,314.40999999999997,53
506139,217.48000000000002,9
506140,462.7,16
506142,1252.95,36
506144,19.35,6
506149,30.4,3
506154,192.12,14
506162,2525.86,131
506163,1443.02,45
506164,306.0,2
506165,457.33,18
506167,516.21,12
506168,550.8000000000001,29
506169,92.6,5
506170,310.14,17
506171,305.2,8
506172,236.28,4
506173,585.0,2
506174,714.0,7
506175,250.04,17
506176,538.8,27
506177,365.2,17
506178,495.0,20
506189,291.6,11
506209,690.05,33
506222,97.25,4
506223,687.15,97
506225,412.5,20
506226,838.69,28
506227,333.49,17
506228,1049.66,63
506229,153.0,1
506230,2222.08,13
506231,151.2,1
506232,160.96,19
506233,41.4,2
506239,9.95,1
506241,184.95,4
506242,376.70000000000005,17
506244,950.3100000000001,52
506245,309.3,22
506246,379.92,19
506247,272.55,62
506248,345.25,43
506249,885.5400000000001,32
506250,471.65999999999997,55
506251,282.3,18
506252,229.05,32
506253,294.2,55
506254,1242.63,58
506255,319.75,20
506256,611.9000000000001,22
506258,306.20000000000005,11
506260,277.93,16
506261,160.75,13
506262,460.43,33
506263,403.42,6
506264,183.76,10
506265,228.4,13
506266,252.84,13
506267,249.7,11
506268,171.0,9
506269,122.95,8
506270,428.3,10
506271,117.0,6
506272,80.4,3
506273,105.85,6
506274,93.0,1
506275,46.5,1
506276,592.94,30
506277,321.3,20
506278,339.75,16
506279,257.41,14
506281,587.61,58
506282,76.5,1
506283,644.17,36
506285,797.16,52
506287,256.16,10
506288,228.29999999999998,3
506289,686.52,24
506290,1124.98,53
506292,316.85,22
506293,1898.57,41
506294,136.05,18
506295,1007.08,17
506296,8.75,4
506297,81.6,1
506298,146.49,8
506299,758.1800000000001,40
506300,57.5,3
506301,105.69999999999999,6
506303,340.19100000000003,20
506305,154.2,8
506308,578.65,26
506309,85.53999999999999,2
506311,214.15,23
506312,144.2,20
506314,84.77,13
506317,673.74,4
506344,347.34,18
506346,197.7,5
506347,156.87,14
506361,819.35,48
506377,138.79999999999998,13
506378,399.6,14
506380,168.73,15
506381,387.14,21
506383,390.6,19
506384,1133.6,40
506386,148.54,16
506387,13.919999999999998,1
506388,840.67,101
506389,166.27,4
506391,405.85,27
506394,1068.52,46
506395,16.0,4
506397,317.62,18
506399,201.5,9
506400,190.75,20
506403,107.75,11
506404,171.06,12
506408,470.35,42
506410,632.35,20
506411,372.67,25
506412,287.3,15
506413,396.45,15
506415,130.65,7
506416,319.59999999999997,7
506428,452.84000000000003,28
506433,458.27,22
506434,454.98,59
506435,1210.96,47
506436,107.07000000000001,6
506437,303.8,9
506440,280.8,18
506442,366.52,71
506443,578.9,14
506444,481.65000000000003,23
506446,360.7,23
506447,440.05,15
506448,449.6,95
506451,334.7,43
506452,194.6,21
506453,1307.27,42
506454,490.02000000000004,5
506455,48.45,2
506456,313.21999999999997,54
506457,97.35,6
506458,581.15,10
506459,206.3,13
506460,344.87,76
506461,301.73,11
506462,62.5,4
506463,766.99,27
506464,53.849999999999994,4
506465,304.5,3
506466,94.45,6
506467,7210.32,14
506468,216.0,1
506469,416.86,27
506470,118.5,7
506471,254.4,1
506472,710.4399999999999,27
506475,108.43,6
506478,396.0,12
506487,1354.5,37
506494,304.47999999999996,6
506496,453.75,15
506555,1637.62,50
506556,164.95,48
506557,129.6,2
506558,125.78,22
506560,405.38,27
506561,99.6,5
506562,301.34,22
506564,306.57000000000005,18
506565,145.0,1
506566,490.07,59
506569,340.5,11
506570,181.95,9
506572,479.79,70
506573,294.3,16
506574,114.95,18
506575,59.4,1
506578,395.34999999999997,19
506579,1388.54,36
506581,2292.48,12
506600,155.9,27
506603,430.0,2
506604,456.69,24
506606,29.55,2
506609,174.21,49
506615,938.79,47
506669,146.56,21
506673,255.32,61
506675,272.32,11
506676,186.1,10
506677,77.46000000000001,6
506678,34.0,1
506679,175.2,1
506680,167.64,10
506681,410.4,14
506682,411.46,24
506683,206.49,11
506684,978.68,23
506685,136.2,6
506686,126.57,14
506687,612.5,2
506688,131.83,30
506689,205.57,30
506690,119.0,9
506691,142.20000000000002,3
506692,168.55,19
506693,127.05,8
506694,118.05000000000001,7
506695,127.21000000000001,19
506696,129.79,7
506697,334.88,19
506698,311.32,20
506699,206.2,11
506700,1381.98,74
506701,420.46000000000004,16
506702,160.5,9
506705,177.98999999999998,23
506706,136.13,46
506707,1098.27,42
506708,306.91,51
506709,407.57,109
506710,611.5,21
506711,117.05000000000001,32
506712,231.85000000000002,10
506713,133.79999999999998,4
506714,75.84,5
506715,1034.6599999999999,32
506716,156.65,51
506717,464.4,11
506718,382.3,22
506720,292.68,13
506721,539.25,28
506723,202.78,11
506726,381.46000000000004,23
506729,156.3,10
506730,694.66,52
506731,269.34,13
506735,374.5,20
506740,269.34,1
506741,958.89,22
506742,46.08,1
506743,303.85,12
506744,24.8,3
506747,292.03000000000003,15
506754,651.53,39
506755,63.5,1
506781,992.04,27
506785,292.75,16
506794,405.1,23
506812,123.78,12
506818,328.16,29
506820,759.4,30
506821,285.51,18
506822,69.75,1
506830,309.03000000000003,31
506831,853.35,49
506834,785.52,18
506837,108.88,19
506839,1126.0,2
506840,1008.9499999999999,47
506841,163.2,1
506842,937.77,123
506843,459.55,24
506857,107.69,23
506858,449.06,25
506859,1.65,1
506860,728.84,33
506861,121.71000000000001,5
506862,96.30000000000001,3
506863,289.87,12
506865,351.89,40
506870,198.03,17
506873,337.73,22
506876,426.85,20
506878,129.35,4
506880,373.18,20
506887,160.10000000000002,6
506889,76.02,4
506891,115.2,1
506894,508.20000000000005,2
506895,237.73999999999998,14
506897,243.08,17
506898,301.9,18
506900,920.3100000000001,51
506901,105.35,5
506902,233.45,10
506905,415.50000000000006,4
506906,309.56,15
506907,396.3,22
506909,250.92000000000002,7
506920,468.64,24
506947,145.28,15
506948,130.5,13
506949,165.6,4
506950,167.1,4
506951,187.4,6
506953,132.15,6
506954,796.6,9
506956,320.44,63
506957,127.82000000000001,8
506958,213.74,20
506960,79.2,2
506961,365.48,17
506962,691.03,31
506963,952.41,18
506964,1215.6100000000001,25
506965,503.45,30
506974,260.20000000000005,9
506976,606.81,44
506977,37.980000000000004,2
506981,818.55,14
506982,321.06,8
506984,153.3,11
506985,126.59,27
506986,192.05,4
506991,465.84000000000003,4
506992,578.82,76
506993,311.15,4
506997,324.67,19
507000,888.85,39
507001,94.53,4
507002,250.3,14
507003,124.73,7
507005,868.32,4
507006,642.5699999999999,40
507017,27.65,8
507018,17.700000000000003,1
507020,186.72,23
507021,349.5,1
507026,331.54999999999995,12
507027,364.50000000000006,6
507028,841.17,53
507029,804.76,49
507032,60.199999999999996,4
507034,256.8,12
507035,315.82,13
507036,147.68,12
507038,472.11,22
507039,166.89,12
507040,15.0,1
507041,1031.9,9
507042,250.48000000000002,33
507045,142.08,4
507046,144.3,5
507047,235.64000000000001,7
507048,275.8,4
507049,15.299999999999999,1
507050,310.83,23
507051,471.76,15
507052,302.35,14
507053,115.4,3
507054,217.6,12
507056,307.64,6
507058,348.85,17
507059,107.69999999999999,3
507060,662.25,1
507061,396.2,1
507062,1224.36,7
507063,528.32,30
507064,855.38,49
507091,307.62,13
507113,302.3,7
507114,307.66,10
507115,385.62,10
507117,80.74,4
507119,63.5,1
507120,385.43,31
507121,269.48,49
507122,6564.37,80
507124,202.93,35
507125,153.15,17
507127,101.32999999999998,4
507128,406.55,31
507129,137.24,34
507130,512.4300000000001,29
507132,699.17,26
507133,516.74,58
507148,461.62,26
507149,671.64,25
507150,512.3,26
507151,575.68,11
507152,370.21000000000004,12
507153,311.94,15
507156,593.49,33
507157,424.13,48
507158,948.13,41
507159,114.21,17
507160,145.12,9
507161,174.59,12
507163,414.87,12
507166,247.83,15
507170,227.42,14
507176,750.28,47
507178,12569.48,75
507179,4751.16,35
507180,310.15999999999997,21
507181,681.36,3
507183,140.68,13
507186,398.4,24
507193,595.18,20
507194,533.8,32
507196,23.400000000000002,1
507197,20.4,1
507199,168.29,17
507205,350.38,19
507206,673.86,27
507207,271.75,14
507208,165.85000000000002,12
507210,2593.62,147
507211,47.7,2
507212,88.0,1
507213,264.13,15
507216,477.8,12
507218,240.63,37
507223,151.97,36
507227,898.45,37
507228,177.94,51
507229,192.19,51
507231,117.30000000000001,6
507232,354.24,14
507233,364.32,13
507234,207.3,6
507235,6361.97,250
507236,60.0,1
507237,69.84,3
507238,371.11,24
507239,12.600000000000001,1
507240,446.22,26
507241,312.5,12
507242,390.0,6
507243,314.59000000000003,16
507244,1051.1999999999998,1
507245,951.0,3
507246,2121.36,3
507247,111.00000000000001,3
507248,754.8000000000001,1
507249,254.99999999999997,1
507250,42.5,1
507251,244.79999999999998,1
507252,394.85,26
507253,2085.0,11
507254,108.0,1
507255,131.15,5
507256,183.09,49
507258,610.6,24
507259,760.65,15
507260,355.95,12
507261,337.33,29
507266,156.85000000000002,11
507269,554.7,15
507270,20.16,1
507272,75.0,1
507273,333.2,1
507275,210.1,13
507279,414.84999999999997,17
507280,35.1,1
507281,922.84,27
507282,372.0,12
507283,29.96,1
507285,336.79999999999995,4
507286,358.22,5
507287,386.6,3
507288,83.42,25
507289,584.54,122
507290,160.46,32
507291,44.85,6
507295,267.9,16
507296,429.47,16
507297,305.7,18
507306,1857.0,22
507315,435.15999999999997,21
507340,313.0,2
507356,327.07,21
507357,20.4,1
507359,1023.74,62
507360,561.52,7
507364,121.8,25
507366,290.4,5
507367,204.4,13
507368,111.95,18
507369,771.78,78
507370,175.25,11
507371,242.4,5
507372,553.92,29
507373,197.34,27
507374,576.0,16
507375,159.4,5
507376,601.12,142
507377,285.83,51
507378,100.16,5
507379,504.42,7
507380,240.44,54
507381,440.34999999999997,12
507382,380.7,17
507383,184.02,13
507385,176.63,16
507386,1063.8799999999999,24
507387,261.15,59
507388,730.42,103
507389,117.65,8
507390,363.90000000000003,20
507391,352.13,145
507392,42.5,1
507393,2814.41,106
507394,335.85,37
507395,123.01,19
507396,956.9300000000001,35
507397,186.98000000000002,11
507398,150.21,17
507399,1438.19,24
507400,86.44,24
507401,228.56,36
507402,88.48,3
507403,196.24,41
507404,6.5,4
507405,266.95,12
507407,667.45,26
507408,487.08,16
507409,34.7,2
507410,22.5,5
507411,277.48,9
507412,178.3,8
507413,111.94,20
507414,799.36,44
507416,403.39,24
507417,836.5600000000001,53
507418,141.35000000000002,6
507419,409.91999999999996,22
507420,174.82,30
507421,269.65,53
507422,947.6700000000001,32
507423,36.8,2
507424,247.44000000000003,44
507425,360.90000000000003,9
507426,98.15,6
507427,155.05,28
507428,159.2,2
507429,190.25,19
507430,173.7,36
507431,347.58,18
507432,510.27,69
507433,306.89,19
507434,166.53,8
507435,320.95,22
507436,158.6,11
507437,80.8,3
507438,265.21,27
507440,406.32,4
507445,928.55,53
507446,151.52,15
507447,119.35000000000001,5
507449,132.62,10
507452,337.7,3
507453,605.65,31
507458,242.93,12
507459,187.99,19
507461,305.86,17
507462,304.7,11
507463,757.2,4
507464,1621.7999999999997,4
507465,1393.92,2
507472,144.35999999999999,22
507477,182.1,7
507478,760.75,16
507479,313.8,15
507481,260.40000000000003,9
507483,192.15,12
507485,324.0,21
507510,373.2,13
507521,996.9000000000001,14
507536,301.09000000000003,11
507560,214.70999999999998,14
507564,176.81,11
507584,59.699999999999996,1
507586,436.46999999999997,55
507589,116.2,7
507591,320.95,21
507593,105.0,3
507594,334.0,7
507595,272.75,16
507597,481.3,28
507600,549.1,23
507606,189.74,33
507608,231.66,14
507610,102.31,6
507611,118.45,10
507613,286.12,48
507614,254.45,15
507615,245.1,12
507616,429.5,3
507617,252.84,22
507619,372.89,19
507620,821.6,14
507621,151.42,8
507622,304.38,44
507624,1192.64,46
507634,1149.3700000000001,23
507635,314.68,16
507636,32.550000000000004,2
507639,309.55,13
507640,91.5,4
507641,135.39,16
507642,314.25,6
507643,293.15,10
507646,351.14000000000004,5
507647,369.21000000000004,10
507648,142.5,5
507654,353.42,20
507659,306.0,1
507660,945.75,112
507664,293.06,16
507666,303.95,18
507667,643.2,98
507668,308.6,14
507669,488.7,23
507673,927.5500000000001,55
507674,260.18,13
507676,71.94,2
507678,319.45,11
507682,146.16,3
507685,417.59999999999997,1
507687,837.11,53
507689,339.8,7
507690,128.6,6
507691,372.8,42
507692,259.74,7
507693,521.0,14
507694,250.21,12
507695,82.97999999999999,5
507696,170.05,10
507697,499.48,27
507698,1041.51,57
507699,120.32,10
507700,314.79,20
507701,96.05,18
507703,142.2,13
507705,266.6,6
507706,55.35,3
507707,1926.4,67
507710,1085.5,86
507713,246.54,15
507715,1244.6,18
507728,790.38,26
507732,163.75,8
507735,415.65999999999997,49
507736,381.52000000000004,12
507737,319.11,61
507749,100.80000000000001,1
507750,290.81,22
507768,295.08,10
507791,254.0,4
507792,187.5,1
507793,324.51,12
507794,562.55,15
507818,319.90000000000003,14
507819,141.85000000000002,8
507821,205.72,18
507837,681.41,48
507838,708.92,78
507839,43.65,3
507840,107.2,24
507841,318.40000000000003,10
507842,272.23,15
507843,679.98,25
507844,88.5,1
507845,2174.1,27
507846,121.35000000000001,7
507847,435.85,31
507848,123.34,6
507879,347.65,85
507880,515.61,18
507883,343.87,13
507888,352.91,24
507889,189.75,34
507891,59.4,1
507914,276.65999999999997,12
507915,306.5,20
507916,670.8,3
507917,190.5,1
507918,632.5,4
507920,310.9,17
507921,135.6,14
507922,88.7,6
507923,621.93,35
507924,516.08,5
507926,424.76,23
507943,121.74,4
507975,1980.0,5
507996,4997.44,66
507997,69.6,1
507998,606.28,13
507999,637.2,34
508002,360.5,4
508003,246.52,73
508012,394.83000000000004,19
508037,150.09,33
508038,646.85,36
508039,192.64,34
508040,413.55999999999995,23
508043,162.4,6
508045,572.96,19
508048,552.4,41
508049,212.0,1
508050,1676.3300000000002,17
508051,309.45,16
508052,753.45,32
508053,535.37,16
508054,128.84,22
508055,264.05,14
508058,15.0,4
508059,312.3,19
508060,732.34,55
508061,192.96,6
508062,344.87,20
508063,22.5,3
508064,719.8,13
508065,355.46000000000004,13
508066,101.7,8
508067,94.25,5
508068,275.11,19
508069,256.0,8
508070,515.8000000000001,23
508071,75.72,7
508072,459.18,45
508073,310.74,22
508074,267.59,32
508075,30.0,1
508078,336.03999999999996,3
508079,782.0600000000001,65
508080,768.44,5
508081,206.44,2
508082,1024.8,5
508084,501.03999999999996,4
508086,120.0,2
508087,120.0,2
508088,240.0,2
508089,120.0,2
508090,120.0,2
508092,215.04,37
508093,237.28,11
508094,2532.82,11
508095,4798.8,11
508096,4815.8,11
508097,732.42,33
508098,1466.38,24
508099,63.419999999999995,4
508100,336.55,20
508101,755.42,19
508102,300.90000000000003,14
508103,115.08000000000001,4
508104,712.28,3
508105,525.24,8
508106,516.8,32
508107,175.9,3
508108,323.79,19
508117,230.1,9
508147,1236.6000000000001,9
508150,393.62,18
508154,140.25,1
508156,408.76,30
508173,284.62,27
508174,3.3,2
508175,314.12,42
508176,338.1,5
508177,91.8,3
508178,404.75,17
508180,249.91,47
508182,509.04,17
508183,526.71,28
508184,317.4,9
508185,146.72,20
508187,311.09999999999997,7
508188,238.8,15
508189,121.92,10
508190,549.62,11
508191,113.75,15
508192,442.15999999999997,21
508193,87.75,13
508194,489.12,15
508195,207.35999999999999,1
508196,2026.71,8
508197,259.81,49
508198,310.83000000000004,19
508200,73.5,1
508201,78.58,15
508202,1835.53,40
508203,369.75,23
508211,301.92,17
508212,273.41,11
508213,157.35,21
508214,634.13,40
508215,426.2,17
508217,2691.59,7
508219,402.91,29
508220,169.7,21
508221,168.7,34
508222,645.35,30
508223,213.25,22
508224,79.58,2
508225,185.1,18
508226,192.89000000000001,16
508235,583.56,25
508237,386.19,41
508245,856.2,5
508247,277.5,10
508248,421.8,23
508249,319.74,8
508251,1612.6599999999999,59
508252,383.4,19
508253,413.2,15
508311,556.5500000000001,30
508328,142.15,24
508330,337.18,21
508332,194.03,34
508333,5106.73,47
508335,120.0,1
508336,167.15,33
508337,109.44,2
508339,113.15,7
508353,275.73,12
508356,7.9,1
508357,127.20000000000002,2
508359,220.75,13
508360,240.91,50
508361,180.74,15
508362,48.9,2
508366,484.73,7
508374,216.79999999999998,6
508378,539.04,3
508379,250.55,12
508381,208.79999999999998,1
508382,553.9200000000001,28
508383,308.09999999999997,9
508389,15.299999999999999,1
508390,168.25,11
508395,201.65,11
508401,376.83,33
508402,120.0,3
508403,12.2,6
508408,314.98,17
508409,307.61,22
508453,148.5,1
508457,456.91999999999996,10
508460,126.83,12
508461,169.95,14
508462,36.75,13
508463,136.7,26
508464,470.62,21
508465,10.08,1
508466,92.8,6
508467,217.55,20
508468,108.75,4
508469,88.24,13
508470,611.08,122
508471,186.12,4
508472,788.63,19
508473,86.16,3
508474,217.36,18
508475,127.11,12
508477,172.79,15
508479,238.34,27
508480,148.07999999999998,20
508481,552.88,18
508482,1117.89,96
508483,735.49,190
508484,150.29,29
508485,152.76,43
508486,395.4,42
508487,131.14,45
508488,71.3,2
508489,39.5,1
508490,621.37,16
508491,321.06,95
508492,184.26,9
508493,202.2,21
508494,1489.46,28
508495,100.93,12
508496,678.66,58
508497,156.06,9
508498,168.34,13
508500,491.98,59
508501,3681.0,31
508502,1209.1399999999999,21
508503,237.78,39
508504,1281.0,157
508505,91.22,44
508506,183.84,48
508507,204.54,12
508508,641.37,41
508509,359.48,8
508521,396.55,5
508522,728.4,20
508523,648.58,29
508524,1193.5,38
508525,1012.96,13
508527,106.2,1
508529,3363.57,13
508551,456.78999999999996,22
508581,1071.61,54
508592,380.58000000000004,18
508593,925.35,46
508594,1793.6,8
508610,65.4,1
508611,172.07999999999998,16
508612,184.96,25
508614,308.8,73
508615,966.57,56
508616,143.55,11
508620,442.05,25
508621,200.53,14
508622,341.0,7
508623,107.10000000000001,2
508624,373.1,22
508625,215.35,26
508626,356.45,18
508627,121.48,49
508628,141.6,22
508629,214.75,23
508631,2.9,2
508635,401.63,68
508636,229.75,14
508637,220.0,1
508640,966.0,4
508641,290.4,12
508642,31.14,11
508644,128.7,4
508646,181.65,13
508647,60.0,1
508650,169.89,17
508652,423.77,64
508653,173.12,20
508654,2102.16,127
508721,320.78000000000003,84
508728,200.0,1
508731,324.78000000000003,18
508732,511.73,35
508733,610.34,35
508734,64.38,4
508735,552.62,30
508736,671.97,39
508739,419.40000000000003,1
508742,480.84999999999997,19
508743,367.2,1
508744,341.28000000000003,9
508745,41.050000000000004,5
508748,6250.0,3
508750,405.87,27
508751,158.23,9
508752,103.84,17
508753,81.55,6
508755,182.47,22
508756,660.0,2
508758,420.85,31
508759,597.52,29
508760,81.6,1
508763,186.05,13
508765,269.8,22
508766,348.25,1
508780,436.83,64
508793,40.04,7
508794,167.4,1
508795,153.0,1
508796,925.1600000000001,5
508797,166.24,11
508800,348.05,12
508801,459.71,36
508802,6.25,1
508807,102.0,1
508811,459.39,24
508821,1037.7,13
508822,595.17,30
508823,588.68,30
508824,334.1,9
508825,207.14,34
508840,112.94,30
508848,173.79000000000002,13
508849,123.95,22
508850,389.47,17
508851,317.5,5
508852,241.4,13
508856,382.14,3
508858,192.35,49
508861,341.07,78
508864,1338.04,146
508866,13.200000000000001,1
508867,310.35,2
508868,34.5,1
508873,348.59,27
508874,454.88,61
508879,126.11,8
508880,217.4,4
508897,194.7,24
508898,603.96,35
508899,595.94,7
508900,301.63,21
508901,323.31,23
508904,245.48000000000002,18
508905,160.4,6
508906,222.46,15
508907,310.62,9
508908,349.79999999999995,3
508909,349.79999999999995,2
508910,227.25,11
508912,146.29999999999998,5
508914,356.07,15
508915,284.67,14
508917,7.5,1
508918,145.2,1
508919,334.56,3
508920,40.0,1
508921,110.3,5
508923,27.15,8
508924,232.24,21
508925,219.84,2
508950,120.60000000000001,2
508953,100.8,2
508958,317.5,1
508962,388.94,18
508964,384.74,15
508972,788.61,87
508986,693.48,26
508993,233.05,14
508994,353.14,21
508995,395.58,16
508996,311.65,12
508997,216.9,54
508998,162.07,40
508999,156.59,34
509000,403.3,21
509001,162.07,40
509002,307.90000000000003,8
509008,269.84,12
509011,299.75,5
509012,261.55,39
509014,342.12,18
509017,96.4,3
509018,4.2,1
509019,133.35,31
509020,60.55,3
509021,782.8,29
509022,386.3,8
509023,147.86,11
509024,87.8,5
509026,258.1,6
509027,554.31,80
509028,393.49,23
509029,891.1700000000001,23
509030,478.26,68
509031,174.03,21
509032,109.2,8
509033,491.88,75
509035,414.7,19
509037,1000.0,1
509038,353.4,12
509039,389.1,21
509040,325.59000000000003,16
509041,476.89,28
509043,202.5,4
509044,91.79999999999998,4
509046,9.3,1
509047,416.8,5
509049,136.20000000000002,9
509050,1090.7,78
509051,165.33,20
509055,434.9,11
509061,465.00000000000006,1
509071,339.85,17
509100,431.82,93
509115,1215.73,59
509117,323.04,54
509118,609.98,23
509133,344.92,23
509134,212.3,28
509136,247.19,15
509137,111.85,6
509139,405.28999999999996,24
509141,214.64999999999998,11
509142,548.92,12
509143,184.85,5
509145,113.49,21
509146,312.38,20
509148,149.63,15
509150,105.85,15
509151,273.41,60
509152,0.85,1
509153,1442.32,19
509154,272.3,7
509155,434.96,66
509156,636.08,74
509157,509.71999999999997,12
509158,88.36,27
509159,229.59,45
509160,81.12,1
509161,384.96,56
509163,202.87,10
509164,365.55,21
509165,1109.4,62
509166,687.9300000000001,33
509167,295.55,19
509168,63.5,1
509169,50.88,1
509170,433.12,10
509173,495.24,30
509175,343.4,21
509178,306.7,10
509184,364.67,63
509185,9.95,1
509186,641.74,28
509187,943.97,51
509188,404.44,27
509189,337.74,21
509191,141.57999999999998,9
509193,271.46000000000004,5
509194,51.0,3
509195,282.75,18
509196,943.95,46
509197,489.02000000000004,50
509198,1109.75,24
509199,634.77,27
509200,320.23,18
509201,59.6,4
509202,14.850000000000001,1
509204,657.4,5
509209,347.13,25
509210,1318.63,49
509211,216.24,1
509212,392.97999999999996,10
509213,360.23,22
509216,2062.66,30
509217,206.19,11
509235,89.0,15
509273,37.6,6
509276,42.5,1
509278,296.27,10
509279,264.5,2
509284,300.6,12
509294,183.6,1
509300,488.21000000000004,22
509311,617.38,29
509313,30.599999999999998,1
509322,255.25,14
509340,470.15,6
509348,267.83,16
509350,321.45,37
509351,574.6999999999999,9
509352,5782.0,11
509354,37.6,6
509355,151.9,9
509356,501.17,42
509373,164.45,32
509374,305.28,14
509375,15.0,1
509378,398.18,20
509379,188.25,7
509381,15.9,1
509383,371.14,15
509385,659.66,30
509386,600.05,28
509388,589.2499999999999,27
509389,725.05,112
509390,114.88,13
509392,357.0,29
509393,155.67,32
509394,516.7,17
509395,302.92,17
509396,590.58,18
509397,277.97,19
509398,632.95,22
509399,169.32,9
509400,610.55,54
509401,326.85,16
509402,213.61,45
509403,463.23,20
509404,1503.8400000000001,19
509405,896.16,11
509406,79.96000000000001,21
509407,264.15,24
509408,957.43,69
509409,360.08,17
509410,409.58,40
509411,235.56,6
509412,347.96,21
509413,336.66,28
509415,351.09999999999997,21
509416,761.3,112
509417,164.66,32
509418,60.45,5
509420,94.05,3
509421,115.25,16
509422,1381.97,95
509423,9.3,1
509424,167.82,31
509425,352.71,22
509426,25.2,2
509427,64.63,6
509428,119.27,53
509429,406.1,20
509430,363.6,23
509431,418.38,26
509432,311.88,13
509433,295.85,16
509435,262.4,29
509437,6802.48,87
509438,629.4,40
509439,422.4,18
509440,849.4300000000001,37
509441,108.88,27
509442,406.93,14
509443,201.6,6
509444,464.40000000000003,33
509445,299.81,18
509447,394.32,14
509448,91.8,6
509450,409.7,18
509451,279.25,17
509452,337.44,16
509453,1184.08,37
509454,893.74,41
509455,168.77,13
509456,695.37,29
509457,89.25,3
509458,93.8,6
509459,236.35,10
509460,1195.42,73
509461,734.72,13
509462,103.5,6
509463,98.84,7
509464,419.55,17
509465,290.6,21
509466,141.9,5
509467,337.85,11
509468,243.39999999999998,6
509469,69.17,4
509470,115.31,9
509471,153.65,30
509472,10877.18,16
509476,560.71,48
509515,182.70000000000002,20
509518,28.81,4
509529,251.25,40
509531,1224.12,9
509532,39.8,1
509534,76.32000000000001,1
509535,580.13,33
509536,550.42,30
509538,184.68,7
509540,168.31,7
509542,108.5,5
509544,302.95,11
509545,304.79999999999995,13
509548,301.12,21
509564,104.55,10
509565,420.36,25
509566,140.32999999999998,10
509567,640.82,46
509568,302.5,22
509569,342.85,30
509572,59.92,1
509573,304.12,15
509574,744.82,38
509575,119.05,9
509576,351.26,11
509577,280.11,33
509578,416.5,11
509579,165.06,11
509580,90.8,11
509581,752.78,43
509582,205.19,14
509595,594.6600000000001,11
509596,738.49,26
509597,192.9,5
509598,274.95,12
509600,469.70000000000005,25
509601,336.33,38
509606,124.25,6
509607,124.25,6
509609,261.5,15
509610,427.85,23
509615,774.25,50
509616,36.9,2
509617,340.32,5
509618,179.04999999999998,5
509621,642.9300000000001,38
509623,150.29999999999998,6
509625,180.2,10
509627,622.04,34
509631,398.63,20
509634,350.15999999999997,16
509635,398.7,26
509636,810.86,7
509637,305.15,17
509639,71.7,3
509640,127.74,23
509641,326.4,1
509644,80.0,1
509645,385.95,19
509646,1.65,1
509647,215.10000000000002,21
509648,393.32,22
509649,1056.0,6
509660,289.65,15
509668,1196.35,92
509669,15.0,1
509686,559.85,40
509700,361.68,23
509707,1.7,1
509737,228.45,14
509738,984.65,30
509739,378.26,23
509740,36.13,10
509741,8.5,1
509743,1004.7,176
509745,125.81,47
509746,478.93,10
509747,35.7,1
509748,426.24,28
509749,310.83,16
509751,949.56,30
509752,572.88,7
509753,34.0,1
509754,321.02000000000004,8
509759,1078.81,52
509764,290.62,15
509765,1000.6999999999999,42
509766,187.63,23
509767,138.93,19
509768,191.15,11
509769,95.5,8
509773,133.05,9
509779,7.97,1
509798,148.75,4
509810,150.83,17
509822,234.39000000000001,18
509849,610.87,36
509850,945.0,52
509851,1389.26,69
509852,125.75,2
509854,523.62,4
509855,314.4,5
509856,429.0,2
509857,308.26,19
509858,82.2,6
509859,527.23,18
509860,194.1,14
509861,24.75,1
509865,311.99,18
509867,452.44,28
509868,199.0,3
509869,303.38,7
509870,306.74,13
509871,1111.81,31
509873,3596.7,30
509874,170.95000000000002,11
509891,4.25,1
509898,193.17000000000002,27
509903,127.49999999999999,1
509913,136.22,18
509914,358.65999999999997,9
509915,36.25,1
509916,189.38,44
509919,97.5,5
509920,9.9,1
509921,203.05,4
509922,125.49,9
509929,216.1,49
509930,261.58,12
509931,323.8,9
509937,322.88,19
509942,1395.98,35
509943,387.7,18
509956,385.09000000000003,33
509958,222.48,26
509965,462.38,21
509966,31.8,1
509967,235.78,22
509968,17.4,1
509970,155.65,8
509971,206.39000000000001,10
509973,1445.29,40
509974,877.14,31
509975,368.88,18
509976,302.75,17
509977,237.07,30
509979,101.99,1
509980,1407.7,82
509982,728.75,11
509983,225.57,15
509984,116.0,17
509985,363.01,21
509989,203.70000000000002,6
510001,366.12,50
510002,1021.2,4
510004,318.3,17
510016,337.2,15
510018,141.7,7
510035,202.16,9
510037,301.66,8
510038,523.65,30
510040,333.52,19
510042,127.2,5
510043,375.0,1
510047,1168.2,25
510048,59.4,1
510049,425.86,15
510051,308.96000000000004,11
510053,474.77,27
510054,718.51,31
510055,126.24,6
510056,112.19999999999999,4
510057,267.37,10
510058,118.43,20
510059,105.5,7
510060,91.36,6
510062,17.4,1
510063,593.45,18
510066,132.52,14
510067,1894.34,29
510069,471.84,26
510070,376.63,20
510071,34.8,2
510072,192.29,32
510078,981.7,27
510088,165.48,61
510091,307.95,12
510110,109.54,8
510114,71.95,4
510116,236.3,7
510117,90.45,5
510118,182.7,8
510119,412.49,67
510134,754.35,24
510135,136.9,5
510136,118.64,22
510137,189.78,32
510138,172.0,12
510139,163.4,34
510140,506.0,4
510141,119.62,25
510143,297.6,21
510144,29.75,2
510145,595.78,25
510146,259.82,4
510147,227.5,7
510148,823.51,51
510149,359.85,8
510150,1141.62,43
510151,115.1,12
510152,363.11,8
510153,8.5,1
510154,8.5,2
510155,567.38,11
510157,568.82,35
510158,6.5,1
510161,91.39999999999999,15
510162,203.6,12
510163,322.78000000000003,32
510164,882.6,6
510165,307.58,9
510166,203.65,33
510167,309.55,20
510168,335.64,10
510169,367.86,43
510170,1527.2,73
510171,870.78,8
510172,678.87,49
510173,1004.37,56
510174,743.87,43
510176,305.2,9
510177,35.879999999999995,4
510180,594.01,90
510181,530.4499999999999,25
510182,487.92,24
510184,89.88,6
510186,113.2,7
510188,428.68,39
510189,280.76,13
510190,121.38,10
510191,438.53,29
510192,313.16,79
510193,3.42,1
510194,231.69,31
510195,105.15,38
510196,128.56,25
510197,529.03,86
510199,196.25,14
510204,2837.04,14
510218,200.7,2
510221,194.0,9
510222,310.62,3
510225,1449.75,17
510227,351.84000000000003,4
510230,733.03,24
510232,791.05,41
510239,610.1,11
510240,211.9,14
510241,450.34000000000003,32
510243,76.5,1
510245,59.699999999999996,1
510246,356.8,14
510249,79.6,1
510250,152.64000000000001,1
510258,113.84,12
510262,361.58000000000004,6
510271,173.54,38
510272,15.9,1
510291,751.65,39
510292,169.38,11
510296,328.75,20
510299,100.35,3
510319,41.400000000000006,2
510320,192.03,26
510322,387.7,32
510323,320.95,9
510324,140.14,10
510325,422.78,48
510326,333.8,17
510327,8.95,1
510329,908.46,103
510330,378.61,18
510331,1458.71,83
510332,237.94,14
510334,184.15,19
510338,311.75,18
510348,91.2,2
510350,135.95,7
510351,3.4,1
510352,171.18,20
510353,217.73,21
510354,393.72,27
510357,146.4,5
510358,53.86,6
510360,158.47,33
510363,417.11,9
510364,655.76,54
510411,202.25,24
510412,968.6,10
510413,227.78,41
510414,460.28999999999996,56
510416,384.75,12
510417,405.64,65
510419,115.33,29
510420,83.23,13
510421,1071.3,16
510422,1033.69,26
510423,79.9,1
510424,250.44,40
510425,69.30000000000001,2
510426,159.4,5
510427,299.06,21
510428,395.33,19
510429,267.32,36
510430,134.3,27
510431,1440.81,33
510432,17.0,1
510433,123.09,27
510435,257.45,17
510436,180.64999999999998,5
510438,221.24,16
510439,622.8100000000001,45
510440,13.44,1
510441,46.46,16
510442,507.40999999999997,23
510443,173.39,44
510444,153.35999999999999,11
510445,419.44,103
510446,371.85,24
510447,263.0,14
510449,112.24,8
510450,743.35,45
510451,147.4,10
510452,307.0,2
510453,301.5,17
510454,660.1,22
510483,311.85,82
510484,155.21,23
510485,160.07,46
510486,92.01,5
510488,495.19,18
510490,313.6,18
510492,64.8,4
510493,2.55,1
510497,639.39,29
510498,1303.78,91
510505,272.62,16
510507,223.23,18
510516,270.05,20
510517,155.0,9
510518,166.63,11
510534,191.45,21
510537,310.0,2
510539,2051.84,46
510541,125.80000000000001,3
510543,527.84,75
510544,770.97,86
510545,152.15,7
510546,241.9,23
510548,149.41,32
510549,470.8,56
510554,319.20000000000005,3
510556,200.85000000000002,7
510572,147.03,8
510586,305.86,16
510587,489.23,22
510589,262.18,14
510590,140.36,8
510591,14.98,1
510592,17.700000000000003,1
510593,335.42,26
510623,2131.62,36
510625,266.25,18
510626,336.3,19
510635,291.4,9
510636,442.15,27
510639,171.9,13
510640,269.0,3
510643,300.25,13
510644,165.65,12
510645,315.0,5
510646,80.65,5
510647,28.23,7
510648,92.1,4
510649,973.4,15
510650,50.2,2
510651,150.8,7
510652,243.35999999999999,1
510653,258.63,15
510655,30.0,1
510656,93.6,5
510657,556.8499999999999,20
510659,227.76,85
510660,204.4,12
510661,181.68,7
510662,635.9,71
510663,1664.8899999999999,19
510665,330.0,1
510667,504.0,1
510668,34.0,1
510669,109.44,1
510670,144.9,6
510671,103.95,18
510672,197.15,21
510673,17.75,4
510675,609.62,102
510678,1352.24,6
510679,356.8,8
510680,126.60000000000001,3
510681,301.74,20
510682,652.17,31
510683,447.02,19
510684,90.0,5
510685,302.3,18
510697,86.38000000000001,5
510724,179.75,24
510725,1740.8,16
510726,351.9,8
510727,2831.82,57
510728,307.72,3
510729,103.56,6
510731,344.4,4
510733,1686.41,91
510734,173.48000000000002,7
510735,433.38,39
510737,752.44,40
510738,198.32999999999998,14
510740,52.08,5
510741,217.54,12
510742,682.5600000000001,4
510743,589.06,27
510744,300.34999999999997,17
510745,291.25,19
510753,891.03,57
510757,489.26,26
510761,65.05,14
510762,336.4,58
510763,103.5,7
510767,280.60999999999996,10
510769,59.8,4
510770,30.0,2
510773,117.44,5
510775,1130.3999999999999,30
510776,124.82,9
510777,978.24,151
510779,190.5,1
510780,190.5,1
510781,139.01,25
510782,339.59999999999997,7
510783,674.33,36
510784,195.3,11
510785,110.0,6
510786,382.41,20
510788,121.11,17
510790,4.2,1
510792,383.67,50
510795,164.32999999999998,16
510796,244.01999999999998,32
510797,506.19,30
510798,490.38,16
510799,4.95,1
510801,301.94,17
510802,8.95,1
510805,264.2,51
510806,1657.38,75
510814,117.15,14
510819,723.55,18
510824,15.0,1
510838,260.85,12
510839,232.55,8
510860,12.75,1
510901,125.3,8
510932,97.5,3
510936,620.6,30
510942,300.47,19
510962,537.91,62
510963,2.5,2
510964,182.64000000000001,2
510965,2036.6999999999998,8
510966,244.88,16
510968,92.3,8
510969,73.6,13
510984,337.88,20
510985,398.40000000000003,24
510986,399.54999999999995,17
510987,318.49,58
510988,326.88,4
510989,113.89999999999999,1
510990,61.199999999999996,1
510992,319.0,11
510993,314.65999999999997,19
510994,1675.52,26
510995,340.57,12
510996,280.8,1
510997,375.79,31
510998,304.25,7
511003,148.5,1
511013,310.51,10
511017,39.75,1
511019,312.5,23
511020,131.70000000000002,5
511023,117.33,15
511025,307.28000000000003,35
511026,630.78,26
511027,513.26,53
511029,311.65999999999997,10
511030,145.35,11
511032,102.0,2
511033,496.95,44
511034,290.5,9
511035,708.55,55
511037,155.15,9
511038,1319.53,69
511039,1078.05,71
511040,262.0,26
511041,372.03000000000003,21
511042,179.6,30
511044,85.8,15
511045,85.72999999999999,6
511046,421.34000000000003,50
511047,158.12,30
511048,12.5,1
511050,328.94,75
511051,1680.47,248
511052,895.13,110
511053,295.4,7
511055,648.99,67
511056,187.2,20
511057,557.3000000000001,26
511058,224.4,30
511059,286.04,18
511060,330.93,8
511061,152.0,12
511062,904.3,13
511063,343.26,86
511064,422.84000000000003,25
511065,247.31,60
511066,347.49,23
511067,291.2,17
511068,415.31,25
511069,242.13,35
511070,373.53,99
511071,125.35,14
511072,289.44,14
511073,304.85,44
511074,137.59,28
511075,323.8,12
511076,13.919999999999998,1
511077,143.87,6
511078,291.75,15
511079,36.9,2
511080,200.35999999999999,37
511081,286.71,19
511082,209.48,19
511083,1081.33,20
511084,368.83,43
511085,8.4,1
511086,101.74000000000001,8
511087,452.0,31
511089,411.68,79
511090,184.35,26
511091,198.36,13
511092,326.85,12
511093,741.52,31
511094,299.58,15
511095,1153.49,53
511096,573.86,32
511097,335.18,43
511098,32.4,2
511099,242.06,11
511100,1558.65,35
511101,443.3,20
511102,170.8,2
511103,90.0,3
511104,162.8,11
511105,1286.18,69
511106,380.86,19
511107,292.8,5
511109,5368.86,25
511110,387.94,15
511111,141.5,30
511112,351.24,4
511113,664.24,42
511114,211.92000000000002,7
511115,309.55,13
511117,507.65,6
511118,386.65,20
511119,238.14000000000001,18
511121,125.4,2
511123,446.49,53
511125,81.44999999999999,19
511126,131.39999999999998,1
511132,197.32,61
511133,139.54999999999998,12
511134,163.7,27
511135,511.04,19
511136,256.59999999999997,11
511137,198.95,30
511159,299.49,18
511160,291.33,42
511161,15.299999999999999,1
511164,3610.5,3
511166,147.89999999999998,7
511174,458.25,27
511176,3610.5,3
511177,328.17,20
511179,37.3,2
511185,118.3,21
511204,269.25,20
511209,203.51,23
511217,328.3,19
511218,19.799999999999997,1
511229,268.1,18
511233,691.4,36
511236,122.35,13
511239,305.53,20
511242,633.76,6
511247,322.63,10
511251,196.1,20
511259,195.77,15
511262,403.4,40
511265,409.74,5
511266,288.4,40
511267,384.05,56
511269,870.3,106
511270,782.9,95
511271,455.57,23
511273,29.49,7
511274,152.1,8
511276,163.42,13
511277,3175.5,3
511278,90.96,7
511279,308.22,41
511280,678.75,20
511281,451.56,30
511283,476.36,28
511284,238.69,28
511285,248.79999999999998,11
511286,57.8,5
511287,552.9,71
511288,51.0,1
511289,252.22,29
511290,587.87,36
511291,121.54,13
511292,142.45,34
511294,92.30000000000001,8
511295,287.12,32
511296,13.52,1
511297,168.4,10
511298,368.51,17
511299,7.95,1
511300,392.27,105
511301,148.07,26
511302,118.0,2
511303,143.19,27
511304,273.49,16
511305,158.4,1
511306,602.43,20
511307,482.59,41
511308,308.67,38
511309,179.54,15
511310,112.86,23
511313,321.6,13
511314,156.3,38
511315,181.5,3
511316,1511.76,4
511321,139.5,11
511322,464.09999999999997,91
511323,143.55,19
511324,31.0,1
511325,977.86,32
511326,252.3,12
511327,88.28,3
511328,1258.2,48
511329,484.79,28
511330,299.52,1
511331,597.0,5
511332,192.89999999999998,4
511334,119.9,1
511335,6007.68,8
511346,227.77,42
511356,248.62,9
511357,122.35,9
511362,617.35,22
511375,891.8100000000001,18
511401,343.45,16
511411,209.0,32
511432,165.3,3
511433,490.64,27
511434,181.97,28
511435,4588.62,11
511437,220.8,36
511438,203.97,11
511439,780.0,3
511440,97.5,1
511441,326.52,2
511442,327.2,62
511445,609.89,39
511446,215.76,2
511447,13.919999999999998,1
511448,24.4,2
511449,156.49,12
511450,201.0,11
511451,120.05,13
511460,460.95,3
511461,456.05,17
511462,290.0,1
511463,571.35,1
511465,10200.0,2
511466,311.0,12
511467,117.2,6
511468,160.04,11
511469,308.69,18
511471,313.0,37
511473,491.69,24
511474,355.8,63
511475,105.8,10
511476,729.73,44
511478,183.5,9
511479,211.2,2
511480,701.88,11
511481,591.74,100
511483,878.14,33
511484,124.77,14
511487,254.03,11
511488,965.04,14
511497,1603.71,71
511498,137.16,1
511499,60.0,2
511500,324.64,20
511501,406.04,79
511503,364.32000000000005,8
511504,176.1,6
511505,25.5,1
511512,196.35,36
511513,61.44,1
511514,1242.8899999999999,20
511515,110.46,33
511517,91.11,30
511520,849.45,1
511522,1859.64,255
511523,297.57,1
511543,149.73000000000002,19
511545,1273.07,46
511546,177.78,13
511547,89.2,5
511548,412.28000000000003,28
511549,206.20000000000002,5
511550,302.93,24
511551,356.7,20
511552,207.35999999999999,1
511553,254.4,1
511554,42.5,1
511555,164.18,16
511556,3330.52,22
511557,375.67999999999995,12
511558,1708.86,25
511559,427.2,24
511564,121.48,11
511573,10.2,1
511585,307.9,11
511602,389.3,16
511610,538.8,35
511611,114.95,37
511612,435.1,16
511613,87.65,14
511614,330.0,2
511615,356.4,69
511616,414.27,24
511619,2.55,1
511620,178.5,6
511621,1590.1100000000001,35
511631,224.7,30
511632,275.84000000000003,16
511633,39.75,1
511634,8141.139999999999,18
511635,337.91,23
511636,330.0,1
511637,474.07,28
511638,661.62,123
511639,149.46,10
511640,1352.96,34
511643,548.28,18
511650,475.5,17
511651,544.49,26
511652,303.65,17
511654,161.94,21
511655,235.68,60
511668,319.6,16
511669,293.96,32
511670,550.86,5
511672,970.2,26
511675,51.8,3
511677,316.08000000000004,2
511678,2090.88,2
511679,66.0,1
511680,446.54,15
511681,206.60000000000002,12
511682,543.8,8
511683,96.53999999999999,4
511684,340.34,19
511685,360.0,19
511687,318.55,24
511690,749.96,30
511691,369.71000000000004,9
511698,55.379999999999995,7
511700,283.44,13
511701,313.38,19
511702,303.38,19
511703,534.4300000000001,21
511704,193.1,13
511705,293.86,11
511706,20.4,1
511708,228.96,1
511709,159.6,7
511710,114.26,20
511734,414.53,26
511745,207.57,13
511761,298.55,13
511762,299.33,16
511763,187.57,11
511771,15.0,1
511772,302.3,14
511774,15.0,1
511775,163.1,10
511777,421.4,4
511778,2199.39,63
511779,112.1,15
511780,249.78,15
511781,42.0,1
511782,78.60000000000001,5
511783,398.18,65
511785,444.32,19
511786,155.19,15
511787,529.07,36
511789,433.98,36
511790,261.42,23
511791,971.26,15
511796,310.65000000000003,10
511797,601.52,9
511798,51.0,1
511799,507.01,25
511801,316.13,17
511802,126.35000000000001,5
511803,834.25,33
511805,255.39,18
511808,139.93,25
511810,180.64000000000001,8
511816,734.0799999999999,33
511818,52.199999999999996,3
511825,155.51999999999998,7
511828,307.25,16
511830,138.7,6
511832,305.4,9
511836,9.0,1
511839,6.45,1
511840,408.0,11
511841,236.16,14
511843,311.26,8
511844,187.15,6
511845,30.0,1
511846,90.7,5
511847,46.5,1
511848,292.85,50
511849,54.65,2
511850,165.74,9
511851,327.16,35
511852,263.71,88
511853,2608.04,86
511854,771.3,16
511855,851.93,37
511856,364.47,22
511859,216.0,1
511860,381.6,1
511861,245.73000000000002,9
511862,300.89,19
511863,355.89,20
511864,205.81,57
511865,312.78,5
511866,52.45,7
511867,337.65,17
511886,2031.48,32
511889,384.25,18
511896,212.35,26
511900,46.16,12
511902,59.84,18
511905,224.84,34
511925,254.4,1
511926,310.79999999999995,2
511928,208.56,13
511929,101.35,15
511930,90.75,12
511931,172.65,13
511932,161.55,23
511933,117.0,23
511934,757.26,4
511935,366.54,16
511936,131.24,3
511937,438.28000000000003,12
511938,322.25,6
511939,310.77,12
511940,332.5,14
511941,26.650000000000002,2
511942,223.91,15
511943,216.39999999999998,24
511944,81.05,4
511945,126.03,9
511946,330.0,1
511947,15.44,2
511949,306.75,18
511950,484.58000000000004,8
511954,319.38,25
511955,111.71,27
511957,172.05,8
511958,254.82,5
511959,539.26,27
511960,176.79999999999998,26
511961,1575.26,87
511962,894.0,15
511963,513.36,10
511964,22.55,11
511967,29.0,8
511968,832.0,13
511969,308.3,18
511970,198.81,78
511976,358.26,38
511989,351.66,22
511990,207.58,62
511991,1708.56,3
511992,306.6,20
511993,800.0,27
511994,320.0,1
511995,411.99999999999994,4
511998,2.4899999999999998,2
512001,143.51999999999998,24
512002,1000.63,1
512004,1364.68,43
512040,323.75,21
512045,706.78,17
512046,153.0,23
512047,477.32,31
512048,526.59,7
512049,196.95,9
512050,338.68,13
512051,302.2,16
512053,181.34,13
512055,164.54999999999998,18
512056,800.86,17
512057,173.4,4
512058,45.0,2
512059,252.9,32
512060,151.39,34
512062,463.95000000000005,9
512063,77.68,5
512064,893.22,51
512065,15.0,1
512066,317.76,15
512067,181.05,19
512068,240.5,23
512069,301.64,7
512070,300.6,18
512071,648.51,117
512072,128.95,26
512073,291.56,18
512074,126.5,12
512075,70.32,6
512076,124.14,18
512077,908.38,35
512078,612.0,1
512079,395.33,6
512080,86.28,5
512081,66.6,3
512082,107.88,21
512083,381.2,18
512084,353.35,11
512086,82.75,5
512087,9.95,1
512088,106.09,6
512089,153.89000000000001,28
512090,454.4,17
512091,356.33000000000004,18
512092,306.3,16
512093,270.29999999999995,5
512095,404.21999999999997,27
512096,112.55,13
512097,534.14,28
512098,208.69,58
512101,267.0,5
512102,363.63,60
512103,398.55,20
512104,310.8,7
512106,187.5,1
512107,607.91,15
512108,206.8,9
512109,426.37,53
512110,139.0,10
512111,779.6,18
512112,623.03,129
512113,550.72,16
512114,33.81999999999999,2
512115,170.14000000000001,9
512116,373.98,60
512117,6.09,1
512118,89.05,10
512119,208.61,6
512120,295.2,48
512121,144.13,8
512122,309.34000000000003,13
512123,536.83,23
512125,872.6,8
512126,733.74,78
512127,214.35,14
512128,254.7,15
512130,255.6,15
512131,225.4,12
512132,308.26,7
512169,305.28000000000003,1
512170,640.0,1
512171,505.56,4
512172,330.0,1
512173,70.2,6
512174,270.0,13
512175,104.15,6
512176,60.18,4
512177,2024.06,129
512227,41.6,1
512229,190.48000000000002,12
512237,192.65,11
512244,762.0,2
512245,203.69,36
512247,963.01,29
512250,341.67,28
512259,416.76,71
512260,141.8,32
512261,260.56,20
512262,360.58,72
512268,241.62,12
512269,314.4,2
512270,71.4,1
512271,906.25,51
512273,95.44,7
512276,697.84,37
512277,157.1,15
512279,134.41,9
512280,473.97,22
512281,315.43,31
512282,2623.72,101
512285,733.05,133
512286,430.34,47
512287,218.19,28
512288,256.35,14
512290,113.3,4
512292,147.54999999999998,11
512294,60.48,1
512295,957.22,38
512301,252.45,9
512303,161.4,2
512304,114.69,22
512305,49.370000000000005,6
512306,1575.98,25
512307,170.4,8
512309,673.62,21
512312,530.76,21
512316,111.19999999999999,4
512318,572.2,34
512319,344.32,24
512320,39.5,1
512321,648.24,5
512327,168.95,8
512329,385.02,25
512330,55.8,3
512331,132.62,12
512332,647.41,42
512335,1002.26,28
512357,220.11,25
512369,426.24,2
512381,403.09,42
512386,1796.48,94
512397,1323.1200000000001,40
512398,375.06,18
512400,656.5699999999999,35
512401,680.74,45
512402,205.23999999999998,54
512403,114.44999999999999,10
512405,562.27,34
512406,618.76,46
512407,327.6,14
512409,359.07,23
512411,7896.14,46
512412,22.5,3
512414,29.7,1
512415,128.13,14
512416,1148.4,23
512417,63.5,1
512418,15.299999999999999,1
512419,984.31,28
512420,195.49,29
512421,217.0,17
512422,179.84,11
512425,151.98000000000002,51
512426,556.12,49
512432,508.13,32
512433,134.44,7
512434,979.6,9
512436,436.26,28
512439,412.64,27
512441,113.02,22
512454,93.5,5
512455,1133.25,71
512456,118.88,7
512457,528.0,3
512458,1680.34,84
512459,353.11,16
512460,515.16,30
512461,449.85,27
512462,409.82,9
512464,47.7,1
512468,116.1,9
512494,1342.7199999999998,8
512499,629.9,6
512504,162.0,2
512507,418.4,2
512510,525.5999999999999,1
512511,30.24,1
512512,305.28000000000003,2
512513,101.76,1
512514,213.7,58
512516,418.52,28
512517,498.9,14
512518,351.0,6
512519,7.49,1
512520,140.79999999999998,3
512522,611.94,49
512523,318.15,15
512525,680.8,53
512527,718.9,45
512528,271.01,51
512532,1253.86,47
512533,110.05,19
512534,143.13,26
512535,151.48000000000002,37
512536,227.51999999999998,17
512537,524.22,5
512538,787.17,43
512539,415.89,91
512540,623.64,22
512541,386.6,8
512542,130.23,19
512544,829.2,82
512545,1468.12,15
512547,183.5,8
512548,319.44,20
512549,89.47,7
512550,302.7,5
512551,131.53,21
512552,133.07,6
512553,315.12,81
512554,273.4,46
512555,70.8,2
512556,160.08,8
512557,108.0,7
512558,167.45,7
512559,615.23,16
512560,203.74,45
512562,45.0,1
512563,305.3,11
512564,345.0,66
512565,149.57,6
512566,50.400000000000006,1
512567,896.8000000000001,40
512568,1061.38,7
512569,202.98000000000002,7
512570,10.0,1
512571,105.15,4
512585,334.64,29
512586,178.73,10
512587,186.06,11
512588,20.4,1
512590,253.55,24
512591,881.4,51
512593,750.36,12
512594,148.06,12
512598,114.85,12
512599,21.45,1
512601,20.6,2
512602,385.56,23
512604,533.84,27
512605,8.5,1
512606,617.27,32
512607,906.67,44
512608,1106.52,54
512609,272.0,2
512610,183.60000000000002,1
512611,453.0,5
512612,395.1,10
512613,299.47,10
512614,127.35,36
512624,474.92,13
512627,254.55,17
512644,493.9,15
512651,343.59999999999997,22
512656,34.0,1
512657,196.19,23
512658,15.0,1
512659,344.46,33
512664,157.07,22
512683,246.35,14
512684,84.15,4
512685,322.39,21
512694,199.10999999999999,53
512695,301.35,7
512696,594.1,39
512697,104.28,7
512698,85.13,4
512703,110.64999999999999,20
512708,704.59,31
512709,236.9,40
512710,706.14,39
512712,236.2,36
512713,323.69,18
512721,738.6,7
512722,139.88,35
512723,346.25,16
512724,402.59000000000003,46
512725,168.73,39
512732,145.43,7
512734,353.52,3
512735,118.35,20
512736,309.85,16
512739,448.78000000000003,22
512740,108.38,6
512741,287.77,26
512742,631.45,29
512743,306.14,72
512744,1212.4,72
512745,600.84,30
512746,72.72,25
512750,125.65,18
512751,160.82,21
512753,163.20000000000002,2
512755,359.98,24
512760,306.12,15
512764,372.19,20
512765,293.79,18
512766,231.58,29
512767,111.80000000000001,8
512772,341.06,40
512776,772.48,61
512779,42.5,2
512780,345.0,9
512781,523.5,52
512782,71.37,11
512783,198.9,29
512784,143.56,31
512786,6.9,6
512787,307.25,10
512788,151.63,10
512795,320.0,21
512797,924.55,30
512798,1040.1,6
512799,546.7,19
512800,249.48000000000002,19
512802,69.35,22
512803,27.369999999999997,13
512804,241.38,1
512806,37.769999999999996,13
512807,4175.02,35
512808,228.6,15
512818,111.46000000000001,7
512827,486.9,22
512847,323.69,16
512886,150.7,12
512888,208.35,27
512889,493.7,115
512890,134.37,10
512891,252.54999999999998,6
512892,346.69,15
512893,1192.6000000000001,8
512894,382.91,28
512895,224.7,18
512896,128.82,13
512899,472.59000000000003,28
512900,359.35,13
512901,264.55,23
512902,670.88,31
512903,314.06,19
512904,306.24,21
512905,137.7,17
512906,121.8,1
512907,136.5,9
512909,128.14,25
512910,279.35,17
512912,374.95,20
512914,175.5,2
512915,299.86,18
512916,255.9,10
512917,53.10000000000001,3
512919,415.13,13
512920,144.75,11
512921,10.85,2
512922,115.60000000000001,9
512923,86.45,5
512924,935.4,5
512925,147.4,14
512926,382.5,1
512927,191.6,14
512929,207.06,33
512930,805.74,12
512931,9.5,1
512932,134.36,7
512933,222.72,3
512934,377.28,7
512935,420.04,45
512936,368.2,11
512937,392.7,25
512938,1286.25,6
512939,343.96,40
512940,250.3,7
512941,311.56,7
512942,166.55,10
512943,294.62,37
512944,220.60000000000002,10
512945,405.15000000000003,2
512946,700.6800000000001,82
512947,107.71,7
512948,89.73,9
512949,255.37,39
512950,678.82,44
512951,463.43,25
512952,290.17,33
512953,53.1,1
512954,1786.71,109
512955,1956.84,10
512956,339.88,19
513014,168.97,10
513015,427.90999999999997,33
513016,500.88,28
513017,118.55000000000001,4
513018,354.0,34
513019,394.39,68
513020,720.5,28
513021,233.12,40
513022,347.29,15
513023,309.73,29
513024,257.04,15
513037,79.30000000000001,2
513047,231.93,68
513048,286.85,77
513049,219.60999999999999,14
513050,765.6,120
513051,449.58,31
513052,170.06,10
513053,543.32,42
513054,417.75,20
513055,17.700000000000003,1
513056,1535.31,117
513057,176.34,9
513058,272.68,15
513065,129.74,31
513072,114.36,18
513080,360.29999999999995,13
513095,628.87,32
513096,271.44,22
513097,75.35,4
513101,662.2,20
513108,351.6,87
513109,77.83,21
513110,111.15,6
513111,321.8,27
513112,574.3000000000001,75
513114,367.8,20
513115,762.08,35
513116,160.98,9
513117,281.18,21
513118,19.9,1
513119,41.5,3
513120,265.37,16
513121,15.299999999999999,1
513122,130.0,1
513123,489.8,20
513124,275.7,17
513147,98.7,6
513161,454.5,26
513162,13.919999999999998,1
513163,172.32,19
513164,81.12,1
513165,118.80000000000001,1
513166,164.6,10
513167,302.0,12
513168,192.7,14
513169,351.43,19
513170,344.4,10
513171,377.74,22
513172,421.55,23
513176,372.84000000000003,15
513182,616.6,18
513183,375.71999999999997,13
513184,175.0,8
513186,320.2,8
513187,442.2,14
513188,571.4,35
513189,319.95000000000005,15
513190,1272.16,188
513191,169.55,8
513192,34.9,2
513194,564.8,14
513195,116.18,6
513196,493.53000000000003,23
513197,148.85,9
513201,396.91,25
513202,136.95,8
513203,806.01,39
513204,264.9,13
513205,327.3,11
513206,540.25,18
513207,312.35,9
513208,321.24,15
513209,330.0,1
513210,334.25,12
513211,543.36,1
513212,495.0,2
513213,307.24,16
513231,357.15999999999997,27
513248,426.47,22
513251,150.75,11
513259,307.5,14
513260,375.33,22
513262,343.2,5
513263,216.60999999999999,15
513264,765.0,1
513265,50.2,12
513266,462.2,37
513267,98.4,3
513268,102.55,8
513269,379.4,12
513270,989.3,35
513271,320.0,1
513272,500.34000000000003,4
513273,429.0,2
513274,436.28,15
513275,367.48,18
513276,366.8,8
513277,363.3,5
513278,169.12,2
513279,1633.67,51
513280,110.95,25
513281,383.85,21
513283,408.48,2
513284,136.56,7
513285,309.91999999999996,4
513286,317.25,6
513287,321.8,5
513292,382.75,25
513305,1222.91,74
513306,35.16,3
513307,331.8,7
513309,339.55,19
513310,441.5,8
513312,97.84,6
513313,159.93,9
513315,150.55,6
513316,241.8,9
513318,111.5,5
513319,6.300000000000001,1
513323,127.85,11
513324,195.07,21
513325,29.25,1
513326,121.08,30
513327,17.11,10
513329,66.72,4
513330,385.0,29
513331,4453.799999999999,10
513332,234.56,17
513334,610.26,23
513335,1294.8700000000001,72
513336,1544.87,92
513337,232.88,15
513338,1502.98,34
513339,195.8,12
513340,181.56,3
513341,372.5,4
513342,313.2,3
513343,308.03000000000003,15
513344,845.0,6
513345,320.25,18
513349,269.54,53
513372,657.39,32
513393,294.5,15
513402,309.75,11
513409,469.38,17
513410,510.51,44
513413,472.53000000000003,10
513415,31.8,1
513416,120.44999999999999,2
513417,28.2,2
513419,162.41,9
513420,19.8,2
513422,165.55,19
513425,359.45,13
513426,221.04999999999998,20
513428,277.85,17
513431,355.7,7
513432,127.60000000000001,5
513434,92.75,13
513436,234.1,18
513437,124.04,14
513438,556.16,25
513440,277.25,72
513452,463.0,10
513454,97.5,3
513455,63.5,1
513456,240.1,4
513457,25.200000000000003,1
513458,431.39,25
513460,317.5,5
513461,417.65999999999997,25
513468,236.07,15
513469,582.17,40
513487,300.12,43
513491,551.5,34
513492,199.6,18
513493,19.95,1
513494,998.09,66
513495,88.45,11
513496,278.2,7
513498,837.3100000000001,40
513539,471.51,23
513540,1176.2,39
513541,134.94,17
513542,310.4,15
513543,665.25,23
513544,17.700000000000003,1
513545,307.45,22
513551,194.4,20
513553,321.55,23
513554,445.61,7
513555,379.07,39
513556,341.1,15
513557,130.05,7
513558,322.11,16
513559,141.28,32
513560,510.15,50
513561,14.850000000000001,1
513562,14.33,2
513563,298.40000000000003,14
513564,300.13,1
513565,72.45,1
513566,358.47,1
513567,97.84,6
513568,684.12,22
513569,162.05,9
513570,136.35,13
513572,95.62,4
513573,394.8,10
513575,333.6,12
513576,181.6,14
513577,124.39999999999999,7
513578,67.38,4
513581,199.38,13
513584,148.4,9
513585,323.19,9
513586,34.92,9
513589,863.9100000000001,20
513591,39.8,1
513592,116.88,3
513593,620.5899999999999,6
513594,291.71999999999997,89
513596,991.08,23
513597,387.82,13
513598,145.57,18
513599,61.739999999999995,14
513600,290.46,3
513601,253.8,12
513602,321.23,19
513604,128.43,10
513605,304.29,73
513606,634.16,11
513607,1903.16,34
513608,296.12,44
513609,137.7,19
513611,128.52,2
513612,220.65,5
513613,198.77999999999997,7
513614,212.63,26
513615,725.31,129
513616,367.86,60
513617,201.25,9
513618,318.37,18
513619,102.25,5
513620,369.58,45
513621,571.36,5
513622,456.94,9
513623,86.54,5
513624,288.05,10
513625,928.83,157
513626,636.87,38
513627,549.88,32
513628,174.8,12
513629,172.2,47
513630,147.45,18
513631,180.85000000000002,10
513632,454.66,32
513633,394.5,19
513634,101.4,26
513635,353.02,12
513636,121.05,8
513637,720.3,13
513638,188.57999999999998,4
513639,337.95,14
513640,63.879999999999995,3
513641,229.53,13
513642,206.76,5
513643,9.149999999999999,2
513644,319.6,15
513646,305.70000000000005,16
513647,13330.38,71
513648,348.06,20
513649,1540.0,4
513650,455.18,30
513651,666.4,2
513652,185.46,9
513653,7500.32,14
513656,138.44,3
513657,259.68,12
513658,436.28000000000003,7
513659,547.73,37
513660,264.24,14
513661,116.92,7
513662,72.3,3
513663,308.38,18
513664,166.35,9
513665,373.17,53
513666,142.17000000000002,24
513667,1321.95,21
513669,306.95,5
513670,7.49,1
513674,975.33,59
513708,102.86,7
513709,324.0,3
513712,108.75,4
513713,156.43,9
513714,200.91,23
513732,998.27,43
513744,730.9,28
513747,305.07,21
513750,438.24,64
513751,355.44,35
513752,166.88,32
513761,275.3,21
513762,2151.27,111
513763,1230.33,72
513766,119.70000000000002,3
513767,1740.24,3
513768,767.05,47
513769,179.28,12
513770,595.39,24
513772,318.82,42
513773,244.6,17
513774,142.31,19
513775,464.62,38
513776,2814.0,14
513777,265.5,13
513778,172.6,51
513779,262.85,7
513781,344.5,3
513782,121.3,6
513783,1345.62,2
513784,170.0,1
513785,223.95,3
513786,148.47,17
513787,99.9,8
513788,350.56,23
513789,708.1,34
513790,456.90000000000003,55
513791,199.93,38
513792,304.68,18
513793,214.99,24
513794,314.7,8
513795,301.8,13
513796,219.35,15
513797,225.73000000000002,13
513799,119.8,7
513800,603.46,15
513801,314.99,18
513802,308.1,10
513803,155.51999999999998,1
513804,175.0,1
513805,96.39999999999999,4
513809,322.24,18
513810,142.8,7
513811,357.84,10
513812,330.0,2
513813,759.13,36
513814,353.98,23
513815,237.6,12
513816,467.76,24
513817,118.8,1
513818,84.93,6
513819,201.60000000000002,1
513820,260.6,10
513822,158.52,11
513827,755.02,19
513830,1420.6000000000001,60
513847,38.400000000000006,3
513853,15.0,1
513854,513.95,37
513855,485.99,23
513856,39.0,1
513857,942.4,4
513858,351.18,21
513859,29.700000000000003,1
513862,103.19999999999999,8
513876,751.5,23
513878,325.49,11
513879,17.700000000000003,1
513902,301.0,9
513915,108.06,18
513919,2145.0,5
513922,38.5,2
513926,241.45,13
513934,139.85,3
513936,200.91000000000003,8
513937,156.0,5
513938,510.24,10
513939,677.55,25
513940,161.1,10
513941,316.48,21
513943,944.0799999999999,26
513945,532.8,20
513948,306.95,14
513949,143.27,18
513950,277.40000000000003,12
513952,1552.8,118
513953,1548.14,89
513956,754.84,48
513958,97.5,1
513959,112.34,5
513960,836.75,33
513961,210.44,44
513963,3499.8,13
513964,1765.95,50
513965,686.4,24
513967,145.0,1
513968,144.55,9
513970,166.6,9
513971,81.66,3
513972,463.75,87
513973,1020.0,9
513974,395.2,10
513975,499.88,66
513984,74.7,3
513987,2326.7400000000002,87
513990,838.74,3
513991,342.61,14
513992,1044.21,5
513993,318.0,1
513995,471.87,25
513996,172.55,9
513998,371.85,23
514002,159.6,4
514004,620.65,33
514005,379.89,23
514008,306.78,15
514009,309.53,21
514013,217.32,18
514015,404.45000000000005,19
514016,389.78000000000003,8
514018,75.3,3
514019,313.95,17
514021,302.4,9
514022,594.17,42
514023,710.41,57
514026,331.57,21
514036,679.08,30
514047,286.27,58
514058,154.07999999999998,7
514059,624.12,11
514061,322.8,12
514063,330.5,17
514064,446.49,31
514082,3921.74,20
514085,311.4,7
514087,1421.4,10
514091,330.0,1
514092,156.5,9
514096,409.98,20
514098,423.95,45
514105,492.62,29
514106,241.2,11
514107,134.71,29
514108,354.75,25
514114,527.6,29
514116,228.2,15
514117,185.0,11
514119,416.6,27
514126,284.19,59
514127,100.65,6
514129,159.47,10
514130,102.0,1
514131,282.65,18
514132,27.839999999999996,2
514134,148.04000000000002,19
514136,184.4,11
514137,102.0,1
514138,513.65,31
514140,358.15,17
514141,248.48,39
514152,678.2,22
514155,178.2,9
514157,85.13,1
514160,114.12,2
514161,377.35,24
514163,622.26,127
514164,303.14,18
514165,806.0600000000001,39
514166,27.84,4
514184,335.4,11
514188,15.299999999999999,1
514203,659.3,15
514204,204.0,2
514208,310.41,20
514209,192.3,8
514210,287.98,16
514211,224.04,10
514212,171.3,12
514217,288.15,10
514218,914.33,55
514219,341.8,23
514220,869.6800000000001,47
514221,1950.98,43
514222,268.28,17
514224,96.55,11
514225,502.39,21
514226,611.66,29
514231,39.15,1
514235,40.2,2
514244,411.64,15
514254,140.15,10
514271,304.2,10
514272,308.45,4
514274,141.25,11
514276,88.0,1
514277,324.74,14
514278,81.75,9
514279,234.32,41
514280,2654.01,145
514281,328.29,19
514288,309.84999999999997,15
514289,545.55,23
514293,221.3,50
514295,312.85,21
514296,47.25,3
514297,313.34,6
514298,95.45,2
514299,150.12,12
514300,109.73,8
514302,184.24,21
514304,190.5,1
514305,827.6,12
514306,422.05,45
514308,450.2,11
514310,222.39999999999998,8
514311,461.95,21
514312,375.3,18
514313,429.41,11
514314,146.57999999999998,8
514316,322.8,16
514317,116.28,23
514318,219.42,22
514319,374.75,21
514321,228.82999999999998,41
514322,379.2,5
514323,164.7,7
514324,146.39,20
514325,79.95,1
514328,254.69,39
514329,81.2,1
514330,831.1,33
514331,332.5,4
514333,39.8,1
514334,210.45000000000002,14
514335,284.28000000000003,51
514336,263.76,13
514337,102.7,7
514339,346.86,21
514342,336.6,5
514343,81.89999999999999,11
514344,352.06,17
514345,135.42000000000002,11
514346,513.18,8
514347,155.73,10
514348,300.84000000000003,7
514349,93.8,2
514350,310.42,23
514351,283.05,10
514352,15.23,2
514355,1793.0,155
514356,313.28,21
514358,282.74,20
514359,104.65,15
514360,301.65999999999997,23
514362,1305.32,68
514364,104.35,18
514365,189.51000000000002,10
514366,189.67000000000002,22
514367,267.54,37
514369,2464.63,88
514370,101.8,8
514371,245.73,11
514373,325.6,21
514374,340.84000000000003,19
514375,292.18,12
514376,288.0,15
514377,308.09000000000003,20
514378,102.0,1
514379,521.53,21
514383,123.45,14
514386,29.849999999999998,1
514387,2216.39,135
514389,788.4,1
514391,527.04,26
514393,11.7,1
514394,39.0,1
514395,348.1,16
514396,242.46,16
514397,176.04,10
514461,263.04,71
514462,189.66,33
514463,1077.13,39
514464,15.0,1
514465,556.84,13
514466,256.15,22
514467,436.03000000000003,66
514468,213.85,16
514469,6.35,1
514470,306.63,17
514471,177.0,21
514479,157.17,27
514480,720.67,112
514481,438.51,27
514483,846.22,31
514484,36.0,1
514486,40.0,1
514487,114.1,23
514488,11.9,3
514490,101.88,1
514491,2.75,1
514492,533.74,30
514493,648.78,30
514495,136.0,1
514496,108.75,3
514497,194.53,55
514498,311.48,81
514499,275.54,38
514500,104.86,11
514502,531.65,10
514503,344.17,50
514504,39.0,5
514505,236.62,38
514506,158.57,21
514507,655.01,73
514508,854.88,24
514509,3439.02,37
514510,276.75,21
514511,414.19,53
514512,146.78,26
514513,347.7,4
514514,371.69,70
514515,724.56,8
514516,293.11,49
514517,664.8,2
514518,423.24,29
514519,270.12,24
514520,568.11,30
514521,1172.6399999999999,6
514523,288.02,26
514524,561.2,8
514525,990.0,5
514527,50.400000000000006,9
514529,534.72,36
514530,631.38,29
514531,587.24,29
514533,276.25,5
514534,395.12,27
514537,310.40000000000003,9
514540,414.19,29
514542,450.0,1
514544,204.02,46
514545,574.12,29
514551,141.25,22
514552,182.0,23
514553,186.18,37
514554,148.32,9
514555,407.22,28
514556,565.0,30
514558,289.58,26
514559,469.81,29
514563,864.03,35
514565,293.0,25
514567,280.16,12
514573,14.25,4
514583,466.20000000000005,1
514597,181.94,8
514599,18.3,10
514600,553.78,29
514601,378.18,28
514613,329.3,17
514630,182.63,13
514639,622.0,15
514643,1113.7,66
514660,731.48,39
514661,552.17,73
514662,0.85,1
514664,409.0,40
514665,481.79,95
514666,140.7,6
514667,103.75999999999999,3
514668,141.29999999999998,29
514669,23.4,1
514670,78.0,2
514671,366.75,18
514672,384.69,19
514673,306.75,9
514675,210.59,10
514676,106.5,29
514677,498.96000000000004,31
514678,20.16,4
514679,1892.87,27
514680,95.53,20
514681,71.15,5
514682,579.35,30
514685,555.94,30
514686,95.46000000000001,4
514688,139.06,8
514690,187.67000000000002,28
514691,271.25,14
514692,145.5,6
514693,194.76999999999998,25
514694,118.35000000000001,19
514695,639.9,3
514696,13.919999999999998,1
514697,359.47999999999996,9
514703,90.0,1
514705,213.01999999999998,11
514714,611.7,16
514715,210.9,18
514716,501.33,28
514719,309.36,8
514720,524.3,13
514721,1547.01,56
514722,475.15,40
514723,281.55,28
514724,302.93,21
514725,153.95,10
514726,172.54999999999998,9
514727,426.0,7
514729,3274.4,21
514730,107.63999999999999,3
514731,545.9,4
514732,283.61,5
514734,478.15999999999997,20
514736,492.62,24
514744,342.44,21
514759,422.1,11
514774,423.90000000000003,17
514785,147.0,4
514797,892.5,6
514800,194.8,11
514801,227.4,14
514802,127.76,9
514803,119.69999999999999,2
514805,30.0,1
514806,149.12,34
514807,160.25,19
514808,591.6600000000001,4
514809,816.6,6
514810,294.88,10
514811,293.61,8
514812,210.9,28
514813,17.85,1
514814,219.9,11
514823,829.25,47
514824,308.96000000000004,13
514825,278.25,15
514826,127.3,30
514827,315.81,6
514828,545.96,17
514829,306.7,16
514830,303.8,14
514831,17.0,1
514834,439.32,6
514836,201.4,14
514838,135.46,8
514839,499.90000000000003,12
514840,53.1,1
514841,832.9,40
514842,218.36,9
514843,313.63,8
514844,395.62,12
514845,247.5,10
514849,58.5,2
514850,750.76,47
514851,252.8,15
514852,348.56,22
514856,112.46,11
514857,107.8,1
514858,81.36,1
514859,367.2,1
514860,138.24,1
514861,362.2,16
514862,211.20000000000002,16
514863,17.700000000000003,1
514864,410.56,21
514865,430.58,18
514866,1230.2,44
514867,554.8,16
514869,1.25,1
514870,1125.0,1
514871,529.0,3
514872,427.38,27
514874,175.2,1
514875,211.2,1
514876,2869.52,32
514877,427.0,5
514938,313.41,18
514940,117.42,15
514943,138.35,15
514949,496.45,31
514951,162.24,1
514954,61.84,6
514962,1554.45,53
514964,478.01,26
514966,164.82,9
514967,150.3,20
514969,398.21000000000004,26
514970,518.78,13
514971,495.36,3
514972,1169.02,41
514973,456.94,29
514974,209.9,23
514975,102.0,1
514976,173.7,7
514978,362.74,8
514979,771.65,11
514981,27.900000000000002,1
514982,100.30000000000001,6
514983,31.85,2
514984,221.81,43
514985,114.49,42
514989,244.85,19
514990,23.6,1
514993,611.67,53
514996,243.35999999999999,1
514998,192.88,11
514999,278.57,16
515003,306.58000000000004,20
515004,266.47,6
515005,285.31,18
515006,529.5699999999999,9
515008,133.45,7
515009,629.8,30
515010,341.40000000000003,23
515012,1760.39,149
515015,334.53,5
515016,273.96,61
515017,136.5,16
515018,607.62,37
515019,243.60000000000002,14
515020,333.47,21
515021,164.70000000000002,10
515022,92.75999999999999,8
515023,300.65,5
515024,511.38,22
515025,304.97,12
515026,303.35,12
515027,330.53,19
515028,300.56,12
515029,467.13,24
515030,160.8,3
515036,156.3,2
515088,66.8,20
515091,110.3,7
515093,326.3,19
515094,543.48,10
515096,300.45,17
515097,132.55,5
515098,76.75,5
515099,239.1,13
515100,89.5,12
515107,309.46000000000004,18
515109,87.99000000000001,13
515110,328.2,6
515111,204.24,9
515112,29.700000000000003,1
515113,71.0,4
515114,655.41,21
515115,420.08,61
515116,444.03000000000003,17
515117,508.02000000000004,11
515118,288.1,16
515119,279.18,29
515121,259.75,42
515122,322.09999999999997,7
515123,715.02,31
515124,147.18,17
515126,637.4,35
515127,636.0400000000001,33
515128,715.02,1
515141,134.9,10
515146,715.02,31
515149,716.08,43
515150,231.33999999999997,13
515152,104.1,2
515154,306.3,10
515156,313.25,4
515157,129.2,22
515161,345.1,23
515165,908.32,92
515166,107.17,28
515167,16.75,2
515168,9.9,2
515174,516.41,28
515175,306.22,7
515176,99.9,6
515177,226.01,26
515178,12.75,1
515179,494.49,58
515180,376.6,9
515181,220.13,40
515182,361.81,46
515183,147.97,98
515184,329.8,19
515185,252.72,12
515187,17995.88,25
515192,1895.3799999999999,52
515253,679.3000000000001,27
515255,226.01999999999998,35
515257,234.55,20
515259,520.52,16
515260,2.5,1
515261,253.19,17
515265,205.74,3
515277,319.32,7
515278,112.46,41
515279,354.6,13
515280,702.9,13
515281,2970.7500000000005,1
515286,350.0,15
515288,362.93,19
515290,248.18,20
515295,14.850000000000001,1
515296,3031.4000000000005,15
515301,515.12,14
515303,99.58000000000001,7
515305,1197.15,74
515310,542.7,20
515312,205.0,15
515313,160.92000000000002,32
515314,296.79,30
515315,204.00000000000003,1
515316,232.79,27
515317,116.85,15
515318,66.0,1
515319,277.6,38
515320,209.27,26
515321,102.0,1
515322,49.95,3
515323,559.88,10
515324,73.19,17
515326,323.0,40
515327,156.53,34
515328,170.85999999999999,29
515329,972.24,104
515330,229.64000000000001,63
515331,23.6,1
515332,599.98,21
515333,163.92,37
515334,1598.75,20
515335,226.08,48
515336,142.88,23
515337,142.38,8
515338,375.76,16
515341,825.0,5
515342,559.2,1
515343,89.04,2
515344,384.14,23
515345,191.73,18
515346,10.0,1
515347,664.58,33
515348,1583.82,19
515349,590.0,2
515350,584.4499999999999,26
515351,180.48000000000002,2
515352,211.0,8
515354,243.35999999999999,1
515355,121.67999999999999,1
515358,13.200000000000001,1
515367,53.400000000000006,3
515386,161.13,27
515404,628.82,19
515405,196.84999999999997,3
515406,435.61,97
515409,426.26,23
515411,360.9,28
515412,270.92,14
515415,77.97000000000001,2
515416,326.3,12
515417,655.25,18
515418,196.23,51
515419,139.8,1
515420,938.9399999999999,94
515421,202.1,11
515423,661.51,80
515424,78.55,6
515425,355.1,16
515426,80.15,6
515427,363.8,69
515428,21.0,1
515431,311.98,21
515437,156.1,24
515455,1191.56,54
515457,105.0,1
515458,599.55,8
515465,273.15,4
515466,35.400000000000006,1
515469,201.6,2
515470,157.27,12
515471,122.76,14
515474,223.06,42
515475,1189.94,34
515477,200.70000000000002,5
515480,1111.14,30
515481,256.6,18
515484,309.23,55
515485,362.88,1
515486,495.0,3
515487,990.0,1
515502,1275.0,1
515503,131.39999999999998,1
515504,114.5,2
515506,529.64,31
515507,29.5,2
515508,320.95,10
515509,66.6,1
515510,512.78,54
515511,110.95,9
515530,838.9,25
515533,244.58,39
515541,110.44,17
515568,105.5,2
515569,422.25,56
515571,132.29,9
515572,0.95,1
515575,134.95,6
515578,126.35,11
515588,846.77,50
515590,178.48000000000002,23
515591,266.51,67
515592,639.08,4
515593,412.17,52
515594,15.0,3
515595,1113.56,52
515597,270.69000000000005,5
515598,642.14,21
515599,209.02,28
515600,49.7,3
515601,29.700000000000003,1
515602,295.0,1
515603,291.45000000000005,7
515604,157.14,5
515605,169.25,20
515606,343.59999999999997,7
515607,197.33,10
515610,491.4,5
515612,13.45,6
515614,317.5,1
515616,356.4,2
515617,35.400000000000006,1
515619,459.03,16
515621,1723.18,17
515622,81.36,1
515624,1189.94,34
515625,328.22,9
515626,19.799999999999997,1
515627,346.3,18
515629,314.01,27
515635,343.61,22
515663,309.08000000000004,6
515674,357.2,19
515677,319.14,7
515681,43.2,2
515682,247.15,13
515684,313.02,18
515685,255.82999999999998,16
515687,151.9,21
515697,415.61,38
515702,22.45,2
515703,177.62,45
515704,395.53000000000003,27
515705,238.47,34
515706,433.12,7
515707,270.9,3
515708,44.550000000000004,1
515723,79.9,12
515724,95.15,23
515733,197.95000000000002,11
515742,1706.23,78
515743,245.76,10
515745,311.88,17
515749,151.95,10
515758,1930.8,19
515760,405.62,24
515761,241.59,37
515762,15.0,1
515763,250.94,37
515764,742.86,22
515765,176.4,7
515766,124.62,24
515768,265.1,76
515769,636.0,1
515770,314.55,11
515771,83.53999999999999,16
515773,323.0,42
515774,55.65,1
515776,300.97,7
515781,227.65,15
515782,10.95,1
515783,280.5,2
515795,1188.88,50
515801,338.81,37
515811,407.68,10
515812,39.8,2
515813,520.7,21
515814,1220.32,64
515815,79.48,5
515816,160.07999999999998,10
515817,660.0,1
515825,432.0,2
515826,432.0,3
515827,557.65,14
515828,124.46000000000001,31
515830,311.37,35
515832,13.100000000000001,3
515842,145.55,7
515845,15.0,1
515855,15.0,1
515861,354.2,10
515879,353.74,15
515880,737.03,40
515881,370.0,21
515883,17.0,1
515884,526.27,66
515885,167.62,12
515887,572.35,37
515888,752.84,38
515896,236.55,12
515897,312.13,15
515898,125.87,7
515899,197.95000000000002,12
515902,307.1,18
515903,9.9,1
515904,92.25,2
515905,96.44,25
515906,115.19999999999999,24
515907,556.84,60
515908,264.26,58
515909,794.22,9
515910,1562.8,58
515911,108.89999999999999,4
515912,561.69,30
515913,49.5,1
515914,279.25,13
515915,104.4,6
515916,377.71999999999997,113
515917,542.03,10
515922,261.48,19
515923,369.78,11
515924,104.25000000000001,2
515926,29.849999999999998,1
515927,443.3,23
515928,231.45000000000002,13
515929,150.5,7
515930,2284.92,3
515931,717.95,39
515932,3761.6400000000003,10
515933,486.72,1
515934,128.31,20
515935,208.9,5
515936,2284.92,3
515937,130.64,32
515938,443.39,14
515940,1636.8000000000002,3
515941,96.56,5
515943,20.4,1
515944,22863.36,17
515945,398.53999999999996,19
515946,64.7,4
515947,272.09000000000003,15
515948,509.0,25
515949,176.05,31
515951,251.79,33
515952,73.13,8
515953,110.65,16
515954,189.37,40
515955,413.55,34
515956,666.6,40
515957,165.6,21
515958,361.2,35
515969,1.65,1
515971,894.96,1
515984,43.8,1
515986,321.1,20
515995,356.96999999999997,16
515996,202.8,7
515998,98.66,7
516000,214.92,13
516001,329.64,14
516002,19.799999999999997,1
516003,50.72,3
516004,137.36,10
516005,150.66,9
516006,55.199999999999996,4
516007,377.45,14
516010,78.0,3
516011,172.6,8
516012,186.3,6
516015,606.36,10
516018,382.97999999999996,8
516019,801.98,30
516020,309.5,8
516022,91.6,1
516027,316.7,17
516030,141.36,3
516033,313.7,11
516040,107.07,7
516058,550.5,11
516059,34.9,2
516060,281.6,15
516061,65.4,2
516079,104.91999999999999,5
516097,186.9,13
516105,353.58,19
516106,177.04,13
516107,293.52,35
516108,15.12,1
516109,221.13,20
516110,200.95000000000002,44
516111,169.14,10
516112,1970.27,100
516113,30.54,2
516114,97.80000000000001,3
516115,191.7,11
516116,875.45,122
516117,702.45,39
516119,662.39,42
516120,336.24,7
516129,307.98,10
516130,43.25,10
516131,2903.71,37
516132,368.7,22
516133,1259.05,30
516135,14.850000000000001,1
516136,89.85,2
516137,226.05,5
516138,478.08,32
516139,305.28000000000003,3
516140,102.0,2
516141,324.48,3
516142,122.95,24
516145,316.5,4
516147,121.06,8
516148,116.41,17
516150,235.65,25
516151,88.57,6
516152,424.56,25
516153,2819.16,23
516154,124.46,33
516155,127.56,21
516156,309.4,10
516157,230.44,46
516158,385.09999999999997,14
516161,149.65,23
516162,347.91,90
516163,141.6,3
516164,969.35,20
516165,279.62,74
516166,301.25,15
516167,59.0,1
516168,445.62,69
516169,487.2,2
516170,202.44000000000003,4
516171,284.4,18
516172,168.6,11
516173,37.5,1
516174,187.95,8
516175,138.24,1
516176,368.8,17
516177,529.56,5
516178,173.66,14
516179,336.48,6
516181,339.85,7
516182,428.8,21
516183,524.1700000000001,28
516184,142.84,22
516185,367.0,63
516186,400.74,12
516187,154.65,27
516188,185.64000000000001,15
516189,1511.37,59
516190,360.22,24
516191,166.20000000000002,2
516192,531.38,20
516193,317.15,21
516194,4692.92,45
516195,124.8,2
516196,617.05,28
516201,294.95,4
516224,612.24,39
516257,159.14,8
516260,137.4,3
516261,69.6,1
516262,316.63,18
516263,380.61,84
516264,419.89,11
516265,204.19,43
516266,245.48999999999998,40
516268,169.5,1
516269,1518.96,11
516270,3678.86,48
516271,153.29999999999998,2
516272,255.44,16
516273,200.42000000000002,13
516275,221.82999999999998,14
516287,1178.5900000000001,57
516292,942.86,47
516302,539.0,19
516303,140.89000000000001,30
516304,358.38,11
516305,256.22,24
516306,1105.5,50
516307,549.38,30
516308,90.0,1
516309,1199.3600000000001,66
516310,107.09,28
516311,324.14,23
516312,458.8,27
516313,428.38,26
516314,307.66,24
516315,372.12,9
516316,147.31,8
516319,199.0,1
516321,137.59999999999997,3
516322,490.82,33
516323,372.34999999999997,8
516324,97.5,3
516325,384.3,24
516326,175.44,24
516327,723.69,55
516328,372.96000000000004,15
516329,187.8,3
516330,51.5,9
516331,316.96,20
516332,236.1,3
516333,394.09999999999997,17
516335,152.45,4
516337,333.07,12
516338,299.52,20
516339,274.1,8
516340,309.48,16
516341,303.90000000000003,6
516342,107.36,19
516343,540.29,33
516344,168.5,6
516345,314.34000000000003,11
516346,322.42,12
516347,106.5,2
516348,295.18,12
516349,300.26,18
516350,259.69,11
516351,540.07,20
516367,382.32,10
516369,311.4,2
516371,486.40000000000003,40
516378,3078.21,56
516379,35.4,2
516430,3970.13,43
516431,303.5,11
516432,617.5,11
516433,150.04,30
516434,144.76,31
516436,314.1,4
516437,360.09000000000003,19
516438,59.199999999999996,4
516439,135.0,5
516446,138.3,8
516447,446.94,33
516449,128.1,5
516450,247.48,45
516451,205.15,11
516452,675.88,50
516453,451.9,27
516454,750.0,13
516455,116.85,3
516456,15.299999999999999,1
516457,192.6,9
516458,17.0,1
516461,300.31,16
516463,174.64,21
516464,788.4,32
516465,357.16,10
516466,231.65,18
516468,17.1,4
516469,22.9,4
516471,415.13,22
516475,531.94,48
516476,1119.34,17
516477,500.87,77
516478,186.32,21
516479,364.0,1
516480,231.79999999999998,4
516481,333.79,22
516482,301.56,16
516483,61.199999999999996,3
516484,334.28,19
516485,824.49,57
516486,108.0,1
516487,224.28,6
516488,1153.14,52
516489,765.0,30
516490,42.22,3
516493,176.27999999999997,4
516494,953.19,50
516535,134.7,16
516536,669.12,7
516537,209.85000000000002,8
516538,1230.75,24
516541,291.09999999999997,10
516551,297.43,13
516561,360.0,1
516564,112.75,5
516566,184.55,11
516567,431.72,30
516568,274.12,15
516569,1143.26,29
516579,106.02,5
516583,222.75,17
516586,326.6,10
516588,160.75,8
516590,277.89,47
516591,276.34000000000003,25
516592,18.55,3
516593,297.3,14
516595,114.3,22
516601,965.6800000000001,5
516607,135.29,13
516608,30.799999999999997,13
516609,582.01,84
516610,1748.57,91
516611,368.72,20
516613,420.8,12
516615,1185.38,36
516616,475.54,23
516617,135.6,5
516618,163.16,18
516623,310.84,10
516626,315.02,19
516627,175.8,5
516628,438.2,7
516629,832.28,37
516630,156.0,4
516631,78.0,4
516632,529.84,30
516633,167.52,9
516634,226.75,8
516635,180.75,11
516648,2.5,1
516663,51.0,1
516686,315.0,13
516696,733.14,52
516710,176.1,9
516711,495.72,45
516715,309.14,15
516716,319.40000000000003,17
516718,127.7,15
516725,310.49,21
516726,338.15000000000003,23
516727,120.14999999999999,10
516728,402.15999999999997,23
516729,104.73,7
516730,165.53,35
516731,270.6,3
516732,416.95,10
516733,479.70000000000005,21
516734,462.54,15
516735,77.8,4
516736,395.56,35
516737,79.9,1
516738,102.0,1
516739,448.22,25
516740,327.59999999999997,2
516741,125.92999999999999,30
516742,318.0,1
516743,244.79999999999998,1
516744,301.73,17
516746,119.5,29
516747,172.73000000000002,8
516749,361.93,28
516750,220.73,12
516751,3.75,1
516752,581.53,90
516753,745.42,12
516757,68.8,11
516758,159.02,12
516760,73.06,6
516761,456.24,5
516767,232.57999999999998,11
516768,606.25,34
516769,1108.65,28
516770,111.39,44
516773,827.65,63
516774,152.15,23
516775,3787.06,26
516776,144.9,24
516777,138.73,25
516778,338.56,61
516779,139.05,9
516780,20.4,1
516781,8328.31,14
516783,299.02,19
516785,617.5,11
516786,1155.0,4
516787,207.33,12
516788,799.8599999999999,19
516789,283.18,13
516790,141.72,19
516814,147.06,31
516837,301.0,17
516839,566.95,29
516840,1151.28,2
516841,191.86,10
516842,296.66,12
516843,220.83,36
516851,305.72,19
516857,57.3,3
516868,447.4,17
516869,153.74,34
516870,337.57,34
516871,150.46,25
516872,399.22,13
516873,567.75,9
516874,282.13,17
516875,632.81,44
516876,347.3,20
516877,474.9,31
516878,60.3,3
516879,107.97,12
516880,304.9,58
516884,1484.26,45
516885,1212.0,53
516886,169.46,10
516887,367.52,20
516890,322.42,23
516891,785.33,55
516896,226.9,66
516901,303.5,9
516902,688.66,34
516903,115.30000000000001,4
516904,302.8,3
516905,132.28,8
516906,303.0,15
516907,198.15,12
516908,183.68,13
516909,95.0,1
516910,298.4,12
516911,5.8,1
516913,471.35999999999996,14
516914,205.17,50
516915,684.73,19
516916,335.40000000000003,1
516917,102.3,7
516918,267.23,16
516919,503.2,22
516920,344.78,19
516921,342.83,20
516922,995.66,120
516923,451.47,47
516924,366.3,34
516925,1079.56,14
516926,69.6,1
516927,204.04000000000002,19
516928,153.24,2
516929,171.82,13
516930,120.3,8
516931,158.45,31
516932,379.26,16
516933,115.68,3
516935,320.38,14
516936,279.73,16
516937,169.4,11
516938,424.66,23
516939,136.04,18
516940,219.82000000000002,15
516941,110.75,22
516942,120.39999999999999,7
516943,99.41,8
516944,720.29,43
516945,683.1700000000001,37
516946,330.90000000000003,10
516948,30.0,1
516949,513.6,18
516950,222.70000000000002,40
516951,784.85,22
516953,49.2,3
516954,840.55,166
516955,17.0,1
516956,492.23,90
516957,25.29,9
516959,691.98,104
516960,1389.12,58
516961,110.0,6
516962,1231.74,68
516963,870.42,38
516964,1434.7,12
516967,622.0,24
516968,361.35,20
516969,54.699999999999996,3
516970,109.2,6
516973,505.26,5
516975,305.32,9
516976,359.04,3
516993,435.45,70
517001,1003.0799999999999,5
517017,320.98,25
517033,166.05,21
517037,320.05,14
517042,613.11,81
517043,574.48,28
517044,170.63,9
517046,363.96000000000004,29
517047,661.02,28
517048,147.6,2
517049,96.60000000000001,5
517050,102.30000000000001,7
517051,90.42,3
517052,253.44,24
517053,504.87,20
517055,157.4,9
517057,198.8,10
517059,100.86,8
517060,522.54,16
517061,270.6,3
517062,416.95,10
517065,306.35,16
517066,479.70000000000005,21
517069,191.85,27
517070,656.38,29
517077,313.1,8
517078,201.45,20
517093,620.24,39
517095,386.68,19
517096,303.34000000000003,20
517097,15.8,1
517104,163.01,26
517106,606.26,101
517109,369.83,23
517110,318.93,16
517111,306.67,20
517112,174.51,8
517113,15.0,1
517114,73.09,10
517116,1021.52,15
517117,78.67999999999999,5
517118,36.9,2
517120,436.02,25
517121,231.8,6
517122,330.0,2
517123,334.8,2
517124,1071.82,50
517125,236.44,12
517126,30.0,2
517127,79.5,3
517128,58.5,3
517129,107.24000000000001,2
517130,180.15,23
517132,469.48,30
517133,502.86,40
517134,262.86,15
517137,178.2,3
517141,27.75,2
517144,1328.65,5
517153,375.05,20
517154,1095.06,38
517155,411.26,12
517156,301.88,9
517159,127.39999999999999,4
517161,17.700000000000003,1
517192,399.0,3
517193,314.92,11
517197,40.8,1
517209,95.95,2
517212,433.37,27
517213,106.56,2
517214,27.36,1
517215,41.76,1
517216,96.8,2
517217,140.54,22
517218,977.21,51
517221,353.18,23
517222,464.3,26
517224,366.13,26
517225,610.08,22
517226,540.0,1
517228,12.75,1
517229,24.75,1
517230,347.81,20
517232,559.4200000000001,17
517233,418.75,21
517235,179.93,45
517236,175.78,13
517237,129.84,9
517238,364.94,87
517239,196.81,19
517240,9.9,1
517242,1992.0,5
517243,145.6,7
517246,328.92,15
517247,168.29999999999998,1
517249,303.95,17
517250,3297.6000000000004,4
517251,538.56,33
517252,215.95,63
517253,3947.58,6
517254,271.39,48
517259,323.85,15
517265,385.88,26
517266,244.65,15
517267,423.19,7
517268,686.9,9
517269,129.32,4
517270,1443.2,15
517271,102.02,7
517272,54.0,3
517273,369.62,18
517274,32.699999999999996,2
517275,960.41,47
517285,309.88,23
517291,405.42,12
517298,1164.15,44
517299,506.64,21
517300,311.3,14
517301,374.05,22
517307,563.75,24
517312,95.0,3
517313,306.55,17
517314,256.95,2
517315,360.0,1
517316,285.85,43
517317,588.55,35
517318,247.25,11
517319,417.59,27
517321,429.45,15
517322,299.7,13
517323,134.60999999999999,13
517324,360.72,21
517325,138.24,2
517326,390.5,19
517328,449.90000000000003,9
517329,432.34,26
517330,375.32,24
517331,370.54,18
517333,535.25,22
517334,93.89,8
517336,486.33,60
517337,249.8,14
517338,211.25000000000003,4
517339,208.3,32
517340,252.56,36
517342,8.25,2
517348,544.47,31
517351,881.23,53
517352,289.7,22
517353,20.0,1
517354,884.08,63
517355,52.45,4
517357,306.16,18
517358,260.3,16
517360,558.9,21
517361,224.45000000000002,13
517362,90.41,20
517365,173.54,8
517366,151.20000000000002,1
517372,401.62,61
517377,350.4,1
517381,486.15,35
517382,226.94,28
517384,753.05,71
517385,202.1,51
517386,483.88,29
517391,2496.6,1
517392,173.5,9
517393,3485.5,24
517394,603.25,36
517395,94.8,7
517397,510.76,5
517398,306.20000000000005,7
517399,531.1,26
517400,637.86,45
517403,156.75,41
517404,3417.12,10
517409,344.63,20
517422,173.36,9
517457,120.75,14
517460,361.16,19
517467,627.62,41
517471,371.27,20
517474,441.81,23
517478,213.6,37
517479,248.47,14
517481,100.0,1
517482,317.16,20
517483,3610.5,1
517485,110.0,1
517486,400.2,21
517487,610.48,23
517491,720.9200000000001,18
517492,247.89999999999998,11
517507,384.20000000000005,4
517509,984.1999999999999,11
517510,50.8,1
517511,304.0,16
517512,194.1,10
517513,811.91,58
517514,248.75,58
517515,326.98,20
517516,14.98,1
517517,304.2,22
517518,303.32,17
517520,111.09,9
517521,1166.46,13
517527,392.85,26
517528,144.9,5
517529,541.61,26
517530,334.08,16
517532,421.90000000000003,11
517537,45.0,1
517539,259.9,17
517540,315.8,6
517541,281.42,26
517542,246.07,84
517543,40.24,19
517545,117.03,30
517547,490.47,19
517548,15.0,1
517549,372.59000000000003,110
517550,323.86,14
517551,46.8,2
517552,242.29,31
517553,149.89,12
517554,76.5,1
517555,326.86,70
517557,141.54,22
517558,474.89,72
517561,14.850000000000001,1
517566,109.0,1
517567,470.3,2
517568,487.0,2
517569,3.75,1
517573,312.5,22
517575,376.15000000000003,22
517576,23.6,1
517578,672.93,48
517579,129.75,7
517620,293.28,14
517622,304.85,16
517623,470.78,17
517625,142.33,48
517626,284.11,47
517627,137.20000000000002,34
517628,754.4300000000001,41
517629,528.24,35
517631,55.0,1
517632,184.69,12
517638,332.88,3
517639,406.2,2
517640,330.0,1
517641,115.08,7
517642,51.150000000000006,3
517643,337.92,4
517644,271.02,17
517645,776.02,14
517646,1633.86,2
517648,15.0,1
517649,386.09999999999997,24
517650,637.44,18
517651,198.32,7
517652,15.0,1
517653,326.90000000000003,16
517664,97.83,5
517665,887.68,7
517666,327.5,15
517667,109.85,5
517668,292.5,9
517669,109.55,16
517671,168.98,6
517673,508.1,25
517704,301.72,6
517707,4.15,2
517708,153.3,10
517709,50.0,1
517710,560.6999999999999,27
517711,89.30000000000001,4
517712,778.71,47
517713,95.0,1
517714,1024.01,131
517717,15.299999999999999,1
517718,7.5,1
517719,213.63,51
517720,218.45,16
517721,342.65,38
517722,348.77,25
517723,117.72,21
517724,206.91,34
517725,157.3,18
517726,194.15,14
517727,8.7,1
517728,218.04,21
517729,226.35999999999999,18
517731,21984.0,16
517732,370.51,41
517734,177.02,19
517737,190.35,17
517738,438.65000000000003,28
517739,365.05,62
517740,510.68,75
517741,112.19999999999999,6
517742,406.26,37
517743,228.75,62
517744,910.17,30
517745,320.65999999999997,9
517746,326.64,17
517747,556.72,31
517748,323.72999999999996,24
517749,549.05,30
517750,713.75,33
517751,194.9,13
517752,189.09,12
517753,148.05,6
517754,1424.0,2
517755,541.46,25
517756,340.96000000000004,9
517757,19.9,1
517758,244.95,14
517759,107.5,6
517760,201.25,37
517761,601.25,46
517762,36.9,3
517764,1554.6,13
517766,305.08,2
517793,153.20000000000002,10
517815,331.1,18
517816,79.18,5
517817,5737.32,17
517819,85.0,1
517820,215.42999999999998,12
517822,297.06,13
517823,251.38,16
517824,365.31,42
517825,405.0,15
517843,83.7,4
517844,392.4,2
517845,240.0,1
517847,496.98,35
517848,476.25,2
517849,99.6,4
517851,133.9,9
517852,149.0,6
517853,411.96,9
517858,178.95,19
517859,911.47,89
517860,829.35,28
517861,190.12,41
517862,747.39,31
517863,392.8,20
517864,480.29,29
517865,247.95,43
517866,328.43,18
517867,660.12,24
517868,311.03999999999996,6
517869,87.47,9
517870,305.11,15
517871,489.78000000000003,52
517872,345.6,18
517874,325.70000000000005,5
517882,287.66,31
517883,167.45,32
517889,10.2,1
517891,307.1,6
517893,986.2099999999999,12
517896,238.72,15
517900,105.05000000000001,7
517901,46.8,1
517904,125.0,1
517905,750.0,1
517906,235.5,13
517909,728.9200000000001,20
517910,180.0,11
517911,222.85000000000002,9
517914,1733.5,22
517930,590.0,2
517931,755.7,64
517933,502.55,27
517934,800.0,1
517946,474.31,52
517947,216.3,25
517948,121.74000000000001,8
517951,732.61,22
517952,398.96000000000004,23
517953,2780.3199999999997,4
517955,29.9,1
517957,294.22,41
517958,101.71000000000001,18
517960,481.74,25
517962,321.42,6
517963,500.57000000000005,22
517964,221.62,31
517965,175.08,12
517967,229.44,54
517969,131.01,16
517970,563.1,19
517971,149.54999999999998,17
517972,246.0,14
517973,321.78,9
517974,1503.55,57
517975,577.6800000000001,12
517976,125.8,24
517977,905.74,154
517978,993.75,73
517979,54.599999999999994,3
517980,395.64,25
517982,313.39,13
517983,158.05,6
517985,145.6,30
517992,145.63,10
517994,169.3,6
517995,89.95,9
518003,315.98,9
518004,352.11,19
518005,35.7,1
518006,410.71000000000004,19
518007,220.75,10
518008,379.74,19
518009,253.81,15
518010,314.25,17
518011,246.3,17
518012,254.0,4
518013,146.02,9
518014,95.03,9
518015,248.15,15
518016,353.41,17
518052,334.88,1
518055,116.1,10
518056,365.56,22
518058,103.80000000000001,3
518059,100.5,12
518060,90.0,1
518061,107.12,23
518062,737.4,41
518063,1161.18,43
518064,470.14,69
518065,650.64,18
518067,1258.86,67
518069,258.9,14
518071,312.3,18
518072,91.15,9
518073,10.95,1
518076,309.21,36
518077,889.02,25
518079,613.8,7
518080,308.81,18
518081,1108.8,18
518086,379.42,21
518115,596.68,105
518133,791.4,38
518134,215.28,13
518135,131.07999999999998,5
518136,301.81,16
518139,359.88,20
518140,468.65,20
518141,176.47,8
518145,66.6,4
518146,468.78000000000003,43
518147,203.35,7
518148,277.48,58
518150,132.37,15
518151,182.16000000000003,2
518152,122.39999999999999,2
518153,1160.0,4
518154,512.73,25
518155,38.7,1
518156,235.70000000000002,15
518157,905.48,10
518158,290.7,11
518159,634.35,43
518176,110.69999999999999,4
518184,20.4,2
518200,759.35,41
518201,591.87,39
518202,132.6,6
518203,244.98000000000002,10
518204,312.38,5
518205,1210.8,31
518206,2675.14,31
518215,590.78,13
518216,75.12,3
518217,191.28,11
518218,376.5,10
518219,526.54,31
518220,1045.94,90
518221,227.16000000000003,5
518222,272.48,9
518224,287.1,5
518226,120.55000000000001,3
518227,613.38,181
518228,660.39,59
518229,321.52,5
518230,797.62,83
518231,541.2,18
518232,761.66,35
518233,308.70000000000005,3
518242,524.4,8
518243,199.45000000000002,17
518247,362.74,14
518248,278.76,19
518249,275.45,17
518250,1339.6,2
518251,214.68,4
518252,384.99,31
518253,161.73,25
518259,139.94,22
518260,17.080000000000002,2
518261,184.8,23
518266,252.29999999999998,35
518268,381.86,17
518269,305.91,40
518270,365.34000000000003,97
518271,689.09,36
518272,189.29999999999998,16
518273,539.14,18
518275,446.75,23
518276,364.7,12
518278,300.55,13
518280,519.6899999999999,30
518281,445.98,10
518285,118.5,20
518286,292.96,11
518296,575.2,1
518314,544.01,29
518315,343.63,16
518330,136.15,5
518331,1496.6399999999999,17
518332,520.54,8
518333,952.1,27
518334,500.0,1
518335,631.92,17
518336,10.08,1
518337,765.94,33
518338,35.7,1
518339,426.05,13
518344,180.07999999999998,11
518346,468.03,14
518348,321.74,18
518349,114.60000000000001,2
518350,307.16,10
518351,195.3,28
518354,314.15999999999997,6
518355,148.72,1
518358,341.33,25
518360,1494.36,11
518361,8.5,1
518370,214.35,19
518371,114.63,15
518373,60.839999999999996,2
518375,491.36,25
518376,66.65,4
518377,1145.4,3
518378,169.12,2
518379,29.7,1
518380,136.65,21
518381,105.82,22
518382,311.38,15
518383,95.44,7
518384,93.3,4
518385,777.21,18
518386,828.06,67
518387,186.18,27
518388,147.2,15
518389,151.5,23
518391,121.91,11
518392,854.67,12
518393,161.51,23
518394,198.21,54
518395,751.6,21
518396,804.74,12
518397,282.27,34
518398,153.72,9
518399,135.96,4
518400,351.95,10
518401,395.84000000000003,24
518402,195.88,9
518403,676.17,47
518404,257.35,45
518405,974.9,21
518406,398.37,51
518407,303.03,21
518408,239.45000000000002,13
518409,52.8,4
518410,307.23,18
518411,460.71,74
518412,198.65,49
518413,411.96,4
518414,194.60000000000002,27
518415,127.07,9
518417,152.2,9
518418,845.17,39
518419,260.57,5
518420,382.93,22
518421,305.96000000000004,5
518422,431.28,8
518423,206.85,1
518426,343.53999999999996,26
518427,869.28,14
518428,380.61,20
518431,699.18,28
518432,555.78,37
518433,36.77,2
518447,201.8,10
518451,1080.5,37
518477,159.46,73
518480,347.64,43
518481,335.63,76
518482,547.96,23
518484,17.53,11
518485,357.6,4
518486,344.22,20
518497,447.09999999999997,15
518500,166.32,21
518501,1115.58,22
518502,30.599999999999998,1
518504,12.5,1
518505,11880.84,45
518506,300.2,12
518507,423.90999999999997,29
518508,505.90999999999997,26
518509,189.57,29
518510,317.95,19
518512,111.35,6
518519,525.35,32
518530,121.59,9
518531,14.850000000000001,1
518532,244.52,9
518533,82.94,13
518535,16.65,9
518543,360.47,23
518545,1436.48,5
518546,699.35,3
518547,526.0799999999999,4
518548,583.8000000000001,3
518549,498.0,3
518550,532.0,4
518551,714.0,4
518552,635.04,1
518553,759.84,40
518554,448.52,19
518555,352.15000000000003,19
518556,418.65000000000003,29
518557,142.16,11
518558,119.2,3
518559,302.5,19
518560,266.93,12
518561,462.21,26
518562,303.6,20
518564,170.8,2
518578,330.6,20
518602,77.35,2
518613,584.23,80
518614,311.13,18
518616,511.15999999999997,51
518623,660.0,3
518649,949.62,32
518650,325.44,16
518652,205.4,44
518653,294.84,42
518654,49.5,3
518655,432.67,10
518656,141.6,8
518658,139.95000000000002,7
518659,18.240000000000002,1
518661,206.29999999999998,20
518663,391.9,103
518665,353.88,13
518666,15.0,1
518667,15.0,1
518670,30.599999999999998,1
518671,118.14,8
518672,183.33,26
518673,16483.0,89
518674,590.0,1
518675,122.4,1
518679,396.28999999999996,35
518681,596.26,93
518683,651.46,48
518684,314.56,20
518685,334.56,8
518686,179.97,12
518687,385.03000000000003,28
518688,136.35000000000002,7
518708,189.6,14
518714,147.11,6
518729,360.66,16
518730,575.88,50
518732,202.0,14
518733,66.0,2
518734,282.3,15
518735,3814.1600000000003,2
518737,2063.88,3
518740,135.42000000000002,7
518748,341.37,29
518749,985.1,23
518751,447.26,33
518752,873.35,27
518753,157.70000000000002,9
518754,122.7,6
518755,280.55,11
518756,295.0,1
518757,786.76,14
518759,294.01,44
518762,437.68,14
518764,556.5,12
518765,59.849999999999994,3
518766,616.0,14
518767,305.55,16
518768,187.9,8
518769,218.89,55
518771,182.19,45
518776,301.65000000000003,10
518777,800.0,1
518779,141.0,29
518783,330.29,39
518786,114.44,19
518787,964.12,41
518788,62.7,4
518789,847.04,50
518790,301.39,20
518791,515.03,34
518792,2403.84,38
518793,91.4,4
518794,228.96000000000004,3
518795,325.35,18
518796,308.52,13
518797,15.0,1
518798,328.18,15
518847,1190.67,56
518848,303.12,17
518850,168.17000000000002,23
518851,156.39,32
518852,147.35,28
518857,292.87,68
518858,15.9,1
518863,342.75,15
518864,13.919999999999998,1
518865,655.8000000000001,13
518866,424.6,22
518867,19.799999999999997,1
518868,236.54999999999998,3
518871,36.9,2
518875,111.86999999999999,15
518880,350.6,19
518881,540.54,56
518894,114.0,18
518895,263.6,11
518896,806.4,21
518897,53.25000000000001,2
518898,107.3,13
518900,2480.48,21
518901,255.74,16
518902,597.51,63
518907,117.16,20
518910,406.41,75
518919,24.049999999999997,5
518942,150.0,1
518944,328.05,19
518945,427.24,23
518946,120.6,7
518947,107.8,6
518948,933.45,57
518949,17.0,1
518950,2083.42,77
518951,107.1,5
518959,737.6,17
518960,102.0,1
518963,493.36,22
518967,326.4,1
518970,66.0,1
518972,271.2,1
518975,6.6,1
518977,70.13,15
518980,338.65,21
518982,295.0,1
518983,217.77,17
518985,446.75,51
518989,150.95,8
519000,9.9,1
519001,222.77,22
519004,117.09,14
519005,419.9,126
519006,154.5,19
519007,125.94,15
519008,215.25,25
519009,329.89,23
519010,113.81,21
519011,314.6,20
519012,24.9,2
519013,379.53000000000003,23
519014,151.64,7
519025,176.84,11
519028,267.0,13
519029,472.68,35
519030,166.78,8
519037,567.65,30
519057,412.3,17
519087,188.49,5
519098,293.76,1
519115,167.28,22
519120,13.5,3
519121,289.51,27
519122,401.96,57
519124,1497.6,2
519125,346.15,23
519135,309.84000000000003,12
519164,280.13,16
519165,754.7900000000001,20
519166,405.58000000000004,18
519167,118.44999999999999,6
519169,40.0,1
519170,183.48,15
519171,115.4,5
519172,1053.74,28
519173,189.85,43
519175,361.29,12
519176,233.4,17
519177,1735.39,99
519178,6.8,1
519179,122.45,24
519181,165.02,12
519182,136.97,14
519184,1191.93,17
519186,75.60000000000001,4
519188,129.56,11
519192,904.7199999999999,45
519194,623.33,73
519197,158.85000000000002,5
519198,345.65,32
519199,126.25,8
519200,192.8,10
519201,1536.0,5
519202,101.6,34
519203,254.85,18
519204,147.55,8
519205,155.8,19
519207,95.0,1
519208,1650.0,4
519209,305.28000000000003,1
519210,385.31,11
519211,69.94999999999999,4
519212,117.83000000000001,6
519213,175.64,21
519214,524.45,18
519215,390.38,14
519216,628.8000000000001,31
519217,967.94,31
519218,227.51,48
519219,44.10000000000001,3
519222,680.0,4
519223,495.0,2
519224,135.4,13
519226,7.95,1
519227,481.87,36
519228,283.8,10
519229,746.99,16
519230,142.0,7
519231,136.1,40
519232,299.7,18
519233,101.6,11
519234,585.86,47
519235,105.3,1
519236,385.44,8
519237,611.39,48
519238,108.60000000000001,5
519239,424.44,40
519240,17.85,1
519241,477.23,70
519242,990.48,8
519243,471.15000000000003,15
519244,174.23999999999998,2
519245,290.86,27
519247,387.6,24
519248,290.7,7
519251,1124.8,43
519252,233.89,46
519253,324.86,17
519254,309.9,5
519255,139.58,15
519256,14.11,6
519257,483.56,25
519258,388.46000000000004,9
519260,227.72,39
519261,257.57,12
519262,406.71999999999997,24
519263,509.2,24
519264,120.66,7
519266,311.52,5
519267,1019.9999999999999,1
519268,533.0,16
519275,429.5,3
519276,296.65,18
519279,202.7,10
519338,366.73,24
519339,144.53,4
519341,1341.49,52
519342,280.0,1
519343,1858.91,125
519344,226.86,16
519357,188.4,12
519369,240.0,6
519371,160.33,41
519372,332.2,13
519380,353.3,15
519381,315.6,10
519382,291.15999999999997,16
519384,161.9,32
519385,368.98,15
519391,305.21999999999997,20
519392,310.5,20
519393,182.58,11
519394,165.48000000000002,10
519395,320.76,45
519396,694.34,32
519398,466.32000000000005,8
519399,259.94,27
519401,918.29,66
519402,456.15000000000003,6
519403,338.18,20
519404,5897.68,68
519405,419.42,5
519406,215.92,9
519407,792.48,35
519408,413.3,10
519409,515.65,37
519410,305.2,12
519411,376.34,29
519419,176.0,7
519428,750.96,4
519434,500.40000000000003,6
519458,145.48,2
519460,92.6,5
519462,3434.61,49
519464,336.92,17
519465,271.8,16
519468,2777.12,12
519469,210.8,13
519470,1789.6,8
519471,154.05,3
519474,252.0,1
519475,612.54,31
519476,310.15,18
519477,802.13,26
519483,304.47,20
519484,189.16,35
519485,217.91,63
519486,761.4300000000001,8
519488,1383.53,24
519489,3.75,1
519490,309.49,19
519494,213.89000000000001,19
519497,276.75,12
519498,29.979999999999997,3
519499,47.1,4
519500,104.65,18
519501,509.95,21
519502,387.0,7
519507,319.66,17
519508,187.51999999999998,13
519509,1056.74,49
519512,170.56,6
519513,30.0,2
519514,12513.68,52
519515,493.56000000000006,9
519516,736.05,7
519517,883.4200000000001,32
519518,152.62,10
519519,46.849999999999994,3
519520,101.75,24
519529,306.6,22
519533,266.40000000000003,1
519539,147.9,2
519550,455.36,17
519557,330.02,19
519558,383.71999999999997,39
519559,296.36,10
519564,1634.64,45
519568,611.7,2
519569,135.14,28
519570,452.6,32
519571,326.4,1
519572,35.400000000000006,1
519573,420.5,19
519574,27.6,2
519575,464.02000000000004,16
519576,939.4399999999999,33
519577,158.93,27
519578,251.04000000000002,24
519580,307.06,19
519582,80.7,4
519583,46.75,3
519584,159.5,11
519585,250.0,16
519586,864.9100000000001,51
519587,399.18,16
519589,5.1,1
519590,533.36,19
519591,162.41,24
519592,613.3299999999999,34
519593,18.0,1
519594,366.9,28
519595,393.25,14
519596,467.16,19
519599,244.75,16
519600,338.94,67
519601,349.65000000000003,9
519602,473.22,14
519604,486.9,12
519605,63.5,1
519606,1666.92,32
519607,1058.56,140
519609,347.4,73
519610,1448.57,145
519611,393.41,32
519612,432.96,62
519613,659.03,41
519614,434.19,22
519615,652.8,14
519616,109.44,1
519617,436.08000000000004,17
519618,559.88,22
519620,450.0,4
519621,186.3,9
519622,790.98,37
519627,158.78,10
519640,6785.24,31
519647,308.5,4
519656,671.25,24
519657,307.46,10
519658,282.97,43
519659,176.3,7
519660,299.41,18
519666,316.6,21
519669,76.5,4
519673,697.1999999999999,13
519674,422.44,3
519676,111.11,6
519678,149.76,10
519680,196.38,20
519681,20.85,4
519682,730.53,50
519684,52.05,3
519686,92.0,39
519687,984.22,48
519688,165.3,26
519689,157.79999999999998,14
519690,54.8,3
519691,217.05,51
519692,585.25,31
519693,423.15999999999997,21
519694,712.98,31
519695,43.68,2
519696,224.6,16
519697,70.80000000000001,3
519698,314.65,11
519699,15.8,1
519700,120.05000000000001,21
519706,314.4,7
519707,56.0,4
519708,282.70000000000005,19
519709,550.8,3
519710,612.0,1
519711,148.95,30
519712,156.85999999999999,22
519713,867.0,2
519714,2047.28,75
519715,301.6,13
519716,367.15999999999997,20
519717,549.0,3
519718,387.36,29
519720,8.899999999999999,2
519721,131.19,31
519722,1838.32,32
519723,160.77,13
519724,345.0,17
519725,321.59999999999997,8
519726,193.65,12
519727,269.16999999999996,20
519728,318.36,22
519729,273.85,23
519730,292.21,123
519731,284.02,19
519732,98.55000000000001,24
519733,385.7,22
519734,300.87,20
519735,152.4,8
519739,259.3,11
519740,210.6,3
519741,331.62,18
519759,303.15,18
519765,489.16,54
519766,40.8,1
519783,223.85999999999999,34
519784,333.20000000000005,4
519785,833.48,50
519786,119.11999999999999,10
519787,126.05000000000001,8
519788,245.0,6
519789,303.0,10
519790,310.2,5
519791,111.00000000000001,6
519792,1043.15,62
519793,1851.02,11
519794,361.86,14
519800,3101.89,13
519804,143.48,19
519805,132.6,9
519806,177.45,19
519808,192.0,1
519810,180.0,2
519811,722.8199999999999,28
519812,495.0,2
519813,244.79999999999998,1
519814,286.38,16
519815,301.53,15
519816,711.18,41
519817,2560.4,110
519818,664.84,4
519819,62.35,21
519820,648.64,18
519821,467.47,25
519822,359.38,44
519823,137.8,8
519824,136.32,7
519825,219.0,4
519826,235.95,3
519827,112.57000000000001,29
519828,155.95,3
519829,609.83,32
519830,17.85,1
519831,243.2,15
519832,217.64999999999998,31
519833,88.80000000000001,1
519834,522.0,23
519836,8.5,1
519864,175.62,34
519865,128.6,7
519867,127.5,38
519871,340.48,15
519875,113.08,8
519876,307.7,19
519877,908.8,52
519878,548.56,12
519879,111.41,19
519880,137.45,5
519881,895.4,45
519882,280.16,63
519883,312.75,14
519884,70.19999999999999,3
519885,321.65000000000003,19
519886,88.35,13
519887,1032.29,32
519888,424.89,32
519889,111.67999999999999,13
519890,369.86,64
519891,436.23,25
519892,545.41,10
519894,208.51,16
519895,315.71000000000004,17
519896,315.41,15
519897,9.9,1
519898,321.71,18
519899,148.42000000000002,11
519900,214.1,10
519901,252.74,16
519902,1165.14,9
519903,170.0,1
519904,590.65,17
519905,1117.74,64
519906,19.5,1
519907,292.09,45
519908,671.63,50
519909,544.39,50
519910,1193.1200000000001,56
519911,46.8,2
519912,166.0,9
519913,1650.24,7
519914,405.4,19
519915,66.4,4
519916,441.40000000000003,22
519917,398.35,65
519918,380.13,25
519919,382.81,18
519920,359.22,8
519921,45.599999999999994,1
519922,15.6,1
519923,209.4,11
519924,93.4,3
519925,472.93,16
519926,126.4,15
519927,303.76,18
519928,660.0,4
519929,393.5,37
519930,325.4,17
519931,283.25,40
519932,245.21,57
519933,519.27,64
519934,174.46,52
519935,35.25,5
519936,721.7099999999999,33
519937,495.56,12
519938,584.0,32
519939,760.1,33
519941,7.56,1
519943,494.37,19
519944,192.05,10
519945,17.0,1
519946,570.92,35
519947,148.27,11
519948,42.4,2
519971,150.0,5
519978,398.26,18
519993,682.07,18
519994,56.449999999999996,4
520004,284.4,2
520018,536.41,54
520019,330.79,16
520020,123.5,8
520021,1720.24,22
520023,303.31,15
520027,377.12,35
520037,128.35,16
520039,379.93,19
520040,409.25,20
520041,2484.16,134
520042,160.6,4
520043,149.91,34
520044,384.85,24
520046,257.04,39
520047,180.33,34
520050,379.05,47
520052,303.78000000000003,18
520054,334.0,22
520055,431.58,9
520056,67.08,2
520058,616.64,12
520059,176.8,74
520062,577.17,50
520063,2815.29,29
520064,219.23999999999998,11
520065,195.57999999999998,5
520066,568.5,4
520069,449.4,13
520071,657.1,20
520072,371.16,11
520073,552.78,36
520074,578.8199999999999,9
520075,436.32,13
520076,866.8,47
520077,704.0,2
520078,139.8,1
520079,320.0,1
520080,151.31,10
520081,241.3,13
520082,2023.64,18
520084,405.15,25
520085,341.39000000000004,13
520091,300.01,17
520092,694.6,9
520093,51.0,1
520098,303.25,14
520121,401.2,17
520132,316.76,24
520142,204.15,12
520165,403.2,1
520166,565.07,61
520168,495.68,23
520169,695.55,45
520170,161.28,10
520171,1387.1999999999998,3
520172,304.8,10
520173,2982.82,12
520174,93.73,8
520175,191.51999999999998,7
520176,676.5799999999999,28
520178,347.53999999999996,24
520179,690.32,61
520181,294.0,13
520182,576.43,16
520183,394.92,5
520184,469.5,4
520185,183.3,7
520186,190.59,38
520187,336.62,10
520188,84.51,23
520189,310.86,12
520190,324.86,19
520191,186.0,8
520192,658.62,28
520194,633.25,10
520195,14.0,3
520196,295.25,26
520197,365.08,10
520198,302.90000000000003,18
520200,81.12,1
520203,15.0,3
520204,458.2,2
520206,25.200000000000003,1
520207,226.68,30
520210,130.39999999999998,9
520211,111.53,24
520212,268.69,57
520213,618.85,62
520214,3963.76,82
520215,276.43,19
520216,32.7,2
520217,319.22,18
520218,378.58,21
520220,289.63,10
520221,569.19,43
520222,1311.9,43
520223,17.700000000000003,1
520225,289.71,18
520226,126.00000000000001,6
520228,1038.26,16
520230,302.56,6
520231,137.7,3
520246,751.55,42
520291,484.34999999999997,36
520312,1092.72,20
520316,102.0,1
520317,389.64,14
520318,123.72,28
520319,192.5,8
520320,311.96000000000004,9
520322,414.32,23
520323,17.700000000000003,1
520324,312.79,15
520327,166.73,20
520334,616.59,58
520336,1231.21,27
520337,908.16,57
520339,460.45,15
520340,389.72,30
520342,408.0,1
520343,362.88,1
520344,903.1600000000001,69
520345,95.7,2
520346,420.96000000000004,5
520347,420.3,23
520349,458.66999999999996,21
520350,486.31,9
520351,380.09999999999997,22
520352,176.94000000000003,9
520353,221.95,12
520354,167.4,5
520356,7.95,1
520357,135.3,7
520359,439.78,17
520361,226.57999999999998,63
520362,228.23,34
520364,207.37,21
520367,158.28,9
520370,354.24,2
520372,190.5,11
520376,110.65,15
520377,394.25,16
520378,15.0,1
520380,428.09,19
520381,270.48,15
520382,15.0,1
520383,375.55,9
520384,303.7,14
520387,215.89999999999998,6
520388,510.06,5
520390,482.25,88
520392,750.9,15
520396,192.14999999999998,34
520398,340.63,36
520401,178.98000000000002,32
520404,1702.3,13
520405,773.87,80
520406,3846.98,44
520407,201.5,14
520410,586.19,52
520416,308.04,16
520419,312.5,21
520420,25.200000000000003,1
520421,196.5,3
520423,19.799999999999997,1
520424,326.58,21
520425,222.95000000000002,10
520426,354.85,19
520427,288.61,5
520428,1051.88,11
520484,868.14,48
520485,10.0,1
520493,75.60000000000001,1
520494,699.8,18
520495,118.75,15
520496,675.46,37
520497,350.75,9
520502,404.66,62
520503,1300.0,4
520504,2901.0,4
520505,448.2,28
520506,426.93,25
520507,321.43999999999994,12
520508,784.5200000000001,21
520509,123.08,18
520510,225.35,14
520511,1573.5,18
520512,483.49,28
520513,210.47000000000003,12
520514,227.58,10
520515,359.39,19
520516,485.15,43
520517,805.88,8
520518,50.400000000000006,3
520519,146.6,5
520520,180.92,10
520521,46.45,8
520522,532.5,33
520523,4.2,1
520524,57.55,5
520525,358.49,29
520526,498.90000000000003,16
520527,129.85,7
520528,364.3,21
520529,25.0,1
520530,164.78,20
520532,239.94,23
520534,233.21,15
520535,459.08000000000004,17
520536,527.4399999999999,22
520537,329.69,24
520538,305.2,11
520539,957.98,78
520540,249.9,12
520554,434.45,15
520555,611.02,32
520558,326.4,1
520559,120.9,6
520560,17.700000000000003,1
520561,671.38,43
520564,146.65,21
520565,177.61,11
520566,284.5,14
520567,135.79,26
520568,1022.6600000000001,20
520569,254.4,32
520570,385.83,76
520572,385.3,10
520575,60.599999999999994,2
520577,14.850000000000001,1
520582,327.53000000000003,17
520584,494.88,37
520585,303.0,4
520600,204.82,13
520601,306.9,15
520602,357.11,21
520612,310.6,19
520614,138.7,9
520626,238.47,27
520654,453.06,31
520663,2561.2799999999997,14
520664,135.39,7
520665,531.08,49
520666,381.77,21
520669,450.15999999999997,28
520671,231.42000000000002,5
520672,214.78,34
520673,132.34,34
520674,67.5,20
520675,657.6800000000001,22
520676,309.02000000000004,12
520677,261.82,6
520678,268.86,34
520679,332.4,15
520680,1868.56,123
520682,184.23000000000002,9
520683,11.7,2
520686,14.98,1
520693,301.53000000000003,13
520694,382.14,15
520695,118.00000000000001,3
520696,303.66,18
520697,881.34,56
520698,665.27,38
520699,175.5,9
520700,349.96,80
520701,261.65000000000003,27
520702,171.62,11
520703,359.65999999999997,22
520704,311.40000000000003,13
520705,307.95,24
520706,167.16,12
520707,1963.53,41
520708,279.3,12
520709,190.0,16
520710,304.95,20
520711,165.0,1
520712,310.2,15
520713,1121.22,29
520714,519.2,33
520715,455.32,33
520716,19.95,1
520717,941.8,17
520718,263.14,12
520719,119.00999999999999,29
520720,138.38,28
520721,423.2,13
520722,196.33999999999997,6
520723,71.6,4
520724,199.9,55
520726,219.18,13
520727,361.84,40
520728,577.64,11
520729,104.16,21
520730,609.24,11
520731,27.69,4
520732,171.15,5
520733,581.01,30
520734,36.480000000000004,4
520736,2837.8799999999997,3
520737,298.8,13
520738,386.74,22
520740,241.2,3
520742,20.16,2
520744,823.8,37
520745,301.77,18
520746,837.07,52
520750,1868.56,1
520754,1334.78,42
520815,132.31,44
520819,592.43,23
520820,31.200000000000003,1
520821,147.09,22
520822,80.4,2
520823,102.0,1
520825,289.6,77
520826,434.12,22
520847,330.07,63
520848,360.8,22
520849,301.65,18
520850,307.18,6
520854,25.2,1
520855,78.47,17
520856,248.13,20
520857,282.05,41
520858,139.23,10
520859,148.6,21
520860,794.08,27
520861,161.35,30
520865,216.05,11
520870,294.84,16
520871,686.37,27
520872,1136.84,45
520873,404.35,13
520874,874.89,11
520875,682.8199999999999,13
520876,99.0,8
520877,264.29,49
520879,1339.6,2
520880,459.03000000000003,24
520881,15.0,1
520882,111.9,3
520883,310.6,15
520884,179.88,33
520885,408.75,32
520886,15.9,1
520892,152.01999999999998,9
520893,154.99,15
520894,285.5,84
520895,27.6,2
520896,189.05,21
520899,446.98,26
520900,433.37,19
520901,48.6,2
520902,204.4,3
520903,373.75,16
520904,114.35,4
520906,3271.98,29
520947,757.95,26
520948,5827.84,39
520949,390.35,9
520950,528.94,30
520952,123.6,13
520953,84.00000000000001,3
520954,92.4,3
520955,309.82,10
520960,270.79,74
520966,590.65,34
520968,871.88,13
520972,410.34,83
520973,493.25,20
520974,139.8,5
520987,639.01,13
520989,1362.9,45
520990,113.88,3
520999,186.15,11
521001,176.9,9
521002,302.75,2
521003,54.08,2
521004,97.5,5
521006,343.42,9
521010,152.97,38
521012,15.600000000000001,1
521014,285.76,19
521019,309.8,13
521026,224.39999999999998,8
521027,138.45,5
521030,198.4,11
521032,232.0,1
521033,152.64000000000001,1
521034,401.12,7
521035,714.06,21
521036,547.09,28
521037,99.0,1
521038,1055.75,42
521040,103.0,2
521043,330.06,14
521044,347.38,26
521057,235.44,12
521071,202.1,6
521097,1055.75,1
521111,162.0,1
521112,5023.92,18
521114,283.05,20
521115,783.84,30
521116,360.59999999999997,9
521117,330.46,28
521118,311.0,18
521119,195.35,33
521120,300.78000000000003,15
521121,47.25,1
521122,340.65,23
521123,6.75,1
521124,1231.15,15
521125,115.5,18
521126,130.0,8
521127,30.599999999999998,2
521128,322.68,20
521129,391.25,30
521130,231.85,28
521132,196.27,35
521148,434.98,94
521149,449.68,27
521150,776.02,48
521151,35.400000000000006,2
521152,229.65,18
521153,15.0,1
521154,130.0,1
521156,25.5,1
521157,130.0,1
521159,383.75,20
521160,406.92,15
521161,130.2,7
521162,861.3,35
521163,291.13,10
521165,140.99,8
521166,255.12,40
521167,226.28,11
521168,477.85,33
521170,515.4,2
521172,1389.31,42
521173,245.3,14
521174,93.78,4
521175,34.849999999999994,3
521176,288.38,18
521177,35.7,1
521178,146.6,9
521179,89.46,4
521180,362.85,14
521181,330.0,1
521182,2578.14,71
521183,330.0,1
521184,660.0,1
521185,303.89000000000004,8
521186,104.10000000000001,5
521187,56.7,4
521188,127.70000000000002,6
521189,308.43,36
521192,33.0,2
521193,312.42,15
521194,75.9,3
521195,214.44,16
521196,145.1,7
521197,71.95,3
521199,115.45,4
521200,630.48,14
521203,127.0,1
521204,400.65,27
521205,133.15,36
521206,381.0,1
521207,108.58000000000001,2
521208,465.78000000000003,5
521209,262.6,4
521210,76.32000000000001,1
521211,259.20000000000005,3
521213,342.09,15
521214,607.74,19
521215,147.96,5
521217,671.96,26
521219,1565.52,18
521220,189.65,12
521221,249.60000000000002,13
521222,277.15,38
521223,189.3,12
521225,1260.0,17
521226,239.06,46
521227,39.95,1
521244,1723.08,13
521250,958.8799999999999,5
521254,405.59999999999997,1
521268,136.5,6
521269,804.5999999999999,7
521284,433.85,7
521287,582.64,37
521293,53.1,1
521294,320.78,17
521307,480.7,28
521312,195.0,1
521313,1980.0,3
521314,788.4,1
521315,5293.92,3
521316,479.4,4
521317,491.01,80
521318,1515.02,4
521319,404.3,32
521324,123.75,19
521325,1161.6,13
521326,23.400000000000002,1
521327,200.4,2
521328,318.65,19
521329,493.86,9
521339,3752.4,10
521340,54.2,5
521341,290.69,11
521342,634.35,9
521343,577.0799999999999,26
521344,638.09,27
521345,136.31,21
521349,317.41,19
521350,532.9,16
521351,5.85,3
521352,676.22,25
521353,175.98,41
521354,114.0,6
521356,184.8,3
521358,17.4,1
521360,148.71,6
521361,1240.8,7
521362,130.0,2
521363,655.0,23
521364,311.88,6
521365,1102.5900000000001,50
521366,245.56,80
521367,306.36,18
521368,254.0,4
521369,233.52,31
521370,78.9,3
521371,120.0,2
521372,127.05000000000001,9
521373,170.3,8
521374,156.5,38
521375,619.14,27
521376,618.04,6
521377,186.0,5
521378,246.96,19
521379,138.15,27
521380,219.7,1
521381,427.32,26
521383,222.47,22
521384,510.96,7
521385,340.6,13
521386,177.8,29
521387,475.58000000000004,20
521388,195.0,5
521389,543.47,44
521390,688.67,58
521391,376.92,6
521392,530.57,33
521393,1071.91,48
521394,158.02,9
521395,135.17000000000002,13
521396,80.23,5
521397,270.84,67
521398,394.47,51
521399,230.4,1
521400,1188.0,3
521401,468.0,5
521402,239.3,16
521403,2382.92,58
521404,162.6,7
521405,231.76000000000002,14
521406,979.0,22
521407,39.79,16
521426,434.02,24
521430,2204.76,10
521441,114.98,30
521450,750.9,31
521452,247.65,16
521467,230.51,16
521469,356.3,37
521470,660.35,65
521471,1238.85,28
521473,349.75,69
521475,214.5,8
521476,75.0,12
521477,546.51,21
521478,355.71,77
521479,1095.95,36
521480,168.6,4
521482,589.12,15
521483,1157.32,31
521484,372.19,50
521493,418.39,18
521494,457.3,21
521495,304.14,16
521496,781.22,41
521507,140.87,11
521515,395.59,83
521518,39.3,4
521521,5.8,1
521527,5.8,1
521532,197.25,8
521533,22.5,2
521539,152.95000000000002,9
521541,347.49,20
521544,1410.46,19
521546,374.5,19
521547,90.65,5
521548,14.850000000000001,1
521549,559.3,20
521553,174.6,10
521554,202.65,11
521557,552.67,39
521558,420.95,22
521559,129.87,7
521560,621.6,3
521561,125.66000000000001,8
521562,256.5,7
521563,428.7,27
521564,127.2,8
521565,184.44000000000003,4
521566,3960.1,19
521567,1226.8,6
521568,2403.1,31
521569,268.31,17
521570,461.63,36
521571,408.53,18
521572,411.12,3
521574,252.0,1
521575,575.1,21
521577,796.86,36
521584,377.47,21
521588,111.0,6
521593,213.69,11
521617,1166.99,19
521642,812.13,52
521645,920.6999999999999,18
521647,93.95,20
521648,7.95,1
521649,357.4,48
521650,385.59999999999997,12
521651,180.87,13
521652,355.51,20
521653,171.38,24
521654,104.6,8
521656,238.53,34
521658,195.15,12
521660,122.56,9
521661,256.99,14
521662,261.55,24
521663,564.47,34
521664,189.85,31
521665,744.37,39
521666,203.34000000000003,3
521668,540.52,19
521682,165.0,1
521683,68.0,1
521684,119.04,6
521685,145.47,9
521686,519.1,28
521687,135.85,6
521689,1620.0,1
521692,1374.46,65
521693,701.7,37
521695,258.6,10
521696,192.58,11
521697,104.05000000000001,8
521698,135.4,9
521699,312.24,10
521700,430.27,29
521722,368.7,9
521737,148.65,10
521742,519.45,26
521758,68.39999999999999,4
521765,600.2,16
521766,20.28,2
521767,616.73,89
521768,441.71999999999997,8
521769,25.0,1
521770,539.6999999999999,24
521771,941.8,62
521775,210.68,12
521781,198.7,8
521784,76.32000000000001,1
521785,108.16,1
521786,325.72,3
521787,134.7,9
521788,229.73,17
521790,281.02,15
521791,276.94,21
521792,110.43,25
521793,263.24,52
521794,185.65,36
521796,128.58,37
521797,286.74,12
521798,587.55,24
521799,316.0,9
521800,498.4,19
521808,259.15,15
521809,15.0,1
521810,192.35,14
521811,404.02,66
521812,15.0,1
521813,946.1800000000001,39
521815,429.51,16
521816,483.94,34
521817,352.53000000000003,17
521819,138.32,10
521820,209.24,10
521821,745.9,13
521822,1948.74,83
521829,737.3,20
521839,731.33,49
521857,283.9,7
521866,750.82,12
521868,380.40000000000003,2
521869,316.43,21
521871,292.8,36
521888,1895.0,16
521889,96.9,6
521890,85.5,2
521891,345.40000000000003,11
521892,17.700000000000003,1
521893,316.51,21
521896,400.35,18
521897,240.57,12
521898,207.28,18
521899,288.0,3
521900,267.6,22
521901,359.28,49
521907,212.4,13
521908,264.0,25
521909,70.80000000000001,1
521910,319.94,21
521911,270.0,2
521912,396.04,75
521913,155.91,9
521914,326.65,18
521915,314.4,9
521916,258.95,22
521917,311.52,5
521920,206.15,10
521921,1095.37,62
521922,642.52,38
521924,134.0,8
521925,202.14000000000001,33
521927,186.82,12
521928,725.7,43
521931,137.02,25
521935,306.89,23
521936,318.14,20
521938,199.85,13
521944,202.83,6
521945,447.05,30
521946,715.24,14
521947,53.81999999999999,3
521948,122.47999999999999,9
521949,1438.75,95
521950,223.8,8
521951,8.5,1
521952,259.31,16
521953,129.75,17
521954,282.59,50
521955,186.56,19
521958,251.32,15
521968,132.04,13
521969,298.1,16
521970,279.85,54
521972,310.05,18
521973,485.99,76
521974,313.36,70
521975,461.15,44
521977,13.919999999999998,1
521978,347.8,21
521979,369.51,18
521980,20.4,1
521982,979.1999999999999,1
521983,301.42,22
521984,305.40999999999997,9
521985,303.35,18
521986,309.3,19
521987,361.6,22
521988,459.05,11
521989,534.7,29
521999,221.65,32
522016,361.48,15
522017,402.9,5
522024,210.01,26
522025,1172.1399999999999,11
522026,129.3,5
522027,373.75,23
522029,675.17,35
522030,168.42000000000002,20
522039,324.7,19
522040,184.3,7
522041,876.54,27
522042,302.74,19
522045,293.95,14
522046,360.04,80
522047,1479.93,28
522048,436.1,22
522049,124.75,25
522050,171.68,11
522051,363.14,20
522052,80.70000000000002,5
522053,313.45,12
522054,492.75,22
522055,39.0,1
522056,58.5,2
522058,296.4,10
522059,777.55,20
522060,10.0,1
522061,490.05,25
522062,3.75,1
522066,330.37,26
522068,206.20000000000002,66
522069,11.8,1
522070,387.43,27
522071,145.75,16
522072,215.22,15
522073,137.82,10
522074,206.94,30
522075,646.66,21
522076,177.85,34
522077,204.79,64
522078,167.76,23
522079,321.37,37
522080,374.84999999999997,12
522081,222.51,5
522082,601.32,57
522083,203.8,14
522084,320.75,19
522085,218.10999999999999,8
522086,644.15,37
522087,773.91,27
522088,563.9,5
522089,380.42,73
522090,248.79000000000002,59
522091,221.5,14
522092,323.05,63
522093,464.21,68
522094,0.95,1
522095,496.14,16
522096,239.5,15
522097,214.62,24
522098,1387.5,76
522100,375.5,15
522101,183.70000000000002,9
522102,482.44,62
522103,214.39,19
522104,153.93,10
522105,345.90999999999997,20
522106,505.91,36
522107,196.47,24
522108,110.69999999999999,2
522109,990.2,58
522110,239.85,12
522111,349.28,20
522112,160.4,34
522113,204.34,14
522114,24.099999999999998,4
522115,275.69,26
522116,250.19,33
522117,175.92000000000002,56
522118,349.96000000000004,10
522119,450.0,1
522120,360.0,1
522121,588.28,36
522122,415.40000000000003,20
522123,39.0,2
522124,3845.04,5
522125,208.75,13
522126,29.45,2
522127,397.92,3
522128,14.98,1
522129,254.99999999999997,1
522130,97.11,5
522131,487.5,4
522132,4847.5199999999995,10
522133,765.0,1
522134,85.0,1
522135,431.3,7
522137,464.45000000000005,17
522139,1398.0,1
522145,676.8000000000001,13
522148,344.85,22
522150,50.5,3
522152,476.84,22
522156,133.54,5
522160,116.76,2
522166,1159.08,52
522170,416.05,22
522172,345.84000000000003,21
522206,32.24,9
522207,17.0,1
522213,334.34,22
522237,194.64000000000001,3
522248,164.35000000000002,15
522250,993.49,47
522253,569.89,36
522259,157.38,10
522271,183.8,23
522272,98.7,6
522273,501.48,115
522274,748.8000000000001,10
522275,136.0,2
522276,23.04,2
522277,161.2,10
522278,587.1800000000001,14
522281,434.09,108
522282,385.90000000000003,12
522283,163.06,9
522284,245.19,59
522285,80.75,5
522286,281.25,38
522288,124.5,7
522289,1633.1200000000001,45
522291,343.25,22
522292,68.88,14
522293,301.76,14
522298,1181.89,61
522299,357.29,30
522301,484.81,21
522302,148.1,11
522309,634.28,38
522323,359.19,48
522325,157.96,8
522327,691.46,145
522328,596.63,31
522330,141.75,17
522331,245.51999999999998,20
522332,315.75,21
522333,417.2,10
522334,303.24,6
522335,523.8399999999999,17
522336,105.6,5
522337,1244.7,49
522338,415.85,26
522339,672.85,16
522340,163.2,1
522341,72.85,4
522359,371.34000000000003,5
522384,561.4,25
522385,119.32000000000001,13
522410,858.0,37
522413,197.22,13
522414,534.65,18
522415,857.8,12
522416,306.0,1
522417,103.06,9
522418,196.33,11
522419,205.29999999999998,36
522421,177.41,13
522422,385.2,7
522423,402.90000000000003,21
522424,765.29,29
522425,18.0,1
522426,150.32,18
522427,180.36,6
522428,164.59,24
522429,1236.03,30
522430,210.96,12
522431,293.94,17
522432,269.92,55
522433,90.9,15
522434,195.6,7
522435,144.48,29
522436,39.0,2
522437,221.26,64
522439,328.37,18
522440,9.9,1
522442,483.15,6
522443,282.85,67
522444,263.87,24
522445,328.93,15
522446,124.75,5
522447,78.15,3
522449,143.10000000000002,6
522450,45.8,2
522451,306.76,15
522452,307.25,17
522453,15.299999999999999,1
522454,447.75,18
522455,316.42,18
522456,71.4,1
522457,682.78,41
522458,257.21,52
522459,8.850000000000001,2
522460,656.4,6
522461,428.65999999999997,58
522462,410.06,42
522463,21.95,13
522465,164.4,11
522466,388.0,24
522467,497.34000000000003,24
522468,309.91,19
522469,130.68,7
522470,318.15,7
522471,185.39999999999998,11
522472,16.650000000000002,1
522474,40.8,1
522476,426.53000000000003,27
522477,303.78000000000003,7
522478,122.39999999999999,1
522497,18.0,1
522501,827.88,39
522502,712.64,45
522511,167.14999999999998,4
522513,5099.44,26
522514,15.0,1
522515,192.05,11
522526,379.95,19
522542,176.76,44
522553,1809.35,69
522570,168.69000000000003,10
522579,145.06,22
522582,4422.25,41
522583,119.15,13
522584,178.95,10
522585,389.19,8
522586,118.95,13
522588,136.69,14
522589,177.29000000000002,8
522590,166.07999999999998,3
522591,1017.47,89
522592,315.06,16
522594,266.02,70
522595,214.5,6
522596,292.15999999999997,10
522597,150.4,9
522598,283.65,18
522599,128.8,7
522600,974.4,1
522601,319.5,8
522602,203.4,2
522603,55.980000000000004,17
522604,571.12,20
522605,22.799999999999997,1
522606,1260.51,15
522608,74.79,5
522610,306.65000000000003,15
522611,358.67,16
522612,305.65000000000003,19
522614,530.31,75
522615,157.8,7
522617,61.44,1
522618,153.12,11
522619,356.29,32
522621,258.41,18
522622,1197.6399999999999,104
522623,522.86,32
522624,1866.98,25
522625,168.65,14
522626,2576.88,27
522627,211.73,16
522628,60.48,1
522629,282.37,38
522630,554.12,7
522631,1014.1800000000001,16
522635,55.68,4
522636,625.6800000000001,4
522637,60.0,1
522638,309.0,8
522639,30.0,1
522640,437.4,13
522641,594.07,38
522642,299.6,12
522644,217.7,18
522650,572.77,40
522651,973.69,53
522662,1282.8,5
522663,267.95,4
522699,121.65,6
522703,968.25,47
522708,202.69,45
522710,40.32,2
522711,181.3,60
522712,75.0,4
522719,192.07,8
522720,848.79,35
522723,632.22,109
522725,495.45,13
522733,354.4,8
522738,5.0,1
522739,353.77,88
522740,160.53,35
522742,137.12,11
522744,101.59,26
522748,123.19,34
522750,678.8,29
522751,88.5,1
522760,295.83,58
522761,375.1,11
522763,17.700000000000003,1
522766,381.88100000000003,16
522767,18.6,1
522768,303.22,36
522769,230.02,42
522770,177.8,4
522773,1259.48,75
522789,323.09000000000003,20
522792,3485.31,116
522794,186.60000000000002,10
522797,113.53999999999999,13
522799,364.51000000000005,26
522801,56.72,7
522802,140.19,51
522803,284.05,17
522805,382.2,7
522806,32.800000000000004,7
522807,432.65000000000003,9
522808,641.2,32
522809,417.58,11
522810,734.5,15
522811,160.2,6
522812,346.78,36
522813,339.82,20
522814,981.0,56
522815,114.15,11
522816,893.0,28
522817,403.36,46
522819,224.98,28
522820,407.6,19
522821,388.3,22
522822,455.45000000000005,6
522823,213.0,13
522824,797.14,17
522825,1620.66,36
522826,617.98,31
522828,13.05,2
522833,20.4,1
522835,302.33,17
522839,212.25,12
522847,304.31,13
522855,17.4,1
522863,829.2,3
522879,160.5,5
522885,773.6899999999999,26
522891,157.2,11
522894,31.92,2
522901,474.42,20
522902,468.5,26
522903,196.24,33
522904,158.92,26
522906,164.45,15
522907,308.19,28
522908,190.62,20
522909,387.6,18
522910,243.41,61
522911,525.18,24
522912,263.42,47
522913,383.66,52
522914,1478.53,84
522917,964.21,55
522918,397.82,21
522929,574.5,26
522930,394.91,36
522931,229.2,3
522932,26.400000000000002,1
522934,1512.0,1
522936,306.0,1
522939,121.85,6
522940,730.8,2
522941,356.7,10
522942,69.0,3
522943,980.25,43
522944,319.19,32
522948,185.70000000000002,24
522949,287.8,16
522950,308.56,26
522952,296.28,48
522953,2060.2599999999998,22
522954,428.45,10
522955,123.9,7
522956,270.14,15
522957,405.68,11
522958,298.15,90
522959,117.36,17
522960,169.62,11
522961,106.45,6
522962,161.0,9
522963,822.9300000000001,44
522964,332.20000000000005,10
522965,578.52,17
522966,555.49,99
522967,522.72,64
522968,442.13,101
522969,179.16,25
522970,112.08,16
522971,113.58,35
522972,412.08,6
522973,311.25,21
522974,511.84,43
522975,206.84,40
522976,251.39999999999998,12
522977,133.55,43
522978,630.47,68
522979,147.11,12
522981,1201.32,16
522982,704.63,99
522983,253.69,41
522984,192.57,24
522985,287.7,20
522986,684.35,33
522987,1671.18,145
522988,807.02,38
522989,182.55,47
522990,319.62,13
522991,444.97,25
522992,47.400000000000006,2
522993,417.6,5
522994,388.5,3
522995,334.71,66
522996,40.8,1
522997,184.5,40
522999,381.15,84
523000,309.3,21
523001,328.08,5
523002,582.47,65
523003,557.48,36
523004,422.56,61
523005,387.25,38
523006,161.49,22
523007,208.75,36
523008,363.9,15
523009,872.48,6
523010,3000.7200000000003,24
523011,3013.02,29
523012,265.44,20
523013,488.32,31
523015,502.45,30
523016,309.75,12
523017,1047.6100000000001,36
523018,126.0,1
523019,233.54999999999998,38
523020,135.18,5
523021,571.58,24
523022,180.82999999999998,11
523023,1331.18,56
523033,1119.6599999999999,12
523059,664.82,33
523062,887.8,44
523065,238.2,28
523082,570.14,17
523097,239.55,30
523106,330.0,2
523108,12.75,1
523114,122.39999999999999,1
523115,658.83,20
523116,278.7,31
523117,533.0500000000001,18
523118,592.87,62
523120,508.91999999999996,18
523121,99.72,5
523122,308.7,18
523123,368.8,6
523124,1439.04,4
523125,375.81,27
523126,206.24,10
523127,136.4,15
523128,476.76,8
523129,304.53000000000003,88
523130,139.24,14
523131,312.42,11
523132,257.69,43
523133,129.0,3
523134,537.64,7
523135,1377.12,10
523136,61.2,1
523137,156.19,22
523141,515.0,4
523144,581.59,27
523145,137.4,4
523146,483.14,18
523149,240.64,60
523152,172.5,3
523155,111.63,12
523156,595.06,26
523157,381.40000000000003,10
523161,1559.33,77
523162,120.05,6
523163,284.8,17
523164,362.28,14
523165,412.68,41
523166,3707.4,1
523167,78.60000000000001,4
523168,108.60000000000001,3
523170,392.68,4
523172,122.10000000000001,7
523176,229.46,1
523179,775.2,14
523180,106.72,7
523182,68.44,1
523186,222.0,2
523188,759.58,28
523192,220.1,40
523194,1013.58,34
523195,1676.3600000000001,24
523196,165.65,9
523197,274.8,3
523198,581.45,33
523199,485.44,13
523200,3231.27,50
523201,266.64,13
523202,407.88,12
523203,388.68,22
523204,81.0,5
523205,670.78,14
523206,349.5,3
523207,396.46,17
523208,1602.72,3
523211,456.64,33
523213,672.59,33
523215,188.18,22
523229,377.15999999999997,3
523277,312.08000000000004,21
523282,331.13,35
523283,294.54,13
523285,881.6,1
523286,235.77,45
523289,862.0,19
523290,30.599999999999998,2
523291,452.38,61
523297,885.0,3
523298,390.21,25
523300,114.97,26
523301,174.25,7
523302,759.17,42
523304,138.35,22
523305,268.27,62
523306,25.200000000000003,1
523307,1001.47,42
523308,1234.02,40
523309,19.5,1
523310,132.36,4
523312,113.67,40
523313,1735.4099999999999,57
523314,121.53,26
523315,1980.0,9
523316,300.45000000000005,15
523319,232.83,43
523320,479.23,57
523321,547.94,25
523322,388.05,19
523323,135.6,5
523324,462.04,28
523326,817.1,17
523327,192.02,13
523328,591.42,19
523329,139.2,1
523330,107.0,2
523331,247.60000000000002,6
523332,6572.43,76
523333,211.35,8
523334,466.33000000000004,28
523335,342.94,10
523336,19.5,1
523337,114.33,24
523338,2487.2,12
523339,299.98,8
523340,504.51,29
523341,162.09,10
523342,619.6800000000001,5
523344,866.56,116
523345,364.40999999999997,18
523347,195.90000000000003,6
523348,585.9,26
523349,57.96,3
523350,330.92,19
523351,415.25,25
523353,27.54,3
523354,856.01,52
523355,37.04,15
523356,1251.2,13
523357,414.6,25
523358,18.84,2
523359,885.0,1
523360,691.0600000000001,24
523361,729.64,48
523362,550.2,26
523363,27.54,3
523364,427.56,25
523365,17.4,2
523366,90.0,4
523367,643.46,7
523369,696.26,11
523370,283.0,6
523371,585.9,26
523372,37.68,2
523373,110.55000000000001,2
523374,323.57,23
523375,18.84,2
523376,395.40000000000003,24
523377,27.54,3
523391,942.0,4
523409,25.8,5
523410,442.56,26
523411,318.01,23
523412,55.08,3
523413,37.68,2
523414,24.75,1
523415,17.4,1
523416,312.93,19
523417,69.15,4
523418,244.99,20
523419,8.7,1
523420,496.74,25
523421,34.8,2
523422,343.51,25
523423,36.239999999999995,3
523424,458.82,11
523425,344.32,19
523426,112.80000000000001,3
523428,295.0,1
523429,295.0,1
523430,295.0,1
523431,231.07999999999998,24
523432,251.93,25
523448,1011.86,39
523456,26.55,4
523461,565.5600000000001,26
523462,37.68,2
523465,378.90000000000003,24
523468,538.6800000000001,25
523469,17.4,2
523470,55.08,3
523471,255.65,24
523493,217.32,44
523494,250.94,23
523510,185.72,55
523511,538.6800000000001,25
523512,55.08,3
523513,397.26,21
523514,57.96,3
523515,396.05,31
523516,1089.6,42
523524,395.69,39
523535,118.35,19
523536,643.86,15
523537,647.1800000000001,37
523538,1109.92,44
523539,554.62,39
523540,414.6,25
523541,901.42,17
523542,311.72,18
523550,207.24,13
523551,780.06,8
523554,373.86,8
523555,90.6,2
523563,537.36,20
523564,125.09,27
523565,202.5,1
523566,100.80000000000001,1
523567,63.0,1
523568,75.60000000000001,1
523569,151.20000000000002,1
523570,239.28,38
523572,420.97,13
523573,269.73,15
523576,2803.2,1
523577,75.0,1
523579,484.07,53
523580,1088.6399999999999,1
523581,1101.6,2
523582,1576.8,1
523583,594.6999999999999,36
523585,308.7,16
523586,339.48,9
523587,263.79,18
523588,373.62,18
523589,143.05,5
523590,208.37,12
523591,1130.98,60
523592,1027.04,13
523593,15.299999999999999,1
523594,10.0,1
523595,304.64,10
523611,133.08,11
523612,1192.92,52
523613,405.08000000000004,13
523614,352.8,11
523615,1182.8600000000001,40
523623,320.7,17
523624,146.68,17
523626,916.84,46
523633,272.65,13
523634,220.46,11
523635,53.6,5
523636,492.25,14
523637,167.84,24
523638,668.51,60
523639,107.10000000000001,2
523640,181.03,15
523641,348.56,12
523644,254.95,42
523645,341.24,59
523646,164.49,27
523647,487.5,54
523648,401.20000000000005,24
523649,722.5600000000001,38
523650,167.13,39
523651,163.2,1
523652,889.44,32
523653,183.78000000000003,8
523654,408.36,12
523655,2268.64,62
523656,684.15,47
523658,712.12,40
523659,484.27,118
523660,837.43,43
523661,876.01,50
523662,113.47,11
523663,15.9,1
523664,232.35999999999999,46
523684,183.71,11
523688,100.2,5
523690,250.8,4
523695,30.0,1
523709,2095.5,46
523710,667.65,39
523711,183.6,10
523713,2344.7,33
523718,510.3,26
523720,199.60999999999999,30
523721,45.0,1
523722,151.69,21
523726,2.95,1
523727,316.39,9
523728,1071.66,10
523729,690.0,10
523730,619.0,29
523731,308.84000000000003,18
523732,324.9,17
523733,108.15,6
523744,210.5,27
523745,123.3,11
523748,632.31,24
523749,212.1,13
523750,306.08,16
523751,238.0,11
523752,26.0,7
523753,197.74,14
523754,5.9,1
523755,164.32,23
523756,180.36,14
523757,10.2,2
523758,168.15,2
523760,209.9,8
523761,405.04,12
523762,156.8,8
523763,389.81,25
523764,505.0,24
523766,1397.08,42
523767,402.8,12
523768,2573.64,46
523769,506.6,31
523770,560.2,6
523771,15.0,1
523773,156.97,47
523774,174.0,2
523775,113.95000000000002,3
523776,15.6,1
523786,571.1999999999999,1
523792,226.51,85
523805,61.349999999999994,12
523821,410.8,16
523835,708.28,29
523836,205.67,34
523837,428.79,29
523838,540.5,32
523839,340.20000000000005,7
523840,45.0,1
523841,439.83,29
523845,301.79999999999995,4
523855,473.14,51
523864,668.64,90
523865,605.68,38
523866,233.85,16
523867,786.88,113
523868,794.59,42
523870,188.9,3
523871,201.1,9
523872,84.15,1
523874,263.4,7
523875,157.75,15
523877,98.88,1
523878,71.61,1
523879,108.35,6
523887,1016.05,30
523888,30.599999999999998,1
523889,770.34,31
523890,312.22,35
523892,363.3,3
523893,837.26,34
523902,319.92,2
523908,117.58,14
523909,417.14,18
523921,14662.58,85
523922,972.11,56
523923,319.85,17
523924,1541.7,21
523929,8880.42,30
523931,114.95,12
523932,363.38,7
523933,124.6,5
523934,190.5,4
523935,160.71,3
523936,119.34,4
523937,313.35,16
523938,342.29999999999995,5
523939,51.0,1
523940,96.0,5
523941,198.95,13
523942,268.23,18
523943,140.05,13
523944,141.41,15
523945,236.26,16
523946,989.63,31
523947,343.35,31
523948,10.100000000000001,2
523949,611.67,39
523950,195.67,21
523951,335.22,47
523953,310.32,25
523954,414.51,16
523955,714.4000000000001,15
523956,354.12,14
523957,45.5,3
523958,416.08,11
523959,157.47,26
523960,603.46,125
523961,295.73,16
523962,302.46,20
523963,201.95,6
523964,717.3,32
523965,659.68,9
523966,237.85000000000002,11
523967,415.04,23
523969,222.25,15
523970,119.25,24
523971,561.4,97
523972,29.4,6
523973,422.45,20
523976,427.03999999999996,6
523977,451.55,22
523979,232.50000000000003,1
523981,10.14,1
523982,388.26,6
523984,238.79999999999998,1
523985,75.60000000000001,1
523986,388.2,2
523989,2154.15,109
523990,231.25,23
523993,544.33,61
523994,851.65,139
523995,121.94999999999999,9
523996,944.04,21
523997,156.0,2
523998,221.37,8
523999,110.03999999999999,9
524000,204.89,47
524001,445.55,22
524002,350.85,22
524003,249.62,39
524004,513.4,66
524007,324.55,17
524008,348.77000000000004,20
524009,232.18,9
524010,678.6,9
524011,660.0,4
524012,866.96,21
524013,408.0,1
524014,678.27,42
524015,180.0,1
524016,275.40000000000003,3
524017,335.7,19
524018,831.44,41
524019,375.5,20
524020,43.45,3
524021,323.06,24
524022,749.65,40
524023,536.28,17
524024,361.75,18
524025,1179.6399999999999,8
524026,487.0,3
524027,282.24,1
524028,340.15,28
524038,757.3100000000001,44
524077,607.19,20
524079,668.3,14
524091,495.98,23
524092,992.73,29
524093,355.45,25
524094,995.5,18
524095,232.50000000000003,1
524096,934.8,6
524097,868.5,4
524098,2190.94,71
524099,1248.15,102
524100,263.96999999999997,37
524101,6.85,2
524102,765.58,66
524103,59.4,2
524104,44.099999999999994,2
524105,224.21,60
524106,562.5,1
524107,317.11,13
524108,1295.25,26
524109,758.9,22
524110,131.4,9
524111,532.48,12
524112,1297.97,89
524113,366.89,19
524115,692.7,8
524116,100.05000000000001,12
524117,316.62,18
524118,1464.6,39
524119,162.72,1
524120,36.239999999999995,3
524121,396.05,17
524125,2245.93,110
524128,357.6,16
524134,415.94,19
524139,1687.17,51
524140,222.16,20
524141,280.05,30
524142,307.9,15
524143,292.15,18
524144,380.4,4
524145,329.6,10
524146,243.57,12
524147,3787.88,22
524148,84.72,37
524149,15.0,1
524150,515.6999999999999,3
524152,360.45,15
524155,3787.88,22
524156,445.05,1
524159,10468.8,1
524160,185.18,29
524162,2769.9,1
524163,128.04,26
524164,581.28,17
524167,359.71,1
524171,208.63,1
524172,266.1,11
524174,11880.84,45
524175,1343.44,1
524176,159.54,1
524179,429.75,27
524180,118.85999999999999,6
524181,33167.8,14
524182,6069.6,6
524183,99.5,1
524184,605.79,69
524185,3138.04,95
524186,360.45,15
524187,344.7,3
524188,105.0,4
524189,12.7,1
524190,212.17,13
524191,302.88,21
524201,422.76,18
524202,322.01,13
524203,881.1,21
524204,34.0,2
524205,900.08,25
524206,190.05,11
524207,482.15,26
524208,210.9,9
524210,352.2,20
524211,406.61,11
524212,1064.7,27
524213,144.60000000000002,9
524214,418.62,80
524215,1051.11,35
524218,602.38,41
524224,194.5,10
524258,406.8,22
524262,15.9,1
524263,360.45,15
524266,159.0,4
524267,805.68,43
524268,311.43,27
524269,342.36,19
524270,717.57,53
524271,280.6,16
524272,65.85,4
524273,288.55,10
524274,7.6499999999999995,1
524280,106.53,7
524281,35.400000000000006,2
524284,471.31,28
524285,373.08000000000004,19
524286,309.89,40
524287,23.85,3
524288,603.9799999999999,2
524289,555.85,18
524290,458.25,53
524291,465.65,17
524292,215.55,14
524293,69.69999999999999,3
524294,313.7,18
524295,83.85000000000001,5
524296,308.4,13
524298,567.6,20
524299,1532.1,77
524300,547.06,35
524301,100.5,2
524302,620.8100000000001,36
524303,232.85,10
524304,101.25,4
524305,388.12,43
524306,230.17000000000002,15
524307,1238.81,74
524308,629.36,18
524310,408.32,25
524311,424.72,60
524312,332.4,3
524313,50.400000000000006,4
524314,33.099999999999994,5
524316,372.65,3
524317,1085.72,11
524318,328.44,14
524319,358.02000000000004,22
524320,283.97,33
524321,50.4,1
524322,142.76,27
524323,739.13,35
524324,399.79,26
524326,326.75,16
524329,330.88,14
524330,521.1,26
524332,346.45,23
524334,164.45000000000002,9
524335,280.44,4
524336,23.4,1
524337,460.17,68
524338,200.88,10
524339,17.700000000000003,1
524340,148.08,8
524341,52.199999999999996,4
524345,359.27,20
524346,17.3,5
524348,493.28000000000003,21
524349,2.1,1
524351,441.23,62
524353,2.1,1
524354,501.28000000000003,16
524355,299.4,16
524358,136.65,7
524363,282.96,15
524365,29.1,2
524369,336.2,12
524370,269.75,10
524375,68.0,1
524377,12.600000000000001,1
524379,319.75,20
524380,132.24,26
524384,6.72,1
524387,673.51,28
524388,955.51,46
524389,305.81,15
524402,178.60000000000002,3
524405,426.59000000000003,27
524406,377.0,6
524407,374.40000000000003,26
524408,115.60000000000001,2
524409,633.3199999999999,44
524411,512.02,8
524412,362.9,5
524413,312.93,19
524415,250.95,13
524416,310.3,8
524417,19.799999999999997,1
524418,324.45,20
524419,711.18,15
524420,665.33,31
524421,542.73,31
524422,193.85,12
524423,512.58,31
524437,5134.26,53
524438,147.75,11
524441,368.56,6
524446,1681.74,135
524482,613.2,7
524483,398.96,13
524484,1078.57,59
524485,391.95,25
524486,367.15,13
524487,105.68,20
524488,20.16,1
524489,937.54,25
524490,306.73,45
524491,323.0,18
524493,104.51,12
524502,175.2,1
524503,538.8,4
524504,211.79999999999998,9
524505,155.0,8
524506,300.24,18
524507,201.0,12
524508,343.44,40
524509,179.05,14
524511,13.68,1
524512,402.48,5
524513,288.69,52
524516,39.0,1
524517,704.85,10
524518,174.0,5
524519,264.0,9
524520,70.2,5
524521,672.0600000000001,10
524522,483.15,25
524523,345.9,21
524524,955.9,51
524525,255.81,44
524526,824.86,39
524529,155.09,10
524530,318.45,17
524532,306.0,1
524533,309.0,9
524534,486.23,39
524536,72.0,1
524537,142.11,38
524538,326.35,12
524539,483.15,1
524540,375.76,28
524543,15.299999999999999,1
524544,338.97,20
524545,164.57,14
524546,106.05,12
524548,567.0,30
524549,165.0,1
524552,305.38,18
524553,317.58,18
524554,216.74999999999997,1
524556,105.0,7
524559,111.1,13
524561,17.700000000000003,1
524562,122.7,8
524563,398.6,16
524564,262.4,19
524565,149.75,7
524566,243.68,15
524567,110.65,4
524568,286.87,12
524569,251.7,9
524571,80.4,2
524573,328.4,6
524574,111.9,15
524577,406.69,25
524594,237.85,1
524595,205.41000000000003,13
524596,469.05,22
524600,125.6,11
524601,162.0,11
524602,1107.6,22
524603,205.20000000000002,4
524606,323.0,14
524607,107.22,6
524608,45.15,2
524609,459.15000000000003,14
524610,753.4399999999999,36
524611,614.3000000000001,19
524612,432.15,12
524613,807.15,42
524614,50.4,1
524616,34.0,1
524617,296.6,15
524618,956.6,36
524619,201.70999999999998,13
524620,193.25,12
524621,1916.8799999999999,16
524622,5.1,1
524624,1256.26,34
524626,59.4,1
524627,304.56,11
524628,171.48,42
524640,142.78,22
524662,69.6,1
524690,289.2,16
524691,1233.44,65
524692,362.39,20
524693,37.5,4
524694,549.38,34
524700,301.98,73
524701,302.90000000000003,20
524702,381.6,1
524703,199.0,1
524704,11.9,1
524708,315.42,25
524710,432.0,1
524712,396.0,1
524715,390.86,22
524716,426.0,20
524717,391.2,5
524718,358.35,8
524719,15.0,1
524720,684.82,20
524721,256.5,3
524722,398.87,15
524723,975.5,54
524724,579.85,34
524726,1554.17,88
524727,261.55,15
524728,912.9000000000001,8
524729,1149.6,4
524730,809.44,74
524741,455.3,47
524746,293.22999999999996,13
524747,1194.66,75
524750,427.88,24
524751,175.93,14
524761,406.7,33
524773,160.9,12
524799,30.0,1
524827,266.59000000000003,12
524828,1099.5,58
524829,398.4,25
524830,354.03000000000003,6
524832,919.7,47
524833,1233.61,65
524834,610.6,39
524835,125.04,7
524837,3196.48,33
524838,156.1,18
524840,103.4,7
524841,632.68,22
524842,322.95,22
524843,340.84000000000003,19
524850,183.12,8
524851,224.85,9
524852,123.20000000000002,3
524854,100.75,16
524855,282.89,35
524856,243.12,37
524857,159.85,23
524858,232.93,45
524859,109.02,8
524861,48.150000000000006,2
524862,202.06,11
524863,195.60000000000002,9
524864,1616.44,68
524865,34.8,1
524866,300.7,4
524868,492.45,26
524869,141.3,6
524870,468.58000000000004,22
524871,285.8,19
524872,151.2,3
524873,239.1,13
524874,5715.8,12
524875,162.6,11
524876,409.82,16
524877,527.58,35
524878,534.76,28
524879,727.35,41
524890,228.5,13
524891,17.700000000000003,1
524909,5326.68,29
524920,153.85000000000002,8
524929,165.0,1
524931,255.0,1
524932,646.3199999999999,34
524933,219.0,1
524934,245.1,15
524936,180.38,12
524937,868.33,56
524939,248.25,58
524942,572.69,27
524944,401.5,111
524945,262.67,60
524951,388.9,21
524953,834.4399999999999,40
524955,237.96,16
524957,821.84,48
524961,122.95,32
524963,376.11,20
524964,232.56,13
524965,213.49,73
524966,358.2,18
524967,543.3,14
524968,50.400000000000006,4
524969,2971.06,18
524970,301.44,2
524971,612.0,1
524972,917.16,57
524973,372.8,22
524974,228.6,7
524975,152.49,9
524976,532.4300000000001,34
524977,7.2,2
524978,97.05000000000001,3
524982,368.11,116
524983,251.1,14
524985,107.0,11
524987,381.39,12
524988,34.8,2
524989,443.09,17
524990,107.80000000000001,2
524991,66.0,3
524992,297.53,15
524994,123.6,2
525000,523.3,7
525001,62.4,3
525002,189.0,9
525003,484.59000000000003,22
525004,240.68,14
525006,161.4,6
525007,164.0,19
525008,2443.98,14
525009,238.75,44
525010,628.1,48
525011,2736.16,43
525012,751.95,46
525013,1280.16,58
525014,515.0500000000001,26
525015,83.19,19
525016,176.94,26
525017,1914.8,115
525018,482.21999999999997,15
525019,601.03,23
525020,1018.36,81
525021,586.23,50
525022,655.85,7
525023,167.92,11
525024,365.0,23
525025,357.44,75
525029,64.1,20
525030,679.79,42
525031,74.63,33
525032,116.32,35
525033,41.95,12
525035,1.65,1
525036,492.1,22
525037,4623.34,112
525038,88.6,2
525040,438.46,22
525041,266.4,14
525042,509.04,32
525045,507.76,24
525048,114.55000000000001,7
525049,239.01000000000002,7
525051,196.20000000000002,6
525052,157.4,3
525053,47.2,3
525054,349.74,92
525055,290.42,31
525056,304.18,17
525057,558.72,29
525058,7.95,1
525059,1581.52,48
525060,265.99,49
525061,171.15,10
525063,258.65,10
525064,521.5,26
525065,247.19,47
525066,789.23,15
525067,105.56,25
525068,665.63,59
525070,236.9,58
525071,614.06,26
525072,74.07000000000001,18
525073,373.86,16
525074,715.1,16
525075,720.06,132
525077,592.03,29
525079,17.700000000000003,1
525080,549.98,31
525081,880.7,30
525082,252.15,51
525083,537.35,51
525084,299.94,16
525085,7.9,1
525086,176.1,14
525087,281.76,13
525088,610.25,59
525089,119.47,12
525090,306.16,15
525091,265.33,17
525092,422.4,26
525093,260.45,17
525094,81.19999999999999,3
525095,1408.52,52
525097,1281.82,31
525100,510.20000000000005,20
525102,1285.58,33
525103,79.9,2
525104,350.35,24
525105,424.26,25
525106,308.16,6
525107,1220.16,12
525108,628.31,35
525109,327.45,26
525110,256.25,13
525112,837.78,49
525113,2366.12,26
525114,461.68,28
525129,410.52,35
525141,300.67,18
525145,1146.24,1
525158,310.87,22
525164,536.36,28
525165,211.4,21
525167,1037.28,49
525169,373.68,8
525170,535.8,12
525171,200.89000000000001,46
525172,355.42,22
525173,540.0,1
525194,278.25,14
525200,446.19,47
525202,321.12,15
525204,471.34,23
525205,185.04,14
525213,588.65,25
525214,257.33,19
525215,517.32,28
525216,334.72,46
525218,310.19,21
525219,226.04000000000002,16
525220,391.41,25
525223,159.58,31
525224,451.4,12
525225,445.09000000000003,49
525226,158.42000000000002,15
525227,304.87,18
525228,432.77,30
525230,166.1,13
525231,550.67,30
525232,579.75,17
525233,24.4,3
525234,288.2,20
525237,555.1600000000001,15
525239,540.76,35
525248,304.27,22
525249,557.46,26
525251,478.33000000000004,6
525252,419.61,19
525253,539.8,5
525254,307.95,17
525255,165.0,1
525256,262.48,15
525257,571.13,36
525258,466.02,26
525259,89.65,3
525260,448.1,23
525261,442.32,15
525262,214.72,6
525263,309.82,9
525264,40.8,1
525265,412.2,4
525277,373.65,32
525278,590.22,5
525279,109.80000000000001,2
525280,110.32000000000001,5
525281,271.65000000000003,7
525282,37.800000000000004,1
525283,176.5,8
525284,1553.4,7
525285,254.39999999999998,3
525286,4377.5199999999995,10
525287,176.4,6
525288,435.9,10
525289,145.2,10
525290,215.75,14
525291,445.46,21
525294,211.18,11
525295,273.96000000000004,16
525296,301.24,18
525297,523.24,18
525298,253.55,10
525299,942.0,41
525300,647.1,23
525301,314.4,20
525302,447.91999999999996,13
525303,635.75,27
525304,440.76,6
525305,119.85,5
525306,531.6,5
525307,910.98,16
525308,572.45,33
525309,467.37,17
525310,229.75,13
525311,308.45000000000005,12
525312,294.65,14
525314,287.97,16
525315,268.1,15
525316,265.84,16
525317,1710.82,40
525329,157.74,17
525335,2816.48,101
525355,856.06,69
525360,606.19,43
525362,16.35,1
525366,392.63,65
525391,590.0500000000001,20
525401,790.79,28
525402,14.98,1
525404,16.35,1
525406,301.99,10
525407,426.94,32
525408,315.9,13
525410,297.84999999999997,50
525411,188.9,10
525412,305.65,18
525413,250.85,17
525416,397.44,7
525417,35.0,1
525418,38.160000000000004,1
525420,510.49,20
525421,845.0,11
525422,331.73,52
525423,10.5,1
525424,304.7,8
525425,314.67,21
525426,360.0,1
525428,410.58000000000004,29
525429,217.6,28
525430,254.13,25
525431,528.96,57
525433,134.70000000000002,7
525434,193.0,14
525435,42.35,2
525436,380.15,17
525437,236.47,43
525438,2486.34,16
525439,946.32,14
525440,677.0,4
525441,598.5,12
525442,267.1,12
525443,304.25,47
525444,333.24,18
525446,413.36,7
525447,328.77,31
525448,1136.97,173
525449,211.31,59
525452,465.6,30
525453,358.8,20
525455,642.54,21
525456,593.52,36
525457,20.0,1
525459,377.71,38
525466,126.0,7
525467,122.59,11
525468,53.65,4
525469,99.5,1
525472,500.40999999999997,42
525474,383.48,19
525477,344.90000000000003,20
525479,315.84000000000003,5
525482,1399.36,18
525483,691.52,27
525484,383.65,23
525485,228.0,17
525493,238.05,22
525494,594.83,24
525495,434.9,27
525496,273.48,10
525497,312.68,21
525498,2545.85,1
525500,179.95,10
525504,393.15,8
525520,398.96,18
525523,318.05,22
525524,856.84,109
525526,332.71,12
525527,16.35,1
525528,287.68,15
525543,8.850000000000001,2
525564,1106.7,78
525565,188.09,13
525566,30.0,2
525568,208.2,7
525569,543.91,23
525570,172.22,29
525571,1299.85,68
525572,539.1,11
525573,373.8,3
525575,294.79999999999995,2
525576,523.48,20
525577,1173.78,39
525578,65.3,5
525579,463.86,27
525581,247.35,17
525583,1035.1,12
525584,165.60000000000002,10
525585,1824.0,6
525596,377.4,17
525618,121.69,11
525639,1610.76,13
525644,255.20000000000002,4
525676,134.3,7
525694,529.0,39
525696,117.35,10
525697,61.28,5
525698,1962.8,92
525700,669.28,64
525701,454.7,28
525702,805.2,3
525703,38.9,3
525704,129.95,24
525705,463.49,28
525706,399.68,39
525707,132.2,20
525708,1627.2,1
525709,303.11,61
525710,375.88,19
525711,545.62,40
525713,144.82999999999998,11
525714,1018.5,6
525715,400.0,21
525716,1121.28,61
525717,467.33,30
525719,559.2,1
525720,360.64,22
525721,15.0,1
525723,616.5,6
525725,15.8,1
525726,81.36,1
525727,379.72,44
525728,1669.78,38
525729,489.59999999999997,2
525730,457.79999999999995,9
525731,141.70000000000002,12
525732,708.11,37
525733,147.65,18
525736,93.6,3
525738,210.19,25
525739,515.15,22
525740,357.8,6
525741,107.46000000000001,3
525742,310.75,9
525743,217.03,12
525744,432.3,9
525745,210.7,10
525746,19.799999999999997,1
525747,508.94,31
525748,336.37,17
525749,335.39,10
525750,856.64,51
525751,354.3,5
525754,376.56000000000006,4
525756,23.700000000000003,1
525757,190.29999999999998,12
525760,2990.44,24
525761,929.4,31
525762,186.15,9
525763,105.6,1
525764,3084.02,190
525765,354.6,17
525772,209.05,43
525773,17.0,2
525787,699.0,5
525800,173.55,32
525801,68.03,27
525803,477.08,33
525823,351.3,23
525824,90.0,1
525825,425.64,50
525826,662.4,23
525827,501.2,18
525828,93.55,7
525829,285.78000000000003,4
525830,95.88000000000001,3
525831,17.0,1
525832,458.45,15
525833,19.5,1
525834,75.0,2
525835,183.85000000000002,10
525836,545.4000000000001,12
525837,382.68,64
525838,42.2,2
525839,448.8,18
525840,833.53,41
525841,17.7,2
525854,392.7,51
525855,318.6,11
525856,238.5,64
525857,253.25,58
525858,126.58,24
525860,832.3000000000001,33
525861,407.95,1
525862,149.6,24
525863,1256.1599999999999,14
525864,63.75,1
525866,58.29,11
525867,151.4,27
525868,40.56,1
525869,205.3,21
525870,655.59,40
525871,435.95,63
525872,303.8,16
525873,394.37,25
525874,251.25,15
525875,245.62,36
525877,1070.0,4
525878,2027.7,16
525879,1233.15,62
525883,773.01,50
525884,180.02,12
525885,70.29,21
525886,166.23,35
525887,1.95,1
525888,521.47,70
525889,114.5,6
525890,369.0,22
525891,394.20000000000005,7
525892,344.62,98
525895,301.03,6
525898,160.39,46
525899,219.14000000000001,33
525900,472.67999999999995,25
525902,195.99,10
525903,344.1,18
525905,311.99,1
525906,1177.5,16
525909,311.99,1
525912,177.60000000000002,1
525913,939.1800000000001,35
525919,427.4,42
525920,312.0,17
525921,462.73,41
525926,239.9,14
525928,1724.54,232
525931,15.9,1
525934,176.05,21
525941,249.45999999999998,18
525942,276.5,14
525943,1115.8700000000001,42
525944,524.15,45
525945,51.0,1
525947,557.63,11
525948,145.44,7
525949,491.78,23
525950,426.3,16
525951,227.37,38
525952,872.58,96
525953,131.55,20
525959,562.48,75
525960,120.3,23
525963,307.34,22
525964,1367.1,24
525965,311.78000000000003,20
525966,992.67,52
525967,498.05,24
525968,6082.08,2
525970,4045.0,28
525974,592.04,44
525975,268.47,13
525976,303.48,9
525977,1650.0,3
525978,543.6,3
525979,475.0,3
525980,233.38,25
525981,984.1500000000001,30
525995,352.9,104
526002,449.48,26
526028,526.54,140
526039,564.0,7
526042,212.11,27
526056,184.9,11
526084,5245.18,5
526085,1012.15,38
526086,591.6,13
526087,503.65,21
526089,3767.62,240
526090,154.03,8
526091,759.34,45
526092,126.75,3
526093,282.95,14
526094,777.96,6
526096,488.1,26
526097,479.4,4
526107,463.19999999999993,6
526108,377.15,61
526112,62.4,1
526113,300.16999999999996,9
526114,513.66,8
526115,44.400000000000006,2
526118,113.63,10
526120,1781.7,26
526121,365.14,25
526122,423.51,47
526123,1213.6799999999998,11
526124,180.0,1
526125,489.69,27
526127,150.0,1
526128,205.14000000000001,15
526134,307.76,8
526138,313.9,15
526139,319.1,16
526140,634.35,30
526141,428.76,7
526142,15.0,1
526145,597.4,17
526150,295.68,7
526152,195.15,2
526153,515.5,28
526154,282.0,4
526155,4486.11,20
526158,2.55,1
526160,474.9,8
526161,653.22,17
526162,437.4,12
526163,114.2,27
526166,407.0,29
526167,557.84,32
526168,876.41,47
526169,835.86,22
526170,556.53,33
526171,524.48,30
526172,378.90000000000003,20
526174,551.33,31
526175,105.54,23
526176,194.1,41
526177,356.37,39
526178,215.86,16
526179,263.62,49
526180,1067.12,17
526181,497.64,58
526183,483.12,29
526184,284.61,13
526185,295.05,14
526186,357.19,12
526187,151.9,17
526188,231.04000000000002,13
526189,204.34,42
526190,394.56,17
526191,327.0,2
526192,175.87,38
526193,302.0,16
526194,948.93,26
526195,425.46000000000004,15
526196,49.88,5
526197,121.07,16
526199,5.8,2
526200,247.86,17
526201,252.9,15
526202,532.91,22
526204,875.59,79
526205,183.5,7
526206,142.0,3
526207,521.57,91
526208,245.83,58
526209,91.67999999999999,4
526210,161.49,27
526211,227.98000000000002,18
526212,81.22,5
526213,230.0,6
526214,1198.82,60
526215,669.9300000000001,80
526216,571.36,33
526217,680.4300000000001,91
526218,40.45,3
526219,17.700000000000003,1
526220,134.95,32
526221,3.3,1
526222,683.79,26
526223,83.85,17
526224,105.97,24
526225,161.65,31
526226,819.0,19
526227,19.8,1
526228,227.97,19
526229,114.3,8
526230,808.46,51
526231,372.4,14
526232,30.0,1
526233,8.5,1
526234,135.73,24
526235,220.44,14
526236,141.03,49
526237,318.6,1
526238,433.11,23
526239,3648.6,10
526240,495.2,21
526241,90.19999999999999,4
526242,787.79,55
526243,97.05,6
526244,80.16,2
526245,910.44,37
526246,337.90999999999997,25
526247,319.2,15
526248,757.05,19
526263,318.40999999999997,17
526264,178.32,5
526265,612.4300000000001,26
526267,4215.74,52
526268,179.33,48
526269,589.24,29
526271,782.6,19
526272,577.7,28
526273,461.91,85
526276,1385.7,60
526286,146.82,27
526288,358.6,17
526298,264.36,34
526317,83.4,1
526322,433.6,11
526335,340.55,16
526349,553.85,35
526355,451.58,18
526375,206.72000000000003,16
526382,253.20000000000002,4
526383,656.16,41
526384,125.27,4
526385,810.0,1
526387,391.59000000000003,83
526388,279.59,84
526389,298.05,17
526391,344.48,42
526392,689.46,18
526393,544.8000000000001,13
526394,1044.38,63
526395,261.32,5
526396,117.32,17
526397,58.129999999999995,25
526399,188.6,15
526400,379.78,10
526401,494.85,26
526402,165.46,19
526404,988.36,33
526406,144.12,6
526407,783.9,40
526408,25.200000000000003,1
526409,137.1,19
526410,464.06,18
526411,1136.7,75
526412,298.05,46
526413,390.0,1
526414,45.0,3
526416,141.2,32
526417,588.08,34
526418,303.37,59
526419,570.0,8
526420,325.56,20
526421,42.3,2
526422,60.17,23
526423,219.75,2
526424,451.02,30
526425,279.83,7
526426,949.24,48
526427,332.65,10
526429,193.05,8
526430,413.5,26
526432,294.36,11
526455,569.63,17
526458,141.12,12
526459,300.9,12
526460,19.8,1
526462,745.0,57
526465,312.64,18
526471,17.55,2
526472,203.64000000000001,3
526473,178.25,13
526480,192.41,21
526483,267.99,39
526484,293.5,20
526485,393.59999999999997,22
526486,583.65,10
526487,817.3,4
526488,124.95,7
526489,386.53000000000003,22
526490,580.44,15
526491,261.35,16
526492,259.43,17
526493,47.4,3
526494,424.63,23
526495,194.5,11
526496,495.0,1
526497,1390.54,19
526498,641.76,11
526499,369.78000000000003,5
526500,327.78,16
526501,17.700000000000003,1
526502,101.03999999999999,2
526503,353.09000000000003,18
526504,535.33,33
526505,361.44,4
526506,462.7,22
526507,268.05,20
526508,312.92,21
526509,100.2,4
526510,725.02,36
526512,270.8,14
526513,598.57,48
526514,276.1,5
526515,201.60000000000002,1
526553,370.90000000000003,7
526564,737.82,65
526575,1282.75,34
526585,5698.8,12
526599,302.13,4
526606,70.80000000000001,1
526607,306.55,20
526610,100.4,6
526611,30.599999999999998,1
526612,201.86,12
526613,474.03,19
526614,137.19,7
526615,6.25,2
526621,1057.68,1
526625,426.38,29
526626,127.02000000000001,10
526627,357.15,19
526628,559.72,11
526629,113.02,17
526631,405.8,14
526632,4.95,1
526633,4.95,1
526634,4.95,1
526635,4.95,1
526636,4.95,1
526637,403.43,27
526639,1722.45,48
526640,153.9,9
526641,123.66,8
526642,741.88,21
526644,193.85999999999999,3
526645,284.01,57
526646,537.99,25
526647,716.59,88
526649,489.84,19
526650,305.5,17
526651,304.3,22
526652,322.93,16
526654,157.29,42
526655,136.8,7
526656,135.7,9
526657,351.01,24
526658,129.0,4
526659,281.15000000000003,53
526660,413.73,26
526661,24.05,6
526662,353.56,12
526663,465.42,22
526664,618.12,17
526665,1530.6200000000001,84
526666,79.6,1
526668,132.8,9
526669,654.57,67
526672,327.29999999999995,3
526679,250.2,51
526707,396.17,17
526708,75.41,26
526709,279.8,8
526710,1116.26,37
526712,1396.34,89
526713,1160.0,1
526715,704.36,20
526716,149.71,21
526717,501.92,30
526718,284.32,5
526719,1262.48,71
526720,259.72,22
526722,319.2,6
526723,159.4,12
526724,174.14,28
526725,102.69999999999999,4
526733,574.64,28
526741,420.84,10
526745,1316.2,26
526746,539.65,22
526747,397.2,21
526748,167.45,9
526749,435.6,28
526751,142.8,4
526752,150.65,8
526753,354.15000000000003,14
526754,204.29,44
526755,128.1,7
526756,1132.53,47
526757,990.18,20
526758,168.17,26
526759,579.39,33
526760,631.9300000000001,28
526761,11184.3,78
526762,153.0,1
526763,188.4,10
526764,341.99,30
526768,462.52,25
526802,131.25,8
526804,266.96000000000004,3
526806,2485.48,16
526807,285.6,1
526808,379.2,3
526812,165.0,1
526838,714.15,26
526841,608.13,22
526842,167.14,13
526845,5557.78,58
526846,390.2,19
526847,263.98,23
526848,104.55,15
526849,50.550000000000004,3
526850,63.66,6
526852,83.7,4
526853,1340.42,51
526854,311.54,31
526857,659.48,39
526859,522.69,32
526861,120.34,24
526862,462.95000000000005,14
526863,290.93,25
526864,340.5,13
526865,201.76,62
526866,247.6,35
526867,179.06,47
526868,182.44,35
526869,484.1,25
526870,520.89,50
526871,803.12,63
526872,114.76,6
526873,395.62,18
526874,91.2,4
526887,104.8,19
526888,157.41,21
526889,331.0,19
526890,1287.0,15
526891,561.49,54
526892,620.5699999999999,37
526893,400.5,23
526894,1057.8,16
526897,913.5,42
526899,340.9,12
526900,1685.21,37
526901,104.15,27
526902,177.60000000000002,1
526903,114.39,30
526904,274.23,17
526905,340.33,13
526906,62.56,28
526907,571.02,13
526908,302.04,4
526909,448.17,57
526910,407.78999999999996,25
526911,690.78,30
526913,849.9,9
526914,684.19,84
526915,281.76,24
526919,306.24,5
526924,110.97,24
526927,238.98000000000002,5
526928,816.8399999999999,5
526930,1128.06,15
526933,634.2,7
526934,26007.08,15
526935,824.7,12
526936,1024.32,11
526937,401.85,24
526938,1783.68,17
526940,135.6,20
526941,657.75,13
526942,305.7,12
526943,102.0,1
526944,372.98,22
526945,2832.48,3
526946,423.17,23
526965,504.49,29
526992,204.42,8
527017,394.33,24
527018,202.48,13
527021,1115.33,29
527022,412.08,7
527023,555.49,29
527026,369.76,19
527027,226.35000000000002,31
527030,320.05,19
527040,612.8100000000001,23
527041,1533.8899999999999,25
527042,1334.48,48
527043,349.4,60
527044,421.61,21
527045,654.8,31
527046,19.3,3
527047,128.6,10
527048,77.05000000000001,5
527049,235.5,22
527050,376.92,26
527051,512.88,29
527052,634.22,21
527053,220.38,47
527054,268.25,60
527055,364.24,24
527057,300.0,1
527058,200.0,1
527059,29.75,1
527060,339.95,19
527061,142.24,39
527062,327.68,19
527063,164.4,27
527064,912.1,31
527065,157.85999999999999,32
527067,45.0,1
527068,1041.21,74
527069,634.24,5
527070,192.45,15
527071,330.3,14
527072,288.15,16
527073,1070.21,26
527074,5.9,1
527076,307.75,16
527077,907.1999999999999,11
527078,101.31,4
527084,169.20000000000002,4
527085,465.35,67
527086,264.93,16
527087,316.61,25
527088,17.700000000000003,1
527089,19.799999999999997,1
527091,146.75,8
527092,479.32,17
527093,318.65,76
527094,174.54,27
527095,175.6,34
527096,791.22,5
527097,317.1,7
527098,19.799999999999997,1
527099,535.6,14
527101,1325.0,4
527102,416.68,21
527103,158.75,15
527104,1476.85,71
527105,126.35,17
527107,391.72,31
527110,622.25,37
527111,60.900000000000006,4
527113,4733.52,8
527114,662.91,28
527115,816.97,45
527116,543.0,11
527117,16.5,1
527118,151.8,6
527119,102.0,1
527120,75.0,1
527121,256.21,12
527123,973.68,46
527124,12695.14,89
527125,117.0,6
527126,603.6,7
527127,98.4,8
527128,289.6,15
527129,727.83,44
527130,636.36,40
527131,105.6,1
527132,530.5,21
527133,920.76,7
527138,223.45,9
527139,806.46,41
527140,337.7,7
527141,73.65,3
527142,140.60000000000002,5
527143,206.07999999999998,15
527144,478.1,11
527145,5231.0599999999995,65
527146,111.12,4
527147,67.5,4
527148,141.3,4
527149,601.29,34
527156,160.65,8
527164,149.3,12
527192,539.71,46
527194,493.5,16
527196,23.25,1
527197,348.0,3
527201,280.71,16
527204,1311.6,25
527234,134.6,7
527236,105.0,1
527243,253.55,10
527244,235.95,62
527245,200.52,2
527246,456.35,78
527247,265.26,47
527248,220.32,16
527249,338.48,31
527250,301.58000000000004,20
527251,432.68,26
527252,255.52,12
527254,562.8,6
527255,447.06,20
527256,653.25,36
527257,1108.44,1
527258,2667.88,1
527261,1351.8000000000002,27
527262,287.83,46
527265,281.92,6
527266,268.25,48
527267,140.88,16
527268,153.2,12
527271,2225.17,1
527274,379.8,4
527275,57.599999999999994,1
527277,805.38,44
527278,1125.08,38
527279,819.55,10
527280,313.47,19
527281,310.0,22
527282,129.97,18
527283,321.5,13
527284,43.35,7
527285,138.49,19
527286,292.83,14
527287,90.0,1
527288,340.0,15
527290,306.0,1
527294,59.5,1
527296,427.45,18
527297,1004.82,44
527298,83.4,1
527299,303.85,10
527300,334.44,2
527301,144.29,29
527302,143.8,8
527303,44.550000000000004,1
527304,124.45,35
527306,719.65,55
527309,35.9,5
527316,480.48,22
527318,143.12,12
527320,520.0,30
527323,86.25,6
527328,316.37,63
527331,380.15,25
527335,217.43,12
527336,156.1,11
527338,532.5,19
527344,311.41,37
527345,23.75,5
527347,19.8,1
527348,329.12,16
527349,734.8199999999999,35
527350,250.98,16
527354,1356.0,1
527355,567.67,29
527356,257.0,20
527358,388.5,81
527359,241.46,41
527360,749.66,16
527361,660.4,26
527362,364.02,20
527363,138.75,23
527364,312.88,7
527365,123.95,10
527366,431.53,91
527367,199.75,8
527369,317.85,18
527370,453.33,88
527371,532.5,45
527372,190.57,27
527373,123.02000000000001,20
527374,134.6,14
527375,702.59,87
527376,153.33,55
527377,264.45,16
527378,206.7,10
527379,551.35,48
527380,268.64,76
527381,591.85,26
527382,362.4,26
527383,306.2,21
527384,586.03,99
527385,215.2,62
527386,417.38,22
527387,230.3,34
527388,193.13,24
527390,271.27,25
527391,275.34000000000003,12
527392,639.26,136
527394,280.88,16
527395,45.0,1
527396,223.8,10
527397,214.5,43
527398,266.23,49
527399,634.2,39
527400,1561.26,44
527401,435.47,40
527402,189.95,24
527403,540.15,57
527404,693.88,66
527406,12.5,1
527407,230.49,60
527408,411.0,7
527409,117.4,32
527411,142.95,7
527412,590.4,33
527413,846.89,33
527414,467.95,55
527415,111.27,13
527416,2392.46,33
527417,403.85,27
527418,2518.0,50
527419,31.39,6
527420,965.86,156
527421,133.08,9
527423,965.85,46
527424,288.62,58
527426,296.1,23
527427,257.19,72
527428,1337.63,177
527429,8.850000000000001,1
527431,27.0,1
527433,23.8,1
527434,196.6,3
527435,367.32,5
527436,1795.91,90
527437,302.6,2
527438,128.4,2
527439,432.55,11
527440,295.85,17
527441,58.5,1
527442,407.2,12
527443,587.66,30
527445,312.75,17
527446,283.45,17
527447,224.85,14
527448,239.35999999999999,5
527449,400.2,3
527450,141.67000000000002,11
527451,199.35,11
527452,276.59000000000003,18
527453,579.9,16
527454,1689.12,5
527455,240.0,6
527456,308.65,16
527457,131.1,12
527458,226.89999999999998,17
527459,457.7,25
527461,892.5200000000001,8
527462,234.85000000000002,14
527463,349.48,22
527467,188.42,25
527468,164.42000000000002,24
527470,5.95,1
527471,276.16,27
527472,283.20000000000005,1
527473,281.07,44
527474,409.55,48
527475,382.4,7
527478,570.4,5
527479,81.8,6
527483,266.79,34
527486,309.05,19
527488,455.09,50
527490,139.31,9
527491,100.79,12
527492,286.4,70
527493,255.0,16
527494,992.4499999999999,55
527495,299.1,40
527496,638.11,41
527498,301.45,50
527499,399.55,22
527502,1735.92,7
527503,495.74,5
527504,400.70000000000005,25
527505,648.64,84
527507,310.89,46
527508,319.05,13
527509,110.77,9
527510,432.15999999999997,5
527511,389.71999999999997,15
527512,703.85,66
527513,318.47,32
527514,414.6,35
527536,451.45,38
527548,306.0,2
527561,194.84,45
527568,545.22,17
527571,110.1,3
527595,390.85,12
527602,316.79999999999995,1
527614,264.8,16
527654,305.45,16
527655,189.44,73
527656,302.68,14
527657,335.54,20
527658,199.08,11
527664,310.3,21
527675,158.4,5
527688,1320.0,4
527691,162.60000000000002,5
527696,206.5,13
527699,48.0,3
527712,21.0,1
527713,681.5,18
527717,105.0,2
527718,125.7,3
527719,262.6,41
527721,236.11,20
527724,195.62,13
527732,441.25,9
527740,205.25,10
527746,47.6,1
527749,118.15,5
527751,130.89000000000001,16
527753,579.39,80
527754,898.87,110
527759,1201.1000000000001,93
527760,220.0,1
527763,523.89,22
527764,404.7,9
527765,124.65,6
527766,96.45,5
527767,362.15,20
527768,205.20000000000002,4
527769,216.64000000000001,12
527770,313.64,18
527772,167.8,7
527773,721.5600000000001,9
527774,410.15999999999997,24
527775,89.03999999999999,2
527776,1269.74,51
527777,175.5,4
527783,198.0,1
527796,4098.96,8
527819,370.33,31
527827,226.83,15
527841,144.9,25
527853,160.25,8
527870,14583.78,39
527879,130.64,28
527880,517.3,38
527881,133.88,10
527882,149.5,9
527883,220.91,19
527884,427.90999999999997,18
527885,223.0,13
527886,429.32000000000005,19
527887,427.7,26
527888,351.35,18
527889,780.25,42
527890,1273.21,116
527891,593.44,63
527892,221.65,26
527894,112.80000000000001,4
527895,6.6,2
527896,16.9,2
527908,885.9300000000001,99
527910,924.8000000000001,27
527911,317.25,32
527912,283.44,39
527913,561.5,17
527917,15.299999999999999,1
527918,145.38,19
527921,208.16,7
527922,578.05,38
527924,111.14999999999999,19
527925,536.77,46
527926,273.85,7
527928,983.8,55
527929,20.4,1
527933,651.4,40
527935,196.55,25
527937,679.1500000000001,28
527938,294.15,14
527939,423.42,10
527940,425.7,23
527941,221.65,8
527942,683.08,50
527943,191.48,9
527944,528.5600000000001,35
527945,380.88,15
527946,98.25,3
527948,111.60000000000001,1
527949,176.85999999999999,9
527950,1044.66,159
527954,465.23,65
527956,340.32,10
527957,2269.86,42
527958,268.35,22
527959,256.83,13
527960,192.15,11
527961,313.92,16
527962,8.48,1
527963,97.24,18
527964,497.10999999999996,27
527965,1405.06,61
527966,11.9,1
527968,306.74,6
527969,462.9,20
527970,331.14,22
527971,2120.09,88
527972,692.3,45
527974,180.6,4
527975,518.1,28
527976,121.20000000000002,3
527977,81.47000000000001,5
527978,202.57999999999998,9
527979,323.70000000000005,14
527992,165.72,11
528037,153.85,11
528040,367.0,16
528051,295.0,1
528052,304.3,8
528053,751.3,33
528054,96.44,17
528055,815.88,2
528056,117.19999999999999,4
528057,231.85,12
528058,248.65,13
528060,231.57,61
528061,468.58000000000004,27
528069,570.3,7
528070,1543.2,5
528071,159.12,4
528072,369.4,6
528073,539.59,26
528074,241.78,13
528076,380.68,12
528077,481.83,31
528078,64.2,2
528079,236.4,49
528080,79.19999999999999,1
528081,210.29000000000002,29
528082,549.16,100
528083,117.59,27
528084,198.84,65
528085,1058.16,5
528086,518.9200000000001,16
528087,503.73,114
528088,326.06,36
528089,296.7,70
528090,71.22,5
528091,365.04,15
528092,57.13,21
528094,230.49,18
528095,201.53,49
528097,214.54,38
528098,315.29,20
528101,146.5,8
528102,614.78,48
528104,549.6,31
528105,680.8100000000001,13
528106,130.32999999999998,24
528108,6.95,1
528109,72.6,3
528110,370.91,17
528111,315.90999999999997,18
528112,310.79999999999995,3
528113,389.12,20
528114,267.32,17
528115,2.95,1
528117,213.76,16
528118,2180.0,1
528119,1128.0,1
528120,361.5,2
528121,285.24,6
528122,409.18,9
528123,332.4,5
528124,225.8,12
528125,442.05,72
528126,340.98,74
528129,623.89,40
528130,423.0,27
528131,241.12,20
528133,12.6,1
528134,169.0,11
528135,445.43,14
528136,100.56,7
528137,1291.68,15
528138,360.0,1
528139,340.43,69
528140,178.3,19
528141,1775.39,24
528142,917.75,25
528146,877.7,14
528147,630.77,41
528150,374.7,14
528151,45.400000000000006,2
528152,143.94,9
528153,319.5,3
528154,639.3,6
528156,183.32,47
528157,231.50000000000003,9
528158,1736.13,24
528159,2255.96,97
528160,358.95,11
528161,350.01,12
528162,482.58000000000004,13
528164,35.400000000000006,1
528165,118.45,5
528166,627.0500000000001,31
528167,399.7,15
528168,10.0,1
528169,278.76,13
528170,123.2,5
528172,33.9,2
528175,278.0,15
528176,610.01,34
528177,278.57,14
528178,323.7,4
528179,421.87,31
528180,575.9,25
528181,181.12,11
528184,297.62,19
528235,306.75,11
528239,423.40999999999997,17
528255,114.48,16
528257,118.35,5
528263,185.79,45
528276,1509.8,59
528304,935.01,62
528305,317.79,18
528306,316.75,19
528308,106.18,10
528310,1155.6,9
528311,295.20000000000005,2
528313,609.0,31
528314,23.25,1
528316,20.85,1
528318,385.39,35
528319,177.69,7
528320,521.76,13
528321,153.98,31
528322,351.6,2
528323,120.0,1
528324,130.45,6
528325,683.16,29
528326,172.38,52
528327,178.5,9
528328,489.59999999999997,1
528329,365.91,72
528330,320.87,17
528333,257.25,9
528334,27.0,2
528335,205.25,11
528336,696.19,111
528337,545.87,32
528338,368.75,5
528340,410.91,41
528341,40.68,1
528342,309.09000000000003,14
528349,408.18,25
528350,17.4,1
528351,466.98,28
528352,515.78,26
528353,940.04,12
528354,269.7,16
528356,269.63,41
528357,310.74,18
528359,152.73,11
528361,35.6,2
528362,222.66000000000003,8
528363,1379.25,32
528364,25.5,1
528366,300.2,14
528367,119.81,16
528368,162.53,23
528369,282.6,6
528372,112.76,17
528374,226.70000000000002,37
528375,1377.0,3
528376,214.8,3
528377,648.26,121
528383,334.89,71
528384,127.47,28
528385,106.5,34
528386,488.6,20
528387,17.700000000000003,1
528388,1377.0,3
528390,436.4,6
528391,12.600000000000001,1
528394,163.2,20
528395,178.78,14
528396,110.44999999999999,7
528397,142.16000000000003,8
528399,430.72,21
528400,60.3,4
528405,809.7900000000001,49
528407,386.7,21
528408,409.5,15
528414,176.2,12
528417,740.05,26
528419,914.7,41
528420,780.25,1
528422,167.60999999999999,10
528423,765.0,4
528424,366.4,17
528429,60.0,2
528431,385.55,6
528432,14.850000000000001,1
528434,272.05,22
528435,473.31,28
528436,234.0,3
528438,322.91,20
528440,132.0,17
528443,456.8,17
528444,31.85,2
528445,190.03,32
528447,57.2,3
528448,303.24,13
528450,328.85,18
528452,179.4,11
528470,349.57,72
528471,174.1,10
528472,493.20000000000005,12
528473,262.4,5
528474,1033.6,4
528475,176.69,9
528477,341.0,104
528478,816.8,9
528493,45.0,1
528494,19.799999999999997,1
528504,238.97,55
528505,751.5400000000001,13
528507,235.25,28
528511,199.85,5
528532,3.5999999999999996,1
528534,210.40000000000003,6
528571,1087.76,26
528574,526.96,15
528575,263.8,11
528576,183.35,9
528579,2764.0,3
528580,764.04,30
528581,1391.51,75
528582,131.35,8
528583,148.68,17
528584,215.9,22
528585,192.57,25
528586,453.01,55
528588,375.43,30
528592,1311.2,7
528595,1368.48,58
528596,325.68,5
528597,163.02,12
528598,272.08,17
528599,203.4,4
528600,398.52,24
528601,392.05,13
528605,639.74,29
528607,45.0,1
528608,396.6,24
528609,801.66,48
528610,500.35,22
528612,190.58,14
528614,48.2,5
528615,488.09,99
528616,1023.5,17
528617,429.68,7
528618,390.85,65
528619,328.35,19
528620,529.78,36
528621,586.58,32
528622,327.72,7
528623,111.8,22
528624,119.28,20
528625,120.75,27
528627,547.28,42
528628,115.58,42
528629,1872.44,84
528630,352.80000000000007,2
528631,442.56,6
528632,122.0,8
528633,180.65,66
528634,239.61,10
528635,299.36,11
528636,264.1,33
528637,354.54,11
528638,199.03,9
528639,33.93,13
528640,883.49,32
528641,224.3,11
528642,279.37,18
528643,552.9,23
528644,196.48,46
528645,370.95000000000005,40
528646,503.4,21
528647,254.44,53
528648,168.07,64
528649,338.45000000000005,15
528657,134.94,28
528659,285.94,20
528667,322.44,37
528673,180.69,34
528676,363.98,18
528683,166.2,4
528693,231.21,49
528694,212.69,44
528705,420.61,113
528706,371.15999999999997,15
528708,203.55,7
528711,194.74,25
528725,290.85,27
528726,62.0,1
528727,913.64,9
528728,120.95,6
528729,151.86,6
528730,421.25,103
528731,316.86,14
528732,184.45000000000002,8
528733,1363.5,46
528734,331.35,15
528735,581.33,105
528736,115.2,6
528737,304.1,16
528738,329.76,4
528739,355.45,23
528740,519.8100000000001,13
528741,510.05,57
528742,410.15,24
528743,145.35,5
528744,199.13,38
528745,234.36,44
528746,267.4,17
528747,301.27,64
528748,262.95,16
528749,17.65,3
528750,146.71,20
528752,617.39,28
528753,512.88,27
528754,289.52,24
528755,108.1,9
528757,677.96,42
528758,226.46,61
528759,373.02,21
528760,303.15000000000003,13
528761,530.47,34
528762,174.57999999999998,22
528763,567.95,36
528764,194.88,53
528765,322.23,39
528766,1108.19,69
528767,423.45,17
528768,94.45,5
528769,1639.9099999999999,30
528770,168.73,11
528771,410.87,25
528772,345.71,23
528775,328.03999999999996,3
528782,475.89,27
528783,416.7,16
528789,390.05,20
528798,211.03,17
528824,585.06,15
528838,315.98,19
528851,239.12,17
528852,885.97,44
528853,681.88,17
528865,186.55,21
528866,449.40000000000003,20
528868,393.69,113
528869,173.14999999999998,13
528870,488.28,28
528871,233.35,15
528872,474.15000000000003,20
528874,297.05,39
528875,203.92,10
528876,1352.96,50
528880,337.93,19
528881,1387.95,11
528882,348.65999999999997,21
528883,242.12,28
528884,90.0,1
528888,570.1800000000001,8
528889,526.25,13
528890,151.93,10
528891,75.60000000000001,1
528892,300.6,18
528893,124.5,20
528895,152.74,11
528896,266.93,16
528897,91.41,8
528898,226.42,11
528901,221.04,24
528906,331.1,17
528908,179.0,3
528909,559.37,24
528910,238.65,14
528912,383.56,131
528913,313.45,47
528915,383.26,71
528916,225.86,58
528917,89.6,24
528918,275.7,28
528919,202.12,55
528920,344.2,17
528921,390.35,28
528922,324.59999999999997,25
528923,182.17,66
528924,100.86,5
528926,423.4,21
528927,39.95,1
528928,5.04,1
528940,143.2,6
528944,457.03000000000003,25
528945,112.5,1
528946,29.25,4
528948,133.18,41
528949,791.18,37
528950,141.85,18
528951,4227.0,54
528954,2900.57,80
528955,93.2,2
528956,585.5799999999999,13
528957,426.26,25
528959,346.9,22
528960,303.15,18
528961,339.35,19
528962,389.12,21
528963,355.14,27
528964,148.1,3
528965,417.24,3
528966,331.47,21
528967,553.66,34
528968,1405.71,37
528969,204.0,1
528970,220.0,1
528971,1199.44,11
528972,504.0,4
528973,148.25,11
528974,533.78,35
528985,731.36,42
528989,584.9,17
528990,335.35,32
528991,214.2,6
529000,389.18,29
529009,251.04,15
529010,391.98,17
529028,339.8,18
529031,359.11,5
529038,25.2,1
529039,552.9,7
529057,365.75,13
529063,205.83,13
529070,141.65,5
529071,303.75,5
529072,431.82,58
529073,25.05,10
529074,242.24,11
529075,51.0,1
529077,506.8,145
529078,331.87,14
529079,225.07,21
529080,879.64,33
529081,338.04,19
529082,360.94,61
529084,841.5,10
529091,1571.74,70
529093,1013.15,45
529094,147.66,9
529095,76.32000000000001,1
529096,360.85,19
529097,226.5,14
529099,340.45,18
529122,449.45000000000005,27
529127,172.12,9
529129,265.55,32
529130,1536.04,39
529131,67.5,1
529132,900.36,35
529136,42.0,1
529137,31.8,2
529138,317.32,15
529139,163.65,8
529140,76.32000000000001,1
529141,500.0,1
529143,204.31,9
529144,138.84,37
529146,888.3599999999999,4
529148,164.25,9
529149,191.8,30
529150,254.7,16
529151,10.9,2
529152,1170.0,3
529153,259.09,16
529154,472.5,7
529156,1145.11,202
529157,518.63,94
529158,0.95,1
529159,111.9,19
529160,106.81,29
529161,834.89,50
529162,708.78,14
529163,63.45,2
529164,67.5,1
529165,324.96000000000004,4
529166,761.7600000000001,4
529167,325.44,2
529168,932.49,33
529169,164.4,10
529173,135.0,2
529175,135.0,2
529178,490.47,31
529179,897.8000000000001,14
529180,405.0,2
529186,470.40000000000003,20
529190,162.15,8
529191,718.34,9
529192,345.1,6
529193,602.37,10
529194,30.24,1
529195,320.82,14
529196,732.94,43
529197,955.2,42
529198,225.3,6
529199,780.0,1
529200,263.88,11
529201,249.24,13
529202,501.00000000000006,5
529203,3083.12,61
529208,344.15,17
529209,218.78,22
529211,67.5,1
529212,323.65000000000003,15
529213,170.4,5
529215,698.15,38
529216,147.15,4
529217,258.6,5
529228,472.85,34
529265,308.9,18
529267,105.80000000000001,7
529270,138.95,13
529279,478.1,17
529286,54.0,1
529295,437.90000000000003,12
529296,1106.64,28
529297,200.26,17
529298,245.17,22
529299,135.0,1
529300,470.1,11
529301,284.1,5
529302,63.6,2
529303,227.49,36
529304,317.76,20
529305,176.7,8
529306,2434.5,22
529307,327.48,14
529308,322.12,52
529309,310.09,21
529310,130.85,15
529311,511.68,23
529313,152.70000000000002,10
529314,410.1,7
529315,2310.24,89
529316,15.0,1
529317,101.76,1
529318,641.38,35
529319,260.7,6
529320,501.52,22
529321,172.64,15
529322,239.99,53
529323,625.46,80
529324,110.55000000000001,20
529326,175.53,47
529327,720.6500000000001,24
529328,191.72,22
529329,475.01,99
529330,245.15,7
529331,337.5,5
529332,566.6,14
529333,397.45,29
529335,149.35,38
529336,238.04999999999998,14
529337,210.18,68
529338,152.15,13
529339,157.33,29
529340,767.4,16
529341,261.45,45
529342,721.06,42
529344,1402.62,55
529345,52.05,4
529346,107.24,8
529347,310.95,17
529348,491.71000000000004,20
529349,755.1,46
529350,6325.08,9
529351,874.36,66
529355,375.3,18
529356,2736.16,1
529357,1155.6,1
529358,734.75,36
529360,94.92,6
529362,125.45,14
529364,305.55,11
529367,31.8,2
529502,219.47,61
529503,316.59,39
529505,371.07,43
529507,448.7,21
529508,106.80000000000001,4
529509,302.68,18
529510,766.25,41
529511,454.1,17
529512,520.95,4
529513,364.4,8
529514,195.0,5
529515,258.15000000000003,11
529516,344.85,16
529517,187.6,11
529518,534.6800000000001,23
529520,332.55,19
529522,115.34,11
529524,121.35000000000001,7
529526,327.6,13
529528,135.0,2
529529,77.7,2
529531,129.15,13
529532,375.34,23
529537,118.2,12
529544,304.5,7
529546,684.92,8
529547,334.7,17
529553,729.38,9
529554,485.86,20
529557,282.93,23
529559,447.59999999999997,5
529567,589.8,14
529569,70.69999999999999,4
529573,1102.64,97
529582,781.5799999999999,47
529585,755.55,31
529586,180.36,39
529587,375.81,43
529588,290.62,22
529589,131.49,29
529590,220.8,21
529591,413.48,10
529592,185.20000000000002,6
529593,312.72,18
529594,278.6,14
529595,390.0,5
529596,272.2,8
529597,2328.58,62
529598,790.41,12
529599,473.0,25
529600,884.35,42
529601,65.45,5
529602,228.85,1
529603,677.8199999999999,16
529604,616.2,25
529605,15.9,1
529607,733.8000000000001,35
529608,871.8000000000001,11
529609,621.0,3
529610,81.15,4
529611,840.41,32
529613,3941.9999999999995,1
529614,1088.6399999999999,1
529615,639.36,1
529616,209.0,17
529617,571.5,2
529618,282.5,13
529619,121.9,2
529620,174.0,3
529621,614.25,56
529622,894.4,37
529623,486.51,34
529624,143.7,2
529625,59.7,4
529626,560.08,34
529627,866.65,30
529628,960.0,1
529629,471.55,23
529630,328.13,20
529646,344.90000000000003,20
529656,75.24,2
529676,422.1,11
529690,325.72,18
529694,309.75,18
529709,1444.58,22
529710,162.0,3
529712,334.62,6
529714,347.77,29
529715,111.0,1
529716,357.1,22
529719,320.0,1
529720,1421.29,76
529721,532.1,15
529723,181.05,14
529728,243.20000000000002,10
529742,383.40000000000003,9
529762,174.0,1
529763,912.63,142
529764,107.75,5
529766,796.39,47
529768,180.08,11
529771,393.95000000000005,16
529774,230.83,10
529785,207.0,1
529787,237.78,50
529788,296.65,13
529789,363.22,72
529791,225.73,11
529793,62.7,2
529796,714.46,34
529797,105.28,16
529798,339.78,13
529799,305.05,18
529801,455.3,16
529802,131.0,2
529803,1192.2,5
529804,331.6,14
529805,109.19,9
529806,401.8,11
529807,415.79,16
529808,168.24,17
529809,104.19999999999999,6
529810,259.81,43
529811,621.35,53
529812,305.25,19
529813,521.05,59
529814,298.85,19
529815,213.98,34
529816,166.1,21
529817,142.91,17
529818,415.11,87
529819,224.6,12
529820,189.6,9
529821,282.23,46
529823,258.73,30
529824,147.35,17
529826,415.93,29
529827,303.2,10
529828,16.45,5
529829,190.5,8
529830,240.3,15
529831,157.15,25
529832,310.56,11
529833,368.5,70
529834,340.29999999999995,8
529835,801.1,32
529836,560.04,8
529837,240.0,57
529838,376.16,23
529839,912.03,41
529840,12.75,1
529841,1029.29,25
529842,287.99,87
529843,439.22,82
529844,472.5,1
529845,388.35,27
529846,380.01,14
529847,783.24,150
529848,596.8,4
529849,147.31,10
529850,541.9,110
529864,119.7,6
529868,125.6,20
529874,190.29999999999998,23
529888,428.71,109
529899,326.44,31
529904,316.56,16
529915,218.35,14
529924,611.53,40
529934,694.18,63
529935,552.91,86
529936,547.98,65
529937,357.1,9
529938,316.97,14
529939,181.35,26
529940,258.2,28
529941,108.92,21
529942,347.22,36
529952,125.0,7
529958,397.15,23
529970,332.04,8
529978,402.81,31
529981,160.14000000000001,46
529982,135.0,2
529983,67.5,1
529984,96.25,5
529985,1237.99,85
529986,372.55,21
529987,124.03,41
529988,462.61,28
529989,91.46,21
529990,1063.48,119
529991,424.28,75
529994,1178.47,124
529995,347.2,14
529997,71.55000000000001,5
530007,328.9,19
530008,92.03,1
530010,320.4,3
530011,539.2,7
530012,516.28,22
530013,208.1,8
530014,495.79,65
530015,1156.95,48
530016,105.1,7
530018,311.0,16
530020,209.54,14
530029,436.98,7
530059,182.55,22
530061,1102.42,60
530062,791.0400000000001,5
530064,763.55,28
530066,175.9,22
530067,279.32,63
530068,143.85,27
530070,136.01,32
530071,519.91,43
530072,344.05,14
530073,176.09,36
530078,231.23,12
530079,131.3,4
530080,307.56,16
530081,309.75,7
530082,17.85,1
530083,531.44,32
530084,423.22,18
530085,376.94,106
530086,518.4,1
530087,2311.01,111
530088,152.04,8
530089,231.47,44
530090,74.85000000000001,4
530091,137.5,8
530092,224.1,11
530093,17.700000000000003,1
530094,212.8,22
530103,131.74,21
530115,213.14,53
530120,188.7,10
530122,452.0,22
530123,603.75,33
530124,531.58,88
530130,322.24,20
530137,289.67,18
530139,1870.1100000000001,84
530161,253.49,21
530162,417.5,9
530163,584.76,12
530164,449.16,7
530165,589.55,27
530166,314.3,19
530167,143.6,9
530168,380.21,16
530171,244.68,10
530173,3.4,1
530178,732.6,1
530180,288.1,6
530184,258.35,33
530206,141.60000000000002,1
530223,715.24,11
530234,123.6,6
530259,1553.77,56
530263,326.6,40
530264,542.4499999999999,34
530265,216.0,1
530266,109.0,4
530268,314.74,12
530269,400.3,24
530271,89.5,1
530272,870.3,23
530273,72.80000000000001,4
530274,444.27,8
530280,288.69,36
530281,82.05,13
530288,799.42,111
530295,343.54,16
530296,721.28,45
530297,254.75,44
530298,137.15,20
530299,755.8199999999999,103
530300,313.40000000000003,7
530301,536.46,9
530302,280.2,20
530303,1065.9,44
530304,155.4,19
530306,521.0,14
530307,252.68,25
530308,424.71,23
530310,241.35,13
530311,384.54,69
530312,275.66,32
530323,247.78,24
530325,2860.44,15
530329,1061.3300000000002,56
530330,357.78,6
530331,179.95,10
530333,407.79999999999995,16
530334,481.25,24
530335,452.8,71
530338,374.09999999999997,3
530339,569.69,29
530340,592.8,17
530342,259.6,31
530344,168.45,9
530346,2613.94,78
530350,617.3,94
530367,499.55,16
530371,430.38,39
530372,508.39,54
530377,187.10000000000002,12
530379,179.95000000000002,11
530380,35.400000000000006,2
530381,462.95,18
530382,149.32,5
530383,193.26,9
530384,249.45000000000002,12
530390,269.11,14
530391,4862.16,54
530392,377.2,8
530393,616.25,29
530394,660.2,30
530395,734.72,28
530396,738.0,10
530397,8.5,1
530409,380.45,13
530410,383.32,16
530411,300.85,6
530412,81.6,1
530413,384.64,2
530414,340.8,3
530416,352.4,22
530417,208.79999999999998,6
530418,262.4,12
530419,321.6,13
530420,1000.65,48
530421,199.05,12
530423,495.95,24
530424,202.79999999999998,4
530425,270.0,4
530426,1055.53,56
530427,159.13,39
530430,369.6,7
530431,152.3,9
530432,761.3000000000001,33
530433,619.5,32
530434,3153.8,33
530435,305.78,6
530436,593.42,38
530437,429.21,146
530464,130.95,16
530470,81.48,2
530484,290.6,14
530487,424.20000000000005,20
530488,297.6,8
530504,249.54,6
530508,310.25,16
530509,474.03,25
530510,569.81,33
530511,102.0,1
530512,104.65,5
530513,1970.4,14
530514,8661.8,37
530515,866.3800000000001,6
530517,100.99000000000001,6
530518,60.48,1
530520,240.5,15
530529,158.05,13
530536,178.2,11
530537,15.9,1
530538,132.48000000000002,25
530540,340.05,20
530541,118.5,7
530542,92.25,6
530543,232.21,32
530544,1250.4,23
530545,147.6,9
530546,90.0,3
530548,299.53,20
530550,196.1,29
530552,187.85,11
530553,574.25,2
530556,59.400000000000006,1
530557,237.3,12
530559,225.44,17
530560,204.62,4
530561,261.3,22
530562,599.17,88
530563,171.63,12
530564,220.38,14
530565,181.54000000000002,12
530567,198.29,36
530568,316.95,44
530569,253.68,2
530570,110.51,21
530571,693.78,96
530572,447.55,29
530574,61.9,4
530575,307.85,30
530576,1220.16,12
530577,618.5999999999999,4
530584,306.0,7
530585,137.7,9
530586,414.7,17
530587,228.8,9
530588,1993.34,38
530589,319.19,53
530590,997.61,21
530608,114.05000000000001,7
530610,258.99,15
530611,247.56,8
530612,420.83,44
530613,292.5,16
530615,200.73,39
530616,90.60000000000001,6
530631,285.33,27
530640,249.0,5
530641,61.199999999999996,1
530642,648.0,1
530646,640.26,11
530647,640.26,11
530648,3621.66,39
530649,282.1,13
530650,475.95,11
530651,289.15,10
530655,377.46,26
530656,179.1,18
530657,469.55,72
530658,92.6,6
530659,304.18,16
530660,280.5,5
530661,761.0600000000001,13
530662,454.81,23
530663,272.1,17
530665,434.0,15
530666,17.700000000000003,1
530669,10.0,1
530708,2389.62,28
530709,246.01999999999998,31
530714,7325.679999999999,5
530715,17022.239999999998,2
530716,177.76,21
530717,644.4,5
530718,882.96,1
530719,116.42,5
530720,283.8,2
530721,305.28000000000003,2
530731,311.78000000000003,18
530733,403.98,17
530742,359.84000000000003,25
530750,463.90000000000003,82
530753,2395.73,100
530763,1174.55,69
530778,127.85,6
530780,226.20000000000002,8
530785,829.18,57
530788,76.5,1
530792,1525.39,41
530793,422.48,88
530795,102.36000000000001,5
530796,508.95,145
530797,223.98,9
530799,3993.6400000000003,26
530800,110.5,8
530801,189.7,23
530802,188.94,30
530803,119.84,23
530804,136.2,4
530808,270.14,12
530809,342.69,82
530810,627.51,75
530811,416.45,115
530812,200.4,26
530813,507.6,2
530814,612.0,1
530818,543.06,102
530826,115.67,15
530828,530.08,32
530829,548.5,36
530830,387.47,52
530833,115.8,6
530834,2074.42,28
530835,100.80000000000001,2
530836,240.6,13
530837,125.76,42
530838,359.63,31
530840,1321.42,32
530841,335.82,16
530843,1068.93,35
530844,147.55,7
530845,366.4,10
530846,1277.49,87
530847,195.53,18
530848,204.0,1
530849,48.85000000000001,4
530854,16.5,1
530855,61.72,4
530859,103.74000000000001,3
530875,14.850000000000001,1
530885,328.07,24
530894,69.6,1
530902,296.5,23
530903,326.35,13
530904,653.37,9
530905,455.1,18
530906,473.38,45
530908,594.0,2
530909,79.5,5
530911,85.0,5
530912,1016.45,63
530913,170.21,28
530914,32.7,2
530915,314.59,41
530916,372.6,45
530917,640.95,43
530921,486.40000000000003,21
530922,676.06,9
530923,331.55,15
530924,111.0,4
530925,391.24,25
530926,313.2,5
530927,330.02,55
530928,242.32,29
530932,1352.94,6
530936,560.87,27
530937,490.34999999999997,8
530938,347.40000000000003,16
530939,25.200000000000003,1
530940,32.1,2
530941,165.45000000000002,10
530947,891.46,45
530950,157.5,5
530951,607.43,46
530952,368.8,8
530953,326.31,43
530955,341.85,17
530956,141.0,2
530957,1395.06,42
530958,254.79000000000002,21
530959,462.02000000000004,15
530960,198.65,21
530961,200.0,4
530962,211.95000000000002,29
530963,500.0,1
530964,356.0,38
530965,457.0,29
530966,2292.18,78
530967,329.34000000000003,12
530969,909.58,39
530970,2570.77,71
530972,442.73,26
530973,470.46,14
530974,317.8,12
530975,436.6,13
530976,388.1,13
530977,31.6,1
530978,154.3,8
530980,1836.1,31
530981,1805.0,2
530982,136.0,2
530998,697.47,73
530999,191.0,9
531000,188.85,17
531002,100.85,13
531003,195.35,40
531004,311.28,13
531006,361.35,17
531010,1345.8600000000001,26
531014,258.51,19
531016,143.07,22
531027,281.55,18
531028,260.14,9
531043,282.5,54
531055,282.96,17
531064,644.9300000000001,38
531069,2496.96,2
531080,43.75,4
531112,374.98,18
531113,342.95,4
531114,1028.58,24
531115,152.73,30
531119,103.0,18
531121,40.0,1
531122,202.2,6
531123,1376.1,24
531124,175.3,7
531125,174.5,11
531126,180.3,8
531128,17.700000000000003,1
531129,299.5,14
531130,1300.15,79
531131,429.01,24
531132,345.75,15
531135,242.86,24
531138,2147.82,38
531141,57.900000000000006,2
531162,307.95,63
531176,355.0,11
531189,492.38000000000005,18
531190,719.1700000000001,23
531202,1090.98,2
531204,5321.16,28
531205,620.0,21
531206,34.55,11
531207,611.86,25
531210,357.2,73
531214,695.22,4
531221,236.3,13
531227,346.41,33
531229,136.68,15
531235,113.32,7
531236,40.2,3
531237,728.76,16
531239,193.35,10
531240,569.0,48
531241,164.3,13
531243,298.44,24
531244,179.4,13
531245,260.4,55
531246,53.65,9
531247,539.1800000000001,39
531248,517.29,49
531249,124.45,7
531250,192.45000000000002,12
531251,819.75,8
531252,195.36,36
531253,50.4,1
531254,389.74,37
531255,1160.9,17
531256,402.35,33
531257,63.650000000000006,4
531258,218.89,25
531259,372.23,24
531260,470.72999999999996,42
531261,333.6,22
531262,236.2,33
531271,782.3199999999999,38
531279,306.90000000000003,8
531281,179.75,34
531302,205.32,52
531306,332.13,27
531328,504.53999999999996,30
531330,94.01,14
531332,200.4,22
531333,305.29,32
531334,257.73,28
531335,155.04,41
531336,930.7,62
531337,111.6,6
531338,169.38,20
531340,338.21,59
531341,302.65000000000003,12
531342,384.3,34
531343,1003.59,54
531344,258.18,37
531345,208.8,13
531346,387.7,9
531347,112.07,6
531348,216.95000000000002,48
531349,110.0,16
531350,1116.05,161
531351,339.34,16
531352,739.92,95
531353,411.38,118
531354,863.42,58
531356,185.20000000000002,18
531357,326.37,18
531358,750.58,17
531359,728.8,102
531361,178.55,11
531362,171.70999999999998,28
531363,137.45,5
531364,141.25,3
531365,365.48,63
531366,804.95,40
531367,336.8,18
531368,280.41,41
531369,192.5,10
531370,335.78,53
531371,926.81,99
531372,951.82,35
531373,362.97,50
531374,596.7,31
531375,303.21,19
531376,640.0,15
531377,579.48,14
531378,604.8199999999999,52
531379,405.97,44
531380,197.79999999999998,12
531381,3.75,1
531382,1304.28,251
531385,476.83000000000004,23
531388,90.0,1
531389,321.36,15
531390,263.38,18
531391,503.58000000000004,20
531395,2520.84,28
531418,252.55,9
531419,415.66,28
531420,177.48,20
531421,157.49,20
531422,249.29999999999998,6
531423,102.0,1
531425,407.55,18
531426,397.44,24
531427,138.28,13
531431,311.62,22
531432,210.14000000000001,14
531433,668.861,38
531435,351.66,39
531436,514.4,31
531437,737.56,42
531438,438.8,8
531439,271.66,46
531440,316.73,62
531441,308.2,20
531442,356.8,22
531444,161.5,14
531445,151.82,10
531447,133.45000000000002,20
531450,378.35,12
531452,136.82,8
531453,168.08,14
531457,85.6,4
531458,303.54,17
531459,383.95000000000005,15
531460,214.58,8
531462,302.1,12
531463,143.61,10
531464,655.9200000000001,6
531466,573.96,7
531467,817.68,7
531468,529.6999999999999,44
531469,674.04,8
531470,301.25,18
531471,0.95,1
531472,907.5600000000001,9
531474,405.36,7
531476,521.68,21
531477,725.54,58
531478,2253.22,132
531479,320.1,13
531480,80.7,2
531481,270.05,19
531482,264.95,8
531484,420.85,54
531485,533.86,32
531486,127.34,14
531487,109.80000000000001,2
531488,51.0,1
531490,323.85,49
531491,528.96,9
531492,165.20000000000002,1
531493,474.33,71
531494,75.0,2
531495,381.77000000000004,27
531496,440.93,92
531506,1293.59,60
531507,93.44999999999999,8
531508,1041.98,39
531509,340.02,9
531510,363.40000000000003,15
531511,105.30000000000001,3
531512,183.89999999999998,10
531513,550.84,88
531515,1786.02,2
531543,212.78,54
531544,2807.9,14
531545,443.64,6
531547,100.35,2
531548,126.72,3
531549,1.1,2
531550,138.8,7
531551,410.9,16
531552,317.95,9
531553,382.5,22
531554,43.5,3
531556,405.44000000000005,4
531558,1115.46,12
531559,102.0,1
531560,29.09,6
531561,4098.96,8
531562,307.67,26
531564,229.5,15
531566,304.56,15
531567,358.40000000000003,18
531568,819.35,45
531570,227.4,16
531571,314.75,12
531572,366.0,2
531573,330.0,1
531574,204.0,1
531575,366.0,2
531577,576.0,3
531578,712.32,1
531579,10.9,4
531580,356.07,52
531581,748.73,19
531582,193.6,7
531584,76.32000000000001,1
531586,677.96,14
531641,1060.2,11
531672,385.9,43
531724,201.05,36
531726,465.4,52
531727,375.45,18
531728,596.79,72
531729,180.48,7
531730,288.39,16
531731,667.54,36
531732,714.82,31
531733,1729.23,26
531734,235.7,27
531735,49.95,1
531736,443.1,24
531737,141.7,15
531738,181.72,50
531739,172.48,40
531740,31.5,1
531741,1119.16,42
531742,115.35,24
531744,102.6,4
531745,1915.4,52
531746,231.95,52
531747,234.85,22
531748,329.6,2
531750,280.28,51
531753,193.38,30
531754,135.7,9
531756,171.71,24
531759,236.81,33
531760,830.8000000000001,18
531761,93.45,5
531762,894.3800000000001,10
531763,1002.88,58
531764,30.0,1
531766,341.0,9
531767,424.13,52
531768,161.97,82
531769,260.61,14
531770,273.85,40
531771,440.02,24
531772,268.93,41
531773,809.71,46
531774,1036.2,49
531776,1379.68,78
531777,297.0,1
531778,180.6,5
531779,246.44,9
531782,380.86,111
531785,499.45000000000005,9
531789,306.9,40
531791,916.0500000000001,35
531792,1384.88,137
531799,3119.0,27
531800,654.66,40
531802,29.700000000000003,1
531803,115.66,14
531804,481.39000000000004,79
531805,260.29,35
531806,125.05,20
531808,136.25,22
531809,653.1,19
531812,267.59,18
531814,18.9,1
531815,201.42999999999998,10
531816,319.92,3
531818,339.94,29
531819,197.64,7
531820,231.34,14
531824,351.9,17
531825,831.36,46
531826,217.39999999999998,14
531827,432.02,12
531829,88.0,1
531831,498.0,15
531832,50.400000000000006,2
531833,167.4,2
531834,221.75,11
531835,141.12,4
531836,167.85,10
531837,3525.52,16
531838,497.0,4
531839,1402.8000000000002,2
531840,1196.48,3
531842,942.8,32
531844,397.59999999999997,4
531849,308.5,9
531851,310.18,22
531852,338.5,14
531853,197.31,11
531854,113.15,17
531855,237.6,4
531856,19.95,1
531857,500.41,29
531861,2287.26,28
531863,194.95,76
531864,195.0,6
531865,201.3,20
531866,18122.17,13
531867,1061.8400000000001,4
531868,154.95,13
531869,892.1500000000001,45
531870,1963.1999999999998,3
531872,360.0,1
531875,330.35,26
531881,264.0,4
531894,467.8,16
531897,63.6,2
531900,248.09,59
531903,644.89,29
531910,1003.61,30
531915,80.28,7
531918,57.4,3
531922,763.92,178
531935,518.6500000000001,13
531945,305.54,15
531947,520.74,54
531950,765.0,1
531951,190.8,24
531957,765.0,1
531960,978.23,53
531963,382.5,1
531971,1121.14,50
531972,75.0,2
531976,117.0,5
531985,809.5799999999999,9
532004,694.1999999999999,47
532010,504.56,129
532011,61.800000000000004,4
532012,159.9,1
532013,27.0,1
532016,175.9,26
532017,39.45,5
532018,431.85,13
532019,389.5,21
532020,426.1,29
532021,239.08,22
532022,346.40999999999997,9
532023,200.57999999999998,44
532024,238.44,13
532025,126.3,11
532026,369.95,15
532028,183.6,1
532029,213.62,3
532030,178.99,13
532032,400.79999999999995,3
532033,265.46,28
532034,206.01,51
532035,60.48,1
532036,134.25,5
532037,210.15,10
532038,345.0,28
532039,502.08000000000004,6
532040,24.849999999999998,3
532042,430.16,35
532043,32.8,2
532044,196.36,41
532045,96.36,2
532046,566.4000000000001,1
532047,419.70000000000005,1
532048,849.72,27
532049,562.32,8
532050,243.3,17
532051,609.58,31
532052,481.84000000000003,23
532053,329.64,3
532054,580.0,1
532055,821.0600000000001,123
532056,1445.69,49
532057,161.21,34
532058,339.0,21
532059,245.76000000000002,25
532060,269.1,12
532061,316.2,4
532062,240.60000000000002,6
532068,183.47,47
532074,7.95,1
532076,635.13,74
532081,115.95,8
532082,9.95,1
532083,1415.44,101
532084,70.80000000000001,2
532085,1063.94,15
532087,1176.65,77
532088,358.25,10
532089,246.21,18
532090,381.09000000000003,45
532091,321.7,29
532092,307.55,20
532093,275.8,4
532094,52.4,2
532095,265.27,43
532096,106.77,26
532097,5.95,1
532099,1.95,1
532100,365.28000000000003,3
532101,163.46,34
532103,323.8,9
532104,166.6,9
532105,309.75,18
532106,508.63,27
532107,724.58,35
532108,16.95,1
532109,1248.42,31
532113,163.8,29
532114,379.96,52
532115,51.839999999999996,1
532116,595.5,12
532117,89.69999999999999,1
532118,308.8,3
532119,392.88,4
532120,502.52,31
532121,135.3,5
532122,308.24,14
532123,634.74,10
532124,250.20000000000002,1
532125,291.3,10
532126,408.13,26
532127,271.1,41
532128,304.2,19
532129,304.96,15
532131,414.25,15
532137,303.45,17
532140,4027.5,5
532141,1195.0,4
532143,451.5,68
532145,115.57,19
532146,786.7,54
532147,341.35,28
532148,262.36,5
532149,285.94,11
532150,330.41,90
532151,851.76,14
532152,238.38,69
532153,334.08,12
532158,175.32,51
532159,317.15999999999997,20
532162,59.2,4
532163,2552.79,25
532169,443.88,26
532171,225.6,13
532180,52.8,4
532188,420.54,17
532229,394.97,23
532233,495.63,41
532239,123.4,17
532247,360.0,1
532252,2318.95,90
532253,230.4,9
532254,98.9,2
532263,354.24,26
532265,1.9,1
532279,115.17,10
532282,1508.35,31
532284,88.05,4
532285,666.72,2
532286,264.4,5
532287,350.4,1
532288,332.89,57
532289,570.26,22
532290,502.1,17
532291,205.8,30
532292,226.0,15
532293,68.81,14
532295,204.25,12
532296,3465.0,8
532297,1233.75,161
532298,334.63,16
532299,321.56,64
532300,244.79999999999998,3
532301,24.05,4
532302,376.25,16
532303,10.5,1
532305,2301.96,20
532306,533.04,99
532307,560.93,40
532308,385.65000000000003,9
532309,15.9,1
532310,34.0,2
532311,259.17,28
532312,591.96,13
532315,221.97,36
532316,741.59,41
532317,1092.81,55
532318,609.95,30
532319,309.77,37
532324,157.32,3
532325,728.87,38
532328,290.65000000000003,18
532330,121.64999999999999,6
532336,302.8,16
532337,264.79,55
532338,337.66,18
532339,192.6,2
532340,471.84000000000003,29
532342,139.64999999999998,2
532344,76.5,1
532346,1311.6,10
532347,81.65,5
532348,376.23,15
532349,128.07,20
532350,513.08,79
532351,600.05,38
532352,7.95,1
532354,1079.6,8
532355,232.4,13
532356,216.0,7
532357,200.75,14
532358,4176.0,1
532360,25.8,1
532361,173.05,8
532363,106.80000000000001,3
532364,516.36,57
532365,31.5,6
532366,393.15000000000003,20
532369,577.39,34
532370,395.03000000000003,17
532371,577.15,36
532373,32.8,2
532377,295.6,16
532382,1222.65,91
532384,610.0600000000001,19
532386,200.47,11
532391,462.96,112
532408,23.9,5
532416,176.5,11
532418,543.6,14
532420,309.28999999999996,13
532421,962.97,56
532422,303.26,14
532423,155.65,11
532424,301.05,18
532425,225.35000000000002,13
532427,330.83000000000004,17
532428,250.85000000000002,7
532429,236.63,29
532430,143.75,6
532431,72.5,1
532432,529.2,12
532433,76.32000000000001,1
532434,171.45000000000002,9
532435,209.92,13
532436,115.80000000000001,2
532437,220.32,51
532438,188.33,60
532440,170.3,31
532443,690.79,42
532445,202.0,52
532449,1336.35,34
532452,23.6,1
532470,665.7,26
532475,50.4,2
532478,79.86,3
532482,59.92,1
532486,453.1,26
532494,231.10999999999999,36
532512,284.3,4
532541,100.80000000000001,1
532542,285.0,6
532543,63.6,2
532544,249.58,23
532545,89.65,7
532546,286.68,13
532547,12.600000000000001,1
532548,253.37,54
532549,118.65,16
532550,12.600000000000001,1
532551,499.98,26
532553,317.4,4
532554,460.65999999999997,55
532555,305.0,6
532556,271.27,20
532557,559.93,53
532558,340.1,19
532559,472.5,2
532560,534.0,2
532562,162.85,40
532563,101.4,5
532564,379.6,10
532565,442.59000000000003,9
532566,637.94,25
532567,298.85,23
532568,130.35,5
532569,104.12,7
532570,285.85,17
532571,414.48,30
532572,161.35,44
532573,291.79,17
532574,184.66,27
532575,15.299999999999999,1
532577,316.16,79
532578,106.05,20
532579,125.94,5
532580,144.6,8
532581,359.24,9
532582,5398.24,6
532584,280.32,3
532585,1084.6200000000001,17
532587,289.58,34
532588,90.0,1
532589,444.5,2
532590,202.5,1
532591,732.0,5
532592,135.0,1
532593,538.4,19
532594,308.70000000000005,19
532595,180.51,27
532598,16.35,1
532599,441.88,9
532606,395.32,44
532607,761.6,34
532609,300.22,14
532610,96.45,2
532612,284.24,34
532626,549.87,32
532629,643.71,25
532634,317.73,7
532635,1250.45,42
532636,509.9,29
532637,15.0,1
532638,158.96,9
532639,338.68,10
532641,162.82,6
532643,612.0,1
532646,100.45,7
532647,284.5,26
532648,264.0,1
532649,17.9,1
532650,311.87,4
532651,188.67000000000002,7
532652,84.60000000000001,2
532653,318.04,18
532654,237.84,25
532655,307.43,26
532657,372.0,32
532658,163.2,1
532659,289.44,66
532660,395.17,19
532661,250.5,39
532662,372.2,39
532663,1343.9,45
532664,132.83,26
532665,255.45,69
532666,190.05,55
532667,164.87,49
532668,176.1,9
532670,157.63,8
532671,590.2,72
532672,309.16,21
532673,172.25,31
532677,1253.3700000000001,25
532678,344.0,21
532679,319.51,58
532680,617.53,76
532681,190.25,55
532682,171.58,24
532692,169.65,16
532699,254.91,15
532711,269.1,7
532719,481.3,18
532723,333.82,16
532725,705.61,42
532738,294.29,29
532741,511.0,5
532745,112.45,18
532746,588.11,21
532747,186.7,16
532748,265.25,26
532749,1370.16,18
532750,333.3,24
532751,50.400000000000006,2
532752,327.99,19
532753,144.0,7
532754,252.85,26
532755,441.26,70
532756,839.36,50
532757,145.54,51
532758,463.81,15
532759,246.64999999999998,20
532760,54.6,8
532761,244.19,15
532762,421.8,18
532763,151.51,30
532764,232.27,98
532794,82.65,4
532795,201.15,5
532796,307.45,11
532798,721.49,78
532799,288.9,67
532800,33.9,1
532801,804.8100000000001,85
532802,119.57000000000001,28
532803,166.6,10
532804,252.44,29
532805,72.6,4
532806,180.78,10
532807,500.0,81
532808,298.04,49
532809,244.73,58
532810,437.36,124
532811,308.67,13
532812,25.42,2
532813,383.33,20
532814,233.37,8
532815,75.6,2
532816,321.91,23
532817,862.17,62
532818,43.44,16
532819,518.93,114
532821,620.73,171
532822,1122.48,4
532823,2716.34,38
532824,268.5,16
532825,66.15,5
532827,79.14,9
532828,159.94,12
532829,3092.4,10
532844,241.7,4
532846,269.15000000000003,13
532849,507.6,16
532850,171.1,16
532851,6.75,1
532853,2442.0,5
532856,128.6,17
532871,246.9,16
532892,324.81,17
532896,164.18,8
532901,684.4200000000001,28
532905,274.29,53
532935,669.25,23
532950,329.62,15
532951,83.0,2
532952,70.6,2
532954,49.0,3
532955,1140.15,35
532956,1185.1799999999998,4
532957,140.75,13
532959,306.82,21
532960,121.67999999999999,1
532961,1452.3,38
532962,68.0,1
532963,346.66,64
532964,1097.79,141
532965,326.22,71
532966,243.69,44
532968,320.01,21
532969,254.13,53
532971,166.05,9
532972,153.05,22
532973,161.22,29
532974,144.9,7
532975,252.0,1
532976,152.15,18
532977,216.23,34
532978,262.4,42
532979,217.44,57
532980,346.73,21
532981,261.06,14
532982,110.5,9
532983,924.07,50
532984,152.2,9
532985,402.59999999999997,39
532986,250.2,23
532988,33.8,2
532989,462.97,53
532990,491.23,53
532991,282.12,5
532992,83.85,6
532993,3751.7,200
532994,371.35,28
532995,276.27,25
532996,17.0,1
532997,92.85,24
532998,504.0,4
532999,286.72,13
533000,343.76,97
533001,364.40000000000003,21
533003,233.25,40
533004,412.12,70
533005,109.0,18
533006,211.8,22
533007,50.9,9
533008,3.9,2
533009,1228.8000000000002,8
533010,550.45,17
533012,398.5,24
533013,150.6,7
533022,134.43,33
533025,326.61,18
533026,271.77,11
533029,1089.93,34
533038,156.75,6
533041,132.12,16
533047,1089.24,9
533053,641.4,56
533057,72.47999999999999,5
533058,75.60000000000001,1
533059,186.60000000000002,2
533060,325.44,1
533063,218.1,15
533064,483.29,50
533066,243.35,40
533067,911.12,81
533069,239.93,33
533070,493.15000000000003,56
533071,30.0,1
533072,35.62,12
533073,26.25,5
533074,2561.94,96
533075,616.25,2
533076,141.6,3
533077,142.9,4
533078,765.9,6
533079,235.25,11
533080,849.0699999999999,42
533082,143.55,18
533083,749.8,28
533084,171.06,6
533085,111.89,15
533086,96.9,4
533087,204.0,10
533088,11229.99,164
533089,44.9,2
533091,408.25,20
533092,360.86,23
533093,268.84,13
533094,548.64,2
533095,164.39,10
533096,666.57,34
533097,288.8,10
533098,403.79999999999995,5
533101,271.0,2
533102,197.27,46
533103,198.79999999999998,16
533104,417.8,22
533105,17.700000000000003,1
533106,710.1,37
533110,175.2,1
533112,177.1,32
533113,168.51,39
533114,462.15,138
533115,412.54,20
533120,4604.38,24
533123,247.86,5
533127,355.15000000000003,21
533128,242.49,12
533130,128.3,8
533131,48.75,2
533132,218.63000000000002,16
533133,430.28999999999996,134
533134,825.94,45
533135,39.35,3
533136,1797.06,51
533137,74.04,27
533138,439.6,10
533139,76.03999999999999,21
533140,418.05,85
533141,64.89,19
533142,151.08,13
533143,1055.0,26
533144,389.3,17
533146,281.7,3
533147,197.20000000000002,4
533148,462.08,22
533149,185.76,22
533152,329.43,48
533154,1322.33,64
533156,188.25,10
533158,298.18,23
533160,499.9,29
533161,525.97,34
533162,850.0,1
533186,87.92,5
533187,513.33,70
533188,301.45,14
533206,112.8,3
533211,553.2,3
533254,306.0,1
533262,302.40000000000003,1
533266,127.96,6
533278,418.62,62
533280,3924.42,16
533281,239.45999999999998,18
533288,700.89,45
533289,325.0,17
533290,818.89,36
533291,394.75,7
533292,804.1,6
533293,309.68,19
533294,1547.52,69
533295,119.92,33
533299,398.34,29
533300,488.88,5
533301,1382.05,161
533302,359.1,15
533311,223.56,60
533313,598.64,18
533314,307.12,21
533315,450.14,23
533316,876.36,5
533318,718.44,9
533320,214.35,3
533325,572.02,6
533326,293.74,14
533328,65.70000000000002,4
533330,418.24,10
533333,477.5,19
533336,1552.23,77
533337,316.1,16
533339,314.4,17
533340,118.2,3
533341,170.45000000000002,9
533342,305.04,19
533343,361.31,14
533345,75.6,3
533346,110.7,10
533349,60.67999999999999,3
533350,107.42,7
533351,303.18,17
533352,646.0,2
533353,369.90000000000003,13
533354,95.4,2
533355,7611.82,36
533356,55.800000000000004,3
533357,304.55,15
533358,643.0,24
533359,5.9,1
533361,2.95,1
533362,694.6,5
533365,240.47,28
533366,385.02,26
533368,1109.24,15
533369,177.5,12
533370,755.0,2
533372,452.68,22
533373,479.8,16
533374,875.81,56
533375,188.9,6
533376,754.7,19
533379,111.97,18
533380,223.22,25
533381,604.2,137
533396,278.7,8
533405,43.2,3
533409,25.200000000000003,1
533423,785.39,59
533444,464.28000000000003,27
533446,75.9,3
533447,579.55,51
533448,457.88000000000005,19
533449,165.57,9
533452,767.8000000000001,17
533457,190.4,1
533458,245.77,74
533459,813.5,17
533460,725.88,61
533461,645.88,24
533462,315.48,42
533463,87.6,8
533466,883.54,24
533468,27.0,1
533469,201.34,20
533471,160.0,11
533472,765.36,35
533473,300.24,9
533474,214.9,35
533475,142.8,10
533476,371.0,47
533477,134.95,23
533478,156.34,11
533479,180.0,1
533480,11.65,3
533481,237.98000000000002,15
533482,174.44,13
533483,322.25,14
533484,1411.3600000000001,11
533485,170.5,28
533486,195.45,33
533487,456.40000000000003,25
533488,301.3,18
533489,197.5,12
533490,321.24,20
533491,48.79,13
533492,115.55000000000001,7
533495,171.81,7
533496,641.0600000000001,40
533498,206.60000000000002,12
533499,287.25,17
533500,163.3,11
533501,139.09,32
533502,203.45,9
533503,559.26,50
533504,133.25,6
533505,336.8,57
533506,336.36,22
533507,18.6,1
533508,405.0,6
533509,751.15,40
533510,294.59000000000003,53
533511,140.66,6
533516,2318.27,35
533521,188.22,6
533525,101.16,5
533528,500.19100000000003,30
533529,312.75,8
533530,437.40999999999997,19
533531,100.80000000000001,6
533532,42.6,2
533533,211.92,11
533534,315.0,6
533535,112.44,17
533538,208.20000000000002,3
533539,197.5,6
533540,351.2,14
533541,399.9,4
533542,260.09999999999997,1
533543,198.59,25
533544,38.95,9
533545,538.3499999999999,8
533546,299.82,25
533547,1008.86,105
533548,311.16,12
533549,134.35,26
533550,333.13,25
533551,190.53,21
533553,114.15,12
533554,352.78000000000003,36
533555,386.4,2
533556,516.6,9
533557,170.70000000000002,3
533558,285.37,16
533560,228.7,6
533561,655.64,30
533562,371.1,10
533563,130.2,7
533565,29.849999999999998,1
533568,346.07,24
533569,240.48,54
533570,377.06000000000006,17
533571,175.8,11
533572,448.04,25
533573,837.62,65
533574,117.6,7
533575,146.01,10
533576,695.17,20
533577,1438.85,56
533578,174.9,14
533579,513.16,7
533580,244.51,42
533581,192.25,64
533582,11.9,1
533583,195.0,2
533584,230.12,8
533585,190.20000000000002,22
533586,153.4,9
533588,803.9999999999999,2
533589,302.04,15
533591,403.92,24
533592,201.73,46
533593,382.20000000000005,23
533594,122.81,32
533595,1070.63,27
533596,360.0,2
533597,469.39000000000004,43
533598,111.5,17
533599,200.5,8
533624,556.12,8
533625,662.4000000000001,1
533644,158.69,19
533647,264.85,19
533658,295.13,19
533661,458.28,25
533670,123.2,12
533679,312.01,9
533691,285.11,37
533700,558.0,3
533711,347.0,4
533717,942.02,107
533730,180.34,32
533731,307.25,17
533733,120.4,7
533734,660.71,12
533735,129.04,4
533736,116.78999999999999,23
533738,127.0,6
533739,304.56,3
533741,833.33,37
533750,1056.37,136
533754,565.03,33
533755,267.90000000000003,67
533756,111.24999999999999,6
533757,1331.0400000000002,4
533759,688.4,35
533760,116.4,7
533761,522.86,76
533763,800.1,11
533764,339.59999999999997,6
533765,176.40000000000003,5
533766,1128.0,1
533767,1034.76,33
533769,128.45,4
533771,293.29,31
533776,123.3,6
533779,432.94,28
533781,403.38,15
533782,479.51,31
533783,365.82,26
533784,164.28,5
533785,464.75,27
533786,565.74,11
533788,143.95,8
533790,314.3,13
533791,365.3,17
533792,169.23,9
533793,191.19,6
533794,165.28,25
533795,370.0,20
533796,234.65,19
533797,350.3,12
533798,339.75,19
533799,686.79,40
533800,160.93,23
533803,510.25,48
533805,65.34,4
533806,78.75,5
533815,314.20000000000005,15
533816,302.6,15
533818,853.86,25
533819,405.58000000000004,17
533820,2977.73,36
533821,759.18,19
533822,539.4,20
533824,268.0,2
533825,34.0,1
533826,180.1,5
533827,538.64,15
533828,423.0,21
533829,135.78,3
533830,12.600000000000001,1
533831,44.35,3
533832,296.40000000000003,9
533835,88.5,1
533836,241.6,9
533837,421.20000000000005,7
533838,159.7,9
533839,44.550000000000004,3
533841,537.46,146
533842,112.65,20
533849,551.5,26
533860,319.67,53
533862,620.1600000000001,2
533877,889.8,54
533879,103.34,12
533880,454.20000000000005,7
533885,129.02,28
533896,786.08,46
533898,336.35,11
533904,288.49,84
533906,186.9,19
533915,150.60000000000002,18
533920,210.44,31
533934,114.71000000000001,16
533947,219.97,40
533948,123.38,27
533949,378.48,22
533950,76.15,5
533951,167.8,9
533952,1825.08,8
533953,1050.76,18
533954,172.8,12
533955,308.69,28
533956,238.11,22
533957,239.23000000000002,41
533959,1040.0,40
533960,163.6,7
533961,123.24,19
533962,387.84,44
533963,9.58,6
533967,346.94,19
533968,238.68,48
533969,255.54,63
533971,14.75,1
533972,943.06,28
533973,791.01,90
533974,185.09,44
533975,431.4,15
533977,285.55,24
533978,740.0,17
533979,266.8,39
533980,126.35000000000001,10
533981,540.04,7
533982,540.0,9
533983,6.3,1
533984,306.0,3
533986,280.76,33
533987,170.20000000000002,6
533988,29.7,6
533989,643.62,9
533990,178.95000000000002,10
533991,30.0,1
533996,1563.65,61
533999,437.37,13
534002,461.73,18
534003,731.58,85
534008,556.36,29
534011,622.56,12
534020,107.01,29
534021,212.7,12
534028,416.52000000000004,6
534030,605.4,36
534033,459.15999999999997,22
534034,616.02,9
534035,916.12,63
534036,672.0,1
534037,224.51,15
534039,79.2,1
534040,22.5,1
534041,418.87,34
534044,2.1,1
534046,100.91000000000001,8
534047,124.86999999999999,21
534048,1190.3999999999999,2
534049,836.08,19
534050,342.69,18
534051,353.23,16
534052,28.0,10
534053,116.15,19
534054,494.40000000000003,53
534055,553.2,14
534056,100.2,5
534057,302.58,12
534058,125.30000000000001,7
534059,229.55,50
534060,236.0,7
534061,1277.6200000000001,46
534062,241.1,52
534064,224.5,18
534065,222.4,13
534066,377.96,94
534067,119.34,14
534068,233.84,15
534069,68.55000000000001,2
534070,412.35,12
534071,378.5,23
534072,127.5,1
534073,121.65,9
534083,600.0,43
534091,382.91,49
534108,61.5,4
534109,466.3,19
534111,130.8,5
534112,145.89000000000001,21
534114,779.62,53
534141,516.99,76
534143,225.05,10
534154,457.13,110
534155,298.8,38
534156,322.53000000000003,13
534157,238.08,31
534158,299.64,43
534160,177.92,49
534161,306.85,15
534162,383.96999999999997,24
534163,324.51,17
534164,774.38,170
534165,219.42,43
534166,490.49,22
534167,347.55,10
534168,557.91,99
534169,312.55,18
534170,114.52,24
534171,644.9,22
534172,1130.48,74
534173,87.0,4
534174,126.11,21
534175,167.85,38
534176,108.9,12
534177,278.85,44
534178,155.19,36
534179,311.14,20
534180,225.61,21
534181,346.4,20
534182,194.45000000000002,21
534183,248.75,13
534184,579.4,26
534185,384.16,46
534186,186.1,12
534187,1237.23,207
534188,718.02,105
534189,3.75,1
534190,330.35,16
534191,176.9,12
534192,85.9,3
534193,197.5,25
534194,277.27,88
534195,268.2,14
534196,234.5,32
534197,72.2,5
534198,163.45,11
534200,431.95000000000005,25
534201,349.51,44
534202,233.0,5
534203,194.4,44
534204,311.1,19
534205,174.07,34
534208,106.20000000000002,5
534209,2146.31,79
534210,479.47,97
534211,302.25,18
534212,4.949999999999999,1
534213,362.09,60
534214,347.2,19
534215,156.53,10
534216,390.56,74
534217,680.8,18
534218,234.62,45
534219,382.46,90
534220,222.88,13
534221,375.77,83
534222,842.0,8
534223,199.3,5
534224,303.15000000000003,4
534225,303.45000000000005,3
534227,529.1,21
534228,147.45,10
534229,94.2,4
534230,263.22,9
534232,641.52,27
534233,225.2,7
534234,222.39999999999998,13
534235,439.33000000000004,47
534236,154.9,8
534237,166.2,4
534238,515.83,33
534239,222.75,21
534240,396.84000000000003,7
534242,165.0,1
534244,493.45,52
534257,202.85,23
534270,37.5,2
534279,360.48,12
534285,309.5,8
534305,45.0,1
534321,807.85,61
534327,241.42,33
534346,381.5,10
534347,389.27,30
534361,295.09000000000003,21
534362,469.92,57
534364,1876.51,78
534366,172.8,4
534368,352.44,17
534371,155.85,24
534374,58.0,1
534375,663.8,8
534376,172.2,3
534377,109.69,22
534378,861.41,75
534379,368.07,93
534380,141.47,34
534381,30.0,1
534382,321.57,32
534383,360.31,56
534384,292.65,17
534385,323.7,3
534387,495.74,26
534388,217.17000000000002,75
534391,213.05,10
534392,608.7,34
534393,600.0,2
534394,177.93,25
534395,864.0,1
534396,2005.68,31
534397,665.17,22
534398,135.0,5
534399,313.0,17
534400,92.75,3
534401,420.75,51
534402,327.21000000000004,14
534403,813.14,124
534404,298.81,55
534405,238.72000000000003,9
534406,39.95,1
534407,172.6,15
534409,164.96,7
534410,1109.75,52
534411,205.3,12
534412,264.45,30
534413,302.1,6
534414,167.64,8
534432,163.15,55
534438,166.62,31
534439,100.57000000000001,10
534440,305.7,7
534441,319.91,14
534443,314.96,20
534444,344.1,23
534445,32.199999999999996,4
534446,284.21,10
534447,733.85,27
534448,114.75,4
534449,260.31,21
534450,513.05,27
534451,497.79999999999995,7
534452,86.25,2
534453,273.95,15
534454,23.8,2
534455,272.74,34
534456,408.0,4
534457,139.2,1
534458,318.6,9
534460,150.0,3
534461,100.80000000000001,4
534462,132.65,8
534464,186.3,11
534465,113.35,7
534466,628.51,28
534467,68.4,3
534468,1634.4,17
534469,86.39999999999999,1
534470,196.7,22
534471,292.82,17
534472,114.71000000000001,29
534473,317.5,21
534474,171.6,2
534489,302.95,15
534497,312.0,59
534499,188.15,38
534500,393.56,38
534501,1784.99,93
534504,713.85,36
534505,887.3999999999999,2
534506,728.3199999999999,22
534507,531.45,58
534508,213.08,32
534509,33.9,1
534510,582.1,45
534511,547.9,23
534512,372.53999999999996,22
534513,224.75,10
534515,100.0,1
534516,129.57,9
534517,768.9,62
534518,203.4,9
534521,235.87,15
534524,31.1,2
534526,1108.88,56
534531,236.95000000000002,10
534539,147.9,6
534543,137.70000000000002,8
534555,761.3,38
534563,112.57,14
534569,443.6,22
534579,241.35,21
534583,438.75,8
534605,247.47,22
534623,396.44,39
534630,163.21,41
534631,330.89,87
534633,113.28,42
534635,456.5,28
534637,494.34999999999997,3
534640,2646.7000000000003,48
534643,34.8,1
534644,17.4,1
534645,398.28,55
534646,11.8,1
534648,659.46,8
534649,215.65,25
534650,179.56,6
534651,132.55,25
534652,313.01,74
534653,193.60000000000002,4
534655,426.71,25
534656,1097.41,114
534657,350.99,10
534658,130.15,55
534659,297.29,20
534660,348.99,18
534661,27.75,3
534662,441.35,18
534664,82.5,9
534665,420.91999999999996,7
534667,339.44,19
534668,323.11,17
534669,254.03,43
534670,74.5,31
534671,252.11,20
534672,120.6,21
534673,157.46,25
534674,47.5,2
534676,40.8,2
534679,609.95,25
534680,270.1,17
534681,446.41,71
534683,19.799999999999997,1
534684,124.6,8
534685,244.44000000000003,3
534686,359.69,19
534687,387.32,43
534690,306.0,2
534691,114.39,7
534692,51.0,3
534693,515.7,20
534694,154.44,8
534696,154.48,8
534697,609.19,26
534699,20.4,2
534700,48.85,3
534701,1709.15,60
534702,30.300000000000004,2
534703,200.19,13
534704,969.16,24
534705,684.8,50
534706,8.5,1
534707,525.5999999999999,1
534708,694.12,18
534710,183.89999999999998,11
534711,583.39,29
534712,514.55,16
534713,298.45,22
534714,333.97,45
534715,409.98,10
534716,3013.0,13
534718,319.75,18
534719,1519.28,33
534720,188.6,11
534721,223.6,15
534722,308.49,19
534723,259.35,5
534724,304.95,18
534726,175.2,1
534728,447.24,4
534730,209.49,13
534737,657.73,10
534738,587.24,28
534739,356.1,16
534740,159.72,11
534741,390.0,1
534742,326.74,15
534743,112.05000000000001,11
534744,411.63,26
534745,85.0,2
534746,443.28,11
534749,167.66,12
534753,361.09000000000003,16
534758,417.59999999999997,1
534759,163.2,1
534760,720.0,1
534761,463.95000000000005,11
534762,302.8,5
534763,2612.89,29
534764,153.77,9
534765,172.1,18
534766,135.65,9
534767,395.1,20
534768,645.4000000000001,9
534769,367.27,23
534770,92.6,3
534772,498.75,21
534773,17.4,1
534774,300.96,1
534775,300.65,9
534776,325.44,1
534777,350.4,1
534779,63.35,12
534780,0.95,1
534783,2.5,1
534786,214.49,39
534788,400.9,66
534793,2514.72,15
534794,356.64,43
534797,165.91,26
534799,305.45,18
534800,547.97,130
534801,747.26,40
534802,408.0,1
534804,349.85,27
534805,279.44,7
534807,301.07,25
534808,172.49,42
534809,164.05,6
534810,1387.2,2
534811,260.40000000000003,14
534812,237.42,49
534813,534.1,22
534814,133.46,28
534816,413.64,6
534818,123.64999999999999,26
534820,300.07,42
534821,141.9,9
534822,602.61,88
534830,670.9,23
534832,307.87,18
534835,10.75,3
534836,370.97,12
534839,271.55,61
534840,134.9,16
534841,541.92,51
534842,112.8,7
534843,132.5,6
534844,253.54999999999998,45
534846,515.87,22
534847,919.62,8
534848,208.57,37
534851,579.89,14
534854,239.26,46
534856,229.20000000000002,8
534857,123.75,5
534858,4.25,1
534860,239.9,14
534861,151.49,8
534862,433.36,11
534864,619.57,16
534865,156.42000000000002,66
534866,114.14999999999999,16
534869,880.8,46
534870,305.46999999999997,67
534873,295.79999999999995,4
534875,74.0,1
534876,106.72,7
534877,577.83,65
534879,193.04999999999998,2
534882,111.60000000000001,9
534884,731.1,6
534885,166.51,29
534887,246.99,58
534888,154.36,3
534889,108.30000000000001,2
534890,325.26,40
534894,216.04,11
534900,395.45,4
534902,168.12,35
534914,12.600000000000001,1
534934,1089.5,4
534935,121.10000000000001,29
534943,126.30000000000001,4
534944,151.6,19
534946,320.05,8
534948,335.26,15
534956,111.4,4
534959,309.18,11
534980,66.8,3
535014,388.20000000000005,8
535016,437.35,24
535017,282.71999999999997,5
535018,888.47,25
535019,154.8,8
535037,985.2,32
535040,335.02000000000004,20
535041,145.01,18
535066,188.1,37
535077,148.05,3
535078,334.75,4
535079,77.8,3
535080,695.8000000000001,13
535081,211.8,4
535082,256.55,13
535083,121.49999999999999,4
535084,266.86,53
535085,593.0799999999999,27
535086,130.65,2
535088,300.37,17
535089,575.6,12
535090,765.72,42
535091,669.59,32
535092,305.08,20
535094,297.07,13
535095,186.1,5
535096,297.0,6
535097,560.72,31
535100,272.2,9
535101,200.39999999999998,4
535102,219.43,29
535103,324.45,11
535104,15070.22,43
535105,120.0,1
535106,300.4,6
535107,1365.79,24
535108,310.42,50
535113,411.15,15
535114,67.5,1
535124,735.9000000000001,21
535131,1429.9,35
535139,169.78,37
535173,595.6,9
535181,615.8,19
535182,151.54000000000002,8
535187,439.59999999999997,4
535192,279.6,6
535195,384.62,18
535196,25.200000000000003,1
535204,61.199999999999996,3
535215,210.66,43
535221,405.48,36
535227,489.6,2
535228,1275.0,1
535229,550.75,27
535231,500.18,11
535235,940.9,57
535240,137.65,28
535241,222.72,42
535242,218.48,24
535243,876.0,1
535244,40.5,2
535245,160.8,26
535247,439.65000000000003,13
535248,579.2,25
535249,102.03,6
535250,117.37,47
535251,722.28,13
535252,756.3599999999999,3
535253,217.74,34
535254,115.77,27
535255,178.04,10
535257,700.9200000000001,30
535258,306.6,16
535259,291.27,48
535260,254.45000000000002,69
535261,577.62,5
535262,444.72,5
535263,311.29,60
535264,203.42,28
535265,643.89,28
535266,359.40999999999997,129
535267,132.18,33
535268,231.45,26
535269,883.81,38
535270,587.35,15
535271,246.9,38
535272,246.5,20
535273,228.82999999999998,34
535274,982.33,95
535275,321.8,3
535277,72.0,1
535278,126.66,11
535282,265.05,21
535283,662.77,40
535285,314.58,21
535288,327.3,7
535297,172.7,23
535306,140.76,33
535308,900.5000000000001,29
535310,105.67,37
535311,1301.76,5
535312,139.14,17
535313,379.95,21
535314,310.25,15
535315,190.95,8
535316,234.05,8
535317,178.9,12
535318,173.25,33
535319,990.37,39
535320,206.8,3
535321,1938.4,65
535324,413.01,51
535325,198.74,8
535326,26.400000000000002,1
535328,6.2,2
535329,406.8,5
535330,238.2,14
535331,168.5,7
535332,184.41,13
535334,451.28999999999996,42
535336,449.81,25
535338,265.59,14
535341,387.3,22
535342,462.75,29
535343,208.75,13
535344,192.85,12
535345,111.17,8
535346,211.99,40
535348,422.78000000000003,25
535349,542.65,32
535350,17.4,1
535351,482.27000000000004,15
535353,11.6,1
535354,142.77,8
535355,76.9,3
535365,121.1,2
535366,332.85,15
535367,584.4,5
535368,131.2,5
535369,266.6,15
535370,324.94,18
535371,349.90000000000003,17
535372,73.80000000000001,5
535374,335.79,19
535375,313.3,6
535376,309.0,13
535377,252.10000000000002,14
535378,23.4,1
535379,281.05,12
535380,294.1,9
535381,271.03,29
535382,287.0,42
535384,204.77,17
535385,391.19,32
535386,331.2,20
535387,543.09,30
535388,236.1,11
535389,662.01,30
535391,749.6500000000001,31
535392,101.95,8
535393,594.15,35
535394,389.7,12
535395,315.66,4
535396,617.05,18
535397,302.40000000000003,1
535398,462.09999999999997,65
535399,318.2,58
535400,435.71000000000004,25
535402,22.5,1
535408,632.23,37
535409,570.38,45
535412,159.05,13
535414,169.57,38
535415,426.0,19
535416,172.15,11
535417,364.55,17
535418,374.43,21
535419,1172.38,49
535421,804.3299999999999,70
535422,582.0,4
535423,188.46,15
535424,99.3,8
535425,177.65,35
535426,322.87,26
535427,313.21,74
535429,321.84000000000003,22
535430,295.20000000000005,17
535431,452.58,23
535433,320.0,8
535434,406.16,10
535437,1018.5600000000001,10
535449,189.47,59
535457,183.4,23
535463,276.5,13
535464,158.5,45
535465,606.25,41
535466,755.15,46
535467,82.25,4
535468,88.19999999999999,5
535470,64.19999999999999,5
535471,327.25,11
535472,871.58,46
535473,111.3,23
535474,15.0,1
535475,132.7,31
535476,541.6600000000001,28
535477,25.55,10
535478,112.47,14
535488,405.66,23
535490,431.95,24
535493,150.8,8
535531,743.74,129
535534,253.5,3
535536,141.48,7
535565,1192.8600000000001,39
535571,405.14,75
535573,83.4,4
535576,712.09,38
535582,10.5,1
535583,124.65,17
535584,149.05,6
535585,355.0,13
535586,738.86,34
535587,99.25,4
535588,198.79,11
535589,7.2,2
535590,333.79999999999995,29
535591,338.4,19
535592,505.53000000000003,25
535593,739.77,35
535594,94.80000000000001,4
535615,962.0200000000001,19
535633,182.64000000000001,2
535639,354.01,27
535641,507.59999999999997,5
535642,94.17000000000002,2
535644,199.95,12
535645,172.95,28
535646,237.0,20
535647,184.15,13
535648,106.47999999999999,5
535650,148.9,26
535652,185.58,7
535653,25.2,2
535654,172.14,29
535655,206.03,41
535656,176.01,43
535657,13.98,1
535658,169.70000000000002,15
535659,323.52,7
535660,215.0,13
535661,498.17,61
535662,679.15,90
535664,406.25,38
535665,446.7,61
535666,1428.21,25
535667,233.41,45
535668,176.18,48
535669,579.0,8
535670,356.89,27
535672,45.650000000000006,3
535673,619.4000000000001,4
535674,306.26,13
535675,420.24,5
535676,241.26,41
535677,453.59000000000003,61
535679,543.33,30
535680,368.08,15
535681,153.19,40
535682,296.65,20
535683,81.6,5
535684,215.4,29
535685,423.39,25
535704,161.25,7
535717,127.6,9
535722,333.81,22
535748,289.91,57
535749,263.7,55
535760,173.7,28
535774,104.4,6
535775,416.08,63
535776,216.14,33
535777,663.96,40
535780,341.49,36
535782,304.53000000000003,19
535783,351.73,44
535784,119.0,28
535785,128.70000000000002,15
535786,365.5,35
535787,314.90000000000003,19
535788,279.96,70
535789,440.03999999999996,31
535790,232.85,39
535791,205.66,50
535794,838.86,27
535795,322.58,32
535796,164.20000000000002,28
535797,213.29000000000002,8
535798,310.98,22
535799,467.02,80
535801,1166.37,25
535802,514.39,88
535803,1085.9,132
535805,107.86,46
535806,458.78000000000003,28
535807,358.61,25
535809,8.25,1
535810,109.91,45
535811,238.35,42
535812,100.05,6
535813,47.25,10
535814,264.75,43
535815,105.80000000000001,12
535816,243.51999999999998,49
535817,100.78,24
535818,51.410000000000004,4
535819,335.25,7
535820,230.65,10
535821,126.60000000000001,5
535822,135.4,30
535823,142.2,13
535824,485.26,33
535825,553.71,14
535826,180.12,8
535827,144.1,9
535828,355.5,22
535831,949.82,43
535832,323.3,13
535834,1096.18,59
535836,816.47,10
535837,160.8,3
535838,200.05,12
535839,634.32,12
535842,92.85,5
535844,116.89,8
535845,102.0,2
535847,369.0,15
535851,350.52,5
535875,416.75,27
535879,1021.08,23
535880,68.1,11
535881,257.06,16
535883,247.38,16
535902,2340.34,25
535907,1113.6,5
535912,1163.88,7
535932,373.05,19
535937,1031.88,6
535940,298.15,31
535944,105.29,16
535945,436.45,22
535946,298.34000000000003,46
535949,441.04999999999995,6
535950,229.4,50
535953,838.36,71
535954,505.84000000000003,19
535956,249.11,31
535957,456.96,29
535958,679.9000000000001,47
535959,747.1600000000001,17
535960,116.83,8
535961,370.82,113
535962,59.400000000000006,1
535963,75.34,13
535964,485.92,22
535965,198.82,16
535966,17.4,1
535967,505.75,38
535974,266.78000000000003,38
535978,344.8,14
535979,117.29,29
535980,316.25,17
535981,126.18,16
535982,122.35,9
535984,891.4,13
535985,121.67999999999999,1
535987,102.0,1
535988,3321.3799999999997,20
535989,1359.12,8
535990,871.2,2
535991,308.59999999999997,8
535992,659.1,17
535993,1184.95,58
535994,232.85,37
535995,208.95,27
535996,64.49,14
535997,310.03,20
535998,845.0600000000001,29
536000,436.57,82
536001,814.2,83
536002,416.35,48
536003,182.48,43
536006,263.82,47
536008,166.53,8
536009,16554.88,99
536010,463.7,24
536011,17.4,1
536012,300.93,21
536013,368.46,54
536014,740.86,7
536016,1251.63,60
536017,316.13,49
536018,69.13,23
536019,50.0,1
536020,457.3,3
536021,562.19,34
536022,424.41999999999996,17
536024,1104.0,97
536025,181.68,2
536026,361.71,21
536027,217.65,6
536028,434.84999999999997,72
536029,306.0,1
536030,1108.82,74
536035,725.2,5
536036,1241.65,60
536038,336.64,27
536039,153.9,22
536040,300.4,6
536041,57.8,3
536042,222.21,54
536044,286.48,12
536045,370.68,6
536046,304.2,13
536047,332.09999999999997,3
536049,1385.3,52
536050,171.9,6
536051,379.88,19
536052,310.45000000000005,16
536053,507.85,12
536054,410.82000000000005,7
536055,134.4,8
536057,180.0,12
536058,902.35,21
536059,683.6,9
536060,96.9,8
536061,450.95,23
536063,108.05000000000001,6
536064,543.42,27
536066,816.3299999999999,33
536067,1441.0,13
536068,75.6,2
536072,156.59,49
536073,311.3,4
536074,917.34,12
536075,398.90000000000003,10
536076,151.5,4
536081,256.85,13
536088,387.01,59
536091,409.08,4
536112,423.52,22
536152,505.56,54
536157,330.81,9
536158,32.29,1
536161,303.82,76
536162,2945.38,85
536166,301.3,14
536174,319.05,13
536177,15.0,1
536178,230.70000000000002,12
536179,304.2,33
536180,1276.8,9
536182,459.55,24
536183,2295.92,22
536184,161.82,26
536185,351.49,64
536186,8.5,1
536187,324.06,18
536188,326.85,15
536189,15.0,1
536190,275.02,23
536191,313.28000000000003,19
536193,408.0,1
536196,311.1,13
536197,496.39,45
536199,199.71,52
536200,301.25,18
536204,316.98,12
536205,869.1800000000001,24
536206,300.53999999999996,10
536207,134.59,34
536208,9.120000000000001,1
536209,572.15,27
536211,301.49,17
536213,218.70000000000002,13
536214,129.04,7
536216,311.24,31
536217,10.9,2
536218,244.79999999999998,1
536219,30.599999999999998,1
536223,310.6,19
536226,347.20000000000005,36
536233,287.15,36
536235,158.06,25
536238,210.65,33
536239,1134.0,30
536240,154.95,7
536241,849.75,34
536243,315.18,21
536245,17.88,1
536246,37.8,3
536247,442.08000000000004,6
536248,452.55,25
536249,453.7,23
536251,939.42,33
536255,440.82000000000005,20
536257,153.0,6
536259,82.17,5
536260,292.86,17
536261,564.5,9
536262,436.54,49
536263,227.44000000000003,10
536264,115.80000000000001,5
536266,106.2,5
536267,37.2,2
536272,588.47,57
536281,74.6,3
536282,30.599999999999998,3
536307,52.00000000000001,7
536324,4881.15,35
536325,310.42,14
536326,25.0,5
536329,52.0,12
536333,154.72,10
536345,376.5,9
536346,56.650000000000006,8
536353,1115.32,59
536354,183.56,42
536355,249.01000000000002,10
536356,115.5,3
536357,162.0,5
536358,960.14,21
536359,70.80000000000001,1
536360,297.55,15
536361,10.95,1
536363,1582.07,24
536364,473.53000000000003,16
536365,278.24,14
536366,44.400000000000006,4
536367,557.46,24
536368,140.10000000000002,8
536369,35.7,2
536370,1711.72,40
536371,408.0,2
536372,44.400000000000006,4
536373,519.72,32
536374,700.8,2
536375,519.72,32
536376,657.6,4
536377,44.400000000000006,4
536378,889.96,38
536380,69.6,2
536381,899.96,70
536382,861.2,24
536384,979.2,26
536385,261.7,14
536386,1016.4000000000001,6
536387,6387.84,10
536388,452.28,28
536389,716.5,28
536390,3651.48,48
536392,636.28,20
536393,159.2,2
536394,2049.36,22
536395,1015.76,28
536396,752.72,36
536397,558.0,4
536398,853.12,34
536399,44.400000000000006,4
536400,34.8,2
536401,708.46,128
536402,714.0,6
536403,385.20000000000005,4
536404,942.6,56
536405,652.8,2
536406,706.28,34
536407,44.400000000000006,4
536408,1566.22,96
536409,486.56,116
536412,1028.82,162
536415,781.58,118
536416,451.4,12
536420,466.9,28
536423,607.8,18
536425,724.9,34
536437,1684.24,12
536446,881.78,64
536460,591.08,28
536463,34.8,2
536464,554.7,170
536466,85.8,4
536477,4949.4800000000005,28
536488,331.78,70
536500,447.8,30
536502,190.58,10
536508,311.04,4
536514,591.0,10
536520,626.98,142
536521,9.9,2
536522,382.12,108
536523,406.6,24
536524,141.60000000000002,8
536525,272.48,26
536526,602.48,18
536527,522.96,30
536528,627.86,114
536529,322.0,18
536530,403.5,46
536531,1900.18,46
536532,3838.2799999999997,146
536533,312.2,12
536534,231.3,10
536535,389.70000000000005,24
536536,330.09999999999997,6
536537,739.0,22
536538,510.0,62
536539,975.5,54
536540,1080.76,40
536541,30.0,2
536542,1574.8,32
536551,293.22,70
536556,203.1,16
536557,1074.76,130
536559,430.3,18
536560,1598.8,26
536561,644.8000000000001,30
536562,617.3000000000001,36
536563,345.08,18
536564,102.8,4
536566,232.5,12
536567,502.80000000000007,14
536568,10.08,2
536569,715.9,134
536570,608.6800000000001,10
536571,589.24,36
536572,884.6999999999999,42
536573,286.24,8
536574,35.7,2
536575,3105.96,16
536576,5116.84,32
536577,994.0,8
536578,559.2,16
536579,631.9200000000001,4
536580,194.39999999999998,12
536581,660.0,2
536582,608.08,34
536583,396.0,2
536584,2265.6000000000004,2
536585,39.8,2
536586,688.4,14
536587,623.62,44
536588,554.1,22
536590,411.72,28
536591,396.64,80
536593,163.5,10
536594,159.0,10
536595,698.3,22
536597,205.57999999999998,56
536598,321.2,8
536599,612.8,12
536600,503.24,24
536601,44.400000000000006,4
536602,327.52,24
536603,44.400000000000006,4
536604,369.0,18
536605,545.3000000000001,30
536607,607.94,36
536608,76.2,6
536609,488.92,32
536610,44.400000000000006,4
536611,519.3000000000001,28
536612,413.52,30
536613,417.94,34
536614,44.400000000000006,4
536615,573.84,24
536616,488.16,2
536617,2190.24,22
536618,1560.24,42
536619,194.39999999999998,4
536620,970.5,46
536621,700.12,20
536623,1536.76,96
536624,1221.28,44
536626,25.200000000000003,2
536627,612.4,28
536628,461.12,32
536629,44.400000000000006,4
536630,488.92,32
536631,44.400000000000006,4
536632,625.6,42
536633,408.3,36
536634,387.56,28
536635,1144.76,40
536636,212.4,2
536637,470.32,134
536638,2113.26,126
536639,577.0,32
536641,8.5,2
536643,447.4,54
536663,598.8000000000001,12
536667,725.0,32
536670,116.0,2
536671,272.4,10
536672,254.4,8
536673,679.68,16
536674,254.16,42
536676,415.0,18
536681,227.84,26
536685,760.92,34
536688,44.400000000000006,4
536690,662.52,34
536693,44.400000000000006,4
536698,652.0,32
536707,399.3,26
536732,709.08,52
536733,659.3000000000001,28
536735,422.4,2
536736,1649.76,10
536738,196.36,14
536739,403.5,24
536740,185.5,14
536741,404.24,30
536742,396.16,100
536743,523.52,70
536744,759.5,20
536745,683.8,20
536746,496.2,26
536747,200.4,24
536748,232.0,10
536749,706.38,130
536750,869.6,38
536751,44.400000000000006,4
536752,781.32,38
536753,44.400000000000006,4
536754,420.48,100
536759,622.5,34
536761,197.8,14
536762,615.36,40
536763,905.04,24
536769,1336.8,62
536771,236.76,14
536777,276.2,10
536778,386.46,28
536779,30.0,2
536781,100.80000000000001,2
536782,1035.9,54
536783,8152.96,76
536784,4341.8,50
536785,5461.92,12
536786,648.0,4
536787,384.92,26
536788,150.0,2
536789,44.400000000000006,4
536790,1064.02,34
536791,88.80000000000001,4
536792,60.0,2
536793,341.4,22
536794,645.6,8
536795,667.44,14
536796,751.3,242
536797,261.6,12
536798,1434.3200000000002,62
536799,366.6,36
536800,473.94,38
536802,394.6,16
536803,45.0,2
536804,3428.5,50
536805,813.12,40
536806,90.24,10
536808,495.6,24
536809,2006.4,2
536810,607.92,2
536811,1055.7,2
536813,379.6,34
536819,616.5600000000001,34
536821,286.90000000000003,46
536823,101.10000000000001,6
536824,816.0,2
536830,4004.8,4
536831,1138.8,8
536832,329.6,16
536833,876.2,58
536834,70.80000000000001,2
536835,590.0,2
536836,526.6,54
536837,617.36,54
536838,74.4,6
536839,1247.46,32
536840,310.7,22
536841,786.84,44
536842,527.24,22
536843,69.8,4
536844,378.6,6
536845,255.1,58
536846,826.2,152
536847,431.15999999999997,18
536848,1068.0,6
536849,795.0,6
536851,2736.8,30
536852,178.28,14
536856,1509.74,78
536857,256.06,34
536858,606.8,12
536859,588.5,48
536860,508.79999999999995,20
536861,607.0,20
536863,246.14,96
536874,464.52,138
536884,79.5,6
536890,644.4,6
536938,3361.76,28
536943,375.02,56
536944,1240.0,10
536945,619.08,132
536946,1683.88,58
536947,1372.8,76
536954,850.0,2
536956,609.9000000000001,30
536957,1583.4,26
536960,451.3,28
536967,153.0,4
536968,1068.0,4
536969,1056.0,2
536970,2628.0,2
536971,496.32,16
536972,460.5,28
536973,1472.56,62
536974,672.48,32
536975,3411.3,142
536976,299.6,38
536977,217.56,28
536980,1182.94,24
536981,202.28,48
536983,351.06,18
536984,679.08,58
536985,668.6,22
536986,248.28,14
536987,544.02,106
536988,508.78000000000003,76
536989,231.4,44
536990,263.6,14
536992,183.6,2
536993,220.70000000000002,68
536994,197.0,6
537022,855.6,48
537023,244.3,50
537026,692.2,24
537030,492.6,26
537031,270.0,12
537034,4710.360000000001,146
537035,23.2,2
537036,270.65999999999997,62
537037,513.8000000000001,22
537038,1071.5,14
537040,1468.7999999999997,4
537041,311.28000000000003,52
537042,476.22,104
537044,862.9,38
537045,252.85999999999999,70
537046,554.9,28
537047,653.2,82
537048,11.8,4
537049,555.3000000000001,28
537050,1111.68,102
537051,701.36,84
537052,1104.48,10
537053,551.6,6
537054,304.1,82
537055,546.58,30
537057,549.34,102
537058,702.86,24
537059,255.96,48
537065,3053.84,126
537067,54.9,12
537077,359.28000000000003,52
537081,2290.12,50
537086,876.0,16
537090,30.0,2
537111,360.88,46
537117,408.0,2
537126,951.72,236
537127,816.0,4
537128,423.48,46
537129,602.24,34
537130,229.3,38
537131,1094.2,76
537133,412.46000000000004,110
537134,326.98,18
537135,1444.72,234
537136,547.52,74
537137,1071.2,132
537138,546.6,66
537139,66.3,6
537140,140.84,78
537141,1035.3,88
537142,82.9,30
537144,686.5600000000001,210
537153,1247.5,90
537154,2042.9,128
537155,151.28,66
537156,502.5,38
537158,369.6,20
537159,585.9,56
537160,566.3,52
537163,769.4399999999999,42
537176,263.0,42
537179,1612.56,26
537192,423.6,114
537193,921.2,74
537194,542.4,2
537195,1301.28,66
537196,822.84,172
537197,573.0,34
537198,171.0,4
537199,313.48,76
537200,225.8,58
537201,3262.6,140
537202,539.4,100
537204,396.86,64
537205,331.72,22
537206,171.10000000000002,8
537207,377.54,46
537208,595.84,132
537209,385.36,84
537210,419.68,32
537211,711.5,32
537212,946.78,60
537213,17.3,12
537214,3336.4,26
537215,717.1199999999999,14
537216,1139.0,36
537217,334.4,8
537218,640.16,32
537219,847.04,138
537221,74.7,14
537222,266.96,52
537223,329.40000000000003,18
537224,2831.94,338
537225,992.96,128
537226,226.96,18
537227,1844.8000000000002,40
537228,50.400000000000006,2
537229,34.8,2
537231,617.6,36
537233,706.0,18
537235,5135.280000000001,10
537236,751.3800000000001,20
537238,328.4,30
537239,420.38,26
537241,729.84,30
537242,824.44,58
537243,100.80000000000001,4
537244,601.32,22
537245,116.4,6
537246,258.8,14
537247,447.36,6
537248,112.5,8
537249,66.0,2
537250,392.88,28
537254,765.38,118
537255,607.0,40
537256,4527.6,22
537257,285.0,18
537258,284.5,20
537262,1223.02,112
537265,541.44,98
537298,307.0,18
537301,205.32,30
537312,622.48,18
537313,246.3,10
537332,645.6,24
537334,861.46,88
537335,197.4,46
537346,1346.74,68
537350,838.12,24
537351,232.16,64
537354,266.14,76
537359,368.20000000000005,20
537360,152.64000000000001,2
537362,785.24,120
537365,899.9000000000001,42
537366,616.1,24
537367,50.400000000000006,2
537368,755.0,30
537369,505.6,116
537370,759.4,104
537371,371.94,28
537372,396.7,44
537374,763.28,174
537375,717.64,98
537376,961.36,32
537377,541.04,28
537378,1568.3,40
537380,201.60000000000002,4
537381,1023.12,48
537382,750.94,116
537384,245.4,10
537385,250.20000000000002,26
537386,41.7,2
537387,444.36,28
537388,783.0,36
537389,298.0,38
537390,246.48,16
537391,1109.32,96
537392,332.3,48
537393,4830.08,68
537394,162.35999999999999,10
537395,300.44,106
537396,585.6800000000001,60
537397,488.40000000000003,20
537399,855.48,120
537400,845.62,100
537403,60.9,22
537404,113.7,22
537405,813.38,92
537407,385.4,12
537409,812.32,32
537410,302.40000000000003,2
537412,355.20000000000005,2
537415,454.8,18
537418,274.22,72
537419,1021.9,28
537420,670.6,36
537421,585.08,102
537422,435.09999999999997,66
537423,332.0,12
537424,185.10000000000002,6
537428,901.84,44
537429,164.24,42
537433,835.24,8
537435,443.0,28
537440,428.64,32
537441,1080.0,82
537446,1138.06,56
537447,302.6,14
537448,79.19999999999999,2
537456,3978.48,4
537457,3289.88,38
537458,586.9000000000001,26
537459,356.8,22
537460,652.8,2
537461,1020.0,2
537462,345.3,24
537463,2067.04,82
537464,1236.14,56
537465,909.2,44
537467,236.5,36
537468,830.9200000000001,40
537469,204.0,2
537470,222.5,10
537471,35.7,2
537472,223.08,12
537476,1915.0,6
537484,3660.04,56
537489,1023.5999999999999,42
537509,1065.6000000000001,4
537523,319.1,18
537538,623.3,24
537567,362.24,60
537592,654.8000000000001,10
537593,1142.0,26
537594,1193.6,34
537595,236.64,48
537598,638.0,28
537599,39.8,2
537601,217.56,18
537603,746.98,30
537604,2763.84,90
537605,333.48,24
537606,1263.3,62
537607,312.38,32
537608,888.84,94
537609,1234.24,24
537612,644.6,20
537614,645.6,60
537615,278.0,10
537616,31.8,2
537617,354.52,16
537618,4044.32,32
537619,460.79999999999995,14
537620,195.6,12
537622,331.88,46
537623,767.86,88
537624,613.6800000000001,118
537625,175.0,12
537626,1423.58,62
537627,1427.76,24
537628,757.5,32
537629,713.74,36
537631,34.8,2
537634,463.8,36
537635,136.2,4
537636,344.0,6
537646,813.2,160
537648,805.22,44
537649,225.2,14
537650,578.7,26
537653,537.46,74
537655,222.3,16
537657,19278.24,10
537658,791.52,6
537659,31770.98,18
537664,93.6,2
537665,279.72,12
537667,652.8,2
537668,97.60000000000001,4
537669,328.5,18
537670,1028.78,20
537671,656.9,30
537672,656.02,36
537673,1045.4,14
537674,638.36,38
537676,517.8,16
537678,713.82,18
537680,506.48,26
537681,608.4,14
537682,199.2,8
537683,730.8,40
537685,409.74,38
537686,450.0,6
537688,1404.2,38
537689,603.04,34
537690,658.72,30
537691,621.14,40
537692,1342.42,100
537693,347.1,22
537694,316.5,28
537698,937.36,8
537700,618.0,6
537707,607.72,28
537738,574.16,34
537743,303.9,18
537751,77.6,4
537754,315.2,44
537755,822.88,18
537757,628.2,16
537758,211.44,20
537759,407.28000000000003,24
537760,615.64,8
537761,39.599999999999994,2
537762,1138.8,54
537764,291.86,90
537765,431.76,76
537766,1303.2,8
537767,700.8,2
537768,78.0,4
537769,411.28000000000003,106
537770,591.32,30
537771,901.84,18
537772,632.92,132
537773,764.54,138
537774,562.0,8
537775,1820.28,90
537780,254.1,12
537781,1027.2,322
537789,1246.8400000000001,28
537791,294.79999999999995,4
537792,296.46000000000004,42
537793,5493.5,58
537794,828.86,120
537795,625.8000000000001,30
537796,810.32,12
537799,285.9,22
537800,139.57999999999998,20
537801,806.5,10
537802,1385.88,60
537803,179.0,4
537804,261.28,26
537806,745.9399999999999,20
537808,502.18,34
537809,236.6,14
537810,47.7,2
537811,537.72,4
537813,752.6000000000001,14
537815,601.4,30
537816,259.5,6
537817,337.2,14
537818,2298.58,106
537819,795.2,34
537822,1133.9,60
537825,445.0,56
537826,544.6800000000001,42
537827,126.0,2
537828,957.78,60
537829,1051.6,38
537830,395.6,30
537831,213.54000000000002,22
537833,1180.0,2
537836,207.35999999999999,2
537837,627.44,28
537840,610.9,30
537841,640.0,2
537842,319.02,32
537843,342.3,18
537844,380.68,76
537845,142.8,8
537846,403.20000000000005,10
537847,360.8,12
537848,360.0,2
537849,150.0,2
537850,637.68,50
537851,712.8,14
537852,5342.54,172
537854,309.6,10
537855,526.5,64
537859,1341.1,52
537861,241.3,12
537862,223.06,14
537863,11.9,2
537864,673.88,28
537865,475.9,44
537866,1352.2,18
537867,614.5,30
537868,3735.96,148
537871,334.18,50
537879,426.6,16
537880,731.6,32
537881,1913.0,24
537882,283.9,8
537883,126.0,10
537884,1051.86,12
537885,517.5,32
537886,418.6,20
537887,2971.44,20
537888,1048.7,70
537889,1340.96,54
537890,200.39999999999998,12
537891,177.6,10
537892,318.76,20
537894,929.22,28
537895,858.48,10
537896,517.9,28
537897,427.76,26
537898,728.8,40
537899,7588.799999999999,2
537900,765.32,48
537901,618.8,6
537915,508.06,26
537955,743.4,100
537963,616.5600000000001,28
537967,115.2,6
537981,2670.4,8
537995,590.2,22
538000,203.8,4
538002,727.06,34
538003,2563.0,40
538005,1665.6,6
538006,326.4,4
538007,348.8,22
538008,1698.4,82
538009,1891.1,64
538010,453.59999999999997,10
538011,514.44,64
538012,448.76,58
538013,229.58,26
538014,1313.4,26
538015,448.14,42
538032,348.8,20
538035,744.18,148
538037,225.2,10
538040,651.52,120
538048,362.0,4
538049,36.8,10
538050,31.8,2
538051,410.7,58
538053,3142.64,60
538056,499.3,48
538057,633.64,22
538063,3828.4800000000005,2
538064,223.5,48
538065,857.2,46
538067,331.3,52
538068,601.8399999999999,24
538069,829.76,132
538070,207.4,10
538073,32.42,20
538076,544.72,28
538077,1372.3,96
538078,748.5,52
538079,788.36,34
538080,502.0,18
538086,757.0600000000001,76
538087,120.0,8
538093,1478.1,66
538094,372.06,22
538095,349.44,80
538097,630.0,30
538101,460.20000000000005,2
538104,380.7,52
538106,145.64000000000001,26
538107,310.0,18
538108,499.72,34
538113,579.7,32
538116,1370.0,36
538117,120.0,6
538120,289.0,4
538125,60.0,4
538126,436.8,24
538145,766.14,46
538146,804.64,42
538147,30.0,2
538151,883.2,10
538155,364.03999999999996,68
538156,1240.7,74
538157,239.3,24
538163,515.9,92
538165,371.64,6
538166,238.9,34
538167,597.9,50
538168,637.4,60
538169,186.9,26
538170,635.1800000000001,50
538171,601.28,130
538172,370.80000000000007,11
538174,1982.41,47
538175,378.0,1
538176,402.0,4
538178,157.9,6
538179,17.700000000000003,1
538180,369.09999999999997,10
538181,151.5,7
538182,115.08000000000001,10
538183,651.83,32
538184,458.92,26
538185,188.98,6
538186,201.75,11
538187,218.10000000000002,10
538190,127.9,10
538191,5375.28,16
538192,135.0,1
538193,67.5,1
538194,0.95,1
538195,337.5,2
538196,1071.9,16
538197,124.1,21
538198,919.8,87
538199,182.25,29
538200,95.25,15
538201,203.1,41
538202,274.73,19
538203,186.60000000000002,8
538204,428.76,4
538205,336.15999999999997,62
538206,236.92,15
538207,271.47,55
538208,111.8,26
538209,185.06,41
538210,523.86,32
538211,239.70000000000002,8
538216,254.4,5
538240,247.56,7
538248,139.68,38
538250,132.65,33
538252,219.1,8
538255,1156.05,51
538260,300.65000000000003,16
538263,228.12,14
538268,116.89999999999999,7
538279,686.16,7
538280,612.1,11
538283,10.29,4
538288,1.9,1
538296,309.40000000000003,18
538306,202.5,1
538307,213.26,39
538308,363.24,16
538309,114.45000000000002,3
538310,25.799999999999997,2
538311,311.95,14
538312,272.82,46
538313,1136.3200000000002,39
538327,401.92,22
538342,39.949999999999996,1
538343,385.58000000000004,16
538345,106.4,7
538346,756.45,36
538347,317.5,32
538352,173.7,3
538353,3762.66,38
538354,2157.64,68
538355,9.9,1
538356,966.62,21
538361,158.0,26
538363,156.65,19
538364,102.35000000000001,18
538365,338.6,20
538366,275.3,7
538367,664.01,43
538368,147.09,70
538369,283.28000000000003,39
538370,550.5,50
538371,350.24,41
538374,193.22,51
538378,346.90000000000003,38
538379,212.6,62
538382,214.24,37
538397,3590.59,48
538403,324.22,22
538409,126.28,9
538417,106.75,10
538418,172.71,46
538419,170.91,37
538420,293.76000000000005,1
538421,110.91,29
538437,110.1,24
538449,452.99,54
538453,330.92,27
538470,11.6,2
538473,177.66,14
538488,212.08,29
538497,168.36,44
538499,388.65,2
538501,11.9,1
538503,513.64,6
538504,168.15,18
538507,767.37,56
538508,863.39,118
538509,122.7,23
538510,169.47,40
538511,214.74,16
538512,135.39999999999998,9
538513,179.1,25
538514,835.95,58
538515,1393.56,13
538516,204.0,1
538517,320.28,53
538518,1050.35,137
538519,31.3,6
538521,339.40000000000003,17
538522,539.2,6
538523,384.55,24
538525,881.01,20
538526,1206.72,4
538527,418.92,7
538528,103.5,6
538529,777.5600000000001,23
538532,318.85,13
538533,357.61,37
538534,40.8,1
538535,127.0,7
538537,347.71,8
538541,540.95,15
538557,27.8,2
538558,309.71999999999997,34
538565,1.9,1
538567,302.1,17
538576,166.22,14
538591,310.8,10
538592,230.1,15
538593,476.76,11
538594,218.1,2
538596,168.0,7
538597,171.04,26
538625,1121.92,57
538626,767.6,56
538629,223.48,33
538630,1167.41,54
538631,689.04,9
538633,129.57,20
538634,491.24,41
538635,250.04,53
538636,676.54,41
538637,244.19,44
538638,232.01,52
538639,243.0,20
538640,145.0,6
538641,1485.78,37
538644,12.45,2
538645,310.74,16
538646,346.14,14
538648,760.32,5
538651,280.94,23
538652,476.96,64
538653,1247.64,18
538654,91.9,5
538655,109.71000000000001,21
538656,97.63,8
538657,201.4,16
538658,125.2,7
538659,585.53,34
538660,1228.4,42
538661,309.05,11
538662,1822.88,46
538663,38.1,2
538664,1695.1200000000001,33
538665,177.35,10
538667,1.9,1
538668,110.7,2
538669,0.95,1
538671,365.55,5
538679,150.68,11
538683,462.3,20
538685,15.0,1
538687,650.1,5
538688,148.36,7
538689,300.92,16
538697,102.0,3
538706,312.4,13
538707,167.85999999999999,43
538708,365.27,18
538709,151.66,46
538710,198.95000000000002,12
538714,275.45,26
538715,325.22,18
538716,17.4,1
538719,60.0,1
538721,11.8,1
538722,307.39,20
538744,215.32,62
538753,134.64999999999998,6
538783,976.7,30
538785,206.0,8
538795,293.85,10
538796,304.5,17
538797,10.5,1
538799,706.25,59
538800,193.9,10
538801,337.98,17
538807,252.62,28
538808,632.52,43
538809,306.52,11
538810,140.4,25
538811,710.0,32
538812,74.25,6
538814,324.72,25
538815,179.87,11
538816,479.35,15
538817,301.2,4
538826,1590.82,83
538827,2594.7599999999998,89
538828,231.84,4
538829,326.4,1
538830,146.46,5
538831,337.59999999999997,4
538832,413.79,25
538836,234.85999999999999,22
538839,305.79,45
538841,170.55,16
538843,154.05,19
538844,1194.52,17
538845,92.82,6
538846,11.0,2
538848,1188.0,1
538849,875.18,88
538850,147.35,9
538851,310.85,16
538852,198.07,29
538853,214.77,55
538854,357.1,12
538855,488.09,30
538856,293.4,5
538857,152.4,11
538858,951.24,11
538859,658.2,6
538860,115.35,12
538862,149.5,17
538863,341.65999999999997,43
538864,360.06,5
538865,91.15,5
538866,647.99,67
538868,824.02,27
538869,61.05,3
538870,85.75,5
538871,476.70000000000005,6
538872,304.90000000000003,11
538875,307.8,9
538878,267.0,8
538879,338.98,19
538886,411.4,28
538888,125.56,14
538890,362.79,54
538892,17.4,1
538894,202.45,25
538895,247.38,15
538896,302.78,17
538899,123.1,5
538900,366.77,19
538901,238.65,11
538902,306.18,12
538903,501.01,26
538905,303.15000000000003,15
538907,202.79999999999998,5
538908,346.79999999999995,12
538909,97.5,5
538910,165.85,9
538917,684.26,73
538935,186.64000000000001,12
538942,101.23,12
538943,253.2,4
538944,201.20000000000002,10
538945,1761.26,22
538951,206.29,45
538967,354.48,8
538968,303.57,20
538991,3240.4,45
538992,428.82000000000005,29
538993,101.2,6
538994,422.70000000000005,9
538995,1185.8600000000001,30
538996,332.1,5
538998,2605.88,15
538999,1181.0,20
539000,185.45,7
539001,102.0,1
539002,269.31,29
539004,336.98,9
539005,20.4,1
539006,102.28,4
539007,105.88,17
539008,307.8,8
539009,498.16,35
539010,247.91,45
539011,67.24000000000001,4
539012,1305.6,8
539014,343.26,25
539015,440.2,16
539016,571.48,15
539017,15.8,1
539018,283.53000000000003,16
539019,306.84,43
539030,755.3000000000001,18
539032,74.4,5
539033,228.6,1
539034,209.65,22
539036,300.87,17
539038,308.37,20
539039,1256.32,61
539040,171.05,14
539041,243.22,26
539042,209.08,11
539043,392.34000000000003,17
539044,1536.85,67
539046,295.2,15
539047,219.6,8
539048,80.64,1
539049,1048.64,23
539050,195.89,67
539051,14.850000000000001,1
539052,17.700000000000003,1
539053,203.6,49
539056,1.45,1
539064,58.7,6
539075,227.22,38
539076,391.0,5
539077,314.54999999999995,3
539078,379.68,9
539079,271.05,10
539080,404.82,7
539082,205.8,12
539083,32.25,2
539084,190.35,11
539085,164.64,3
539086,397.96,12
539087,1168.2,12
539088,1827.91,24
539089,186.0,12
539091,163.8,5
539092,527.04,6
539093,196.60000000000002,2
539094,157.35000000000002,7
539095,300.46,15
539096,313.2,1
539098,395.16,19
539099,403.61,29
539101,6930.0,11
539102,1431.6,5
539103,933.3199999999999,18
539105,212.33,8
539106,920.52,12
539107,211.2,3
539108,204.0,1
539109,1491.0,2
539111,217.2,8
539112,328.77,19
539113,4.949999999999999,1
539118,270.19,22
539142,164.6,8
539143,46.45,3
539144,889.32,3
539160,311.64,11
539181,135.44,31
539185,216.34,39
539196,750.64,35
539201,322.01,13
539211,430.28000000000003,30
539212,298.25,16
539213,150.06,14
539214,141.3,13
539215,210.75,37
539216,16.15,2
539217,587.66,24
539218,3.75,1
539219,114.0,4
539222,305.7,16
539225,1491.46,61
539226,147.75,6
539240,843.78,44
539243,172.2,28
539246,104.48,19
539247,228.5,16
539248,133.56,7
539249,314.1,15
539250,1085.46,54
539252,377.52,19
539254,243.11999999999998,7
539255,308.21999999999997,20
539256,468.07,28
539257,1722.9,6
539259,301.44,19
539261,424.49,31
539262,351.3,25
539263,332.18,21
539264,310.48,12
539266,131.3,7
539267,253.5,9
539268,29.700000000000003,2
539269,46.85,3
539272,97.24000000000001,4
539275,403.79999999999995,6
539280,76.55,4
539281,476.35,30
539282,131.4,6
539283,250.65,13
539285,105.54,8
539286,252.2,5
539288,5.5,1
539290,133.22,16
539292,304.9,9
539293,501.69,21
539294,356.35,50
539295,348.8,10
539296,75.78,5
539297,147.9,10
539298,136.25,9
539299,218.85,11
539303,436.86,8
539304,302.40000000000003,1
539305,320.15,20
539306,112.15,5
539307,2054.92,40
539308,250.46,13
539309,279.85,19
539310,15.0,1
539311,357.94,15
539312,556.5,3
539313,312.98,11
539314,540.45,18
539315,230.70000000000002,11
539316,97.3,5
539317,312.41,49
539318,892.8,17
539319,292.5,4
539320,707.0600000000001,18
539321,220.06,47
539322,126.9,19
539324,124.51,50
539325,357.01,23
539326,408.16999999999996,14
539327,198.3,5
539328,300.04,8
539330,277.2,8
539331,216.0,1
539332,144.0,1
539333,311.19,20
539334,25.95,10
539335,320.1,4
539336,115.9,4
539338,2646.2999999999997,25
539351,168.0,10
539353,463.5,22
539374,347.01,22
539379,177.15,12
539391,291.34,11
539395,1484.25,27
539398,29.700000000000003,1
539400,53.400000000000006,3
539401,792.99,7
539403,224.8,11
539404,108.92,27
539405,919.04,18
539406,214.20000000000002,1
539407,170.28,6
539408,183.74,15
539410,102.0,1
539411,258.7,11
539414,212.61,40
539415,316.58,9
539416,29.43,3
539417,72.0,4
539418,135.12,8
539419,415.7,10
539420,158.16,4
539421,753.74,39
539422,190.55,11
539423,148.95,7
539435,180.0,5
539439,323.62,21
539440,250.0,1
539442,311.15000000000003,15
539443,668.88,6
539444,1241.43,35
539445,323.38,6
539446,858.0,30
539447,333.82,19
539450,196.75,29
539452,741.22,9
539454,196.78,9
539455,121.02,28
539456,190.65,30
539459,334.84000000000003,15
539460,33.0,1
539461,259.55,14
539462,315.56,15
539463,191.46,17
539464,218.05,31
539465,2062.44,12
539466,469.87,24
539468,663.8000000000001,26
539469,283.52,34
539470,279.88,36
539471,246.70000000000002,42
539472,31.62,17
539473,411.1,18
539474,12.8,7
539475,364.98,86
539477,365.73,27
539478,193.64,17
539483,99.5,9
539484,947.1899999999999,62
539487,215.01,10
539488,1001.52,43
539489,311.7,2
539490,306.15000000000003,15
539491,70.96000000000001,16
539496,269.5,16
539497,286.95,14
539498,290.51,19
539501,287.45,30
539502,383.52,40
539551,286.6,15
539561,339.72,8
539564,756.12,6
539567,101.76,1
539570,327.6,14
539571,15.9,1
539572,433.5,2
539578,1440.0,6
539579,344.11,43
539580,289.74,16
539581,455.6,11
539586,962.24,27
539587,754.16,20
539588,138.85,19
539590,832.0799999999999,17
539591,237.60000000000002,1
539592,14.850000000000001,1
539593,776.95,32
539594,239.4,4
539597,61.199999999999996,2
539604,102.0,1
539607,1084.59,47
539609,221.4,18
539610,109.88,26
539628,182.52,7
539629,239.9,6
539630,751.0,12
539633,73.80000000000001,3
539634,144.5,2
539635,728.0400000000001,13
539636,631.96,12
539637,112.68,19
539639,37.67,10
539641,134.14,8
539642,242.92000000000002,43
539645,0.95,1
539646,28.5,1
539647,216.76,58
539653,658.38,41
539654,1689.12,50
539658,302.95,16
539659,842.9,39
539660,9.2,4
539662,117.60000000000001,4
539663,396.84999999999997,42
539664,25.200000000000003,1
539666,479.4,4
539675,114.60000000000001,2
539676,237.93,16
539688,150.0,1
539716,148.0,5
539717,65.4,3
539720,97.84,3
539721,324.0,1
539722,762.3000000000001,29
539723,434.0,8
539724,382.5,1
539725,182.19,20
539727,71.28,4
539728,1141.24,54
539730,193.15,11
539731,8520.92,54
539732,29.700000000000003,1
539752,383.7,16
539754,69.29,16
539755,45.35,6
539760,424.17,37
539761,662.9,26
539762,500.0,1
539764,433.5,10
539766,351.08,28
539826,615.6,31
539828,23.8,1
539829,110.39999999999999,4
539831,108.63,16
539835,318.75,19
539836,135.34,21
539837,222.6,14
539840,600.72,37
539858,610.8,3
539859,192.4,5
539864,134.55,1
539865,344.88,3
539867,172.25,7
539920,390.95,32
539921,20.3,5
539933,529.59,34
539946,128.7,9
539953,12.35,4
539954,121.62,3
539957,1262.85,65
539978,354.64,13
539981,300.42,21
539982,256.61,20
539984,289.85,15
539985,968.77,14
539987,6.95,1
539988,353.69,89
539993,307.3,17
540001,474.66,9
540002,310.28,4
540003,368.8,22
540004,76.32000000000001,1
540005,190.56,16
540013,299.6,34
540014,339.68,58
540015,510.89,28
540016,168.3,11
540017,215.41,13
540019,413.68,29
540020,109.3,3
540021,516.97,71
540022,388.72,10
540023,794.66,48
540024,23.8,1
540025,323.04,11
540027,363.66,22
540028,284.6,13
540029,90.0,1
540031,431.88000000000005,30
540032,299.92,8
540033,871.48,49
540040,547.56,13
540043,173.39000000000001,16
540059,385.8,4
540060,203.1,10
540073,644.13,22
540093,112.30000000000001,17
540094,312.95,18
540095,201.94,23
540096,476.48,16
540098,160.38,57
540099,733.92,41
540113,323.87,18
540114,243.4,9
540115,112.65,8
540120,969.36,22
540121,366.06,17
540122,1179.6,23
540126,1209.1,10
540130,393.9,2
540146,261.5,25
540148,364.8,22
540149,481.7,24
540153,331.6,7
540157,1145.33,51
540159,72.0,2
540160,2574.48,3
540161,152.45,16
540162,95.65,6
540163,958.93,54
540166,660.0,3
540167,125.86,9
540168,445.22,52
540169,229.75,24
540170,170.4,5
540172,138.98000000000002,18
540173,116.0,1
540174,102.0,1
540175,1910.4,1
540176,3862.14,34
540178,556.07,34
540179,481.14,54
540180,107.89,12
540181,199.44,2
540182,229.56,6
540183,1220.4,21
540184,119.3,6
540185,344.81,29
540187,653.86,41
540188,296.66,34
540239,835.11,40
540240,417.81,28
540242,511.95,29
540245,379.44,7
540247,1048.85,157
540248,583.45,43
540249,305.74,15
540251,12.75,1
540253,1263.72,8
540257,238.55,13
540258,682.8,3
540259,417.3,21
540260,771.29,41
540261,730.88,13
540262,242.54999999999998,1
540263,169.8,5
540264,432.0,1
540265,253.1,16
540267,7011.38,46
540268,1489.18,53
540269,186.0,8
540273,563.15,17
540274,211.8,5
540275,1520.1100000000001,21
540276,1520.11,21
540277,3120.2200000000003,31
540278,433.04,104
540279,35.400000000000006,1
540280,143.0,2
540288,785.65,74
540316,464.82,29
540345,621.9,9
540348,224.11,28
540349,660.15,42
540350,108.45,57
540351,319.77,22
540353,499.89,69
540354,623.6800000000001,16
540357,1374.46,42
540358,369.14,9
540359,377.7,27
540361,304.2,6
540362,162.70000000000002,31
540363,185.1,3
540364,317.06,45
540365,479.25,24
540370,76.32000000000001,1
540371,309.55,15
540372,3527.64,171
540373,307.35,37
540374,303.36,13
540383,406.77000000000004,6
540387,175.15,13
540395,237.65,20
540396,969.24,10
540397,236.02,37
540399,9.3,1
540401,797.5999999999999,2
540402,557.5600000000001,26
540404,301.66,16
540405,582.0,5
540406,495.0,3
540407,427.47,11
540408,637.5,1
540409,504.25,17
540410,387.40000000000003,13
540411,311.07,11
540412,303.0,18
540413,331.55,20
540414,603.09,24
540415,523.05,48
540416,149.41,8
540420,207.25,6
540452,325.44,1
540453,302.45,23
540454,368.52,8
540455,730.16,22
540456,188.0,11
540457,102.5,4
540458,2169.39,149
540459,479.1,10
540460,104.76,13
540461,122.10000000000001,8
540462,434.95000000000005,16
540463,334.93,15
540464,1429.9,52
540465,83.7,3
540466,306.0,1
540467,300.54,19
540469,1138.67,98
540471,688.45,39
540472,335.8,18
540473,716.11,131
540475,141.48000000000002,9
540477,304.24,17
540478,2970.0,8
540479,135.9,10
540480,816.25,42
540481,165.88,8
540482,285.28000000000003,34
540489,559.85,39
540493,300.74,15
540496,328.54,20
540498,268.8,10
540499,365.2,24
540500,390.29999999999995,5
540501,753.26,37
540502,625.04,20
540504,208.56,24
540505,313.15,16
540506,282.25,35
540507,1933.2,6
540508,146.55,16
540509,537.99,52
540510,104.25,3
540511,334.26,34
540512,142.24,29
540513,422.4,9
540514,431.77,44
540515,182.78,29
540516,267.2,30
540517,157.09,14
540518,97.5,7
540519,413.68,17
540520,195.45,49
540521,114.0,9
540522,301.28,16
540523,340.94,36
540524,660.36,47
540525,309.48,18
540526,229.48,38
540528,136.05,12
540529,479.0,15
540530,488.46000000000004,27
540531,119.49000000000001,33
540532,221.7,20
540533,141.05,25
540534,25.2,2
540536,145.5,25
540537,110.17999999999999,13
540538,279.02,31
540539,557.07,26
540540,169.35,22
540541,320.21999999999997,22
540542,78.2,5
540543,380.68,36
540544,73.5,5
540545,401.49,48
540546,686.48,35
540547,258.0,13
540548,179.1,9
540550,1715.85,93
540552,376.7,22
540553,344.94,5
540554,240.45000000000002,15
540557,81.6,1
540561,326.78,23
540562,337.39,16
540563,175.2,1
540565,102.0,1
540566,185.97,46
540567,332.41,19
540568,646.54,42
540595,326.82,29
540604,311.71,29
540630,217.75,8
540635,456.97,20
540636,212.0,1
540639,566.84,21
540640,167.6,21
540641,279.3,15
540642,1238.06,50
540644,827.1800000000001,35
540645,402.66,13
540647,1248.32,93
540648,969.87,15
540649,404.12,8
540653,250.0,1
540662,500.48,10
540664,263.0,14
540671,322.53000000000003,7
540672,780.42,50
540680,434.03999999999996,33
540682,64.14,8
540687,237.19,27
540688,234.0,4
540689,12797.52,4
540690,241.26,12
540691,1508.6599999999999,44
540692,352.51,23
540697,369.0,21
540698,4314.0199999999995,23
540700,462.5,19
540701,602.44,9
540702,140.49,10
540703,511.46000000000004,15
540704,302.57,13
540732,144.12,9
540750,153.9,8
540753,69.7,4
540768,670.8000000000001,10
540769,144.26,9
540770,145.75,7
540777,110.95,3
540779,252.42000000000002,17
540782,184.2,8
540785,3417.1200000000003,4
540789,871.1999999999999,2
540794,153.6,9
540795,355.8,13
540797,8.5,1
540798,727.36,77
540799,15.299999999999999,2
540800,302.36,6
540801,1147.1799999999998,31
540802,418.48,5
540803,426.9,54
540809,374.75,16
540813,415.55,56
540815,15160.900000000001,3
540816,364.91,43
540817,347.95,16
540818,7837.5,2
540819,23.85,1
540822,24.95,2
540823,288.5,7
540824,252.54,13
540825,62.13,3
540826,447.28,31
540827,344.14,29
540829,113.63999999999999,4
540834,1578.31,36
540835,154.9,11
540838,425.1,27
540839,255.38,53
540840,108.67,7
540842,60.0,1
540844,71.5,4
540849,492.65000000000003,29
540851,102.95,7
540855,445.6,7
540856,812.25,39
540857,314.0,7
540858,92.4,4
540859,438.67,52
540862,202.34999999999997,9
540866,575.18,11
540900,250.65,11
540906,366.12,9
540907,1358.29,71
540908,721.9200000000001,2
540915,311.67,16
540939,2.46,2
540940,214.18,13
540943,220.33,34
540945,0.85,1
540946,547.5,16
540947,747.06,11
540951,676.5999999999999,11
540953,220.85,88
540954,174.15,26
540955,137.95,13
540957,342.46,35
540968,770.75,66
540970,197.65,3
540971,651.16,31
540972,392.7,7
540974,112.08,2
540975,289.7,24
540976,919.98,48
540979,554.75,32
540980,255.25,26
540981,287.46000000000004,22
540983,1289.5,5
540984,148.35,18
540985,105.54,3
540986,408.29,22
540990,258.41,15
540991,307.05,6
540992,436.23,49
540993,201.19,13
540994,704.59,47
540996,104.0,6
540997,130.85,8
540998,289.5,9
540999,1431.28,18
541001,165.0,1
541002,188.69,14
541003,301.11,15
541004,171.46,9
541005,200.25,29
541006,323.15000000000003,18
541008,72.26,5
541010,195.13,11
541011,155.17,9
541012,271.09,41
541013,397.79,10
541014,222.97,27
541015,226.37,14
541018,310.26,38
541021,898.5,19
541038,301.14,41
541043,250.0,1
541086,353.7,21
541087,205.75,9
541088,692.82,19
541091,342.15,15
541093,753.4499999999999,7
541094,336.07,36
541103,596.0600000000001,37
541105,660.0,2
541106,259.20000000000005,2
541107,328.92,15
541108,76.32000000000001,1
541109,14.95,2
541110,342.61,33
541111,353.5,22
541112,386.05,20
541113,174.14999999999998,12
541114,175.2,1
541115,1608.66,70
541119,127.80000000000001,6
541120,864.22,43
541121,225.89999999999998,10
541122,284.62,19
541123,534.57,35
541124,131.39999999999998,1
541125,47.5,2
541126,281.88,20
541134,643.6,25
541135,179.10000000000002,7
541136,359.9,7
541137,332.64,4
541138,700.31,38
541139,313.2,22
541149,177.00000000000003,3
541172,345.84999999999997,8
541181,100.2,3
541202,448.95,22
541203,302.76,3
541204,322.58,16
541205,430.7,39
541206,10389.06,79
541207,361.5,16
541208,272.64,11
541213,570.07,64
541214,487.70000000000005,30
541215,1547.58,76
541216,416.54,27
541217,111.9,3
541218,142.82,9
541220,16774.72,41
541223,254.54,67
541224,201.9,11
541225,234.62,19
541226,214.20000000000002,5
541227,349.2,6
541228,45.0,2
541236,3.35,1
541238,391.1,36
541239,487.9,14
541240,161.3,25
541241,191.94,36
541242,58.190000000000005,2
541243,69.6,1
541244,270.34000000000003,37
541246,22.200000000000003,1
541247,810.0,1
541248,8.52,7
541249,120.72999999999999,19
541250,35.28,7
541251,258.25,11
541252,203.3,9
541253,277.39,36
541255,4.25,1
541256,477.61,40
541258,362.0,38
541259,282.6,19
541260,145.0,31
541262,297.66,76
541263,759.0600000000001,19
541264,147.85,23
541265,430.04,100
541266,969.95,53
541267,613.22,25
541268,221.44,28
541269,1096.0,53
541270,155.95,16
541271,431.3,19
541272,110.45,5
541273,189.5,11
541274,493.45,31
541275,121.20000000000002,4
541276,165.0,1
541277,220.9,23
541278,167.4,5
541279,635.8,32
541280,1199.33,61
541281,64.99000000000001,13
541282,895.5,50
541283,170.46,11
541285,805.45,31
541286,475.2,29
541287,751.5999999999999,3
541288,264.65,7
541289,208.32,40
541290,103.56,5
541291,305.81,25
541292,375.15,21
541293,394.57,35
541294,157.2,6
541302,304.02,19
541316,111.35,6
541357,146.85,8
541362,311.48,17
541370,287.1,17
541371,322.78,34
541391,7.800000000000001,1
541400,412.85,2
541405,732.14,21
541406,416.08,62
541407,152.64000000000001,1
541408,316.5,12
541409,347.03999999999996,4
541410,1207.13,51
541411,9.75,1
541413,201.16,28
541414,248.42,43
541417,262.96,42
541420,5.9,1
541425,79.2,1
541426,440.0,1
541427,405.0,6
541428,138.35,8
541429,302.22,19
541430,2271.62,36
541431,77183.6,1
541432,158.95,4
541434,465.58,10
541435,155.93,12
541436,315.0,5
541439,69.6,5
541473,305.52,8
541474,390.0,4
541479,707.88,7
541480,132.52,10
541481,293.63,16
541483,107.45,7
541484,193.09,12
541485,290.8,99
541486,129.51,17
541488,780.5,13
541489,577.3,68
541490,129.95,4
541491,681.05,29
541500,145.23,14
541504,235.6,27
541505,15.0,1
541509,141.66,39
541510,203.55,24
541511,128.82,20
541513,15.0,1
541517,63.0,3
541518,2919.5099999999998,101
541520,238.5,13
541521,169.74,7
541522,330.2,18
541523,110.6,26
541524,594.7,37
541525,76.32000000000001,1
541530,523.98,35
541552,740.39,41
541564,192.26,45
541565,172.15,19
541566,833.44,30
541567,752.75,31
541568,305.6,10
541569,685.12,25
541570,7722.04,33
541571,169.68,24
541574,212.72,16
541575,577.02,33
541576,112.92,23
541585,275.5,14
541587,202.93,14
541588,487.45000000000005,31
541590,410.18,27
541591,309.94,17
541593,321.4,46
541594,295.05,15
541595,116.06,20
541596,767.0500000000001,103
541597,456.27000000000004,6
541602,166.68,31
541604,335.63,57
541605,114.6,4
541606,114.68,4
541608,305.28000000000003,2
541609,74.9,5
541610,429.15,3
541611,528.48,2
541615,149.42000000000002,19
541631,1516.68,72
541648,337.7,32
541649,167.39000000000001,12
541655,262.55,31
541657,87.75,4
541658,249.43,59
541659,178.95000000000002,10
541660,529.91,48
541664,330.9,11
541669,331.76,19
541670,2756.84,21
541671,398.6,15
541672,135.0,5
541673,120.6,3
541675,225.6,11
541676,530.48,33
541677,303.03999999999996,5
541678,115.8,22
541679,55.5,3
541680,1652.27,16
541681,229.46999999999997,14
541682,278.6,17
541683,330.48,31
541684,1761.18,106
541686,377.3,13
541690,42.2,3
541698,222.24,36
541699,301.96,16
541700,135.75,11
541703,341.0,12
541706,304.02,5
541708,19.5,1
541709,441.15,27
541711,8060.3,106
541712,125.13,30
541732,94.36,4
541756,661.58,5
541782,8.5,1
541783,728.16,35
541784,717.02,52
541785,85.6,4
541788,307.6,15
541789,7544.91,93
541791,101.25,5
541792,302.0,14
541793,345.24,19
541794,138.55,26
541795,259.6,27
541796,318.5,19
541797,17.2,6
541798,387.87,16
541799,6.6,2
541800,169.75,10
541801,91.8,9
541808,10.0,1
541812,357.12,3
541813,424.32,21
541814,748.94,6
541815,8.25,2
541816,614.38,73
541832,101.85,12
541835,161.8,9
541836,394.04999999999995,4
541837,153.0,10
541838,847.85,40
541839,376.31,34
541840,2.95,1
541841,161.03,11
541842,181.35,28
541843,1045.4,62
541844,215.16000000000003,48
541845,163.0,41
541846,323.09000000000003,17
541847,437.71,51
541848,497.48,103
541849,155.64,49
541850,244.3,40
541851,105.34,17
541853,224.75,8
541854,106.55,45
541855,469.18,95
541856,402.41999999999996,44
541857,514.5,12
541858,195.26,14
541859,265.18,28
541860,115.67999999999999,6
541862,265.85,24
541864,2375.42,19
541865,165.0,1
541866,417.31,26
541867,163.5,5
541872,293.74,49
541873,155.0,8
541874,970.6,10
541875,301.28,19
541876,117.4,6
541877,486.11,20
541880,408.3,13
541881,66.93,4
541883,904.66,20
541884,200.10000000000002,6
541886,481.41,27
541903,91.80000000000001,1
541916,241.85999999999999,8
541919,352.42,22
541932,2661.24,32
541946,309.43,18
541947,301.53,15
541948,206.98,17
541949,288.99,18
541950,523.34,19
541960,282.59999999999997,4
541962,162.05,9
541963,172.85,11
541965,1716.62,53
541966,304.1,8
541968,387.27000000000004,15
541970,1285.62,44
541972,431.63,27
541973,187.01999999999998,14
541974,163.04,25
541976,127.70000000000002,5
541977,379.7,18
541978,91.80000000000001,4
541979,282.44,15
541980,157.45,11
541981,190.2,9
541983,15.0,1
541984,111.78,8
541985,215.78,30
541986,374.93,20
541987,483.86,67
541988,585.0,5
541989,417.69,23
541990,214.4,11
541991,323.44,16
541992,431.76,3
541995,256.40999999999997,19
541996,333.08000000000004,17
541997,315.13,27
541998,227.44,6
542000,620.14,39
542001,723.6,25
542002,621.6,18
542003,1368.38,25
542004,88.80000000000001,4
542005,337.3,11
542006,581.66,28
542025,303.8,6
542026,169.65,9
542057,173.8,35
542058,461.64,23
542059,106.83000000000001,7
542065,90.9,11
542079,157.4,3
542080,1012.01,53
542081,15.149999999999999,2
542083,130.81,12
542084,1081.3,21
542085,355.12,28
542087,459.84000000000003,23
542090,241.89,21
542093,500.09999999999997,16
542096,199.32999999999998,24
542098,146.1,8
542099,99.5,1
542100,257.9,41
542102,2053.07,56
542103,800.19,52
542105,389.90000000000003,34
542106,1116.9,11
542107,846.72,137
542108,133.5,6
542110,274.74,16
542111,224.48000000000002,16
542112,632.18,76
542113,111.15,7
542114,451.03,21
542121,231.48,31
542122,636.94,24
542123,339.59999999999997,9
542124,302.58,8
542125,233.08,12
542126,564.39,5
542128,287.93,16
542129,120.94999999999999,7
542130,146.1,10
542131,323.71,11
542132,36.0,1
542133,153.78,7
542134,300.0,3
542141,326.4,2
542142,174.6,4
542143,561.3,6
542145,419.40000000000003,1
542146,160.05,6
542147,683.9300000000001,30
542148,252.10000000000002,11
542149,108.55000000000001,10
542151,187.85,12
542152,182.45,11
542153,164.7,8
542154,102.0,1
542155,285.59999999999997,1
542174,307.85,17
542192,1031.83,110
542207,396.71999999999997,3
542208,944.34,10
542212,244.8,2
542213,113.7,9
542214,157.02,10
542215,825.36,42
542216,802.56,52
542217,166.3,18
542219,594.04,35
542220,211.35,3
542221,379.28000000000003,36
542222,237.60000000000002,1
542223,100.85000000000001,6
542224,92.7,15
542226,188.86,18
542227,328.4,21
542228,372.29,19
542229,350.4,22
542230,227.39999999999998,7
542231,1136.58,91
542233,648.8,12
542234,9.95,1
542235,193.79999999999998,4
542236,191.55,43
542237,475.39,29
542238,452.84999999999997,26
542239,114.85,28
542240,249.0,11
542241,271.56,48
542242,156.0,8
542243,181.65,17
542246,318.23,16
542247,305.55,15
542254,511.69,10
542258,162.4,20
542265,142.71,23
542266,275.78,31
542267,9.9,1
542268,490.88,36
542269,675.58,30
542272,736.7,41
542274,339.6,21
542275,702.4,34
542276,1693.88,45
542277,529.01,18
542278,564.05,21
542284,556.46,24
542303,1715.85,93
542320,203.25,5
542345,149.49,42
542347,329.38,24
542349,328.74,11
542350,74.42,5
542351,152.25,4
542353,508.36,38
542354,407.95,21
542355,337.5,5
542360,396.45,57
542369,369.29999999999995,16
542370,318.59999999999997,26
542371,220.59,12
542372,408.78000000000003,9
542373,1866.02,50
542374,264.26,16
542375,178.1,6
542377,157.4,9
542381,321.1,18
542382,204.77,11
542384,177.35000000000002,12
542386,268.8,8
542388,159.60000000000002,9
542389,182.45000000000002,12
542390,317.15,17
542393,556.46,83
542397,1308.48,17
542398,692.3000000000001,73
542399,942.1,61
542401,316.21000000000004,50
542405,31.799999999999997,2
542406,133.45,18
542407,283.74,19
542408,392.01,41
542409,305.25,16
542411,242.42000000000002,6
542412,116.4,17
542419,101.05,24
542420,247.54,54
542422,181.35,21
542423,1131.0,22
542425,218.45,11
542428,2938.7599999999998,21
542429,335.82,13
542430,313.70000000000005,8
542431,427.40000000000003,20
542432,166.8,3
542433,401.58000000000004,19
542434,316.06,16
542470,318.0,16
542503,622.62,35
542506,743.9,26
542511,358.9,9
542517,1521.1,8
542519,564.5,21
542520,238.67,34
542521,150.88,16
542526,593.17,50
542527,522.08,20
542528,215.51999999999998,15
542530,208.61,12
542533,100.8,2
542534,583.41,32
542535,459.8,21
542538,367.29,23
542542,384.68,20
542543,309.05,16
542549,19.8,1
542568,160.05,8
542578,474.7,31
542583,483.90000000000003,8
542584,168.1,21
542585,243.36,16
542586,626.6,34
542587,304.74,5
542590,159.85,10
542591,119.85000000000001,1
542595,421.1,38
542596,182.8,9
542597,159.43,13
542598,109.25,19
542599,102.64,18
542600,310.61,33
542601,213.03,30
542602,199.6,26
542603,340.24,14
542605,225.1,24
542606,163.8,5
542607,411.75,65
542608,269.3,54
542609,112.75,8
542610,351.56,32
542611,572.8100000000001,48
542612,165.9,25
542613,403.3,43
542614,197.25000000000003,7
542615,14.95,1
542616,249.67000000000002,15
542617,709.51,94
542618,155.21,43
542619,574.19,50
542620,343.55,19
542621,493.53000000000003,31
542623,382.5,15
542626,279.3,19
542627,568.82,40
542628,132.35,3
542629,3174.4300000000003,46
542630,60.48,1
542631,123.95,11
542632,460.5,5
542634,494.64,28
542636,56.099999999999994,2
542641,203.8,5
542646,320.0,37
542647,439.18,28
542648,549.58,21
542649,145.25,17
542659,305.07,10
542662,609.01,42
542667,453.7,32
542673,101.8,14
542678,205.60000000000002,17
542690,378.0,1
542691,631.36,10
542692,131.7,15
542694,318.0,1
542707,205.3,5
542708,662.38,11
542709,378.32,19
542710,558.36,22
542711,93.60000000000001,23
542712,327.98,5
542713,1009.8,50
542715,177.5,10
542716,263.24,20
542717,121.17,41
542718,192.2,7
542719,218.52,77
542720,134.48,9
542722,261.59999999999997,3
542723,127.89999999999999,12
542724,265.05,13
542725,14.750000000000002,2
542727,136.24,27
542728,304.44,7
542729,315.57,16
542731,219.52,19
542733,120.52,26
542735,417.54,18
542736,0.55,1
542737,178.79999999999998,35
542739,212.99999999999997,3
542741,176.66,22
542743,14.750000000000002,2
542745,339.29,23
542746,1.9,1
542759,4.95,1
542776,312.9,14
542777,797.77,45
542778,234.47,14
542779,409.5,18
542780,698.6,22
542782,314.15000000000003,11
542785,1025.34,13
542786,362.40000000000003,21
542788,450.06,15
542789,4446.88,58
542790,280.05,18
542791,439.3,39
542795,336.91,14
542796,178.22,19
542797,278.21999999999997,29
542800,3.67,2
542806,846.69,39
542812,325.75,21
542835,184.5,12
542836,239.29999999999998,47
542858,123.42999999999999,18
542859,70.02,3
542862,161.2,49
542863,316.26000000000005,18
542864,969.74,20
542865,117.85,8
542868,252.66,17
542869,259.51,18
542870,211.94,20
542872,354.24000000000007,5
542881,150.2,30
542886,320.51,31
542887,364.6,14
542888,379.1,23
542889,241.2,2
542890,1003.23,79
542891,2489.11,43
542892,155.51999999999998,1
542893,485.73,23
542894,214.45,12
542895,289.24,56
542896,270.0,4
542897,303.0,5
542898,409.7,115
542899,105.85,13
542900,134.1,8
542901,88.3,6
542902,231.0,10
542903,40.8,1
542904,510.84999999999997,19
542905,288.98,12
542907,313.85,4
542908,271.55,20
542909,734.4000000000001,1
542911,509.5,12
542914,272.4,29
542915,35.8,1
542919,762.0,4
542920,765.0,5
542921,277.5,2
542922,490.89,19
542923,394.40000000000003,26
542925,113.64,4
542926,75.60000000000001,1
542927,303.56,8
542928,505.98,27
542929,289.3,33
542930,530.1,9
542931,184.95,12
542932,1341.96,46
542933,1063.0,14
542934,991.98,27
542944,162.1,4
542989,154.41,8
542990,141.3,9
542992,30.0,1
542993,303.84000000000003,18
542994,675.0,16
542995,158.57999999999998,9
542996,227.71,9
543001,314.63,20
543002,117.09,8
543003,126.82,8
543005,144.2,10
543006,326.36,31
543007,160.85,10
543008,442.88,11
543009,128.68,10
543010,349.27,21
543011,375.40000000000003,9
543012,7.2,2
543015,398.0,12
543016,165.0,1
543017,15.0,1
543019,21.6,2
543020,203.58,34
543021,295.06,16
543022,654.96,71
543023,307.3,9
543024,345.02,12
543025,68.10000000000001,5
543027,153.76,7
543028,304.9,19
543029,349.89,4
543030,150.5,10
543031,75.68,6
543032,97.5,3
543033,208.48000000000002,31
543036,133.95,19
543037,334.4,17
543038,110.45000000000002,5
543040,1026.72,259
543041,6.85,3
543043,44.35,3
543044,308.55,17
543045,207.22,10
543046,121.45,7
543047,1866.3000000000002,4
543048,427.94000000000005,8
543053,150.0,12
543054,313.76,16
543055,617.25,31
543056,947.4,16
543057,989.52,2
543094,331.24,29
543095,170.7,11
543096,173.74,55
543098,255.76,10
543099,6549.12,34
543106,270.20000000000005,10
543107,558.32,33
543108,244.22,27
543111,428.11,71
543113,458.9,26
543114,788.06,40
543115,120.75,19
543116,1177.8400000000001,41
543117,213.89999999999998,6
543118,293.96,17
543120,231.4,20
543121,336.70000000000005,19
543122,307.0,11
543123,333.3,19
543124,610.16,29
543125,132.5,13
543126,118.0,10
543127,130.8,4
543128,64.0,3
543129,195.9,11
543130,78.0,4
543131,164.1,11
543132,172.3,14
543133,71.9,4
543134,15.0,1
543161,475.37,29
543162,340.56,45
543163,118.80000000000001,1
543164,168.45,26
543165,135.55,23
543166,655.55,32
543167,331.26,4
543168,693.48,5
543169,376.32,3
543170,296.52,10
543173,456.05,23
543174,267.6,14
543177,323.5,7
543178,229.6,13
543179,45.57,37
543180,625.3299999999999,22
543181,68.0,4
543183,46.7,3
543184,303.58000000000004,7
543186,196.20000000000002,2
543187,334.05,18
543188,1236.73,63
543189,153.94,11
543190,393.49,21
543191,217.93,48
543192,1987.62,7
543193,947.65,41
543196,390.71,34
543197,310.73,14
543198,314.99999999999994,3
543199,195.06,9
543202,550.8000000000001,1
543214,337.2,9
543232,755.05,14
543235,331.42,51
543240,15.8,2
543242,381.32,23
543243,353.09999999999997,3
543245,123.78,23
543246,103.25,16
543247,585.0,4
543248,791.52,4
543249,182.15,9
543250,335.53,25
543251,516.95,30
543252,361.70000000000005,12
543253,310.0,2
543255,303.33,13
543256,123.21,11
543264,255.03,24
543272,136.65,16
543273,449.28,46
543274,145.5,13
543275,142.4,24
543276,974.62,12
543277,751.2,61
543278,203.82,11
543279,319.4,38
543280,131.9,9
543281,94.27,30
543282,108.07,19
543283,83.35,5
543284,137.65,8
543285,393.33000000000004,25
543286,972.72,18
543287,620.37,6
543288,182.85,11
543291,143.92000000000002,7
543292,295.45,26
543293,586.8,41
543294,127.35000000000001,7
543300,1660.44,131
543306,340.77,103
543309,245.64,57
543325,110.7,7
543332,205.1,11
543342,424.41,29
543348,290.0,1
543349,219.98999999999998,26
543350,155.05,12
543351,165.0,11
543352,29.65,4
543354,818.86,39
543355,208.76,38
543357,124.05000000000001,6
543359,122.3,11
543367,438.82,22
543369,219.36,29
543370,1838.9099999999999,80
543371,409.93,85
543372,67.95,2
543373,181.44,10
543374,319.35,17
543376,67.95,2
543377,220.98000000000002,15
543378,4379.76,2
543379,6155.719999999999,4
543380,143.1,7
543382,307.23,39
543387,1306.28,14
543389,150.26000000000002,19
543391,306.55,16
543392,602.72,9
543393,163.7,10
543394,1495.2,5
543395,15.9,1
543396,313.66,3
543397,148.21,25
543398,199.8,10
543400,213.15,15
543411,266.85,19
543413,244.79999999999998,3
543428,449.98,40
543446,146.2,8
543447,802.65,48
543449,336.0,7
543452,303.00000000000006,9
543454,140.55,15
543455,326.4,2
543456,79.2,1
543457,603.4399999999999,9
543458,152.87,33
543459,201.86,14
543462,313.90000000000003,13
543463,694.27,33
543464,364.32,10
543466,459.36,20
543468,262.85,28
543470,1053.79,70
543474,504.23,52
543476,303.24,17
543477,15.0,1
543478,849.04,7
543479,90.0,1
543480,52.35,3
543481,103.1,19
543482,133.35000000000002,8
543483,78.62,5
543484,455.02,27
543485,118.95000000000002,8
543486,510.07,27
543487,197.0,11
543492,168.9,13
543507,371.6,25
543518,5735.24,48
543519,691.36,20
543520,29.700000000000003,1
543523,38.1,3
543527,314.1,11
543529,178.15,9
543534,309.06,13
543535,630.7,61
543537,84.3,5
543538,401.5,25
543539,148.4,11
543540,141.36,8
543541,762.11,40
543542,231.91,14
543543,205.48,37
543547,119.15,17
543548,330.79,20
543549,1045.44,5
543550,113.10000000000001,6
543553,209.25,14
543554,493.5,12
543555,1592.61,68
543565,470.36,17
543586,198.8,13
543587,238.85,16
543588,1127.52,5
543589,191.0,2
543590,216.57999999999998,19
543591,310.5,5
543592,263.8,14
543593,597.3,7
543594,852.9200000000001,19
543595,320.52,3
543596,168.35,9
543597,801.6,34
543598,464.82,18
543599,0.0,1
543600,194.35,27
543601,62.6,4
543602,116.85,14
543604,264.03,18
543610,302.7,21
543612,384.6,2
543618,160.15,8
543619,520.5699999999999,30
543622,10.5,1
543623,160.4,2
543625,321.56,13
543626,343.92,19
543630,121.28,11
543631,511.0,84
543639,101.34,19
543641,197.94,16
543642,85.86,19
543645,107.65,19
543646,116.8,11
543647,106.8,17
543648,259.05,17
543649,610.2,2
543650,790.8,2
543651,335.3,19
543652,479.48,34
543653,354.11,64
543657,333.2,10
543658,425.05,12
543664,136.3,10
543668,133.0,16
543669,2256.0,1
543670,468.0,2
543672,306.0,1
543673,554.4,2
543674,1252.2,3
543675,382.5,1
543688,330.8,2
543691,223.20000000000002,1
543693,128.8,2
543730,112.5,4
543731,612.25,15
543733,231.51,14
543734,494.51,23
543735,514.56,10
543736,610.5500000000001,30
543737,2355.9500000000003,52
543738,76.32000000000001,1
543739,137.89999999999998,12
543740,350.82,23
543746,324.25,11
543747,124.26,3
543748,313.8,7
543754,530.15,23
543759,377.48,12
543770,340.65,24
543774,1078.9,20
543777,252.29,43
543788,2.42,2
543797,278.65,9
543798,178.75,16
543799,119.76,5
543800,741.85,84
543801,210.7,9
543802,526.1,71
543803,302.67,62
543804,401.0,26
543805,131.4,19
543806,233.96,31
543807,121.25,12
543808,132.25,29
543809,230.81,18
543810,140.35,23
543812,252.51,65
543813,76.75,7
543814,981.9,25
543815,112.46,38
543816,104.33,22
543820,436.18,38
543821,928.05,53
543822,446.16,13
543823,540.0,4
543824,309.5,12
543825,421.8,7
543828,2024.57,76
543829,3376.08,15
543831,3257.4,10
543832,416.11,24
543833,160.2,8
543836,321.05,15
543839,103.7,3
543842,1119.3600000000001,1
543852,1165.96,9
543900,642.29,30
543901,115.0,6
543907,105.57,20
543908,405.30000000000007,3
543910,317.12,23
543911,889.24,30
543912,379.74,5
543913,151.68,20
543914,109.5,9
543915,298.05,21
543919,197.82,11
543921,223.74,15
543923,187.50000000000003,8
543924,101.45,21
543934,102.89999999999999,8
543935,901.6,7
543973,284.35,44
543975,316.89,42
543976,1380.4,4
543977,710.31,25
543978,424.15999999999997,61
543979,169.44,39
543981,367.76,26
543982,281.8,12
543983,347.15,11
543984,549.04,29
543986,3.75,1
543987,383.59999999999997,9
543988,17.700000000000003,1
543989,14022.92,69
543990,397.04,24
543991,615.0,3
543993,305.46,18
543994,1696.4,4
543995,793.5,12
543996,458.53,26
543997,160.15,36
543998,264.6,4
544035,821.1,21
544036,188.7,2
544037,920.33,51
544039,211.0,3
544040,257.97,51
544041,375.56,17
544042,91.2,15
544043,12.75,1
544044,181.8,14
544045,1023.84,8
544051,433.0,27
544055,301.6,11
544056,287.74,19
544058,230.15,16
544059,120.16,18
544060,156.0,15
544061,66.0,2
544062,784.74,27
544064,127.95,19
544065,262.44,17
544066,181.5,5
544067,269.59,20
544068,74.34,30
544069,255.6,11
544070,570.02,28
544071,570.76,30
544073,1784.71,10
544074,856.26,110
544075,3506.2400000000002,23
544076,75.0,2
544077,241.34,34
544078,122.39999999999999,1
544079,165.0,1
544081,855.9999999999999,13
544083,303.57,10
544084,89.2,5
544087,344.69,70
544090,210.2,11
544091,175.5,10
544092,77.5,6
544093,363.36,7
544094,377.32,26
544095,363.7,13
544096,142.4,7
544097,1683.9,41
544098,1129.3500000000001,32
544100,254.44,19
544101,142.85,10
544102,255.66,14
544103,20.38,11
544104,81.6,1
544105,424.85,24
544106,698.26,45
544107,173.05,12
544108,779.1,16
544109,112.45,10
544110,184.18,29
544111,891.35,22
544112,375.78000000000003,30
544115,919.66,48
544125,285.24,3
544129,434.6,6
544143,87.8,2
544147,10.82,3
544150,119.15,7
544151,196.87,14
544152,144.0,1
544153,254.19,42
544154,390.0,1
544155,306.0,1
544156,296.5,15
544157,399.22,20
544158,132.60000000000002,6
544159,621.69,22
544160,826.53,50
544161,398.79,22
544162,178.66,22
544163,37.5,2
544164,601.94,6
544165,308.78000000000003,16
544166,337.5,4
544167,506.02,27
544168,314.4,2
544169,348.57000000000005,13
544170,76.32000000000001,1
544176,94.31,6
544177,1853.52,96
544178,388.05,6
544179,321.25,17
544180,233.42000000000002,8
544181,519.08,27
544182,328.40000000000003,15
544183,786.8399999999999,3
544185,149.46,1
544187,257.85,15
544189,133.0,8
544190,193.01,15
544191,772.8000000000001,30
544192,17.700000000000003,1
544193,640.1,37
544194,597.58,12
544195,152.7,6
544196,202.9,5
544197,105.5,3
544198,84.0,3
544199,244.68,6
544200,250.0,16
544203,479.1,27
544209,235.79,12
544210,281.12,14
544211,331.2,18
544271,304.65999999999997,14
544277,114.05000000000001,7
544278,1019.42,65
544280,228.26999999999998,15
544281,373.98,5
544282,655.28,19
544283,1131.46,17
544286,1257.8700000000001,74
544292,304.65,28
544293,326.39,61
544294,570.88,36
544295,1097.58,58
544296,55.44,2
544297,46.199999999999996,2
544298,790.86,21
544299,414.0,25
544301,147.33,24
544302,166.6,11
544303,161.95,41
544304,175.75,42
544305,205.5,13
544306,278.1,13
544307,161.28,16
544308,347.1,4
544309,928.58,29
544311,175.04,49
544312,8.25,2
544313,200.59,17
544314,277.81,14
544315,23.95,14
544316,640.14,43
544317,152.65,8
544319,110.98,17
544320,57.599999999999994,1
544322,145.2,5
544328,100.5,4
544329,53.400000000000006,3
544330,147.20000000000002,22
544331,15.0,1
544332,333.0,14
544334,118.80000000000001,1
544335,101.25,13
544336,145.57999999999998,31
544337,401.57,27
544338,311.55,17
544339,904.85,32
544340,152.4,5
544341,377.27000000000004,19
544349,398.22,14
544350,96.9,2
544351,825.0,4
544352,298.73,15
544353,359.8,5
544354,77.28,6
544355,968.3,53
544356,201.12,17
544368,623.78,58
544390,162.7,10
544391,314.68,19
544392,2807.31,22
544393,214.04999999999998,32
544394,307.4,16
544395,301.85,7
544398,518.2,24
544399,256.0,13
544400,1092.43,12
544404,177.9,5
544405,179.6,11
544406,413.22,63
544407,15.0,1
544408,61.0,9
544409,799.38,35
544411,341.7,16
544412,245.91,17
544421,212.56,12
544423,6.3,1
544426,34.0,1
544430,5.1,1
544439,358.8,3
544440,645.56,4
544441,94.89999999999999,2
544443,136.0,1
544444,400.45,24
544445,560.15,59
544446,42.0,1
544447,111.67,17
544448,111.88,18
544449,138.83,24
544450,1271.55,109
544452,177.68,13
544453,149.55,19
544454,173.91,20
544455,589.11,51
544456,542.15,14
544457,333.6,12
544459,752.14,34
544460,302.37,67
544461,893.16,53
544462,540.94,68
544463,535.32,92
544464,141.69,32
544465,209.05,25
544466,113.85,24
544467,298.38,73
544470,603.42,33
544471,504.72,16
544472,355.40000000000003,14
544473,305.15999999999997,6
544474,192.31,15
544475,45.0,1
544476,328.88,69
544477,567.8399999999999,5
544478,399.6,1
544479,11956.1,76
544480,6323.38,43
544481,113.93,8
544482,659.28,7
544483,525.3399999999999,12
544484,1159.47,38
544485,146.8,20
544495,973.6500000000001,43
544556,185.39999999999998,12
544565,306.0,17
544568,773.66,48
544569,732.36,78
544571,834.22,63
544572,558.59,29
544573,892.95,22
544574,320.69,21
544578,320.69,1
544582,250.23999999999998,8
544585,143.4,8
544586,1117.8,120
544591,560.47,33
544592,171.04999999999998,10
544596,211.0,13
544597,262.93,62
544600,108.15,2
544601,528.27,32
544602,437.9,11
544603,634.2,4
544604,364.32000000000005,2
544605,79.2,1
544606,165.0,1
544607,253.75,15
544610,350.1,16
544611,30.240000000000002,3
544612,3202.9199999999996,1
544633,131.8,5
544634,307.25,44
544636,35.400000000000006,1
544637,487.75,19
544638,325.42,12
544642,139.8,13
544643,395.1,15
544644,513.06,17
544645,1240.4,28
544646,373.74,28
544647,402.65999999999997,16
544648,324.05,11
544650,53.5,9
544651,1972.7,23
544652,479.76,5
544654,113.44,8
544656,440.83,28
544657,2346.34,118
544658,425.92,11
544659,220.1,28
544660,590.03,36
544661,574.02,31
544662,65.09,21
544663,426.6,16
544664,664.45,43
544666,250.68,31
544667,3336.7599999999998,34
544668,292.63,16
544670,181.13,27
544672,3211.7,44
544673,825.04,64
544675,116.09,11
544676,141.48,41
544677,450.78,78
544678,254.12,45
544680,9.6,4
544685,666.89,52
544686,7.8,4
544687,212.52,20
544688,312.55,17
544689,432.90000000000003,2
544690,1480.2,15
544691,723.63,41
544692,622.88,40
544693,94.0,6
544694,411.02,24
544695,341.2,19
544697,185.0,8
544698,259.2,1
544699,172.79999999999998,1
544700,271.68,18
544701,618.89,19
544702,284.97,12
544717,649.02,31
544724,182.75,7
544749,151.55,16
544754,312.40999999999997,26
544769,417.96,5
544774,220.53000000000003,13
544777,726.83,24
544778,452.91,68
544779,123.30000000000001,7
544788,354.56,36
544789,499.70000000000005,20
544790,757.68,83
544791,322.24,19
544792,1329.36,28
544793,218.88,1
544794,385.46000000000004,4
544795,432.29,58
544796,497.59,40
544797,158.4,1
544798,187.65,11
544799,131.72,9
544800,299.95,17
544801,310.08,18
544802,376.74,18
544803,114.07,31
544804,346.28,9
544805,101.69999999999999,1
544806,317.73,16
544807,229.5,1
544808,171.85,23
544809,8.5,1
544810,635.41,18
544811,388.3,14
544813,104.95,13
544815,224.91,16
544816,485.03999999999996,6
544817,344.0,17
544818,95.75999999999999,4
544819,69.59,12
544821,109.0,2
544822,291.0,10
544823,900.02,29
544824,2639.38,131
544825,305.7,9
544826,18.75,7
544833,769.24,32
544835,188.5,11
544836,310.71000000000004,15
544837,161.41,36
544838,145.92,9
544839,596.79,32
544846,169.32999999999998,19
544847,101.19,5
544885,339.4,20
544886,205.16,12
544887,504.56,67
544888,308.95,19
544892,77.95,9
544893,596.24,34
544894,553.76,36
544895,214.71,14
544896,25.5,1
544898,129.2,8
544899,190.93,14
544900,295.15,18
544903,405.03000000000003,23
544904,311.25,19
544905,116.19999999999999,9
544906,528.32,15
544907,462.95,23
544908,363.65,19
544909,1991.26,38
544910,584.3199999999999,23
544911,392.12,14
544912,303.22,9
544913,127.86,28
544914,314.36,15
544915,179.04,5
544916,132.17000000000002,19
544917,296.25,9
544918,836.24,49
544919,147.3,10
544920,736.95,24
544921,400.8,11
544922,180.68,9
544923,79.2,1
544924,246.32,17
544925,234.0,4
544926,105.2,6
544929,310.92,3
544930,198.51,56
544931,1340.32,52
544932,307.2,11
544933,1012.82,34
544934,389.5,20
544935,544.03,34
544936,1295.3999999999999,1
544937,351.56,20
544939,141.79999999999998,6
544940,455.28000000000003,29
544941,169.94,11
544942,365.1,24
544943,929.22,27
544944,292.40000000000003,17
544945,847.38,48
544968,676.9200000000001,21
544969,299.8,18
544970,812.7,52
544996,287.58000000000004,13
544998,297.64,35
544999,381.6,1
545000,234.15,12
545001,317.38,22
545002,278.28000000000003,5
545004,741.26,35
545011,43.650000000000006,7
545012,20.4,1
545013,467.52,17
545014,502.85,27
545015,176.05,10
545016,68.4,5
545017,189.9,10
545018,302.86,12
545019,759.08,29
545020,74.60000000000001,4
545021,371.39,19
545022,522.75,30
545023,678.15,41
545026,247.8,4
545028,264.7,11
545029,69.0,2
545030,532.72,5
545031,401.37,23
545032,476.8,7
545034,179.35,4
545035,430.26,18
545036,169.15,29
545037,386.90000000000003,21
545038,67.23,30
545039,373.65,22
545041,524.95,16
545042,845.1,8
545043,202.1,21
545044,333.92,14
545045,644.75,68
545046,145.04999999999998,10
545047,182.8,2
545048,180.65,24
545049,109.85,6
545050,375.16999999999996,22
545051,110.6,5
545052,333.48,16
545053,321.23,64
545054,402.46999999999997,66
545055,6.6,1
545056,486.65000000000003,22
545057,299.14,13
545058,317.87,12
545059,277.17,39
545060,406.74,63
545061,14.95,1
545062,275.25,67
545063,134.72,36
545064,154.5,11
545065,412.55,10
545066,239.17000000000002,43
545067,258.4,29
545069,240.60000000000002,7
545070,240.0,8
545071,222.29,33
545072,549.26,15
545073,626.65,38
545074,306.70000000000005,12
545075,319.9,20
545076,147.9,9
545077,10.08,1
545079,102.89999999999999,30
545080,301.91,24
545081,683.98,40
545082,421.6,26
545083,103.65,5
545084,441.92,19
545085,928.08,72
545086,353.43,13
545087,513.45,8
545103,11.9,1
545105,720.86,26
545140,149.95,3
545148,308.44,15
545149,251.9,13
545150,736.7,46
545151,50.76,3
545152,306.84,14
545153,203.35,21
545154,425.5,27
545155,122.0,11
545156,209.32,12
545157,205.38,12
545158,584.35,5
545159,13.05,4
545161,195.0,9
545162,480.90000000000003,22
545163,216.04999999999998,13
545164,173.7,11
545165,109.95,20
545166,239.13,42
545170,170.04999999999998,7
545180,200.72,12
545181,176.5,7
545182,154.99,14
545183,314.90000000000003,18
545184,249.57,14
545185,79.2,1
545186,229.9,47
545187,109.8,4
545188,598.96,131
545190,242.95,15
545191,240.25,14
545213,190.7,11
545214,158.68,10
545218,463.40999999999997,14
545220,235.35,15
545221,521.1,30
545222,200.10000000000002,9
545223,34.0,1
545224,182.7,11
545225,161.8,3
545226,1943.4,95
545227,2474.62,98
545228,79.2,1
545229,54.300000000000004,3
545231,307.62,12
545232,897.8,61
545233,72.12,10
545234,256.85,12
545235,352.2,17
545237,133.25,6
545238,395.33,28
545276,110.75,8
545279,122.5,7
545287,117.0,1
545288,1390.06,33
545289,470.88,30
545290,210.3,18
545294,313.58,33
545295,762.5,14
545300,323.16,19
545301,794.06,42
545302,297.16,38
545303,204.5,16
545304,498.15000000000003,30
545305,317.15,7
545306,13.2,2
545308,133.11,29
545309,138.15,7
545310,17.67,5
545311,155.0,9
545312,186.33,29
545313,242.03,10
545314,559.12,26
545318,556.32,11
545319,412.32,4
545320,2541.15,6
545321,310.78,12
545322,580.57,15
545323,144.35,5
545324,268.6,27
545325,329.34000000000003,4
545326,34.75,2
545327,417.2,41
545328,119.65,6
545331,2.5,1
545332,840.3,3
545334,272.05,48
545336,551.2,1
545337,234.35,35
545338,338.34,51
545339,463.0,19
545340,1375.24,69
545341,1642.5,1
545342,194.55,10
545343,162.3,10
545344,312.18,18
545345,382.1,16
545346,312.38,18
545347,76.32000000000001,1
545348,134.97,4
545349,172.6,34
545377,122.07,37
545398,1463.47,46
545399,828.84,39
545400,501.99,23
545408,848.05,35
545410,615.33,40
545411,388.3,20
545412,597.8100000000001,7
545413,255.0,3
545414,838.8000000000001,1
545415,453.79,31
545416,603.17,21
545417,576.0,29
545418,85.0,1
545419,374.64,28
545423,337.1,23
545425,100.43,11
545426,276.66,6
545427,9.95,1
545428,430.5,22
545429,150.83,24
545430,306.7,8
545431,374.0,4
545433,207.50000000000003,1
545435,183.0,11
545441,108.32000000000001,14
545445,779.92,41
545447,1193.88,66
545448,15.299999999999999,1
545459,151.07,16
545460,281.43,80
545461,401.45,22
545462,535.38,29
545463,96.75,3
545465,114.84,4
545466,1396.0,1
545467,105.45,4
545468,436.68,29
545469,345.85,18
545470,137.1,9
545471,306.94,15
545474,1120.53,31
545475,16726.84,82
545477,134.5,16
545503,183.65,29
545505,482.81,5
545512,124.68,5
545514,222.65,20
545515,534.76,28
545517,38.4,2
545518,309.38,16
545519,348.2,14
545521,76.1,2
545522,303.03,17
545523,210.05,42
545524,191.95,12
545526,225.9,14
545530,2114.71,98
545533,475.44,23
545534,222.3,13
545535,73.92,2
545536,410.0,19
545543,727.6,29
545544,294.33,20
545545,187.11,49
545550,148.49,7
545555,137.62,20
545557,249.84,5
545558,485.78000000000003,11
545559,288.47,52
545570,166.04,4
545571,602.61,36
545573,124.10000000000001,8
545574,122.7,18
545575,515.38,11
545576,99.75,3
545577,161.5,14
545578,137.49,8
545579,387.31,22
545580,378.21000000000004,20
545582,3547.34,23
545583,317.25,16
545585,312.4,17
545587,282.74,60
545588,222.99,15
545589,333.2,15
545590,316.11,23
545591,356.9,22
545592,369.95,18
545593,102.4,3
545595,167.91,20
545596,265.0,15
545597,50.15,9
545601,152.00000000000003,9
545602,109.16,13
545603,38.1,2
545630,332.4,8
545634,308.18,19
545635,240.68,16
545636,416.69,23
545637,292.03,20
545638,235.91,9
545644,1920.48,5
545645,17.549999999999997,3
545646,38.0,6
545647,159.4,6
545648,96.8,6
545649,119.31,37
545652,50.8,3
545653,935.54,35
545654,345.68,17
545655,99.59,46
545656,99.0,6
545657,877.31,56
545658,311.94,86
545659,45.0,3
545660,310.77,37
545661,829.85,52
545662,208.2,11
545663,162.07999999999998,13
545664,463.63,18
545665,164.4,13
545668,532.13,10
545669,186.9,10
545670,292.75,5
545675,15.0,1
545676,246.76000000000002,6
545680,346.1,5
545681,655.03,58
545682,253.79,40
545683,533.18,59
545684,279.8,7
545685,126.02000000000001,44
545686,137.9,8
545687,508.45,73
545688,635.17,61
545690,427.03000000000003,110
545691,263.04,25
545692,510.7,15
545693,796.86,12
545694,120.0,1
545695,841.37,87
545696,230.0,21
545697,147.23,32
545698,225.14,15
545699,220.77,25
545700,166.45,16
545701,1695.21,65
545702,136.76999999999998,20
545704,215.55,6
545705,217.2,14
545706,219.3,9
545707,673.9,4
545708,142.28,8
545709,282.65999999999997,18
545710,90.6,7
545711,159.3,8
545712,180.60000000000002,10
545718,315.6,20
545719,1656.15,68
545721,608.45,43
545722,475.20000000000005,1
545725,162.85,5
545738,75.6,2
545748,1588.68,14
545752,431.28,3
545759,806.05,23
545764,294.17,15
545790,17.0,1
545797,326.91,59
545812,638.65,37
545815,328.8,11
545819,102.0,15
545820,40.2,2
545821,591.02,27
545822,17.9,1
545826,318.24,16
545830,455.04,51
545835,117.55,22
545838,106.37,40
545842,557.0,30
545845,16.05,12
545851,108.97999999999999,20
545853,162.7,17
545854,580.79,34
545855,246.29999999999998,11
545856,89.70000000000002,4
545859,593.9200000000001,16
545865,2597.4,8
545868,145.7,25
545869,196.45000000000002,13
545870,15.299999999999999,1
545871,134.9,10
545872,381.75,90
545873,110.2,6
545874,79.4,8
545883,147.95000000000002,9
545888,416.22,5
545889,45.0,1
545890,92.80000000000001,5
545894,211.36,23
545896,61.589999999999996,5
545898,88.05,10
545899,74.7,12
545900,195.0,1
545901,1031.37,164
545902,250.0,2
545904,126.65,7
545905,197.0,14
545906,1120.93,59
545907,300.36,16
545908,461.25,20
545909,639.64,41
545910,237.36,19
545911,181.44,2
545912,325.1,6
545913,431.58000000000004,14
545914,3678.03,51
545915,329.08,16
545916,278.13,13
545918,391.52,9
545928,357.18,19
545933,496.0,28
545937,1570.19,56
545945,122.61,24
545978,678.76,117
545979,111.0,26
545980,277.17,54
545987,105.53999999999999,3
545988,301.4,19
545989,301.4,3
545991,896.7099999999999,29
545992,123.35,3
545993,421.09,6
545994,305.1,18
545995,767.84,70
545996,983.16,82
545998,987.7,50
545999,1195.95,58
546000,72.0,4
546001,329.36,4
546003,370.77,54
546005,794.41,53
546006,108.5,7
546009,328.37,11
546011,367.20000000000005,2
546013,238.01,32
546014,8.5,1
546015,534.4200000000001,29
546017,339.36,28
546019,39.49,11
546027,444.8,27
546028,924.5400000000001,40
546029,17.700000000000003,1
546030,118.5,8
546031,201.5,9
546032,85.15,6
546033,15.9,1
546034,309.64,20
546035,229.8,7
546036,240.10000000000002,9
546037,247.4,9
546038,588.6700000000001,12
546062,148.63,20
546067,2099.7,4
546079,188.25,27
546082,221.4,2
546083,38.98,3
546084,617.1,40
546087,84.36,5
546088,298.0,7
546089,208.41,32
546090,660.34,7
546091,1576.3600000000001,81
546092,380.5,24
546096,1711.06,55
546100,342.58,21
546101,188.64,5
546102,17.700000000000003,1
546103,304.5,5
546104,98.7,11
546105,268.51,47
546107,233.17,51
546108,382.86,60
546110,261.6,7
546111,122.53999999999999,25
546112,330.0,1
546113,146.18,23
546115,371.84000000000003,21
546116,764.58,36
546117,704.33,71
546118,846.45,26
546119,308.98,19
546120,79.92,6
546121,155.45,25
546122,91.54,15
546123,264.27,7
546127,411.18,10
546132,358.5,3
546133,984.88,52
546134,439.28,4
546135,210.9,10
546153,337.5,5
546154,500.0,1
546155,394.63,26
546156,232.6,11
546157,74.56,5
546158,298.5,15
546159,223.95000000000002,13
546160,3277.24,32
546161,122.39999999999999,1
546163,146.23000000000002,12
546164,547.35,7
546165,312.8,19
546166,270.4,3
546169,660.0,2
546171,130.56,5
546172,585.32,30
546182,366.53,25
546189,300.53999999999996,16
546190,199.2,9
546212,3500.5,27
546213,1614.6,3
546215,124.94999999999999,29
546216,853.48,14
546218,144.9,14
546220,541.1,28
546223,462.28000000000003,21
546230,397.55,22
546235,115.57000000000001,20
546236,938.39,48
546237,333.08,23
546239,185.15,16
546242,360.78000000000003,27
546243,310.47,19
546246,789.9,30
546247,101.34,7
546248,214.5,13
546249,99.95,24
546250,282.93,18
546251,576.1,17
546252,1104.13,62
546253,130.26,5
546254,268.58,10
546255,245.51999999999998,16
546261,139.79,48
546263,461.6,3
546275,209.94,16
546279,4.25,1
546301,93.18,5
546304,117.11,20
546305,232.43,34
546310,330.6,5
546314,166.5,19
546315,365.18,22
546316,182.7,7
546317,314.96,25
546318,254.99999999999997,1
546319,345.59999999999997,1
546321,310.0,20
546322,191.39999999999998,4
546324,307.44,13
546326,583.3,5
546328,1687.17,1
546329,1687.17,1
546330,141.45,9
546331,57.45,4
546365,987.42,60
546366,106.11,19
546367,1726.6000000000001,30
546369,67.5,1
546372,349.2,7
546373,712.8499999999999,20
546374,10.0,1
546376,311.07,19
546377,121.17000000000002,3
546378,578.02,38
546380,13.0,4
546381,19.740000000000002,9
546382,227.77999999999997,9
546383,312.93,24
546384,826.0699999999999,22
546385,1588.16,22
546386,157.65,10
546387,572.8,17
546389,751.9,45
546390,14.399999999999999,1
546391,103.65,7
546392,202.82,44
546394,627.13,39
546396,108.21000000000001,16
546397,153.75,6
546398,516.42,13
546399,231.3,9
546401,21.9,3
546402,156.6,5
546403,572.8,17
546404,127.2,1
546405,198.6,3
546411,1919.04,5
546412,70.28999999999999,5
546413,3.0999999999999996,2
546414,183.25,23
546415,488.06000000000006,18
546417,629.25,42
546418,109.58,17
546419,157.56,22
546420,129.46,21
546421,301.04,37
546422,288.71000000000004,34
546423,220.47,63
546424,119.72,23
546425,263.59000000000003,18
546426,296.88,51
546427,103.89,29
546428,343.29,18
546429,371.37,96
546430,142.0,22
546431,414.3,17
546432,227.0,11
546433,117.92999999999999,8
546434,357.07,15
546435,356.19,21
546436,126.7,5
546437,371.23,22
546438,3840.88,38
546440,535.02,32
546441,446.8,7
546442,207.3,5
546443,349.8,7
546462,208.79999999999998,1
546464,734.44,4
546465,360.24,33
546466,370.53000000000003,74
546479,479.40000000000003,21
546480,295.0,1
546486,377.88,28
546498,538.76,85
546502,177.59,67
546508,184.5,4
546509,522.6,31
546510,175.72,9
546520,706.6,41
546521,679.5,3
546522,373.84000000000003,19
546523,52.199999999999996,3
546524,110.84,11
546525,619.6,16
546526,285.0,5
546527,149.4,2
546528,2420.9500000000003,40
546530,4400.28,27
546531,391.8,13
546532,140.0,2
546533,140.54,10
546534,571.06,33
546537,181.44,34
546538,582.35,34
546540,512.28,8
546541,596.05,30
546542,308.09000000000003,82
546543,174.85999999999999,50
546544,454.08,16
546545,118.05,19
546549,258.41,43
546550,6.35,1
546552,271.5,17
546553,158.23000000000002,9
546554,251.56,15
546555,696.85,22
546556,309.02,11
546560,62.5,1
546561,548.75,35
546562,317.56,19
546563,343.62,22
546569,1477.56,45
546580,870.59,24
546622,108.1,26
546624,422.53999999999996,23
546625,170.75,25
546631,300.0,2
546632,76.32000000000001,1
546633,163.2,2
546634,78.03999999999999,12
546635,221.19,45
546636,137.9,26
546637,292.3,3
546638,410.7,26
546639,309.34,19
546640,238.20000000000002,13
546642,317.78,9
546643,542.97,30
546644,339.34,15
546646,138.28,21
546657,5.1,1
546658,501.25,33
546659,242.40000000000003,9
546660,1041.45,27
546662,95.0,6
546665,215.49,14
546667,236.1,14
546668,218.1,9
546669,983.3,24
546670,610.88,108
546677,363.4,3
546678,565.54,29
546679,283.73,50
546681,301.9,20
546682,352.6,22
546683,248.27,18
546684,1829.04,29
546685,369.9,21
546686,300.19,16
546687,422.43,22
546688,175.3,7
546689,680.4,13
546690,148.5,3
546691,306.64,3
546724,6.7,4
546728,290.0,1
546729,233.75,12
546731,961.5600000000001,31
546732,139.35000000000002,19
546733,705.6000000000001,3
546734,705.6000000000001,3
546736,414.71999999999997,1
546737,439.03,29
546738,853.08,11
546739,3018.34,42
546741,99.0,1
546742,704.5,36
546748,370.48,16
546749,328.6,3
546750,15.0,1
546751,311.66,26
546752,142.5,5
546753,309.46,53
546754,384.0,3
546755,702.8,31
546757,282.29999999999995,7
546759,300.7,11
546760,516.15,30
546761,432.20000000000005,7
546762,28.18,9
546764,300.98,17
546765,147.70999999999998,8
546766,52.8,3
546767,77.16,5
546768,584.76,6
546769,859.01,44
546770,115.09,8
546771,200.7,26
546772,152.76,3
546774,581.89,102
546775,152.64000000000001,1
546776,138.88,8
546778,625.85,45
546780,3978.9900000000002,19
546781,473.82,23
546782,232.4,12
546784,633.1,40
546785,302.52,5
546786,239.0,12
546787,398.97999999999996,12
546788,209.85,4
546789,10065.0,9
546790,136.57,14
546791,665.46,42
546827,622.5,1
546828,71.4,1
546829,62.85,4
546830,449.87,14
546831,606.84,8
546832,333.74,5
546837,372.12,19
546843,592.18,26
546846,128.49,40
546847,437.40000000000003,2
546848,18.15,3
546849,101.35000000000001,24
546850,653.57,96
546851,771.02,35
546852,111.96,2
546853,73.5,1
546855,218.83,30
546856,372.64,30
546857,217.43,16
546860,316.82,6
546861,381.78,25
546862,914.9300000000001,37
546863,676.2,5
546866,232.39000000000001,37
546869,120.33,7
546871,300.0,22
546872,16.0,2
546873,326.04,11
546874,251.51999999999998,2
546875,1017.68,51
546877,142.4,5
546878,80.0,1
546882,401.31,21
546883,223.0,16
546890,320.42,21
546898,8.8,4
546899,946.2,21
546900,25.200000000000003,1
546902,33.2,1
546908,316.85,12
546909,220.6,21
546910,145.55,28
546911,337.71000000000004,18
546912,474.19,66
546913,248.29,49
546914,177.15,7
546915,359.73,19
546916,50.25000000000001,3
546917,743.71,44
546918,309.4,4
546919,241.44000000000003,3
546920,845.3199999999999,18
546921,33.0,2
546922,904.26,32
546923,166.8,1
546924,183.6,8
546925,464.7,5
546926,108.5,2
546927,1175.44,21
546928,326.5,14
546929,555.3,6
546944,567.44,25
546950,340.75,62
546951,377.64,61
546963,302.6,16
546979,752.4300000000001,13
546980,462.2,23
546981,152.55,7
546982,114.85,54
546983,795.75,47
546984,266.0,70
546985,111.95,5
546986,780.35,46
546988,282.12,18
546990,530.4,27
546991,167.43,22
546992,4666.4400000000005,16
546993,280.57,44
546994,152.64000000000001,1
546995,141.41,21
546996,234.24,5
546998,177.84,24
546999,683.4200000000001,6
547000,323.3,21
547001,357.12,3
547002,315.18,19
547003,118.75,6
547004,321.75,17
547005,806.47,48
547017,113.35,7
547018,174.6,12
547019,115.78,22
547020,368.36,16
547021,197.72,14
547022,22.240000000000002,5
547023,833.1,8
547026,344.90000000000003,20
547028,447.5,23
547029,405.0,7
547030,371.8,25
547032,662.62,3
547033,168.7,7
547034,361.4,8
547035,282.28000000000003,18
547036,380.4,11
547037,1224.6,4
547038,211.5,5
547039,96.6,2
547040,62.7,2
547041,300.0,5
547044,225.4,20
547045,585.12,2
547046,146.87,10
547047,982.08,6
547048,197.8,11
547049,330.5,20
547050,163.25,17
547051,138.68,10
547052,171.75,21
547053,499.84000000000003,11
547055,119.08,26
547056,87.8,3
547057,130.05,6
547058,693.1800000000001,47
547059,172.9,8
547060,135.44,21
547061,226.3,15
547062,224.49,65
547063,2449.79,294
547064,320.62,12
547065,185.85,11
547066,562.63,30
547067,501.24,10
547068,393.0,20
547069,242.0,63
547070,205.13,51
547071,239.85,11
547072,76.72,6
547073,345.82000000000005,30
547074,176.34,11
547075,986.75,31
547076,446.15,17
547077,93.4,4
547078,350.8,9
547079,267.18,34
547080,113.5,5
547081,222.9,14
547083,247.25,43
547084,94.65,4
547085,124.08000000000001,3
547086,409.2,10
547087,316.02,15
547088,304.9,18
547090,203.4,12
547092,226.21,14
547093,300.52,21
547094,922.1,31
547095,332.6,24
547096,198.8,11
547097,259.35,16
547098,409.1,24
547099,158.95000000000002,10
547100,536.78,26
547101,585.0,4
547102,1005.1,67
547103,527.85,16
547105,305.52,5
547106,614.85,40
547107,174.16000000000003,8
547108,227.92000000000002,21
547109,347.35,20
547114,164.34,22
547122,298.11,16
547134,169.73000000000002,15
547154,600.0,1
547165,15.600000000000001,1
547171,151.45000000000002,7
547192,95.8,6
547194,201.24,40
547195,788.9100000000001,32
547196,4.63,4
547197,108.42,7
547199,131.5,35
547200,188.73,11
547201,489.12,6
547202,248.20000000000002,29
547203,265.63,17
547204,90.8,6
547205,313.55,16
547206,151.9,31
547207,15.0,1
547209,2340.05,82
547220,154.4,5
547221,200.29,11
547222,175.1,10
547223,500.34,79
547226,110.65,9
547227,147.6,4
547233,315.90000000000003,8
547240,103.72,42
547243,246.92000000000002,58
547244,131.26,5
547245,114.56,8
547246,596.4,10
547247,440.28999999999996,24
547251,398.22,20
547252,357.58000000000004,16
547253,687.15,68
547273,448.65,30
547324,317.8,8
547327,523.98,31
547334,346.7,12
547340,362.0,5
547349,313.77,19
547350,657.68,41
547357,493.11,33
547358,918.83,155
547359,326.8,68
547360,517.55,21
547361,365.36,18
547362,3221.88,39
547365,235.71,12
547366,215.05,9
547367,200.16,45
547370,200.51999999999998,29
547371,314.6,4
547372,156.3,27
547373,450.5,4
547374,284.23,85
547375,512.13,34
547377,401.35,22
547378,905.1,10
547379,498.32,29
547380,214.28,46
547381,201.39,24
547382,237.07,58
547383,803.66,45
547384,18.0,1
547387,1085.99,44
547389,292.47,37
547390,160.33,8
547391,70.80000000000001,1
547401,198.02,27
547405,114.0,8
547406,170.94,5
547407,21.25,2
547412,288.05,20
547413,589.4,32
547414,216.95000000000002,12
547415,25.5,1
547416,382.6,10
547417,329.56,22
547418,369.09000000000003,29
547419,1649.58,15
547420,345.92,23
547428,327.25,13
547444,247.60000000000002,16
547485,366.02,68
547486,330.24,7
547488,270.15,42
547489,99.15,5
547490,265.02,43
547491,133.49,9
547492,178.5,10
547493,1542.08,14
547494,207.79999999999998,7
547496,261.68,15
547497,776.23,64
547498,201.48,92
547500,524.8199999999999,18
547501,59.400000000000006,1
547503,77.3,3
547504,877.88,35
547507,259.84,18
547508,378.0,8
547509,310.8,8
547510,1251.48,49
547511,285.58,16
547512,584.5,2
547513,313.45,16
547514,396.87,24
547515,330.52,14
547516,385.79999999999995,2
547517,326.5,10
547518,1320.0,6
547519,320.0,1
547520,456.9,21
547521,197.05,11
547535,163.3,10
547537,249.5,16
547538,264.8,16
547539,193.6,7
547541,495.0,3
547546,291.84000000000003,2
547548,202.22,55
547549,283.03,16
547550,335.72,6
547553,36.4,12
547554,79.6,1
547555,307.92,18
547556,162.65,23
547558,147.0,6
547561,358.90000000000003,16
547562,851.4000000000001,9
547563,227.32,16
547564,441.81,11
547565,333.0,12
547566,27.0,1
547567,442.47,26
547568,775.85,42
547569,556.9399999999999,20
547570,137.35,8
547571,432.3,19
547572,251.21,15
547573,157.16,8
547576,95.75999999999999,5
547577,513.84,9
547578,485.89,29
547579,120.0,2
547580,713.9499999999999,31
547583,562.3199999999999,12
547623,543.22,31
547639,154.95,8
547644,418.18,15
547645,197.9,7
547647,232.9,14
547648,37.5,2
547649,368.92,56
547650,459.3,67
547651,433.29,114
547652,236.07,30
547653,515.9,22
547654,73.77,21
547655,418.18,15
547656,217.56,73
547657,401.3,17
547658,357.53,76
547659,286.25,16
547662,150.34,19
547663,628.28,76
547664,273.98,48
547665,445.2,21
547666,850.3100000000001,30
547667,483.3,30
547668,131.41,9
547669,163.46,28
547670,380.39,40
547671,62.379999999999995,3
547672,264.24,28
547674,187.2,11
547684,762.89,32
547685,74.7,4
547686,310.40000000000003,18
547687,356.3,19
547688,137.4,2
547689,166.75,25
547690,335.32,23
547691,364.84000000000003,12
547694,40.5,3
547695,176.38,10
547697,409.57,18
547698,51.0,1
547702,415.45,16
547703,1140.76,34
547705,229.49,29
547706,2278.8,3
547707,585.0,1
547708,11343.199999999999,13
547709,279.73,28
547712,380.98,35
547713,157.7,11
547714,427.0,10
547715,246.54,17
547716,344.41,13
547717,17.4,1
547718,57.599999999999994,1
547719,307.5,8
547720,420.6,19
547721,256.78,19
547722,357.90999999999997,23
547724,102.69999999999999,7
547726,465.84000000000003,3
547727,878.16,4
547728,146.88,2
547729,366.18,63
547730,349.51,51
547762,83.14,5
547772,231.77,58
547785,878.02,74
547786,180.06,50
547787,409.5,5
547789,750.37,43
547790,628.15,34
547792,9.9,1
547793,654.75,28
547794,207.21,27
547795,171.8,19
547796,1407.86,13
547799,708.66,21
547800,134.56,22
547801,554.18,28
547803,227.70000000000002,17
547804,6.8,1
547805,474.05,21
547809,185.1,39
547811,194.92000000000002,17
547812,5513.32,4
547814,295.0,1
547815,490.78000000000003,13
547816,25.25,9
547817,17.549999999999997,3
547818,76.2,11
547819,94.19,13
547820,141.72,6
547821,960.0,5
547822,1444.8,49
547825,155.65,9
547826,197.94,21
547828,354.65999999999997,9
547829,410.53,20
547832,3962.06,22
547833,161.89,15
547834,633.6,7
547835,485.45,5
547837,266.55,14
547839,649.78,20
547840,324.70000000000005,7
547841,520.13,39
547842,343.03000000000003,12
547843,51.0,1
547844,388.9,4
547845,121.95,4
547846,194.05,11
547850,311.57,62
547860,549.68,95
547861,353.3,10
547862,190.5,21
547863,164.05,8
547864,115.26,20
547866,197.89,14
547867,609.95,90
547870,173.77,20
547871,277.43,51
547872,177.25,39
547873,218.34,23
547874,215.7,19
547875,612.38,13
547876,254.0,11
547877,165.82999999999998,20
547878,131.3,3
547879,83.16000000000001,5
547880,251.56,34
547881,192.34,32
547882,539.0,39
547883,307.76,17
547884,665.28,43
547885,220.8,7
547886,329.44,20
547887,453.98,30
547888,588.0,28
547890,223.9,6
547891,302.21999999999997,19
547892,1136.3,69
547893,191.25,5
547894,277.8,9
547895,113.14,24
547896,246.61,60
547897,400.53999999999996,25
547898,374.7,14
547900,148.8,8
547902,121.25,19
547903,407.09,36
547906,215.07,70
547907,88.2,5
547909,179.73,34
547910,458.87,118
547911,137.6,9
547912,174.8,14
547914,297.5,13
547918,1001.82,60
547919,135.09,28
547920,116.41,24
547921,628.66,39
547922,183.9,10
547923,82.55000000000001,4
547924,369.01,22
547925,602.86,28
547926,229.48,10
547931,28.0,1
547934,257.2,17
547935,240.35,8
547936,56.05,12
547937,239.95999999999998,39
547938,433.9,23
547939,127.5,1
547940,460.23,23
547941,1267.5,2
547942,106.5,3
547944,106.95,3
547945,206.13,14
547946,116.4,3
547947,2188.5,22
547949,198.89999999999998,3
547960,184.57,45
547962,330.51,24
547963,250.42000000000002,15
547965,63.42,4
547969,250.76,39
547970,4.95,1
547971,119.55,36
547972,817.5,5
547985,413.7,19
547986,169.05,10
547987,444.52,29
547990,263.58,16
547991,30.0,1
548003,289.25,18
548005,305.54,22
548006,428.05,22
548007,300.75,17
548010,2527.94,15
548011,15719.56,89
548012,317.56,13
548013,65.16000000000001,4
548014,579.83,39
548016,35.04,2
548017,357.25,21
548033,356.84000000000003,13
548038,317.9,18
548144,328.2,2
548148,297.2,50
548150,142.28,19
548151,277.07,17
548152,305.68,19
548153,304.4,13
548154,465.7,21
548156,108.2,20
548157,1518.0,14
548158,341.93,28
548159,69.4,4
548160,1700.4,53
548169,2106.46,29
548170,280.85,9
548171,963.01,14
548172,328.15,13
548176,283.71,54
548177,272.76,4
548178,504.61,27
548185,371.83000000000004,22
548186,539.3,8
548188,243.81,52
548189,141.41,11
548190,258.18,3
548192,247.45000000000002,23
548196,118.55,8
548197,113.30000000000001,8
548198,351.01,52
548199,287.04,20
548202,346.6,9
548208,314.1,18
548210,338.40999999999997,40
548211,1807.04,16
548212,940.1700000000001,41
548213,475.69,33
548214,266.2,17
548215,355.12,19
548216,91.8,1
548217,81.6,1
548218,301.48,16
548222,396.59999999999997,3
548223,152.64000000000001,1
548234,315.0,14
548242,216.3,8
548245,459.0,1
548255,383.07,17
548256,56.4,3
548257,2161.32,28
548258,662.3,30
548259,244.13,28
548260,176.21,21
548267,180.38000000000002,3
548276,481.2,18
548289,631.06,43
548293,1012.6,10
548308,417.75,64
548309,242.55,76
548311,183.0,12
548312,384.45,48
548313,465.37,51
548314,127.78999999999999,9
548315,303.32,7
548316,238.79999999999998,1
548317,270.26,18
548318,453.05,7
548319,245.2,15
548320,418.70000000000005,7
548323,193.5,9
548324,1622.48,11
548325,313.5,15
548326,189.84,8
548327,297.17,68
548329,611.94,14
548330,136.99,22
548331,427.15000000000003,20
548332,331.80000000000007,3
548333,132.70000000000002,4
548334,271.0,17
548335,132.09,8
548336,435.0,4
548337,284.67,16
548338,174.31,12
548340,306.39,22
548349,519.96,3
548351,850.82,24
548353,760.18,20
548354,600.0,13
548358,836.79,54
548359,493.92,3
548361,310.87,20
548363,558.4,10
548367,1337.78,23
548368,70.92,4
548370,229.33,26
548371,353.7,9
548372,116.45,3
548388,457.42,56
548400,632.8000000000001,58
548401,141.85,8
548403,16.95,1
548404,1169.95,63
548405,1015.83,55
548406,872.56,11
548407,306.59999999999997,17
548408,388.45000000000005,17
548409,1937.06,33
548410,413.4,4
548412,111.0,3
548447,205.75,4
548448,225.49,12
548449,168.4,9
548450,516.2900000000001,26
548451,543.6,65
548452,307.53,15
548455,152.16,10
548457,102.4,5
548458,300.6,9
548459,125.65,7
548461,142.51,23
548466,61.10000000000001,4
548468,118.25,13
548470,415.52000000000004,16
548484,145.27,27
548486,278.65,16
548489,205.98,5
548490,624.8,27
548491,375.34999999999997,8
548492,213.0,37
548493,840.38,10
548494,1182.0,4
548496,3243.13,35
548497,1622.41,57
548498,301.6,12
548499,133.47,16
548500,204.78,22
548501,106.81,3
548506,3.9,2
548507,31.770000000000003,3
548509,296.2,5
548510,216.12,34
548511,276.94,27
548512,136.6,15
548520,320.17,19
548521,652.52,41
548529,490.99,24
548530,11.8,2
548531,1170.0,5
548533,980.41,46
548534,269.62,15
548541,58.49,12
548542,198.2,8
548544,353.45,15
548545,423.55,19
548546,111.6,9
548547,226.85,4
548548,102.0,2
548549,120.9,3
548550,244.79,12
548551,364.8,18
548552,239.75,10
548553,138.75,9
548554,888.1999999999999,19
548555,316.90000000000003,15
548556,237.89999999999998,2
548557,180.09,12
548558,257.23,19
548559,206.7,5
548560,297.12,8
548561,557.53,35
548563,125.63,17
548565,413.88,13
548566,127.30000000000001,6
548567,270.1,26
548568,283.21,12
548606,252.0,3
548608,151.5,9
548610,292.85,35
548611,386.22,16
548612,645.91,127
548613,35.28,1
548614,183.46,37
548616,307.59999999999997,15
548617,337.51,18
548618,216.75,12
548619,9.959999999999999,1
548621,201.53,45
548622,249.60000000000002,16
548623,85.0,1
548627,1445.6000000000001,5
548629,355.20000000000005,1
548630,355.20000000000005,1
548631,117.4,13
548632,417.95,24
548633,915.84,1
548634,87.10000000000001,5
548635,538.72,2
548636,266.85,21
548640,47.7,1
548641,577.2,1
548642,145.24,15
548643,72.0,1
548644,396.0,2
548645,313.38,2
548648,1534.3,75
548649,210.0,1
548650,490.4,24
548651,444.75,7
548652,135.0,5
548654,348.68,10
548655,312.58,20
548656,16.7,6
548657,8.8,2
548658,102.0,1
548659,362.24,29
548660,505.2,6
548661,350.0,1
548664,1407.19,67
548665,193.08,7
548666,1317.8,89
548668,37.4,2
548669,136.8,2
548670,212.13,60
548673,291.44,11
548686,785.5,24
548687,828.4,5
548696,142.5,7
548697,713.8,6
548698,259.6,29
548700,146.99,10
548701,266.36,35
548702,244.5,27
548703,178.65,48
548704,937.7099999999999,7
548705,189.12,3
548706,231.3,4
548707,127.84,17
548708,704.6,95
548709,280.56,12
548710,282.6,17
548711,201.01,91
548712,687.13,70
548714,467.3,157
548715,583.79,68
548716,273.14,16
548718,2183.82,14
548725,134.0,1
548726,367.74,12
548728,903.01,67
548730,475.5,7
548732,535.34,37
548733,583.87,36
548734,183.4,8
548735,435.56,33
548736,432.48,1
548737,585.55,27
548739,412.49,58
548740,599.84,27
548741,167.47,14
548742,375.16,26
548743,500.35,18
548744,313.28999999999996,15
548745,624.29,27
548746,50.0,1
548747,300.85,12
548749,451.78,31
548757,357.5,18
548768,223.19,16
548780,483.65,32
548792,215.01,44
548796,403.78000000000003,54
548801,375.45,19
548806,357.7,8
548807,2298.0,18
548808,375.0,40
548813,4037.77,4
548820,2053.07,1
548856,25.09,3
548858,264.3,15
548859,221.25,24
548860,406.82,67
548861,304.25,17
548862,12.75,1
548863,1713.74,45
548864,123.59,39
548865,328.2,18
548867,223.46,40
548868,556.77,32
548869,130.2,16
548870,129.18,42
548871,91.47999999999999,7
548872,108.0,7
548873,214.2,3
548874,786.16,37
548892,124.15,7
548896,297.28000000000003,14
548898,160.57,22
548899,825.96,6
548900,174.45999999999998,13
548907,505.0,3
548909,705.8399999999999,25
548910,259.20000000000005,3
548911,155.19000000000003,9
548912,463.95,8
548913,1136.3,1
548916,422.34000000000003,26
548917,215.9,12
548918,336.96,13
548919,649.32,31
548920,493.45,31
548940,81.6,1
548942,105.0,3
548952,430.13,52
548955,367.0,5
548968,2118.74,52
548969,1129.1999999999998,9
548970,1155.0,6
548971,184.84,25
548973,355.12,19
548974,335.07,16
548975,354.29,16
548978,784.45,46
548979,382.82,3
548981,594.0,2
548983,114.64,22
548984,561.29,96
548985,105.0,1
548987,853.97,95
548988,346.5,13
548990,316.02,16
548991,112.49,23
548992,838.0799999999999,32
548993,3599.38,32
549007,304.13,20
549012,306.89,24
549014,226.06,67
549015,297.94,15
549016,35.400000000000006,2
549017,422.23,26
549018,374.57,12
549020,282.88,2
549021,173.24,12
549022,83.4,1
549026,260.55,5
549027,5424.0,4
549044,345.35,21
549046,303.4,5
549047,112.41,30
549048,113.1,6
549052,365.79,19
549053,305.78,20
549054,312.19,12
549055,203.4,13
549056,123.1,12
549059,198.91000000000003,17
549099,229.27,61
549101,146.92000000000002,20
549102,303.95,11
549104,703.5400000000001,12
549105,117.6,2
549106,39.95,1
549107,7.0200000000000005,1
549115,1722.02,35
549116,554.38,34
549117,136.92,11
549118,955.99,65
549119,319.42,10
549120,178.4,34
549121,465.32,20
549123,301.48,19
549124,480.9,8
549125,206.21,13
549126,305.63,39
549127,790.7,14
549128,305.26,46
549129,273.21,43
549130,275.1,39
549131,75.9,3
549148,187.7,23
549153,871.6,49
549154,311.6,19
549169,72.9,12
549182,150.24,11
549183,144.95000000000002,6
549185,639.82,33
549186,270.0,1
549187,175.2,1
549188,308.12,20
549189,229.3,13
549190,229.39999999999998,8
549192,348.85,13
549193,415.7,24
549196,356.23,22
549206,104.4,5
549222,636.25,24
549225,326.4,3
549233,482.78999999999996,14
549234,301.82,22
549235,553.13,54
549237,179.30999999999997,7
549238,388.77,31
549239,245.45999999999998,11
549240,118.89,31
549241,336.38,61
549242,227.18,11
549243,144.10000000000002,4
549245,144.86,34
549246,1072.2,10
549247,277.6,16
549248,54.519999999999996,3
549249,255.36,18
549250,303.04,83
549251,191.06,57
549255,305.95000000000005,10
549256,91.8,6
549257,191.49,58
549258,329.09999999999997,18
549259,228.84,10
549260,107.07000000000001,11
549261,580.58,57
549262,269.83,65
549263,244.5,14
549272,358.25000000000006,3
549273,312.0,3
549274,366.2,24
549275,160.12,15
549276,267.1,17
549277,97.7,23
549278,168.46,21
549279,179.18,46
549280,429.9,3
549281,571.3,27
549282,192.5,5
549283,321.65,18
549284,365.4,2
549285,102.12,8
549286,78.25999999999999,17
549287,40.41,6
549289,188.13,22
549291,254.96,56
549292,91.09,10
549293,119.35,19
549294,203.2,53
549296,394.44,20
549297,213.8,6
549298,314.6,19
549299,310.45,17
549300,768.83,41
549301,487.51,27
549302,449.64,24
549303,239.0,12
549304,301.53000000000003,14
549305,152.3,8
549306,148.74,8
549307,266.4,14
549308,136.36,7
549309,215.34,16
549310,190.82000000000002,5
549311,310.05,10
549312,112.8,5
549313,421.6,17
549316,1321.25,63
549317,484.95,28
549318,247.95,14
549319,129.45,5
549320,118.75,14
549321,373.27,23
549322,230.98000000000002,14
549323,320.28000000000003,23
549324,196.8,11
549325,609.74,31
549353,117.6,7
549360,174.02,10
549368,110.8,40
549372,210.64999999999998,18
549387,483.0,27
549412,718.6,5
549417,79.80000000000001,1
549424,651.6,29
549425,337.67,44
549428,453.0,5
549429,313.5,13
549431,1163.75,45
549432,115.7,5
549433,149.89999999999998,4
549434,350.76,6
549435,481.46000000000004,21
549436,113.89,6
549439,603.27,24
549440,173.25,10
549441,9.9,1
549442,330.94,6
549443,104.9,7
549444,375.0,1
549445,270.0,1
549446,314.07,23
549447,138.24,1
549448,306.18,21
549449,304.33000000000004,13
549451,318.07,18
549467,194.75,9
549468,1867.86,1
549471,73.5,3
549520,817.44,28
549522,528.93,32
549523,32.65,3
549526,431.78,32
549538,32.32,8
549539,292.79999999999995,2
549541,138.24,1
549542,862.8199999999999,24
549543,197.5,59
549546,705.56,57
549547,423.4,14
549548,281.01,61
549550,157.6,26
549551,491.79,19
549552,110.97,12
549553,147.06,27
549554,480.34000000000003,15
549555,180.4,37
549556,212.12,47
549557,108.42,12
549558,170.95,41
549559,476.49,26
549560,91.74,23
549561,239.49,27
549562,117.43,14
549563,113.61999999999999,21
549564,112.55000000000001,14
549566,110.55,20
549567,261.58,41
549568,1476.22,77
549569,280.66,44
549570,156.22,28
549571,560.67,34
549572,191.86,18
549573,260.92,42
549574,329.05,16
549575,173.95,34
549576,476.37,25
549577,2050.08,141
549578,834.6800000000001,32
549579,225.61,13
549581,151.65,9
549583,514.9300000000001,35
549584,185.65,8
549585,158.4,1
549587,475.88,29
549588,373.72,21
549589,284.44000000000005,12
549590,423.0,7
549591,841.4999999999999,1
549592,310.26,20
549593,162.5,1
549594,470.4,4
549595,903.87,8
549596,309.52,14
549597,403.34000000000003,6
549614,293.24,21
549619,666.32,6
549628,274.08,9
549633,375.96000000000004,12
549646,390.54,28
549664,148.0,3
549665,134.8,5
549667,744.41,49
549669,2.55,1
549670,141.20000000000002,7
549678,435.0,6
549679,60.0,3
549680,337.08,21
549681,309.88,17
549682,269.95,15
549683,112.8,6
549687,299.1,16
549689,22.650000000000002,2
549690,380.34,86
549691,183.5,10
549693,284.35,17
549694,36.2,5
549696,153.0,1
549705,145.26,9
549711,485.31,24
549713,282.4,37
549715,165.71,10
549716,331.58000000000004,12
549717,15.0,1
549718,252.53,15
549719,183.85,8
549720,142.84,33
549721,254.12,12
549722,118.45,15
549728,112.86,16
549729,263.41,35
549730,217.14,33
549732,758.92,32
549733,312.01,44
549734,532.0,70
549735,659.3000000000001,14
549736,173.01,8
549737,158.8,7
549739,308.82,1
549740,520.8,12
549741,383.65,21
549742,720.22,23
549743,392.41,28
549744,316.2,8
549745,356.75,20
549746,2846.02,30
549747,614.0,4
549748,497.82,5
549749,387.7,21
549750,113.25,12
549751,737.42,18
549752,50.0,4
549754,314.52,22
549755,394.56,9
549756,94.2,2
549771,427.54,60
549787,180.43,24
549789,611.91,48
549790,199.38,16
549813,136.04,31
549825,350.57,20
549826,440.5,24
549828,25.080000000000002,2
549829,341.0,20
549830,117.83,9
549831,874.5500000000001,40
549832,246.04,15
549833,1015.14,37
549834,302.4,4
549835,1444.66,20
549836,180.85,16
549837,1311.9,20
549838,96.0,4
549839,101.8,5
549841,3.3,1
549842,162.70000000000002,7
549843,300.12,14
549844,420.46999999999997,42
549845,504.27,31
549847,362.26,29
549850,44.550000000000004,1
549851,330.62,19
549852,147.3,9
549874,294.66,37
549880,311.16,7
549881,303.34,17
549885,461.25,11
549901,268.31,36
549902,357.65,13
549903,355.77,27
549904,49.01,7
549906,183.64,42
549907,313.8,8
549909,293.96,14
549910,112.75,21
549911,446.7,22
549914,293.0,9
549915,429.25,28
549916,272.54,15
549917,145.87,12
549918,267.96,13
549920,123.2,8
549923,193.62,12
549924,112.2,3
549925,1119.3600000000001,1
549926,725.76,2
549927,3694.36,21
549928,324.0,2
549929,350.75,23
549932,124.8,8
549933,370.20000000000005,22
549934,110.1,6
549936,514.05,3
549937,328.55,7
549938,408.0,1
549939,334.2,21
549940,1357.63,18
549941,81.6,1
549942,136.20000000000002,2
549943,122.91,49
549944,240.0,16
549946,189.83999999999997,3
549947,451.58,19
549949,205.28,35
549951,500.2,24
549953,1206.29,56
549954,172.09,19
549956,186.88,6
549957,151.55,10
549958,590.77,71
549959,185.04999999999998,10
549961,25.5,1
549964,903.67,54
549965,409.2,8
549966,375.74,30
549967,490.05000000000007,9
549969,381.0,4
549970,121.80000000000001,6
549971,33.0,1
549972,408.9,8
549974,110.25,6
549975,272.86,15
549976,106.4,8
549977,171.06,20
549978,243.69,11
549979,31.0,1
549980,317.26,12
549981,298.40999999999997,52
549982,505.57,27
549983,157.29,30
549984,623.5,28
549985,1103.73,46
549988,431.65000000000003,25
549989,349.25,31
549990,147.3,10
549991,348.4,8
549992,516.0,7
549993,349.44,11
549994,41.6,2
549995,1056.3600000000001,24
549996,375.35999999999996,2
549997,183.6,3
549998,498.16,11
549999,770.65,29
550000,582.72,35
550001,387.29,16
550002,68.0,2
550003,127.07000000000001,4
550004,279.18,9
550005,310.0,2
550006,242.39,54
550007,527.0,4
550008,294.04,16
550015,848.87,50
550016,899.19,38
550017,569.2,22
550025,146.0,3
550030,42.89999999999999,2
550031,642.0,4
550032,56.86,5
550033,193.96,35
550034,713.08,38
550035,787.84,53
550052,422.55,25
550054,171.1,5
550057,129.09,23
550071,437.56,21
550106,228.42,36
550120,278.5,10
550121,147.6,8
550122,1488.0,4
550124,328.1,16
550125,444.63,23
550126,129.5,6
550129,636.45,18
550130,503.33,56
550131,108.03999999999999,11
550132,224.73,20
550134,814.83,22
550135,1220.4,2
550136,301.8,12
550137,2221.02,57
550138,162.35,28
550144,297.16,54
550145,669.2,31
550148,205.8,14
550149,330.34,21
550150,59.400000000000006,1
550151,140.25,1
550152,162.23000000000002,23
550154,103.25,3
550155,183.3,12
550156,501.12,4
550157,128.25,19
550158,896.6700000000001,23
550159,1420.98,14
550160,390.6,5
550161,419.74,19
550162,168.54000000000002,9
550163,925.88,33
550164,301.42,8
550167,328.15999999999997,20
550169,238.1,15
550173,186.5,9
550178,444.82,24
550179,195.68,13
550180,411.87,17
550182,331.28000000000003,6
550183,1266.23,74
550184,116.00999999999999,9
550185,579.0,15
550186,504.3,8
550187,258.75,6
550188,669.25,23
550189,233.12,23
550190,139.05,9
550191,241.29,21
550192,306.2,10
550193,2042.761,93
550194,300.25,8
550196,425.93,64
550197,39.6,4
550198,30.599999999999998,1
550199,397.5,18
550200,64.2,2
550201,1143.6,32
550202,760.1,19
550216,146.0,7
550218,354.84000000000003,7
550242,65.28,8
550250,224.14000000000001,12
550251,299.82,19
550255,190.98000000000002,9
550264,339.2,11
550265,81.4,4
550272,1612.83,29
550274,344.40000000000003,23
550275,278.22,15
550276,277.56,3
550277,486.1,22
550279,721.55,40
550280,462.31,37
550281,219.0,2
550282,141.68,9
550283,639.48,19
550284,142.16,11
550285,327.2,18
550286,341.4,8
550287,138.79,9
550288,168.4,34
550289,291.63,18
550290,328.15000000000003,21
550291,165.9,9
550292,58.85,7
550296,172.72,17
550297,321.83,41
550298,223.42000000000002,38
550299,2945.5,23
550301,345.05,18
550302,446.74,25
550303,232.48000000000002,15
550304,311.38,17
550305,417.93,25
550307,308.64,4
550308,358.0,1
550309,83.4,1
550310,899.58,27
550311,102.44,29
550312,379.32,17
550313,545.57,27
550314,218.55,18
550315,314.84000000000003,17
550316,314.45,19
550317,346.4,25
550318,143.69,29
550319,133.61,14
550320,625.27,89
550321,124.98,38
550322,158.47,34
550323,856.63,31
550324,302.92,18
550325,302.85,18
550326,140.55,20
550327,539.81,28
550328,175.27,29
550329,303.49,20
550330,63.36,3
550331,290.52,99
550332,229.59,64
550333,456.20000000000005,22
550334,459.18,26
550335,118.85,12
550336,246.74,9
550337,2.1,1
550338,84.65,4
550339,338.95,19
550340,71.42,5
550341,365.36,19
550342,391.67,25
550343,174.6,5
550344,2949.12,14
550345,51.0,1
550346,308.20000000000005,14
550347,282.94,17
550348,406.48,21
550350,837.97,46
550351,184.48,14
550352,225.72,28
550354,222.75,1
550357,151.85,5
550359,366.48,55
550360,394.83000000000004,36
550361,840.24,20
550362,635.0,12
550364,152.2,8
550377,34.0,1
550389,212.34,43
550408,501.84,33
550437,192.33,22
550438,712.24,42
550439,458.25,26
550440,269.66,12
550446,509.34000000000003,24
550447,393.33000000000004,52
550448,20.85,4
550449,304.04999999999995,3
550450,90.0,1
550452,169.47,7
550453,130.8,3
550457,1231.6000000000001,14
550459,189.98,48
550461,21535.9,5
550462,198.0,17
550464,484.25,63
550465,121.25000000000001,4
550467,257.34,32
550468,405.16,27
550469,178.41,31
550473,192.68,32
550476,122.03999999999999,2
550477,687.05,92
550478,306.05,18
550479,695.3299999999999,36
550480,192.26,27
550481,164.75,9
550483,42.400000000000006,4
550487,200.32000000000002,11
550488,273.71,31
550490,298.3,16
550491,19.8,1
550492,187.75,11
550493,1026.6100000000001,39
550495,202.88,14
550497,408.0,2
550498,99.45,15
550503,311.42,18
550504,274.45,14
550512,391.9,109
550513,379.56,38
550514,320.58,13
550515,217.07,56
550516,89.55,1
550517,614.02,29
550518,360.65,21
550519,516.28,30
550520,309.56,22
550521,424.64,23
550522,429.57,34
550523,267.91,15
550524,385.2,4
550525,480.27,27
550526,347.49,20
550527,1411.67,51
550528,188.87,10
550531,35.400000000000006,1
550532,117.14,35
550535,155.6,9
550539,144.35,8
550560,142.2,8
550579,319.48,19
550606,255.04000000000002,8
550607,232.22,23
550608,970.2,1
550610,89.55,1
550612,155.3,21
550613,767.0,21
550615,293.92,23
550616,354.78000000000003,13
550617,376.0,21
550618,367.62,21
550619,150.3,7
550620,777.25,22
550621,171.01,47
550622,935.15,59
550623,132.9,6
550624,109.04,7
550625,425.67999999999995,7
550626,185.08,32
550627,447.52,26
550628,101.19,8
550629,169.35999999999999,9
550630,1507.67,65
550631,409.40000000000003,23
550632,151.3,35
550633,300.09000000000003,45
550634,27.299999999999997,2
550635,423.36,6
550637,397.14,55
550639,314.51,29
550643,35.96,7
550644,383.95,22
550645,157.9,7
550649,25.5,1
550651,489.05,130
550655,113.5,9
550656,409.94,23
550657,302.56,4
550658,426.24,3
550659,347.17,19
550660,67.5,1
550661,541.2,18
550662,544.26,27
550663,36.0,2
550665,417.6,14
550666,469.19,23
550667,2016.0,6
550669,102.0,1
550670,112.97999999999999,9
550671,179.0,1
550673,379.0,9
550674,244.8,2
550675,267.7,12
550701,308.55,9
550710,3108.64,9
550711,1196.96,3
550712,850.7,40
550713,12.5,1
550714,478.2,19
550723,115.43,18
550750,351.45000000000005,19
550754,596.9999999999999,2
550755,103.3,5
550756,157.2,3
550764,103.15,12
550765,204.46,10
550766,234.25,14
550767,301.68,17
550768,712.6400000000001,25
550769,212.19,8
550772,74.7,2
550773,395.78999999999996,20
550774,586.9,29
550775,1052.56,53
550776,140.85,9
550777,307.16,24
550778,439.33,24
550779,1466.1399999999999,16
550781,460.94,19
550782,232.9,2
550783,454.24,23
550784,370.68,21
550785,267.03,27
550786,60.0,1
550796,128.41,19
550797,54.72,4
550798,290.4,6
550799,310.02,18
550801,212.5,3
550802,307.46,18
550803,225.05,21
550804,329.24,19
550805,548.4300000000001,22
550806,268.68,17
550811,119.1,5
550817,132.03,17
550818,141.49,13
550819,430.76,71
550820,341.58,18
550821,73.5,23
550822,1007.9,15
550823,2210.05,26
550824,8.25,1
550826,284.76,14
550827,633.05,22
550828,110.7,12
550829,293.2,50
550830,174.15,10
550831,171.2,10
550832,397.20000000000005,10
550833,24.75,3
550834,162.02,25
550835,791.97,81
550836,572.25,35
550837,199.75,16
550838,121.11,24
550885,335.0,19
550890,526.5,30
550899,1009.69,54
550900,682.38,18
550901,257.89,18
550906,1368.16,59
550907,306.5,2
550911,1079.4,58
550912,313.65,14
550913,302.55,21
550914,1701.5,28
550915,133.59,30
550916,139.35,6
550917,721.4399999999999,4
550918,335.5,19
550919,19.5,1
550920,110.1,3
550921,597.8199999999999,35
550923,147.45,4
550924,642.0,4
550925,237.25,13
550934,415.00000000000006,1
550936,207.0,6
550937,100.80000000000001,1
550938,232.68,13
550939,385.69,19
550940,615.0,1
550941,400.64,47
550942,225.15,13
550944,63.949999999999996,6
550946,202.5,12
550949,8.97,4
550955,318.78000000000003,20
550956,245.31,39
550957,117.68,56
550958,252.23000000000002,15
550960,180.1,11
550964,504.9,16
550965,118.7,10
550967,47.39999999999999,3
550968,727.78,40
550971,184.64,11
550972,99.63,22
550973,875.79,16
550974,173.46,11
550978,305.43,18
550988,309.0,19
550989,255.69,29
550990,447.6,4
550991,153.84,3
550992,126.32,14
550993,476.8,32
550994,481.4,37
550995,451.6,17
550996,314.91999999999996,8
550997,488.01,32
550998,242.8,5
550999,205.7,11
551000,159.2,7
551001,564.5,6
551002,413.46,24
551003,339.93,23
551011,187.04999999999998,4
551013,191.4,11
551014,1932.24,127
551016,765.85,28
551021,326.4,1
551028,308.73,19
551033,354.26,20
551035,632.74,24
551054,437.98,21
551055,480.36,10
551056,285.37,56
551057,285.04,41
551058,110.52,31
551059,360.03,24
551060,2.1,1
551062,884.4,6
551085,535.97,23
551088,413.45000000000005,24
551124,291.90000000000003,10
551125,348.33000000000004,17
551133,708.6,5
551134,604.73,44
551135,7.25,1
551136,501.22,32
551137,172.75,45
551138,38.160000000000004,1
551141,22.5,1
551142,426.4,55
551143,103.3,6
551144,76.32000000000001,1
551145,107.10000000000001,2
551146,59.0,1
551147,305.46000000000004,16
551148,1265.3999999999999,12
551149,231.31,8
551150,159.1,7
551151,134.4,4
551152,366.96,79
551158,358.38,38
551159,147.6,9
551160,938.9200000000001,65
551161,319.27000000000004,18
551162,339.24,6
551163,160.54000000000002,28
551164,20.4,5
551165,81.6,1
551166,918.0,1
551170,301.8,15
551171,282.7,61
551172,111.76,12
551181,600.8999999999999,5
551182,107.28,8
551183,169.5,7
551184,305.28000000000003,2
551185,330.0,6
551186,25.2,1
551187,362.9,5
551188,312.6,3
551189,870.0,4
551191,816.0,1
551192,414.12,30
551193,228.15,37
551194,114.84,18
551197,166.4,10
551198,347.68,8
551199,373.44,24
551200,13.500000000000002,4
551202,122.39999999999999,4
551211,443.25,6
551218,167.92,20
551234,476.4,3
551247,316.85,10
551250,261.24,63
551258,1209.8,34
551259,1642.5,1
551262,117.66,10
551268,201.19,26
551269,854.0699999999999,50
551270,524.52,62
551271,203.95,10
551272,29.880000000000003,1
551273,665.52,11
551274,414.24,17
551275,506.38,30
551276,219.01,34
551277,422.6,64
551278,323.0,12
551279,172.79999999999998,1
551280,89.1,7
551281,126.74000000000001,16
551282,223.33,31
551283,592.41,67
551284,253.94,47
551286,397.02,8
551287,15.4,3
551288,31.8,1
551289,720.92,20
551290,207.50000000000003,1
551291,1502.78,47
551292,431.74,9
551293,428.64,28
551294,154.66,8
551299,15.0,1
551301,1007.4,31
551305,337.36,23
551314,1292.96,5
551315,304.16,15
551332,450.45000000000005,13
551334,5.9,2
551337,145.91,18
551338,5.11,2
551341,459.45000000000005,6
551342,318.3,19
551343,200.20000000000002,7
551344,433.7,12
551345,692.36,9
551346,495.24,29
551347,354.34999999999997,10
551349,371.4,25
551350,438.0,8
551351,4390.56,128
551352,303.62,16
551383,119.9,6
551384,454.90000000000003,8
551385,390.85,25
551387,226.85,10
551389,209.10000000000002,8
551390,259.45,14
551391,385.2,15
551392,160.95,10
551393,654.6,5
551395,112.32,10
551396,430.38,16
551397,232.65,14
551398,436.3,23
551399,371.29,30
551400,593.16,32
551401,6.0,2
551412,207.05,20
551413,314.22,6
551414,1537.2,85
551415,78.6,3
551416,23.8,1
551417,547.27,29
551418,112.25,16
551419,400.0,1
551420,385.5,17
551421,82.5,6
551424,16.95,1
551426,440.0,28
551427,142.52,6
551428,305.56,12
551436,222.47,35
551437,152.79999999999998,11
551438,453.2,11
551439,327.71999999999997,16
551440,173.43,60
551445,87.45,3
551462,331.18,20
551467,286.88,8
551469,15.27,6
551470,112.96000000000001,7
551471,275.54,63
551501,354.72,5
551507,340.72,22
551514,94.45,3
551515,320.88,7
551516,800.01,68
551517,204.24,48
551518,443.85,30
551519,383.45,17
551520,153.86,21
551523,53.1,1
551524,477.09,24
551525,439.85,21
551527,388.21000000000004,33
551528,116.09,8
551529,1094.33,33
551530,2.1,1
551531,654.17,59
551532,313.26,20
551533,164.86,38
551534,810.56,14
551535,153.75,5
551539,528.88,20
551542,306.5,17
551543,134.8,8
551544,692.84,21
551545,24.900000000000002,1
551546,316.12,15
551548,446.62,28
551549,248.25,15
551550,40.35,3
551552,36.0,1
551555,108.87,3
551556,150.32,10
551558,327.71,81
551559,612.16,6
551560,820.74,10
551561,306.82,17
551562,159.35999999999999,1
551563,1102.8600000000001,5
551564,534.65,33
551566,609.5,4
551576,21.599999999999998,1
551584,450.52,29
551595,204.00000000000003,1
551599,312.49,17
551603,467.70000000000005,24
551616,157.75,38
551617,489.59999999999997,1
551618,626.1,3
551623,214.15,11
551647,62.28,4
551649,202.48000000000002,4
551650,1110.72,54
551651,8.5,1
551652,338.24,5
551653,344.70000000000005,14
551654,195.1,2
551655,115.95,20
551656,619.2,37
551657,545.01,31
551658,481.64,29
551660,106.66,6
551661,63.910000000000004,4
551662,311.13,8
551665,374.0,22
551686,478.51,21
551687,309.35,13
551688,299.81,13
551693,303.61,22
551696,797.26,29
551697,8142.75,1
551698,1132.95,8
551702,494.84999999999997,15
551713,275.93,19
551714,173.07999999999998,16
551715,337.38,19
551717,257.86,57
551720,76.65,4
551721,288.75,32
551724,209.99,50
551725,565.0,4
551726,593.52,5
551727,688.35,41
551728,133.6,8
551729,20.8,1
551730,306.36,8
551731,424.42,28
551733,313.62,15
551734,465.99,33
551736,534.24,1
551739,141.94,43
551747,2805.2799999999997,58
551774,109.38,29
551775,775.0,47
551776,250.04,40
551791,476.29,15
551809,3566.1400000000003,28
551810,231.27,43
551811,756.73,33
551812,319.74,20
551813,224.78000000000003,13
551814,95.8,6
551815,77.1,4
551816,271.83,32
551817,172.77,21
551818,238.74,8
551819,364.18,6
551820,429.6,20
551821,270.02,27
551822,159.20000000000002,9
551823,261.95,11
551824,483.7,33
551825,22.9,2
551826,8.4,2
551832,9.36,1
551833,500.09,20
551834,75.66,6
551835,411.54,24
551836,203.86999999999998,4
551839,453.02,5
551840,1030.7,16
551842,223.22,13
551843,252.1,16
551844,114.04,11
551845,17.14,8
551846,419.0,19
551849,1032.46,35
551850,302.47,18
551851,997.5,2
551852,278.4,13
551854,302.88,4
551855,814.71,62
551856,312.71999999999997,6
551857,326.9,18
551858,128.01,16
551859,230.03,14
551860,110.64,16
551862,227.65,3
551868,1380.11,41
551869,418.2,31
551870,194.3,14
551872,206.6,10
551874,385.14,4
551875,484.12000000000006,2
551876,313.4,16
551877,179.0,1
551878,119.7,2
551879,311.29999999999995,3
551880,303.82,16
551881,346.08,6
551882,108.95,7
551883,306.72,7
551884,296.88,15
551885,378.24,25
551886,129.18,7
551887,236.0,11
551888,51.0,1
551889,306.72,11
551890,134.7,6
551891,186.86,17
551893,464.3,16
551894,64.95000000000002,3
551895,89.4,2
551896,170.96,9
551897,81.10000000000001,4
551902,99.6,2
551907,116.95,3
551944,110.38,16
551945,15.0,1
551946,307.0,3
551950,366.86,23
551951,633.0,3
551952,494.7,2
551953,593.72,37
551954,425.4,16
551955,321.48,2
551956,277.97,44
551957,303.54,8
551958,263.24,22
551959,112.63000000000001,7
551960,466.71,26
551961,386.5,19
551962,123.75,5
551963,305.9,16
551966,369.95,64
551967,208.36,9
551976,809.4,5
551977,225.60000000000002,3
551978,292.11,7
551979,185.39999999999998,2
551980,109.25,4
551981,897.5999999999999,3
551982,1051.99,103
551983,562.29,34
551984,281.66,17
551985,149.97,11
551986,239.52,20
551987,250.47,43
551988,154.8,11
551989,265.2,3
551990,68.0,1
551991,89.39999999999999,10
551992,442.96,9
551993,99.21,12
551994,437.52000000000004,29
551996,352.26,17
551998,258.6,23
552004,147.44,10
552005,622.47,30
552007,310.78,16
552008,311.2,3
552010,292.42,43
552011,138.85,8
552013,2388.31,94
552018,217.8,10
552023,400.3,25
552025,378.95,31
552026,108.0,1
552028,64.06,4
552032,67.95,5
552033,214.56,8
552034,143.45999999999998,5
552036,211.15,22
552037,240.6,8
552038,3869.18,20
552039,4655.85,176
552040,522.6,15
552041,105.9,6
552042,1208.31,44
552044,449.42,11
552045,365.83,24
552046,370.77,24
552048,519.0,2
552051,415.02,60
552053,186.9,12
552054,353.06,21
552055,327.96,15
552056,356.40000000000003,1
552057,251.75,13
552058,647.75,17
552059,140.57999999999998,11
552060,76.32000000000001,1
552061,1264.0800000000002,47
552062,95.56,10
552064,118.3,14
552065,190.54,20
552078,300.4,15
552080,404.40000000000003,3
552108,289.82,50
552121,261.36,16
552127,59.9,4
552134,550.12,16
552135,19.919999999999998,1
552139,162.24,19
552149,700.6,39
552166,371.96,24
552167,93.75,5
552168,226.9,11
552169,115.15,7
552170,216.3,13
552171,1128.6,4
552172,640.0,1
552174,15.600000000000001,1
552176,127.38,25
552179,116.49000000000001,10
552180,430.46000000000004,29
552181,1484.4,9
552182,195.14999999999998,9
552183,173.12,36
552184,162.96,8
552185,464.01,25
552186,483.02000000000004,21
552188,381.08,21
552189,10.08,1
552191,58.9,6
552192,315.66,16
552193,243.51999999999998,16
552195,204.29999999999998,3
552196,138.19,8
552197,211.44,7
552198,90.12,17
552202,165.85,6
552211,246.07999999999998,9
552217,304.21,11
552231,628.85,44
552233,112.05000000000001,3
552235,313.3,13
552236,529.7,8
552238,185.31,3
552239,367.52,44
552240,199.85000000000002,6
552242,62.67999999999999,9
552243,84.49,18
552244,29.89,14
552245,108.87,13
552246,19.720000000000002,8
552247,21.39,11
552248,7.15,3
552249,35.97,11
552250,3.3,2
552251,22.14,8
552252,251.75,13
552253,187.98000000000002,6
552254,158.26,6
552255,187.16,14
552256,327.85,12
552257,386.72,27
552259,253.47,25
552260,480.46000000000004,13
552261,280.6,15
552262,862.53,49
552263,265.75,7
552264,243.72,23
552265,564.33,57
552266,282.85,11
552267,117.33,20
552268,426.84,17
552269,287.89,74
552270,105.55,13
552271,150.35,16
552272,1128.94,7
552273,348.3,16
552274,236.10000000000002,9
552275,59.8,1
552276,282.48,9
552277,354.8,66
552278,199.11,41
552279,312.4,8
552280,141.85999999999999,14
552281,938.85,47
552282,364.23,38
552283,109.80000000000001,5
552284,321.9,5
552285,350.9,145
552286,205.37,26
552287,107.0,7
552288,302.44,14
552289,5.55,2
552290,369.75,79
552291,406.1,23
552292,38.2,2
552293,173.12,11
552294,193.35000000000002,8
552295,251.01999999999998,41
552296,356.92,43
552297,134.65,7
552298,236.46,16
552299,114.05,8
552302,97.09,26
552303,247.77,15
552304,183.29999999999998,28
552305,119.75,7
552306,283.99,18
552307,95.85,16
552308,302.4,15
552309,328.45,21
552310,155.68,38
552311,318.15999999999997,13
552312,214.5,9
552313,760.52,29
552314,90.6,6
552315,1092.43,62
552316,334.71000000000004,21
552318,377.36,60
552319,59.050000000000004,4
552320,247.79999999999998,13
552321,368.26,18
552322,289.0,15
552323,239.4,13
552324,681.5,14
552325,331.5,17
552326,309.19,16
552327,137.95000000000002,6
552328,362.9,11
552329,315.3,15
552330,357.3,20
552332,335.11,24
552333,553.35,34
552336,399.15,17
552337,667.11,33
552340,417.0,1
552341,816.0,1
552342,738.0,2
552353,360.29,29
552357,227.62,13
552358,815.78,46
552364,404.2,30
552365,272.46,35
552371,101.17999999999999,13
552372,301.15000000000003,19
552376,109.05,13
552404,305.02,13
552410,118.49,18
552418,331.7,18
552441,160.65,6
552442,342.78000000000003,26
552444,172.18,25
552445,667.61,17
552446,351.83,37
552447,37.5,1
552448,111.15,17
552449,459.4,13
552450,967.52,8
552451,352.54,6
552452,148.08,15
552453,723.9,24
552454,652.8,2
552456,335.64,24
552457,376.3,25
552460,719.8000000000001,35
552461,331.80000000000007,4
552463,109.13000000000001,8
552464,223.4,10
552465,181.54,21
552466,443.65999999999997,21
552467,485.76,19
552468,360.18,28
552469,451.25,71
552472,251.6,16
552479,92.72,6
552491,300.29999999999995,6
552492,81.36,1
552521,71.82,5
552523,330.0,1
552526,147.15,17
552528,172.95,19
552529,38.3,2
552530,344.86,22
552531,298.43,10
552532,521.49,24
552533,456.55,13
552536,314.6,18
552537,111.03,11
552538,14.95,1
552542,319.12,18
552543,480.90000000000003,22
552544,319.81,24
552545,188.8,12
552547,1077.4,33
552548,137.9,7
552549,334.71,1
552550,1560.3400000000001,17
552551,160.66,11
552554,319.51,33
552555,314.26,9
552557,404.70000000000005,6
552558,357.15000000000003,22
552559,313.93,16
552560,791.33,30
552561,44.550000000000004,1
552562,323.7,15
552563,2044.3700000000001,55
552565,314.55,1
552566,716.0,2
552567,77.19999999999999,3
552571,340.05,20
552572,2944.7,21
552573,37.8,3
552574,2764.29,44
552575,165.44,11
552576,41.6,2
552577,62.400000000000006,3
552614,562.54,31
552624,647.76,65
552631,489.1,30
552638,522.96,28
552639,129.35,8
552640,186.91,57
552641,653.98,11
552642,426.6,16
552643,155.35,28
552644,370.79999999999995,5
552645,13.52,1
552646,111.28999999999999,9
552647,16.5,1
552648,195.0,1
552649,231.8,9
552651,298.88,33
552652,250.22,45
552654,125.53,48
552655,195.13,43
552656,565.25,16
552657,256.15999999999997,7
552658,221.15,23
552661,300.1,5
552664,332.1,7
552669,324.76,35
552690,304.44,16
552692,311.3,16
552693,21.599999999999998,2
552694,859.1,43
552695,852.68,47
552696,95.94,6
552697,54.6,2
552699,302.28000000000003,8
552703,251.29,44
552708,215.65,13
552710,1974.06,42
552711,361.32,20
552712,237.04999999999998,13
552714,316.09,18
552715,305.26,17
552716,24.900000000000002,1
552717,8.5,1
552721,439.6,17
552723,358.2,12
552724,879.92,31
552725,72.0,4
552726,405.53000000000003,24
552727,572.24,33
552728,765.4,3
552729,39.599999999999994,2
552730,519.6,30
552731,515.7,19
552732,590.9499999999999,9
552734,1160.67,26
552735,360.03999999999996,8
552764,208.56,16
552769,166.66,51
552770,217.81,9
552779,194.63,9
552786,1024.8,7
552789,237.60000000000002,1
552802,166.94,25
552803,311.11,44
552804,396.77,20
552806,85.0,5
552811,1798.33,23
552813,314.47,19
552814,71.9,1
552815,16.95,1
552816,258.4,49
552817,574.46,30
552818,102.3,3
552819,1440.96,23
552820,722.41,54
552821,248.02,48
552822,428.69,38
552823,127.66,24
552824,508.63,61
552825,578.48,35
552826,1637.43,75
552827,288.7,3
552828,305.24,18
552829,465.85999999999996,33
552830,431.6,9
552831,348.15000000000003,18
552833,931.4999999999999,1
552835,326.19,23
552837,140.04,5
552838,156.02,9
552839,785.7900000000001,51
552840,36.239999999999995,2
552842,56.65,6
552843,401.77,35
552844,375.0,17
552845,536.4,7
552846,288.0,2
552847,182.45,14
552848,61.95000000000001,3
552850,61.95000000000001,3
552851,1381.3,23
552852,416.45,62
552853,66.14,14
552854,300.71,19
552855,514.08,4
552859,123.52000000000001,10
552860,102.02,9
552861,27.310000000000002,4
552864,1031.07,58
552867,1105.0,25
552868,5.04,1
552869,367.75,27
552870,123.5,7
552871,228.87,12
552872,766.9,15
552873,46.0,3
552874,918.4,42
552875,186.52,6
552877,310.56,19
552878,967.2,33
552879,738.6,22
552880,340.34000000000003,29
552881,161.04,8
552882,1792.72,15
552883,14415.74,92
552884,181.82,13
552885,270.0,1
552886,466.12,28
552887,40.8,2
552888,2613.36,13
552890,328.15000000000003,5
552891,393.95,5
552893,455.18,15
552894,108.94,35
552904,1177.0,1
552905,656.3,35
552945,171.92,4
552946,296.53,12
552947,172.1,5
552948,311.86,14
552949,667.44,50
552950,612.78,34
552951,334.54,40
552952,157.54000000000002,10
552953,561.81,22
552954,281.65999999999997,8
552955,483.40000000000003,6
552956,475.16,23
552957,2557.88,16
552958,463.2,15
552959,474.6,12
552960,352.7,5
552961,348.26,23
552962,719.15,8
552963,270.69,27
552964,305.21,16
552965,330.63,15
552966,70.35,4
552967,101.4,8
552968,148.22,9
552969,302.8,15
552970,381.6,1
552971,140.82,6
552972,224.54000000000002,10
552973,269.88,12
552974,77.24000000000001,4
552975,589.01,42
552977,234.47,15
552978,9341.26,67
552980,523.0,1
552988,214.5,3
552990,366.5,21
553000,62.120000000000005,4
553001,317.59999999999997,9
553002,265.14,54
553003,7.800000000000001,6
553004,261.97,19
553005,416.32,60
553006,560.35,40
553007,635.66,15
553008,191.44,23
553009,373.2,42
553011,309.05,21
553012,392.54999999999995,11
553014,640.01,96
553015,56.2,17
553016,7.5,1
553017,602.83,76
553018,557.72,1
553021,600.36,9
553022,59.8,1
553034,582.59,31
553035,500.9,125
553036,340.88,11
553037,774.5999999999999,13
553038,106.6,5
553039,600.63,7
553040,231.4,5
553042,304.58,11
553043,750.0,1
553044,495.98,24
553045,1351.45,12
553046,314.0,16
553047,19.799999999999997,1
553048,612.08,36
553049,16.5,1
553050,344.15,19
553051,19.5,1
553052,1249.7,15
553053,304.8,12
553054,173.07,31
553055,341.52,9
553056,16.95,1
553057,407.35,21
553058,149.34,16
553059,101.76,1
553060,720.0,28
553061,262.25,41
553062,821.0,4
553063,311.3,22
553064,51.4,4
553067,1110.51,51
553074,413.37,80
553088,1147.15,39
553093,558.94,5
553095,417.4,5
553099,127.49999999999999,1
553102,892.62,3
553120,850.72,29
553125,507.14,26
553129,141.3,25
553130,222.77,12
553131,212.39999999999998,4
553134,568.6,34
553140,115.54,19
553141,251.18,58
553142,90.84,14
553143,89.25,6
553144,619.5,6
553145,309.6,7
553146,519.68,28
553149,726.1,18
553151,692.96,31
553152,375.45,19
553153,17.4,1
553154,384.0,4
553155,34.0,1
553156,240.73,60
553158,689.4200000000001,35
553159,383.06,23
553160,85.36,5
553161,415.28000000000003,23
553164,18.900000000000002,8
553165,147.58,15
553166,306.0,13
553168,308.3,8
553169,103.5,3
553170,223.44,3
553172,132.0,4
553173,243.75,13
553174,127.45,16
553176,112.8,13
553177,205.74,3
553178,120.27,24
553179,125.8,20
553180,212.4,19
553181,159.0,2
553182,2423.6,104
553183,305.45000000000005,16
553184,314.26,60
553185,537.49,21
553186,388.20000000000005,8
553187,128.8,19
553188,209.18,10
553189,419.34,80
553190,194.79,40
553191,185.22,15
553192,1028.56,16
553193,136.9,9
553194,277.81,36
553195,151.4,10
553196,45.7,6
553197,63.440000000000005,23
553198,298.99,25
553199,445.29,59
553200,137.7,9
553201,25.75,4
553202,217.19,52
553203,603.78,18
553204,77.75,26
553205,533.26,11
553206,1543.0,32
553207,382.35,18
553208,586.74,17
553209,266.7,6
553210,1133.33,32
553211,439.75,27
553212,104.15999999999998,6
553213,636.64,6
553214,464.1,10
553215,205.88,4
553216,132.8,1
553217,306.0,1
553218,134.10000000000002,2
553219,318.06,11
553220,732.9200000000001,31
553221,327.0,14
553223,72.4,4
553224,208.2,34
553225,283.32,11
553226,124.7,6
553227,150.4,5
553228,448.34,30
553229,496.49,37
553235,345.42,22
553239,109.32000000000001,4
553315,1203.3200000000002,18
553316,139.88,7
553317,343.44,5
553319,33.0,1
553339,1820.64,15
553340,1122.2,18
553341,307.88,18
553342,125.55,8
553343,307.73,15
553344,298.8,4
553345,533.7,34
553346,306.45,15
553347,560.27,27
553348,754.8100000000001,35
553350,132.0,4
553351,311.7,55
553352,239.48,11
553356,716.32,45
553357,30.0,1
553363,373.4,17
553368,8895.66,17
553369,474.85,26
553371,245.88,5
553374,463.38,30
553375,1184.22,39
553377,369.2,20
553379,368.76,3
553380,195.0,1
553381,207.66,13
553382,202.24,8
553383,403.26,13
553384,177.0,25
553385,423.3,70
553386,655.24,27
553388,120.82000000000001,26
553390,466.28000000000003,93
553392,608.16,11
553402,99.84,20
553403,159.49,6
553404,392.88,16
553405,581.6,25
553406,77.5,1
553408,357.98,10
553410,125.28,8
553411,793.62,45
553412,61.5,4
553415,297.38,18
553416,422.28000000000003,3
553417,631.49,32
553418,357.4,17
553419,162.95000000000002,6
553420,306.85,12
553421,139.79999999999998,6
553422,130.0,1
553423,187.42000000000002,33
553427,100.98,3
553461,680.14,46
553462,563.61,28
553463,927.45,44
553464,925.16,17
553465,116.0,1
553466,259.2,1
553467,159.0,1
553468,921.5999999999999,4
553469,905.76,5
553470,5410.0599999999995,11
553471,2462.26,9
553472,793.47,16
553473,254.88,3
553474,276.48,1
553475,866.4,5
553476,551.03,23
553477,319.21000000000004,17
553484,298.6,4
553485,326.48,33
553487,564.96,36
553488,135.35,33
553489,467.43,29
553490,155.93,13
553491,127.5,8
553496,122.2,6
553497,75.8,3
553498,302.1,6
553499,210.35000000000002,5
553500,39.0,1
553501,9.9,1
553503,111.14,23
553504,407.47,25
553505,677.8,38
553506,38.6,2
553507,215.15,29
553509,194.38,27
553515,139.19,20
553520,103.83,17
553522,274.29,50
553524,247.29,32
553525,127.28999999999999,8
553526,131.0,15
553527,1069.47,53
553537,303.17,17
553538,140.31,25
553540,2649.52,47
553546,11924.800000000001,73
553547,760.28,38
553550,850.0,1
553551,100.0,1
553552,439.8,30
553553,447.71000000000004,20
553556,246.89,51
553559,293.0,1
553565,486.99,26
553566,389.01,16
553567,32.849999999999994,1
553570,399.21000000000004,21
553571,132.4,9
553572,591.65,29
553573,2.9,2
553574,1373.46,15
553575,427.97,20
553576,664.0,16
553577,368.2,10
553578,356.16,10
553579,19.799999999999997,1
553585,306.90999999999997,25
553607,5176.12,25
553612,157.9,6
553614,427.8,4
553625,822.5999999999999,4
553638,193.75,11
553650,123.36,6
553653,319.25,11
553654,205.74,3
553655,114.7,12
553657,174.51,64
553658,554.42,35
553660,177.43,11
553661,1384.25,33
553662,224.47,13
553663,159.65,17
553664,99.0,14
553666,112.32000000000001,2
553668,391.75,16
553670,645.5,16
553671,527.8,42
553672,397.51,25
553673,600.39,24
553674,115.60000000000001,2
553675,205.84,14
553676,647.26,9
553677,162.0,2
553678,380.91,24
553679,710.14,24
553680,224.62,15
553681,152.17,7
553682,732.4,5
553683,285.1,7
553684,550.52,10
553685,799.38,40
553686,1414.36,60
553689,370.26,7
553690,108.0,1
553691,870.92,34
553701,115.92,2
553702,167.64,40
553703,464.32,33
553706,302.64,5
553707,1026.27,30
553708,112.19999999999999,3
553709,454.34000000000003,15
553710,300.05,35
553711,538.1800000000001,14
553712,540.36,11
553713,325.4,2
553714,213.05,22
553720,236.0,10
553721,569.0899999999999,23
553722,59.099999999999994,4
553724,439.39,24
553725,310.04,19
553726,259.32,5
553727,178.35,7
553730,555.46,7
553731,738.96,37
553732,134.82,7
553733,92.10000000000001,5
553734,147.54,4
553735,36.0,2
553736,60.0,1
553737,479.65,15
553738,305.36,14
553739,1073.09,46
553740,127.75,9
553741,463.59999999999997,25
553742,310.5,6
553747,294.73,21
553749,253.8,5
553750,358.22,21
553751,396.86,21
553752,211.55,11
553753,259.20000000000005,5
553754,194.11999999999998,13
553755,367.2,1
553762,414.77,25
553765,171.45,9
553781,139.15,6
553828,862.89,30
553829,188.1,10
553830,155.9,10
553831,914.24,33
553832,384.58,27
553833,222.31,42
553834,696.0999999999999,16
553835,181.1,7
553836,566.18,19
553837,24.96,1
553838,561.66,33
553839,87.7,2
553842,400.88,20
553843,352.85,19
553844,437.94,13
553845,727.0,21
553846,299.45000000000005,9
553847,16.6,1
553848,284.76,11
553850,141.54000000000002,7
553852,448.83,29
553853,129.95000000000002,8
553855,310.5,6
553856,206.25,98
553859,595.7,57
553860,184.95,53
553861,314.03,15
553863,446.82,46
553864,136.78,23
553867,451.70000000000005,4
553868,189.60000000000002,1
553869,848.78,30
553870,267.55,11
553871,7.5,1
553872,343.08,20
553873,296.86,11
553874,16.5,1
553876,319.37,19
553878,347.26,8
553879,1223.24,54
553881,318.24,6
553882,249.3,3
553883,100.80000000000001,1
553884,202.26000000000002,5
553885,140.6,6
553886,340.5,13
553887,192.3,9
553888,300.79,19
553889,397.40000000000003,19
553891,682.4,12
553892,140.70000000000002,6
553893,323.95,13
553894,933.3,32
553895,116.5,7
553896,349.55,19
553897,267.46,16
553898,141.60000000000002,1
553899,662.21,23
553900,89.0,4
553901,936.34,30
553902,121.09,9
553907,125.43,7
553908,311.3,11
553909,163.60000000000002,9
553911,191.67,25
553912,533.57,22
553913,456.57,27
553915,587.21,26
553916,127.59,10
553917,118.55,6
553918,273.44,9
553919,1005.7,27
553920,381.45000000000005,13
553921,394.0,18
553922,211.73000000000002,11
553923,279.02,12
553925,373.72,15
553926,17.0,1
553927,784.92,4
553928,392.4,2
553929,104.39999999999999,1
553930,392.4,11
553931,380.32,23
553932,124.8,8
553933,573.6600000000001,24
553934,38.2,2
553935,772.57,63
553936,71.4,4
553937,171.29,21
553938,115.6,6
553940,419.8,25
553941,370.45,21
553942,968.5,39
553946,691.54,42
553952,59.8,1
553978,1692.0,6
553979,481.70000000000005,4
553996,346.4,20
553997,1118.3999999999999,14
554000,200.45999999999998,14
554003,504.0,5
554007,8.25,1
554008,131.7,8
554009,434.6,26
554013,814.95,26
554014,94.39999999999999,7
554015,400.0,27
554016,600.07,58
554018,79.3,5
554019,455.82000000000005,22
554026,648.72,6
554027,194.4,9
554028,809.9200000000001,23
554030,718.64,45
554031,144.38,8
554032,130.8,1
554033,477.86,20
554034,208.79999999999998,3
554035,63.9,4
554036,288.98,11
554037,766.3599999999999,4
554038,294.72,13
554039,770.5,29
554040,362.19,17
554041,15.0,1
554042,154.73,11
554043,77.75,5
554050,168.49,6
554051,118.80000000000001,1
554052,3.8,1
554053,143.6,5
554055,303.46000000000004,5
554057,578.5500000000001,4
554058,213.07,35
554059,458.94,26
554060,380.0,1
554061,17.0,1
554062,374.59999999999997,20
554063,300.0,1
554064,183.60000000000002,2
554065,765.28,29
554066,815.15,21
554067,227.57999999999998,14
554068,86.5,5
554069,508.11,30
554070,976.12,30
554071,1961.05,7
554072,613.93,25
554073,117.66,8
554074,184.55,13
554075,316.95,19
554076,369.76,26
554077,145.9,9
554078,40.56,1
554079,313.59000000000003,46
554080,230.60999999999999,48
554081,257.7,9
554082,219.96,20
554083,212.93,47
554084,624.92,22
554085,182.6,11
554086,134.5,9
554087,276.12,5
554088,513.9300000000001,18
554089,475.19,41
554090,117.93,13
554091,152.34,9
554092,306.13,15
554093,492.26,30
554094,240.08,35
554095,20.8,1
554096,903.01,53
554097,705.21,35
554098,2516.57,264
554099,797.65,29
554101,223.7,11
554102,243.22,30
554103,379.40999999999997,76
554104,984.85,53
554105,213.06,36
554106,718.96,44
554107,205.7,5
554108,318.51,23
554109,205.5,10
554110,111.4,5
554111,114.60000000000001,6
554112,305.1,78
554113,403.23,24
554114,180.94,25
554115,92.7,3
554116,147.86,13
554117,893.37,47
554118,238.98,14
554119,53.8,2
554120,57.3,3
554121,142.65,9
554122,143.1,6
554123,171.82,10
554124,860.12,54
554125,399.15,23
554126,472.09,17
554129,306.34000000000003,16
554130,204.0,1
554131,725.02,31
554132,1083.58,45
554134,421.96,20
554135,92.92,5
554137,371.95,19
554138,35.400000000000006,1
554139,1007.75,52
554141,51.36,4
554142,471.6,12
554146,156.6,7
554147,333.82,22
554151,2026.6299999999999,143
554155,1241.98,1
554156,366.0,3
554157,99.47,44
554158,465.43,40
554159,147.0,4
554160,320.48,80
554161,34.0,2
554162,397.78,12
554163,183.26,23
554164,398.05,5
554181,486.7,20
554202,188.16,27
554207,1.95,1
554261,256.98,40
554262,326.4,1
554263,7.800000000000001,1
554264,138.2,5
554268,638.24,27
554269,62.4,4
554270,439.52,26
554271,1733.8500000000001,14
554272,2843.6,6
554274,113.55,6
554275,686.47,91
554277,127.2,1
554278,378.69,53
554279,415.00000000000006,1
554280,529.5500000000001,29
554281,318.55,19
554282,1742.8,6
554283,1044.54,54
554284,12.64,1
554286,386.96,18
554289,306.96,12
554301,1241.98,1
554305,557.72,1
554306,578.6500000000001,11
554307,457.68,5
554309,241.20000000000002,2
554315,308.61,10
554322,109.8,4
554323,330.6,24
554324,146.8,4
554325,495.1,21
554326,339.59999999999997,30
554329,379.40000000000003,11
554337,259.9,12
554347,720.4,24
554348,1695.54,66
554349,278.78000000000003,17
554350,106.75,6
554351,176.1,6
554353,1541.16,15
554354,39.900000000000006,2
554355,249.55,15
554356,393.34,13
554357,353.34000000000003,1
554358,2825.3999999999996,2
554359,301.55,18
554362,150.35,15
554363,293.25,15
554364,264.0,2
554365,688.0600000000001,28
554366,9468.48,4
554367,237.15,10
554368,257.39,13
554369,9.959999999999999,1
554370,62.099999999999994,3
554371,595.29,28
554372,301.14,19
554375,245.92,17
554376,491.71999999999997,79
554379,339.7,5
554380,580.36,12
554381,133.8,3
554382,610.93,67
554392,211.5,19
554415,747.24,36
554421,164.02,9
554424,138.87,14
554441,320.48,21
554465,300.8,18
554483,593.25,21
554484,302.88,4
554485,37.45,2
554487,146.5,29
554489,751.76,38
554490,236.94,14
554491,99.83,28
554492,131.43,11
554494,729.07,75
554495,3.75,1
554496,452.0,5
554497,537.5,36
554498,327.97,24
554502,124.68,6
554503,337.92,8
554504,304.4,17
554505,159.56,8
554506,15.18,2
554507,317.16,13
554508,94.80000000000001,2
554509,113.73,26
554510,336.6,5
554513,342.46,12
554515,135.93,5
554520,468.01,48
554524,17.4,1
554534,50.0,1
554542,499.08,19
554543,157.25,10
554545,219.78,13
554547,79.56,4
554549,328.34999999999997,14
554552,2044.8400000000001,8
554554,262.54999999999995,3
554555,267.12,11
554556,829.63,27
554557,525.36,34
554560,424.0,21
554561,207.3,10
554570,152.35,10
554579,469.0,7
554597,326.52,9
554598,260.04,51
554603,219.76999999999998,23
554617,119.82,41
554628,659.35,52
554629,135.14000000000001,6
554630,296.32,40
554631,9.899999999999999,1
554632,66.0,3
554633,17.28,1
554635,117.75000000000001,7
554636,611.85,23
554637,206.46,12
554638,196.9,28
554639,163.2,1
554640,1126.6,8
554641,123.3,2
554642,1392.0,1
554643,792.62,11
554644,714.77,29
554645,52.9,5
554646,124.25,8
554647,179.0,1
554648,444.96000000000004,21
554649,79.19999999999999,1
554650,568.74,30
554651,752.2099999999999,27
554654,615.36,31
554655,367.28000000000003,6
554656,230.55,9
554658,306.88,23
554663,172.24,37
554664,76.8,3
554665,349.94,16
554666,371.3,14
554667,374.82000000000005,14
554668,317.59999999999997,13
554669,480.96,36
554670,77.52,5
554671,314.7,18
554672,387.1,20
554674,278.63,7
554682,311.5,46
554684,188.89000000000001,20
554695,219.46,25
554697,220.38,29
554698,301.35,11
554699,501.83000000000004,22
554700,139.03,6
554701,144.8,8
554702,385.81,25
554703,48.1,2
554704,418.95,21
554705,364.38,5
554706,57.900000000000006,2
554707,1090.76,6
554708,291.0,17
554709,1086.0,3
554710,537.0,1
554711,123.05,8
554712,546.88,22
554713,48.099999999999994,3
554718,137.77,8
554756,75.0,3
554762,320.5,17
554765,341.6,22
554770,482.44,26
554776,5.8,1
554787,107.67,15
554788,304.3,14
554789,426.96,6
554791,5.8,1
554792,48.4,2
554794,215.51999999999998,15
554795,316.8,17
554798,610.5999999999999,9
554808,329.01,57
554809,196.73000000000002,11
554810,271.85,4
554812,252.32999999999998,39
554813,103.21000000000001,21
554814,895.44,42
554815,589.78,4
554816,100.44,9
554817,302.8,16
554818,292.6,6
554819,10.5,5
554820,107.4,5
554821,67.88,3
554822,210.8,12
554823,426.43,21
554824,401.82,16
554825,309.41,16
554826,232.5,12
554827,8980.88,50
554832,282.86,17
554834,327.59999999999997,2
554835,201.97,14
554836,783.67,30
554837,254.42000000000002,23
554838,107.85000000000001,8
554839,374.29,50
554840,398.0,13
554842,555.71,34
554843,330.42,16
554844,63.0,3
554845,5518.68,8
554850,388.18,6
554853,366.56,7
554854,354.45,15
554855,179.8,13
554858,222.18,13
554859,1063.8400000000001,9
554860,548.39,28
554861,716.73,38
554865,134.04,8
554866,493.27,24
554868,3096.0,1
554869,338.28000000000003,5
554906,670.61,39
554915,325.6,5
554916,82.79,11
554917,652.8,41
554918,45.54,11
554919,537.0,3
554920,559.87,33
554921,411.59999999999997,2
554922,316.1,8
554923,89.7,2
554924,12.850000000000001,2
554927,191.4,10
554929,366.87,27
554930,252.0,1
554932,76.5,1
554933,260.21,40
554934,65.9,3
554935,579.97,30
554936,100.19999999999999,3
554937,440.99,28
554938,726.43,34
554939,373.03999999999996,18
554940,403.09000000000003,21
554941,127.19,16
554942,157.57999999999998,42
554943,556.3,4
554944,178.08,2
554946,379.82,17
554947,100.48,3
554948,336.03000000000003,24
554949,327.66,15
554950,797.48,46
554951,207.50000000000003,1
554952,81.0,2
554953,17.4,1
554954,179.67000000000002,9
554955,120.7,6
554963,314.1,19
554964,252.3,39
554965,67.15,2
554966,146.4,4
554968,94.41,14
554969,178.74,10
554974,1100.55,26
554975,843.0600000000001,10
554976,320.35,22
554977,121.0,19
554978,350.06,30
554979,161.58,37
554980,55.2,9
554981,415.04,54
554982,1155.6,4
554984,218.0,2
554985,582.73,30
554986,360.0,52
554987,68.65,14
554988,119.71000000000001,6
554989,102.34,18
554990,308.03999999999996,9
554991,142.0,32
554992,382.14,76
554993,247.14000000000001,43
554994,149.01,45
554995,161.71,16
554996,194.4,16
554997,321.96000000000004,18
554998,207.15,12
554999,407.43,56
555000,263.13,16
555001,185.22000000000003,4
555002,350.12,17
555003,158.1,8
555004,105.35,7
555005,1093.44,8
555007,208.79999999999998,2
555008,382.70000000000005,2
555009,607.74,22
555010,213.12,1
555011,75.0,4
555012,420.43,27
555015,613.54,41
555016,792.5,9
555017,213.05,9
555025,474.02,26
555028,49.5,3
555070,9.2,2
555073,129.32,20
555075,382.5,1
555076,374.87,26
555077,147.48,9
555091,170.02,29
555092,139.35,19
555093,74.96,4
555094,457.34,26
555095,1306.49,47
555096,458.84,18
555097,177.60000000000002,1
555098,310.8,1
555099,844.0,3
555101,228.8,9
555102,84.72,3
555103,104.0,5
555104,816.0,1
555106,324.92,21
555107,587.45,23
555108,671.02,48
555109,322.85,41
555110,197.55,71
555111,201.26999999999998,11
555112,314.47,16
555113,113.0,6
555114,120.59,15
555116,317.3,29
555119,155.0,10
555124,549.43,93
555125,313.71000000000004,17
555127,368.1,21
555133,309.54,15
555147,906.4,42
555156,39.45,2
555157,287.45,8
555158,1378.48,76
555159,90.75,9
555160,1799.6,13
555161,84.92,5
555162,672.1899999999999,35
555164,3623.2,13
555194,588.36,7
555195,416.28000000000003,20
555198,113.35,9
555199,109.36999999999999,29
555200,262.61,13
555201,397.36,27
555202,110.55,34
555203,354.82,36
555207,421.73,24
555213,152.64000000000001,2
555232,165.1,3
555233,65.38,5
555234,340.25,14
555240,213.86,31
555241,302.45,7
555242,133.56,5
555243,153.3,7
555245,198.46,30
555247,325.8,10
555249,259.27,60
555251,346.98,11
555257,541.95,44
555259,90.6,2
555260,161.87,36
555263,422.99,25
555264,122.74000000000001,17
555266,100.6,3
555270,415.00000000000006,1
555279,127.62,28
555280,233.92,11
555281,47.75,3
555282,1225.26,42
555283,64.3,4
555284,3056.7200000000003,105
555285,362.7,1
555286,51.0,2
555287,214.94,5
555289,345.7,14
555312,285.7,18
555340,1071.4,84
555343,192.23,18
555344,1541.98,30
555347,311.14,19
555348,235.23000000000002,20
555349,294.69,31
555350,811.36,49
555351,397.8,7
555352,2105.98,11
555353,156.2,12
555356,352.8,4
555359,109.82000000000001,10
555363,119.93,22
555367,79.8,4
555368,1440.9,80
555381,32.4,2
555382,1437.12,5
555383,766.95,134
555385,7.5,1
555388,305.85,17
555389,233.75,3
555392,30.0,1
555393,759.85,39
555394,126.44,4
555395,94.68,4
555396,455.25,30
555399,123.74999999999999,23
555400,5913.9,68
555401,1896.0300000000002,21
555403,121.55,5
555405,296.7,14
555406,393.59,55
555407,419.8,15
555408,390.09,22
555410,347.9,15
555412,61.3,2
555413,228.63,29
555414,266.1,16
555415,284.85,5
555416,376.15,23
555417,68.1,4
555418,1299.04,32
555419,17.0,1
555420,630.46,25
555422,25.0,1
555470,264.4,13
555471,232.21,30
555472,303.12,8
555473,836.05,37
555476,185.9,20
555477,1109.32,47
555478,1139.04,1
555479,229.26000000000002,4
555485,357.3,19
555486,387.46999999999997,21
555488,330.28000000000003,51
555489,259.2,1
555490,1314.0,1
555491,333.0,4
555492,319.02,21
555493,340.44,10
555494,204.85000000000002,12
555495,312.75,15
555496,349.1,8
555497,39.12,2
555498,107.65,5
555499,289.46,27
555500,114.68,23
555501,241.48,14
555504,15.0,1
555507,300.14,16
555508,269.88,28
555509,443.72,21
555511,156.48,9
555512,325.68,2
555513,892.62,3
555514,252.19,21
555515,856.63,50
555516,302.42,25
555517,324.9,14
555518,449.38,27
555519,525.5,11
555520,116.09,29
555521,389.61,5
555522,273.13,14
555523,508.95000000000005,26
555524,610.77,76
555525,332.9,12
555526,645.3,9
555527,399.35,4
555528,324.72,3
555530,61.199999999999996,1
555531,1939.52,18
555533,446.6,23
555534,31.200000000000003,1
555535,166.3,10
555536,239.46,11
555537,197.09,41
555538,148.95999999999998,9
555539,201.45,26
555540,302.81,29
555541,148.7,21
555542,387.05,19
555543,627.04,13
555544,330.61,17
555545,873.85,50
555546,228.3,13
555547,709.91,32
555548,147.05,9
555549,262.25,29
555550,486.24,16
555551,298.79,16
555552,124.65,29
555553,493.68,31
555554,319.0,13
555555,110.55000000000001,7
555556,568.47,27
555557,59.5,3
555558,462.53,105
555559,300.2,20
555560,165.63,46
555561,35.400000000000006,1
555562,372.36,76
555564,296.32,49
555565,538.76,33
555566,216.63,25
555567,459.75,42
555568,620.65,55
555569,793.08,19
555570,756.1,43
555571,105.0,5
555572,858.9300000000001,48
555573,366.11,60
555574,437.19,23
555575,310.05,10
555576,140.4,2
555577,557.85,29
555578,114.06,4
555579,125.19,5
555580,10.5,1
555581,159.22,10
555582,260.57,16
555583,304.28000000000003,17
555584,181.3,6
555585,612.0,4
555586,310.79,14
555587,277.0,14
555588,124.57,8
555589,427.58,25
555590,75.0,3
555591,430.98,22
555592,176.16,11
555593,114.3,7
555594,312.94,17
555601,57.5,1
555602,320.83,17
555603,262.11,17
555604,428.85,24
555620,13.0,1
555626,270.8,13
555627,130.44,10
555628,387.88,16
555630,302.72,23
555631,191.60999999999999,40
555632,509.2,4
555633,144.97,17
555634,210.06,9
555635,272.0,15
555637,371.45,18
555638,816.8199999999999,61
555640,315.62,12
555642,496.46000000000004,28
555644,423.65000000000003,42
555645,164.01,18
555646,320.2,6
555647,586.52,28
555648,205.18,41
555649,394.14,31
555650,958.12,45
555651,218.92,16
555653,287.19,44
555654,181.3,10
555691,444.45,23
555695,143.5,5
555701,147.02,14
555702,46.839999999999996,3
555703,309.38,19
555704,507.70000000000005,22
555705,247.60999999999999,23
555719,512.8,27
555720,129.49,10
555721,45.0,1
555724,15.0,1
555725,34.0,2
555726,357.99,23
555728,341.96,86
555731,418.45,19
555732,103.25,5
555733,402.08,5
555734,343.75,13
555735,450.40000000000003,18
555736,586.01,30
555737,298.19,16
555738,318.7,11
555739,607.5500000000001,36
555740,387.42,21
555741,230.18,13
555742,388.0,10
555743,248.06,14
555744,247.44,18
555745,184.52,10
555746,105.6,26
555751,34.0,1
555759,166.8,1
555798,1121.1299999999999,11
555808,96.14,5
555810,585.84,33
555813,87.9,6
555815,916.74,49
555816,47.2,1
555817,14.850000000000001,1
555818,255.96000000000004,2
555819,430.98,22
555820,304.71999999999997,11
555829,392.4,14
555832,308.7,10
555834,85.0,1
555835,783.07,98
555836,531.36,20
555839,25.5,2
555840,70.2,1
555841,139.82,49
555842,122.76,6
555843,159.11,9
555844,160.15,34
555845,524.5,121
555846,149.15,8
555847,234.07,18
555848,424.24,21
555849,315.86,9
555850,387.42,47
555851,585.17,105
555852,189.28,11
555853,257.68,75
555854,167.81,30
555855,2517.44,47
555856,298.89,32
555857,133.62,23
555858,254.31,13
555859,198.57,13
555861,166.4,4
555862,243.2,14
555863,121.67999999999999,1
555865,413.93,36
555866,306.68,16
555870,68.7,2
555871,263.16,3
555872,307.72,21
555875,7.25,3
555876,161.02,15
555884,147.62,4
555896,1008.61,54
555916,181.63,16
555917,199.5,3
555918,211.92000000000002,8
555920,10999.52,12
555921,301.78,17
555928,99.45,5
555929,765.8199999999999,8
555930,341.07,24
555931,833.16,44
555932,165.36,10
555933,286.34000000000003,17
555934,557.7,7
555936,286.34000000000003,17
555937,669.36,30
555938,410.45,17
555939,57.78,3
555940,357.6,9
555941,356.03999999999996,17
555942,322.55,18
555943,612.68,16
555944,163.69,10
555945,511.3,8
555946,184.59,24
555947,2233.28,57
555948,166.86,7
555949,596.13,26
555950,136.5,6
555979,891.4200000000001,36
556009,302.54,15
556010,598.0,5
556016,452.4,5
556017,512.7,29
556018,26.400000000000002,2
556019,221.4,7
556020,114.71,20
556021,477.68,22
556022,79.19999999999999,4
556023,209.28,25
556024,151.95000000000002,9
556032,542.22,15
556034,313.20000000000005,2
556035,54.48,4
556036,52.8,3
556038,173.66,22
556039,501.5,12
556040,320.58000000000004,21
556041,336.84000000000003,56
556042,1037.3700000000001,66
556043,243.92999999999998,13
556044,165.55,9
556045,408.04,24
556047,276.24,4
556048,298.48,16
556049,382.70000000000005,2
556050,279.04,16
556051,180.04,16
556052,14.5,1
556053,112.7,2
556054,222.07,16
556055,358.0,2
556056,426.05,99
556058,524.5,29
556059,320.91999999999996,9
556060,1118.04,8
556062,379.5,4
556063,193.2,41
556064,300.63,6
556065,146.3,8
556066,388.36,3
556067,269.9,31
556068,5.76,1
556070,396.14000000000004,8
556071,481.36,29
556072,952.65,20
556073,462.15000000000003,22
556079,351.2,13
556084,135.0,5
556097,15.9,1
556098,62.5,1
556099,3.75,1
556100,300.14,14
556102,878.55,55
556103,237.57000000000002,28
556104,384.2,22
556105,307.9,17
556106,393.34000000000003,49
556107,330.95,60
556109,200.17000000000002,12
556110,124.60000000000001,3
556111,313.0,22
556112,340.78000000000003,21
556113,585.3199999999999,38
556114,142.14000000000001,6
556115,99.96,7
556116,136.7,11
556118,333.0,6
556119,42.96,1
556120,290.2,19
556121,132.18,20
556125,303.62,15
556126,338.0,22
556127,1621.25,49
556128,196.66,7
556129,438.0,10
556130,316.02000000000004,11
556139,307.76,12
556179,308.2,15
556181,410.87,13
556182,102.97999999999999,20
556183,360.04,21
556184,337.55,14
556185,30.6,2
556186,213.70000000000002,10
556187,299.78,15
556189,400.7,21
556190,72.52,4
556191,184.28,6
556192,82.2,4
556193,306.86,24
556194,319.95,11
556195,535.01,25
556196,62.040000000000006,3
556197,202.38,13
556198,294.2,38
556199,319.29,21
556201,382.52,18
556202,109.3,20
556203,130.08,5
556204,308.68,18
556205,203.98000000000002,13
556206,646.27,26
556207,128.76,19
556208,506.67999999999995,12
556214,301.32,20
556216,300.55,14
556218,352.91,17
556219,309.65999999999997,15
556222,539.12,46
556228,115.2,2
556229,304.48,20
556230,226.28,6
556234,26.36,10
556235,84.0,5
556236,45.2,3
556238,378.7,12
556239,158.85,9
556240,105.0,7
556241,912.66,48
556244,302.72,28
556245,538.4300000000001,64
556246,161.38,30
556247,270.55,15
556248,332.64,14
556249,24.900000000000002,1
556252,480.96000000000004,19
556253,185.8,9
556254,136.25,10
556255,16488.0,12
556256,196.68,15
556257,294.86,30
556258,439.5,20
556259,591.09,36
556263,491.38,56
556264,532.9,10
556266,8.5,1
556267,3027.31,31
556271,155.10000000000002,7
556279,215.39000000000001,18
556280,354.01,34
556282,178.22,13
556283,314.11,17
556284,302.8,14
556285,72.0,8
556288,273.66,18
556290,383.28000000000003,22
556296,309.34000000000003,22
556298,105.84,9
556302,1035.76,5
556303,313.45000000000005,20
556304,572.8,16
556305,480.0,3
556318,399.18,16
556323,599.4499999999999,6
556325,149.89000000000001,14
556329,157.76,13
556330,272.41,44
556341,506.19,26
556365,271.04,46
556386,74.16,3
556397,358.0,2
556408,124.14999999999999,33
556413,120.49000000000001,26
556415,6207.08,64
556416,247.25,24
556417,19.8,1
556419,156.4,10
556425,197.37,29
556426,249.49,21
556432,299.67,10
556434,658.78,26
556435,151.2,8
556437,110.78999999999999,8
556439,147.75,4
556440,428.44,15
556441,360.07,35
556442,297.0,1
556443,627.4,9
556444,38970.0,1
556446,649.5,1
556447,314.16,9
556454,40.8,1
556455,734.44,18
556456,3.75,1
556460,379.2,24
556461,830.54,8
556462,213.8,17
556463,360.18,14
556464,80.82,7
556465,110.17999999999999,17
556466,189.05,6
556467,186.55,18
556468,111.03,9
556469,583.2,13
556470,301.42,18
556471,198.76999999999998,12
556472,255.8,15
556473,384.09000000000003,77
556474,363.7,81
556475,417.33,22
556476,302.62,13
556477,199.73,15
556478,226.48999999999998,20
556479,262.88,20
556480,131.10999999999999,13
556481,147.76000000000002,27
556482,709.44,29
556483,110.78,24
556484,2133.4,205
556485,210.95,17
556486,375.04,32
556487,167.35999999999999,34
556488,161.9,15
556489,110.12,30
556490,302.24,16
556491,274.74,57
556492,587.52,8
556494,532.22,63
556495,304.31,56
556496,45.0,1
556497,175.09,11
556498,35.849999999999994,2
556500,102.72,6
556501,394.42,20
556502,491.71000000000004,32
556503,1101.86,76
556504,376.58,26
556505,462.9599999999999,2
556506,50.88,1
556507,1650.1,61
556508,136.95,7
556509,289.77,16
556510,821.32,42
556512,143.54,14
556517,1001.21,29
556519,3.3200000000000003,2
556520,118.08,20
556521,116.75999999999999,13
556523,9.75,1
556526,236.26000000000002,12
556527,112.35,27
556528,312.44,19
556529,513.26,24
556531,765.03,39
556533,249.94,10
556534,53.150000000000006,3
556536,187.14000000000001,29
556537,310.48,20
556538,426.18,21
556539,147.0,9
556540,146.20000000000002,4
556541,271.6,10
556542,264.66,37
556571,178.94,12
556572,149.2,4
556573,480.98,25
556574,1336.2,3
556575,212.0,41
556576,134.48,31
556577,164.41,11
556578,1266.66,68
556579,1109.53,70
556580,311.4,16
556596,110.75,9
556629,593.72,25
556630,315.05,15
556631,58.08,6
556632,114.15,10
556641,189.47,13
556642,133.91,20
556667,254.12,4
556670,786.36,7
556671,259.08,80
556672,293.0,23
556680,306.46000000000004,14
556681,121.52,7
556682,201.83999999999997,16
556683,212.04000000000002,12
556684,83.4,1
556685,597.07,40
556714,976.25,6
556718,2145.0,2
556719,188.44,9
556720,372.6,4
556721,690.3399999999999,23
556722,236.28,10
556723,3060.4,7
556724,246.49,14
556725,2496.0,1
556726,8915.52,9
556727,555.8,24
556728,342.15000000000003,75
556731,103.72,24
556732,474.87,52
556733,325.36,51
556734,510.87,29
556740,147.42000000000002,35
556746,32.55,3
556751,1393.48,13
556767,454.68,13
556768,433.0,20
556776,211.47,55
556777,714.35,44
556778,393.78000000000003,37
556779,143.4,13
556780,275.14,26
556781,1172.6,54
556782,106.15,17
556783,451.26,9
556784,969.99,102
556785,102.0,1
556786,109.20000000000002,3
556788,414.1,11
556789,14.850000000000001,1
556790,256.77,16
556791,176.6,19
556792,150.37,15
556794,120.45,4
556795,123.13,6
556797,230.57999999999998,17
556804,554.62,10
556805,213.8,2
556806,122.04,1
556808,305.51,13
556809,223.48,21
556811,155.28,9
556814,153.24,9
556815,564.61,25
556816,501.64,13
556817,151.2,1
556819,420.94000000000005,12
556820,364.15000000000003,17
556822,143.3,9
556827,171.63,10
556828,184.19,32
556829,489.31,25
556830,44.95,3
556831,160.0,1
556842,40.0,1
556845,4415.4400000000005,55
556876,173.82,79
556878,112.1,9
556879,151.42,33
556881,263.06,7
556882,340.28000000000003,35
556883,353.43,19
556885,17.700000000000003,1
556886,299.94,19
556887,119.28999999999999,16
556889,111.37,8
556890,1063.3500000000001,29
556891,139.64,9
556892,120.94,7
556903,144.26,15
556905,336.11,99
556906,306.1,18
556908,302.46000000000004,10
556909,76.5,3
556910,873.87,99
556912,289.86,51
556913,392.0,12
556914,276.79,25
556915,192.54,56
556916,203.39,71
556917,22775.93,138
556918,650.88,1
556921,76.38,4
556922,14.25,5
556926,166.56,51
556927,3876.86,27
556928,606.72,4
556929,53.91,2
556931,171.84,1
556935,360.9,24
556937,1175.32,48
556942,683.17,41
556953,1012.86,33
556954,455.3,31
556956,1084.24,6
556958,305.2,18
556959,323.0,13
556960,668.8,26
556961,810.6000000000001,6
556964,331.44,18
556965,252.0,6
556967,299.04,4
556968,1077.1200000000001,3
556969,46.95,2
556970,245.75,11
556971,39.599999999999994,2
556972,149.52,4
556977,52.800000000000004,4
556998,305.4,6
557002,180.0,1
557005,302.14,12
557006,214.2,12
557007,1137.99,61
557008,112.88000000000001,14
557009,300.11,29
557010,129.3,4
557011,359.08000000000004,16
557012,62.4,3
557013,542.74,27
557014,87.44,4
557015,331.0,8
557016,169.66,24
557017,181.56,3
557018,5.9,1
557019,278.34,65
557020,212.47,15
557021,395.3,26
557023,183.95000000000002,9
557026,460.11,30
557027,318.65000000000003,15
557032,141.29999999999998,10
557033,189.5,10
557034,421.08,23
557038,35.400000000000006,2
557039,297.15,12
557040,263.09,15
557041,88.55,5
557042,15.8,1
557055,633.55,11
557056,49.800000000000004,1
557057,1830.72,68
557058,69.30000000000001,2
557063,190.95,22
557064,324.29,69
557065,161.46,8
557066,301.88,18
557067,1221.55,34
557068,13.440000000000001,3
557069,510.27,28
557070,376.77,20
557089,343.44,4
557092,432.0,1
557100,108.7,3
557103,113.06,7
557109,304.08000000000004,2
557110,102.0,1
557113,117.0,4
557114,158.4,7
557115,361.76,18
557116,305.75,9
557117,620.58,30
557118,364.16,24
557119,937.74,21
557120,235.94,14
557121,360.03999999999996,5
557122,305.18,19
557123,164.22,37
557124,230.57,8
557125,5405.48,11
557126,115.15,10
557127,117.72999999999999,3
557128,80.5,7
557129,463.6,80
557130,144.3,8
557131,217.4,7
557132,368.38,15
557133,305.28000000000003,1
557134,511.79999999999995,4
557135,461.9,4
557136,626.13,33
557141,387.65999999999997,12
557143,832.02,19
557144,600.08,12
557145,802.13,28
557146,86.84,7
557147,654.18,29
557149,13.05,7
557150,174.27,13
557152,13.899999999999999,2
557153,474.54,43
557208,351.97,22
557210,265.05,33
557211,1025.3400000000001,21
557212,610.5600000000001,1
557213,218.14000000000001,51
557214,964.77,21
557215,68.22,5
557216,42.42,3
557217,1987.19,98
557218,98.16,5
557219,323.28,17
557220,58.08,3
557221,233.53,36
557222,2060.0299999999997,81
557223,379.22,10
557225,411.48,10
557226,252.63000000000002,16
557227,23.0,1
557228,17.700000000000003,1
557230,135.0,8
557232,337.84000000000003,23
557233,405.76,64
557235,245.5,11
557237,68.9,3
557247,1359.58,22
557248,213.73,13
557250,68.44,18
557251,147.95,15
557252,11.9,1
557255,163.2,1
557256,274.56,5
557257,535.86,9
557258,126.9,7
557259,191.94,7
557260,345.5,22
557261,192.05,8
557262,174.53,23
557263,5683.0599999999995,52
557264,177.34,13
557265,341.81,13
557266,120.25,7
557267,245.82,43
557268,655.79,58
557270,111.68,12
557271,624.12,48
557272,535.0,2
557273,137.9,10
557274,580.34,28
557275,318.02,29
557276,184.23,35
557277,118.60000000000001,7
557278,1152.52,51
557279,233.89,19
557280,373.5,15
557281,201.57,25
557283,146.60999999999999,44
557284,133.07,12
557285,602.8,8
557286,178.51999999999998,6
557287,340.58,14
557289,144.23,26
557290,6.95,2
557291,388.98,10
557292,300.1,21
557293,249.95000000000002,25
557294,778.0,4
557295,125.46000000000001,7
557296,114.5,29
557297,239.35,14
557298,200.5,8
557299,562.4,32
557301,328.55,17
557302,236.44,11
557303,101.88,6
557304,132.95,8
557305,192.85,44
557306,234.6,7
557307,139.77,8
557308,109.96,29
557309,414.49,20
557310,111.2,8
557311,692.78,85
557312,408.45,20
557313,88.50000000000001,3
557314,223.74,11
557315,125.01,25
557316,151.63,18
557317,134.1,12
557318,303.3,14
557319,880.85,49
557320,321.3,4
557321,132.0,1
557322,1171.46,57
557325,325.26,7
557326,479.45000000000005,20
557327,81.84,4
557328,154.67000000000002,59
557329,107.6,6
557330,361.98,28
557331,32.28,2
557332,22.5,1
557333,662.1,2
557349,298.44,18
557350,587.54,34
557351,13.0,1
557389,336.03000000000003,25
557397,131.98,42
557406,242.65,19
557407,97.95,11
557409,561.0400000000001,16
557410,109.58,15
557414,241.74,17
557416,90.0,1
557426,170.04,20
557427,1125.4,29
557428,750.0,1
557429,181.44,1
557430,375.0,1
557431,427.13,23
557442,679.62,85
557464,37.2,1
557466,1965.74,83
557468,529.67,95
557469,244.69,32
557470,589.44,5
557471,532.94,20
557472,2862.06,62
557473,524.5,28
557474,454.6,13
557476,342.11,16
557477,33.75,1
557483,250.50000000000003,2
557484,539.81,83
557485,2876.0,6
557488,18.88,9
557489,484.06,20
557490,243.84000000000003,2
557492,183.63,20
557498,107.04,2
557499,185.78,9
557503,488.54,15
557504,215.6,2
557509,500.0,1
557510,305.04,2
557513,3.9,1
557514,173.42000000000002,18
557517,179.0,1
557518,113.12,16
557523,100.92,4
557524,38.08,5
557525,637.72,39
557526,91.8,3
557527,712.3,9
557528,528.45,30
557529,385.78000000000003,5
557560,309.1,16
557568,108.94,8
557569,427.76,24
557570,329.84,69
557571,2221.84,13
557572,870.3,8
557573,69.12,1
557577,112.09,30
557583,13.200000000000001,1
557595,492.36,46
557598,202.62,23
557601,69.89999999999999,3
557602,379.72,9
557603,290.36,15
557604,653.3000000000001,44
557605,147.39999999999998,3
557611,353.6,18
557612,246.54,9
557614,313.8,10
557615,648.6,24
557616,221.56,14
557617,327.45,8
557618,88.3,2
557619,195.9,30
557620,133.53,11
557621,1870.2,90
557622,73.78,26
557623,47.0,5
557625,469.72,27
557626,883.41,43
557627,257.3,12
557628,1966.66,29
557630,591.73,31
557631,410.34000000000003,10
557632,260.66,14
557633,302.39,10
557634,190.53,10
557635,194.89000000000001,22
557636,355.43,75
557639,246.73999999999998,41
557662,7.7,3
557667,309.81,6
557668,30.0,1
557669,390.06,20
557670,1607.04,6
557671,593.5799999999999,38
557672,135.75000000000003,8
557673,1581.85,13
557674,1754.97,14
557676,600.03,28
557681,193.5,2
557734,462.38,14
557735,313.08000000000004,9
557736,55.8,4
557739,116.28000000000002,9
557742,526.16,19
557743,152.63,11
557744,406.33,25
557745,497.26,66
557746,163.91,41
557747,333.57,17
557748,86.65,14
557749,249.76,14
557750,300.06,18
557751,250.09,12
557752,29.700000000000003,1
557753,237.61,12
557754,700.0,1
557755,441.48,10
557757,100.67,13
557758,291.99,65
557759,493.03999999999996,28
557760,542.7,7
557761,183.56,17
557762,507.07,29
557763,453.72,21
557764,987.08,38
557765,114.56,16
557766,183.76,3
557767,17.4,1
557769,195.16,9
557770,335.87,16
557771,374.81,25
557772,222.0,11
557774,123.62,5
557775,332.16,2
557776,630.84,40
557781,52.5,1
557782,406.3,20
557783,4.94,3
557785,330.55,11
557786,141.14,17
557787,180.35,67
557788,33.16,4
557789,459.84,20
557790,403.81,21
557792,302.25,10
557793,246.23,33
557794,142.5,8
557795,1064.22,10
557796,202.4,2
557797,206.2,10
557798,910.98,47
557799,726.85,45
557800,7.95,1
557801,573.54,29
557802,330.11,22
557803,329.56,13
557804,311.52,11
557805,344.1,22
557846,473.82,44
557848,88.62,5
557849,308.35,15
557850,276.93,16
557852,338.84,21
557853,801.0,21
557854,312.47,44
557855,127.19,20
557856,86.31,5
557857,110.69999999999999,8
557858,312.68,82
557859,137.45,7
557860,168.1,7
557861,220.83,13
557864,173.85,12
557869,6.8999999999999995,3
557870,314.7,21
557871,300.78000000000003,13
557872,370.85,19
557873,14.850000000000001,1
557875,371.89,20
557877,130.8,8
557878,1110.68,103
557880,1.45,1
557881,302.16,12
557884,145.2,16
557885,440.94,26
557886,580.04,80
557887,21.95,2
557888,157.94,51
557889,514.5,28
557891,720.03,40
557892,421.39,65
557893,348.59999999999997,11
557894,291.38,12
557896,114.88,20
557897,382.25,19
557898,517.05,24
557900,617.7,22
557933,460.75,16
557935,429.79999999999995,7
557939,390.5,19
557940,179.0,1
557942,114.1,7
557948,158.85,9
557949,437.75,24
557950,144.56,16
557951,181.45000000000002,10
557952,213.45,14
557953,35.01,6
557954,817.83,67
557955,269.90999999999997,14
557956,203.81,87
557957,551.72,50
557958,305.7,20
557959,228.7,16
557960,147.94,36
557961,214.4,10
557962,736.78,34
557963,327.6,19
557964,272.26,10
557966,607.2,3
557967,497.90000000000003,15
557968,671.9,13
557969,169.5,4
557970,41.9,3
557972,185.64000000000001,9
557973,293.96,15
557974,301.9,7
557975,438.8,15
557976,158.99,18
557995,262.87,38
558006,119.85000000000001,1
558027,309.8,13
558028,374.4,27
558030,170.51,8
558031,168.55,9
558035,307.5,18
558038,200.47,11
558039,68.5,4
558040,177.46,9
558041,417.36,18
558042,241.47,16
558043,773.08,27
558044,112.5,5
558045,634.74,31
558049,118.88,47
558053,312.85,17
558054,60.9,3
558056,229.26,10
558057,765.79,39
558058,365.11,26
558062,603.96,6
558063,516.69,49
558065,63.25,2
558067,930.71,37
558069,69.6,4
558070,20.4,1
558073,371.76,27
558074,937.0,7
558075,484.4,24
558076,913.36,21
558077,708.06,20
558078,35.400000000000006,1
558079,151.66,4
558083,108.53,10
558084,465.18,35
558085,387.47,19
558086,223.07,49
558087,135.37,33
558089,667.03,27
558090,79.9,1
558092,172.89,14
558093,103.0,7
558094,131.45000000000002,6
558096,545.34,93
558098,222.32,14
558099,852.84,71
558100,411.33,23
558101,196.64,12
558102,187.07,40
558103,413.6,12
558104,184.82,24
558105,389.81,126
558107,124.76,14
558108,95.19999999999999,5
558109,44.25,1
558111,45.5,6
558113,616.1700000000001,34
558114,200.15,12
558115,573.7,34
558121,171.98,9
558122,348.12,14
558123,510.45,30
558124,201.24,10
558125,1112.32,9
558126,666.06,8
558127,406.8,1
558159,167.59,14
558181,248.7,4
558182,434.0400000000001,5
558183,141.03,18
558191,154.15,21
558192,348.0,2
558193,768.0,6
558194,162.82,54
558195,701.88,36
558196,626.41,83
558197,666.68,20
558198,111.25999999999999,19
558199,163.29999999999998,12
558200,220.95,48
558201,318.2,2
558203,179.28000000000003,1
558204,243.76,16
558232,447.6,107
558233,339.26,9
558234,65.39999999999999,2
558235,453.69,36
558237,613.91,78
558241,310.12,9
558247,143.1,14
558248,576.08,9
558259,110.30000000000001,6
558260,310.0,14
558261,10.08,1
558262,10174.94,72
558263,1113.6000000000001,11
558264,98.3,5
558265,376.3,8
558271,382.46000000000004,15
558276,62.400000000000006,1
558293,216.95,18
558294,339.3,3
558295,333.65,18
558310,1382.88,3
558311,2739.92,20
558314,361.8,3
558315,1452.35,66
558317,173.8,3
558325,51.0,1
558328,492.94,28
558330,299.71,35
558331,407.04,2
558332,59.599999999999994,2
558333,500.0,1
558334,134.28,8
558335,254.18,15
558336,315.6,13
558338,222.9,13
558339,174.04999999999998,15
558341,173.56,8
558348,307.99,17
558350,82.66,3
558351,273.9,7
558352,107.5,1
558353,108.0,1
558355,589.23,81
558356,15.0,1
558358,140.06,22
558362,1353.2,6
558363,530.4,2
558365,250.0,1
558366,510.72,1
558367,345.92,42
558368,960.08,57
558370,323.0,43
558372,550.57,58
558375,376.92,13
558376,60.8,5
558381,600.0,1
558382,322.53,17
558383,282.23,15
558384,395.7,7
558385,478.08,7
558386,47.92,6
558387,101.76,1
558389,242.09,15
558390,576.4,12
558416,303.6,37
558417,2822.7400000000002,25
558418,259.98,10
558419,335.33,10
558420,178.63,28
558421,60.660000000000004,2
558430,227.70000000000002,11
558431,106.15,3
558432,342.21000000000004,16
558435,474.18,18
558437,175.89,26
558440,32.65,2
558441,145.48,49
558442,110.92,24
558443,403.44,6
558447,856.32,8
558452,258.12,13
558454,305.0,16
558455,311.65,12
558456,47.5,2
558458,125.95,12
558459,109.64,33
558460,406.46,14
558461,185.85,48
558462,326.34,21
558467,170.42000000000002,15
558470,140.85,4
558472,547.44,4
558473,237.2,2
558474,204.0,1
558478,114.35000000000001,9
558479,119.8,12
558480,145.75,9
558481,483.01,20
558482,13.200000000000001,1
558483,219.83,10
558484,679.88,25
558501,615.09,37
558523,2231.3,3
558524,187.78,7
558526,13355.4,9
558527,1.65,1
558528,812.0,1
558529,23.2,1
558532,328.41,30
558533,530.47,31
558534,567.42,38
558535,279.77,44
558536,1466.3200000000002,23
558537,294.64000000000004,7
558538,246.82,44
558539,445.42,29
558540,2662.17,88
558542,368.3,29
558552,1948.92,9
558554,2390.4,1
558555,127.1,13
558556,131.06,29
558557,428.40000000000003,8
558558,300.34000000000003,57
558560,5.95,1
558561,199.7,8
558562,309.9,9
558563,344.92,20
558564,482.6,29
558565,114.76,25
558567,318.9,15
558568,363.78,22
558570,142.52,22
558571,810.26,31
558572,228.1,8
558573,30.0,1
558574,97.2,4
558608,289.1,12
558611,57.900000000000006,3
558612,877.6800000000001,2
558613,756.36,30
558616,269.4,16
558619,316.7,14
558620,154.65,36
558621,300.04,25
558622,120.05000000000001,5
558623,163.9,10
558624,17.0,1
558625,301.06,18
558626,95.28,6
558627,311.86,6
558628,814.74,44
558629,32.4,2
558630,646.82,28
558631,161.89000000000001,25
558632,303.53999999999996,15
558633,294.65000000000003,14
558634,264.8,16
558635,91.22,14
558636,165.5,17
558637,203.85999999999999,34
558638,462.58,24
558639,360.8,13
558640,138.5,8
558641,831.34,29
558642,394.34000000000003,21
558643,410.90000000000003,15
558644,679.1,2
558647,439.74,26
558653,17.4,1
558671,345.29999999999995,9
558679,124.9,22
558684,976.58,45
558685,276.8,14
558686,184.2,11
558687,298.64,16
558696,587.3,53
558699,153.22,10
558700,304.61,82
558701,108.94999999999999,5
558702,156.17,33
558703,306.75,22
558704,658.85,26
558705,37.78,23
558706,416.96000000000004,4
558707,100.33,43
558708,10.76,5
558709,617.03,81
558710,31.11,11
558711,18.830000000000002,8
558713,69.02,15
558714,128.27,13
558717,71.4,4
558718,117.68,9
558719,351.48,3
558721,8.25,1
558729,440.64,14
558731,796.83,55
558734,9.75,1
558737,13.370000000000001,4
558738,405.38,28
558740,111.7,7
558746,215.75,18
558747,318.90999999999997,6
558748,115.75,8
558749,155.34,17
558750,450.81,21
558751,462.19,66
558752,272.26,40
558754,406.65999999999997,51
558755,154.25,3
558756,294.3,12
558757,223.92000000000002,28
558758,99.14,12
558759,247.52,25
558760,247.25,24
558761,175.65,53
558762,406.18,15
558763,209.51999999999998,23
558765,145.8,10
558766,306.33000000000004,7
558767,384.8,29
558768,95.15,16
558769,155.8,32
558770,115.55,26
558771,346.38,52
558772,156.91,12
558773,86.02,10
558775,7786.0,6
558776,5496.0,6
558778,471.22,31
558779,100.8,4
558812,750.9,34
558813,474.36,16
558814,226.93,23
558841,30.0,1
558860,249.03,46
558861,1067.8799999999999,56
558862,1561.0900000000001,77
558863,276.82,23
558867,109.33,13
558868,375.22,16
558870,1128.6,3
558871,4146.34,15
558872,289.96000000000004,9
558873,457.3,15
558875,153.13,24
558876,360.82,52
558877,249.05,72
558878,126.62,18
558879,369.56,18
558880,70.8,2
558881,998.4200000000001,60
558885,227.95000000000002,12
558886,49.5,4
558887,488.55,29
558888,659.08,87
558891,70.80000000000001,2
558892,298.74,18
558893,62.6,5
558894,101.10000000000001,2
558895,389.68,1
558900,107.7,12
558902,770.07,25
558906,433.21999999999997,93
558908,487.02,19
558909,789.6600000000001,8
558910,1141.2,5
558911,321.46,18
558912,31.25,1
558916,663.18,12
558917,838.8000000000001,1
558918,107.60000000000001,7
558919,455.45000000000005,23
558920,104.34,5
558921,20.8,1
558922,157.4,9
558923,97.0,4
558924,318.03,9
558925,17.4,1
558926,440.71,23
558927,324.17,17
558933,289.95,8
558959,351.14,8
558963,1088.5,16
558964,449.81,9
558970,129.64000000000001,8
558990,51.36,4
558991,123.73,40
558992,351.69,21
558993,504.98,35
558994,349.54,5
558995,311.82,16
558996,137.98000000000002,9
558999,221.52,7
559000,235.63,25
559001,300.8,10
559002,72.0,2
559004,632.44,20
559005,302.18,7
559006,307.6,8
559009,689.58,43
559010,205.60000000000002,7
559011,694.57,41
559013,467.7,3
559014,305.5,15
559015,396.9,11
559016,672.9,10
559017,455.16999999999996,23
559018,160.42000000000002,19
559020,18.740000000000002,2
559021,532.94,6
559023,737.04,6
559024,210.10000000000002,11
559025,214.79999999999998,11
559026,75.0,1
559027,642.02,22
559028,330.6,19
559029,19.919999999999998,2
559032,2156.44,36
559034,369.85,24
559035,139.68,6
559036,662.35,32
559044,426.2,2
559045,178.74,7
559046,54.9,2
559047,1278.1,7
559048,768.0,4
559050,600.72,7
559056,356.99,21
559057,561.34,25
559058,719.06,33
559060,302.20000000000005,9
559061,197.24,41
559062,553.92,20
559063,173.86,22
559064,318.66,14
559068,197.87,67
559070,110.55,7
559091,224.84,5
559092,197.22,11
559095,431.57,27
559096,647.9200000000001,3
559097,109.0,6
559098,605.76,3
559106,148.95,27
559107,127.53,37
559108,223.68,3
559109,215.85,47
559110,594.0,1
559111,61.8,2
559112,215.25,12
559113,85.0,1
559120,380.45,43
559121,308.18,16
559122,521.34,39
559123,253.26000000000002,21
559124,366.6,14
559125,437.38,24
559126,14.5,1
559127,301.9,4
559128,193.29,40
559129,167.5,9
559130,412.2,4
559131,202.1,3
559132,255.95,20
559133,704.01,86
559134,1056.62,60
559135,134.5,11
559137,5.2,1
559138,215.74,27
559139,477.9,8
559141,683.91,43
559142,381.17,12
559143,67.79,22
559144,312.75,18
559145,2825.1,20
559146,615.3000000000001,18
559148,96.0,2
559150,224.79,14
559151,473.7,7
559152,76.95,5
559153,321.14,18
559154,108.4,5
559155,221.0,25
559156,79.62,4
559157,307.03,19
559158,345.65,13
559160,235.82,15
559164,587.46,6
559165,39.239999999999995,9
559167,532.21,15
559168,145.96,26
559169,311.46,17
559170,179.35,24
559171,377.61,23
559172,65.4,1
559173,416.62,25
559174,503.8,30
559185,19.799999999999997,1
559187,46.75,1
559199,382.36,10
559200,361.11,42
559201,95.75,6
559202,781.03,53
559203,830.0000000000001,1
559204,909.24,6
559205,246.36,4
559206,128.16,3
559237,372.0,2
559254,300.03,17
559255,768.0,2
559256,819.0,37
559289,433.25,69
559293,28.880000000000003,13
559295,303.76,19
559297,428.49,42
559298,739.64,22
559299,229.14000000000001,15
559300,208.62,12
559301,336.8,20
559302,117.8,18
559305,142.1,26
559306,171.45000000000002,9
559307,370.15,47
559308,306.42,20
559310,944.1600000000001,26
559311,1837.92,37
559312,97.5,6
559313,225.20000000000002,8
559315,430.00000000000006,3
559316,276.6,16
559317,285.83,52
559318,177.21,30
559319,10.08,1
559320,134.86,18
559321,422.72,24
559322,2609.0,7
559323,203.6,5
559324,158.39999999999998,2
559325,219.78,6
559326,208.89,13
559327,203.46,13
559328,275.76,7
559329,205.1,12
559330,400.1,29
559331,349.92,19
559332,130.2,4
559333,23.04,2
559336,113.96000000000001,10
559339,90.6,2
559340,308.58000000000004,14
559341,443.2,11
559342,611.22,29
559343,4.25,1
559346,202.16,15
559349,292.82,20
559350,346.38,16
559352,126.44999999999999,8
559353,63.75,1
559354,365.05,24
559355,112.71,7
559356,869.9,44
559357,2215.25,64
559358,180.39,13
559359,109.9,13
559360,114.54,17
559361,253.69999999999996,3
559362,683.64,40
559363,157.81,8
559364,761.9200000000001,34
559366,413.96,19
559367,303.14,17
559368,225.95,13
559369,326.77,16
559370,185.51,15
559371,218.27,12
559372,626.88,34
559401,185.81,27
559418,579.26,36
559419,438.0,2
559420,225.72,10
559421,318.05,21
559422,284.75,16
559424,649.85,30
559436,110.49,24
559441,329.24,14
559455,251.9,21
559456,17.4,1
559457,765.4200000000001,20
559458,104.95,2
559459,454.28,17
559460,300.86,16
559462,314.85,7
559463,28.35,3
559464,419.91,35
559465,3609.8,24
559466,82.04,9
559469,252.37,13
559471,238.9,13
559472,9.2,2
559477,305.75,11
559504,35.33,11
559505,535.85,19
559507,98.06,31
559508,103.97,13
559509,31.74,17
559510,727.32,34
559511,2.37,1
559512,329.46000000000004,11
559513,243.22,37
559516,282.12,2
559519,870.0,4
559523,117.86,22
559524,45.0,1
559525,391.52,35
559526,115.72,49
559527,149.02,15
559528,455.95,27
559529,430.05,32
559532,13.01,5
559535,244.12,77
559536,198.56,31
559537,115.44999999999999,11
559538,269.49,42
559539,337.58,20
559541,52.199999999999996,1
559542,412.62,80
559543,38.98,26
559544,37.88,30
559545,288.42,30
559546,909.6,17
559547,381.37,69
559548,297.65,28
559549,280.7,67
559550,150.75,23
559551,111.23,24
559552,267.0,75
559553,322.15,18
559554,1778.5,20
559555,232.6,16
559556,34.68,1
559557,1217.64,77
559605,346.76,8
559606,114.11,23
559607,532.48,27
559609,126.6,4
559629,216.71,29
559636,47.550000000000004,3
559637,1236.48,5
559638,251.68,3
559639,457.26,15
559640,533.0200000000001,5
559641,365.02,38
559652,327.2,20
559653,165.07,58
559654,865.62,21
559656,178.38000000000002,10
559657,21.96,2
559658,30.0,1
559660,1080.65,28
559661,213.70000000000002,5
559662,299.7,17
559665,312.9,67
559668,301.26,19
559669,307.97,19
559671,114.95,21
559672,550.4,70
559673,1212.26,42
559674,351.7,35
559676,1180.12,46
559677,15.0,1
559678,214.25,29
559679,793.88,40
559680,421.24,24
559682,32.95,2
559684,373.40000000000003,14
559685,78.6,5
559686,141.98,38
559687,168.95,11
559688,5.8,1
559690,850.46,7
559691,795.5600000000001,34
559696,156.85,16
559697,72.38,19
559698,631.65,55
559699,192.8,11
559700,1752.06,5
559701,1305.6,1
559702,696.72,3
559703,857.7,7
559704,471.43,31
559706,347.29,21
559707,484.86,12
559708,116.55000000000001,8
559709,884.4,7
559710,191.60000000000002,11
559711,204.35,12
559715,304.5,13
559733,309.07,20
559745,113.07,11
559746,365.28,18
559751,207.41,13
559768,197.52000000000004,5
559774,119.19,23
559782,302.92,19
559783,302.04,16
559784,834.52,9
559790,326.4,2
559791,527.3,18
559793,24.380000000000003,1
559794,446.08,30
559795,35.0,2
559797,267.04,20
559798,100.32,6
559804,393.31,41
559806,490.11,24
559807,501.37,94
559809,235.71,42
559810,243.64999999999998,6
559811,305.1,15
559812,377.74,34
559813,753.66,37
559814,370.16,25
559815,757.6,5
559818,515.3,7
559819,256.7,10
559821,131.45,14
559822,12.75,1
559823,52.8,2
559824,263.38,31
559826,104.05,4
559827,431.8,6
559828,7.9,1
559831,416.90000000000003,18
559834,239.2,16
559835,15.0,1
559836,516.12,30
559861,179.17,11
559862,515.72,21
559863,352.94,30
559864,406.22999999999996,27
559865,1086.8300000000002,25
559866,610.01,42
559872,47.24,5
559876,243.25,60
559877,178.82,8
559878,367.5,52
559879,5.1,1
559881,162.63,27
559883,56.18,4
559884,535.52,32
559885,69.72,3
559886,48.150000000000006,3
559887,163.53,55
559888,311.92,11
559889,915.46,10
559890,45.599999999999994,2
559893,608.46,46
559894,419.48,132
559895,317.40000000000003,9
559896,177.85,16
559897,660.01,19
559898,353.08,57
559899,281.71,12
559900,214.2,5
559901,23.25,2
559902,105.78,48
559903,353.09,20
559904,506.16,30
559905,152.81,8
559906,185.85,11
559907,936.48,40
559909,330.92,26
559910,35.599999999999994,2
559911,270.9,9
559912,357.78,22
559913,17.4,2
559916,110.14,4
559918,488.4,28
559919,2735.16,22
559920,61.199999999999996,1
559921,305.02,87
559922,574.7,25
559925,316.85,9
559926,39.599999999999994,2
559927,461.08,7
559928,1710.39,54
559929,252.05,15
559930,585.62,25
559931,205.95,11
559932,561.9,5
559933,308.2,32
559934,304.92,16
559935,315.12,3
559936,49.92,1
559937,465.35,26
559938,112.81,13
559940,791.7,5
559941,1960.7999999999997,3
559942,1037.1,3
559944,596.7,3
559945,18.0,1
559948,1430.75,27
559951,309.4,13
559979,304.09999999999997,21
559980,202.87,8
559981,603.5400000000001,33
559982,164.0,9
559984,203.56,60
559985,219.06,11
559986,98.45,6
559987,688.0,15
559988,185.78,14
559989,521.49,24
559990,87.3,5
559991,139.95,20
559993,188.56,23
560010,285.0,19
560018,287.29,68
560024,244.87,40
560025,140.69,56
560026,119.05,12
560032,2.5,1
560033,902.09,35
560034,300.99,14
560035,2204.36,72
560036,1147.1,47
560038,875.28,13
560041,654.97,28
560042,170.45,11
560047,221.73000000000002,37
560048,132.16,9
560049,522.52,29
560051,344.62,17
560052,413.64,16
560053,366.31,13
560078,453.75,24
560079,449.2,26
560080,3279.36,10
560086,299.18,20
560087,326.4,1
560088,135.62,10
560089,82.53,13
560093,356.84,14
560094,408.21999999999997,16
560095,30.5,5
560096,95.4,3
560097,339.38,20
560098,127.88,20
560101,105.0,6
560102,288.57,17
560103,130.26,13
560104,159.3,35
560105,222.13,51
560106,772.43,50
560107,356.1,16
560108,208.5,8
560109,56.82,6
560115,180.8,31
560118,418.96,21
560119,448.1,16
560120,971.13,45
560122,119.04,2
560125,136.68,53
560145,709.74,34
560180,185.07,6
560181,118.71,5
560182,254.35,3
560183,105.6,3
560184,52.980000000000004,4
560185,542.4,11
560186,113.06,17
560187,550.94,1
560188,322.2,9
560190,168.20000000000002,10
560191,60.0,4
560199,358.56000000000006,1
560200,30.0,1
560201,329.30000000000007,4
560202,776.0500000000001,13
560203,472.81,25
560204,154.20000000000002,3
560205,16.5,1
560207,410.84999999999997,19
560209,1246.32,158
560210,107.39999999999999,8
560211,561.06,28
560212,187.92000000000002,29
560222,231.39,18
560223,187.39,33
560224,400.76,45
560228,307.41,33
560229,155.3,11
560230,345.23,9
560231,250.95,9
560232,238.4,22
560233,247.44,49
560234,1885.1,24
560235,189.58,9
560236,35.400000000000006,2
560237,49.550000000000004,3
560238,307.5,18
560239,1242.3799999999999,82
560240,216.37,25
560241,80.7,2
560244,268.76,56
560246,1353.1000000000001,15
560247,111.9,5
560248,438.76,43
560249,201.25,30
560250,259.79,28
560251,394.88,60
560252,115.87,9
560253,535.59,22
560254,236.94,19
560255,783.9,70
560256,140.76,25
560257,810.09,17
560258,482.8,8
560259,541.4300000000001,41
560260,171.44,58
560261,207.16,21
560262,368.18,16
560263,89.26,4
560264,417.38,24
560265,413.38,22
560266,338.70000000000005,6
560267,129.5,6
560268,211.69,10
560269,148.16000000000003,4
560270,131.73,28
560271,355.57,105
560272,150.1,6
560273,372.3,22
560274,91.73,7
560275,15.0,1
560276,108.44,27
560277,114.14,9
560278,173.39,42
560279,173.65,9
560280,705.3000000000001,6
560281,152.68,48
560282,277.12,14
560284,204.54,11
560285,675.7,29
560286,898.44,6
560287,115.49,17
560288,563.4200000000001,21
560295,456.84,9
560299,747.78,31
560300,800.46,67
560302,47.7,1
560305,241.95000000000002,41
560355,114.55,6
560356,333.11,13
560357,183.5,11
560359,337.43,92
560360,3949.32,75
560361,272.81,19
560362,150.78,10
560363,131.5,10
560364,1585.94,33
560366,487.96999999999997,34
560368,728.0600000000001,117
560381,378.16,13
560382,119.39999999999999,1
560383,314.15000000000003,13
560385,310.49,63
560387,179.41,18
560392,217.6,8
560393,470.84,51
560394,556.58,39
560397,364.14,21
560398,1734.58,32
560410,530.47,31
560412,207.94,27
560413,550.64,1
560415,304.52,17
560416,21.72,2
560417,147.18,9
560422,300.18,17
560426,370.1,20
560432,484.1,15
560437,218.62,15
560441,165.20000000000002,6
560442,120.23,14
560443,201.96,7
560444,445.74,69
560445,11134.34,60
560446,532.3199999999999,3
560447,525.03,13
560448,576.0,23
560449,335.09999999999997,14
560450,90.0,3
560451,1527.0,68
560452,99.6,5
560453,1198.3799999999999,53
560454,224.3,14
560469,220.15,1
560473,483.02000000000004,23
560483,355.53999999999996,15
560491,158.65,57
560499,460.14,32
560500,131.66,15
560501,91.4,4
560503,362.82,19
560504,4406.61,178
560523,64.8,2
560527,470.95,30
560534,390.98,25
560535,242.91,13
560536,123.15,7
560537,323.09,34
560538,306.4,18
560539,513.48,25
560544,60.650000000000006,4
560545,105.6,6
560546,232.05,2
560547,614.2,29
560548,121.38000000000001,1
560549,653.9,9
560551,109.01,23
560552,750.93,40
560553,126.35,7
560554,358.57,12
560555,115.52,57
560557,110.23,13
560562,185.55,10
560566,431.66,30
560568,554.84,30
560569,557.6800000000001,37
560570,36.56,4
560571,729.0699999999999,34
560576,202.07,27
560577,471.27000000000004,14
560579,566.13,48
560580,8801.51,84
560581,611.76,6
560582,49.470000000000006,1
560584,112.74,28
560586,667.2,1
560587,60.0,1
560590,1292.31,76
560592,557.6800000000001,2
560595,814.48,5
560596,186.20000000000002,4
560597,326.4,2
560598,310.45,14
560599,191.16,1
560601,176.68,72
560602,336.36,20
560603,300.65,19
560604,464.71999999999997,5
560605,611.24,4
560606,293.07,19
560607,301.52,4
560634,421.44,12
560635,599.68,38
560640,313.76,4
560641,111.96,2
560642,329.65,9
560644,460.39,46
560646,2365.91,7
560648,710.25,7
560650,466.87,90
560651,451.42,1
560686,385.57,15
560688,153.34,23
560689,312.9,28
560690,469.76,30
560691,533.04,29
560692,111.04,38
560693,119.18,6
560694,835.65,28
560695,785.0,5
560696,111.49000000000001,32
560697,227.92000000000002,12
560698,664.83,16
560700,157.71,32
560701,299.28,28
560710,26.02,10
560711,193.23,55
560712,116.13,40
560713,160.8,12
560714,26.25,13
560715,132.95000000000002,7
560716,1532.76,70
560718,1682.5900000000001,26
560720,17.0,1
560721,29.759999999999998,2
560723,385.0,95
560724,534.34,29
560725,59.699999999999996,4
560726,102.83,35
560727,126.58,23
560728,348.29,19
560729,5433.57,50
560731,163.68,11
560732,341.03,51
560734,990.0,1
560736,345.14,13
560742,312.9,16
560754,310.82,13
560776,408.25,28
560781,353.02,8
560782,337.93,26
560783,676.8,29
560790,902.4,8
560791,116.81,8
560792,685.5,7
560805,120.0,5
560807,480.18,29
560820,146.66,11
560821,109.44999999999999,2
560824,134.57,27
560826,512.94,8
560827,252.45,14
560828,1088.86,65
560829,283.12,15
560833,205.66,37
560834,484.40000000000003,11
560839,121.54,12
560841,2569.55,99
560843,99.0,1
560844,74.88,2
560845,301.26,21
560853,460.7,34
560854,473.09999999999997,16
560856,421.7,27
560858,295.79999999999995,2
560859,87.30000000000001,8
560861,196.0,45
560862,287.83,44
560863,127.83,34
560864,475.36,24
560868,82.92,23
560870,375.26,18
560871,20.8,1
560872,338.03,19
560873,563.07,7
560875,606.46,29
560876,1159.06,36
560878,201.18,40
560879,64.02,5
560881,56.3,9
560882,312.59000000000003,19
560883,452.71000000000004,13
560884,890.0,7
560885,189.26,13
560886,675.0,1
560887,2064.8,4
560888,352.46000000000004,16
560891,254.38,19
560892,877.36,35
560893,310.34000000000003,18
560894,751.75,19
560895,1021.9200000000001,41
560896,301.03,19
560897,139.20000000000002,2
560901,746.5699999999999,32
560906,173.8,10
560908,86.24,5
560911,41.1,9
560913,4.25,1
560914,310.93,16
560915,308.6,16
560916,325.64,10
560917,833.85,1
560918,813.89,42
560919,430.0,1
560920,385.52,17
560921,322.67,22
560922,260.9,12
560924,647.9200000000001,4
560925,1665.1999999999998,10
560927,572.9300000000001,21
560928,425.96,21
560929,53.79,5
560930,325.44,26
560931,175.04999999999998,6
560934,374.28,14
560937,218.56,68
560942,164.92,32
560972,438.5,15
560974,508.25,26
560975,167.4,8
560976,83.7,6
560977,422.40000000000003,14
560978,480.62,21
560979,310.36,18
560980,318.8,3
560988,356.0,5
560989,748.14,41
560991,890.0699999999999,49
560992,224.94,9
560994,38.16,2
560996,685.1,101
560997,768.02,40
560998,214.62,14
561001,311.07,7
561002,325.44,1
561003,23.8,1
561004,304.87,8
561005,134.44,21
561006,469.90000000000003,26
561007,649.46,29
561008,185.70000000000002,12
561009,489.6,15
561010,149.48,13
561020,310.88,39
561021,320.71,5
561022,282.66,20
561023,354.24,3
561024,693.37,26
561025,196.28,71
561026,178.81,50
561027,1468.3600000000001,12
561028,319.85,24
561029,412.93,24
561030,265.87,23
561031,307.8,5
561032,390.7,6
561033,383.12,26
561034,209.35,53
561035,244.79999999999998,1
561036,301.39,74
561037,612.1,43
561038,112.0,13
561039,452.42,8
561040,505.46,20
561042,361.21999999999997,22
561043,632.13,44
561044,357.4,6
561045,124.71,8
561046,452.0,6
561047,194.48,9
561048,761.76,5
561049,147.12,3
561050,403.05,30
561051,7138.12,28
561052,711.84,5
561053,324.0,2
561054,426.22,13
561055,201.6,1
561056,133.76,8
561057,11.22,2
561058,373.1,11
561060,229.14,17
561062,19.5,1
561063,174.0,2
561064,136.60000000000002,6
561065,101.05,6
561066,206.25,40
561067,99.96,3
561068,501.14,30
561070,136.65,7
561071,440.26,17
561072,384.29,25
561073,1104.31,24
561074,303.75,15
561075,185.0,11
561076,402.08000000000004,13
561077,868.49,52
561078,197.9,8
561079,386.6,55
561081,148.96,25
561082,5.04,1
561084,265.27,21
561085,929.53,50
561087,261.41999999999996,14
561088,62.400000000000006,3
561089,106.45000000000002,6
561092,288.5,19
561093,1358.3899999999999,47
561094,513.64,33
561095,449.73,15
561096,273.8,13
561097,397.2,13
561098,558.49,26
561099,194.9,26
561100,322.53000000000003,29
561101,241.92,1
561102,376.24,17
561105,414.25,16
561106,520.23,26
561109,298.2,3
561111,734.0,5
561112,124.44,29
561113,822.86,114
561114,294.9,20
561115,252.4,8
561116,856.0,12
561118,127.95000000000002,6
561119,233.51,11
561120,187.20000000000002,9
561125,531.96,30
561128,331.74,18
561132,126.75,4
561147,317.82,25
561170,150.85,5
561189,101.15,6
561190,113.95,8
561191,299.4,6
561192,441.14,58
561193,87.4,5
561194,617.54,31
561195,564.03,102
561196,110.14,4
561197,347.55,29
561199,337.5,5
561200,95.28,5
561201,111.25,14
561202,135.0,9
561203,311.76,16
561204,451.13,24
561205,200.47,16
561206,302.71000000000004,23
561207,7.040000000000001,2
561208,2007.3999999999999,27
561216,120.0,1
561219,301.2,23
561220,427.23,24
561221,214.82,13
561222,491.0,38
561223,152.66,14
561224,895.0,5
561226,222.831,12
561228,118.8,1
561231,237.55,21
561236,908.46,43
561241,210.0,10
561242,1152.8,27
561244,100.82,6
561246,208.96,15
561247,668.39,43
561248,24.96,2
561257,396.77,7
561258,1611.1100000000001,38
561259,147.1,6
561280,130.79999999999998,7
561284,87.96000000000001,6
561288,136.29,13
561295,1648.73,28
561314,161.9,8
561320,191.89000000000001,28
561321,170.76,17
561322,301.98,26
561324,295.64,21
561325,449.87,42
561329,154.21,16
561330,462.75,28
561331,127.61,26
561332,593.74,22
561334,111.86,12
561352,416.90000000000003,13
561353,208.2,5
561355,968.4,15
561356,231.35,11
561359,566.84,32
561360,375.0,9
561363,218.44,42
561366,310.72,21
561368,36.5,1
561378,134.38,8
561381,110.78,6
561382,199.04,32
561383,445.84999999999997,21
561384,60.7,3
561385,135.35999999999999,10
561386,9.959999999999999,1
561387,196.86,10
561388,3680.4,37
561389,411.08000000000004,7
561390,239.0,13
561391,410.63,26
561393,165.0,10
561394,144.8,7
561395,358.7,14
561396,794.58,39
561397,2606.4,2
561398,618.5,29
561399,1049.38,15
561430,360.54,23
561453,353.76,8
561455,267.32,8
561462,313.5,3
561463,260.56,21
561465,259.01,36
561466,160.2,11
561467,151.95,7
561468,440.7,9
561470,204.75,13
561471,660.26,20
561472,104.25,4
561473,544.2,25
561474,2688.27,22
561485,252.22,58
561488,375.13,23
561502,1044.2,62
561507,1214.81,70
561508,99.0,1
561511,208.63000000000002,13
561512,223.39,43
561514,383.66,24
561517,533.08,21
561518,254.82,19
561519,83.99,37
561520,30.42,11
561521,40.05,3
561522,15.45,3
561528,498.04,17
561529,257.7,13
561530,383.2,2
561531,558.25,11
561532,650.64,4
561533,585.0,5
561534,612.91,37
561535,311.32,8
561537,469.31000000000006,17
561542,532.98,19
561544,305.0,21
561570,109.26,4
561583,385.14,17
561584,307.35,18
561585,141.15,9
561592,73.8,2
561593,39.2,4
561595,897.8,29
561597,126.6,6
561599,47.7,1
561600,407.52,89
561601,340.8,21
561602,15.0,1
561603,306.35,12
561605,380.12,25
561607,513.3,7
561610,325.46999999999997,21
561611,249.38,21
561614,633.07,33
561615,358.64,21
561616,357.7,29
561617,323.38,19
561618,263.32,11
561624,81.6,5
561625,1024.44,53
561626,400.37,47
561627,707.09,43
561629,1.6800000000000002,1
561630,23.5,2
561631,624.22,29
561632,425.32,25
561633,10303.95,8
561634,65.4,4
561635,327.32,10
561636,344.4,6
561637,428.4,1
561638,244.8,1
561641,212.18,4
561642,339.24,46
561643,178.79999999999998,4
561644,648.72,4
561645,4345.1,31
561646,477.6,4
561647,3301.38,29
561648,196.88,28
561650,444.90000000000003,26
561653,304.94,33
561654,356.89,20
561655,6591.6,7
561656,330.6,17
561657,27.8,1
561658,347.35,83
561659,3453.7200000000003,6
561661,199.08,51
561662,192.34,4
561664,569.04,6
561669,811.9,8
561670,142.05,11
561671,1746.72,10
561672,587.52,1
561675,119.64,6
561676,106.8,5
561677,112.56,7
561678,111.16000000000001,15
561679,778.12,24
561680,25.5,1
561683,1.95,1
561685,367.4,19
561686,505.25,29
561687,14.850000000000001,1
561688,310.07,9
561689,337.44,14
561690,356.92,23
561692,115.8,7
561693,358.82,21
561694,375.0,22
561695,365.1,16
561696,75.9,2
561697,139.6,8
561698,492.28,19
561699,152.4,3
561700,231.96,8
561701,234.12,11
561702,520.8000000000001,23
561704,111.17,28
561705,295.02,7
561706,177.6,10
561707,15.0,1
561708,130.2,8
561709,148.21,19
561710,188.01999999999998,33
561711,532.8,20
561712,244.94,44
561713,689.27,8
561714,113.25000000000001,7
561715,308.02,18
561719,331.90000000000003,12
561732,138.16,6
561743,221.8,5
561750,308.71000000000004,18
561773,182.55,52
561774,325.63,28
561783,199.96,22
561794,462.91,27
561795,677.9,45
561796,102.6,7
561797,795.8000000000001,25
561798,728.94,25
561799,241.62,18
561800,151.76,8
561801,187.18,11
561802,161.68,6
561803,185.56,10
561804,417.94,23
561806,322.4,18
561807,335.45,17
561808,362.0,19
561809,432.0,1
561811,76.5,1
561813,162.72,1
561814,368.45,13
561815,41.6,3
561816,116.93,3
561817,361.46000000000004,10
561818,147.07,20
561819,104.2,5
561857,308.44,21
561858,406.0,5
561859,208.64999999999998,20
561860,124.33,16
561861,458.94,4
561862,352.81,20
561863,411.74,17
561864,396.96000000000004,2
561865,244.79999999999998,2
561866,115.08,3
561867,115.61,34
561868,188.54,61
561869,172.96,39
561870,1056.11,80
561871,377.29,20
561872,37.400000000000006,2
561873,2157.5,38
561874,297.32,43
561875,765.3199999999999,15
561876,149.02,17
561877,483.63,34
561878,189.82999999999998,11
561879,738.0600000000001,34
561880,173.88,5
561881,446.75,24
561882,621.3,31
561883,55.8,4
561884,139.98,32
561885,324.1,60
561887,309.14,21
561888,360.54,21
561889,519.04,31
561890,343.40999999999997,10
561891,156.57999999999998,25
561893,287.38,51
561894,494.27,188
561895,1.25,1
561896,408.33,24
561897,220.2,59
561898,1325.23,45
561899,462.78,12
561900,638.19,81
561901,13464.26,19
561902,3633.58,24
561903,298.38,17
561904,304.56,2
561905,178.5,10
561906,660.45,32
561907,211.14000000000001,17
561908,120.5,6
561909,301.14,8
561910,498.48,13
561911,1089.18,63
561912,181.16,23
561913,8.29,3
561914,182.66,14
561915,781.19,45
561916,250.0,2
561917,228.94,65
561922,174.64,23
561923,748.32,39
561925,306.1,11
561926,1866.43,84
561928,29.700000000000003,1
561933,678.47,38
561936,204.0,1
561952,59.39999999999999,3
561955,35.1,2
561967,174.88,28
561968,229.0,24
561969,206.69,32
561995,306.02,10
562002,800.76,13
562011,422.07,13
562014,321.29,18
562015,57.3,3
562017,759.56,13
562018,687.0,5
562019,457.6,14
562021,249.0,11
562023,258.75,15
562025,227.0,12
562029,2327.0,7
562031,3226.13,277
562032,584.9100000000001,22
562033,340.74,14
562034,777.95,39
562035,438.16,28
562036,99.60000000000001,1
562037,336.40000000000003,20
562038,219.2,14
562039,85.8,5
562040,1487.6,2
562042,919.61,22
562043,406.09,24
562044,114.78,11
562045,477.91,31
562046,4008.62,219
562047,16.7,3
562049,267.71999999999997,11
562050,19.919999999999998,1
562053,376.02,11
562085,970.58,46
562087,124.11,30
562088,228.96000000000004,2
562092,457.86,4
562093,326.22,9
562094,69.6,2
562095,168.05,14
562096,189.94,15
562098,20.8,1
562099,423.3,26
562100,362.52000000000004,19
562101,1595.48,93
562102,1490.82,57
562103,24.599999999999998,1
562105,174.10999999999999,11
562106,122.47,46
562107,500.24,6
562108,116.01,14
562109,465.56,4
562112,165.24,9
562120,321.5,12
562123,870.0,4
562125,111.35,10
562127,201.77,15
562128,444.21999999999997,25
562129,988.34,51
562130,275.88,15
562131,490.87,29
562132,583.24,20
562133,112.09,11
562136,168.0,3
562137,221.04,13
562138,647.75,7
562140,95.85,5
562141,441.18,6
562143,2353.0,24
562145,341.58,18
562146,614.78,27
562148,218.27,7
562150,301.92,14
562152,205.1,6
562153,1004.88,22
562155,162.0,3
562156,310.02,15
562157,767.0699999999999,28
562158,536.58,44
562161,264.55,65
562162,158.43,14
562163,308.43,19
562166,595.26,39
562173,460.43,33
562199,174.0,27
562200,658.38,27
562201,166.72,21
562202,526.22,15
562203,839.76,31
562204,258.17,66
562205,310.33,15
562207,1202.22,8
562208,3.95,1
562209,412.35,18
562210,617.4499999999999,37
562211,148.78,11
562213,384.34000000000003,78
562214,301.17,17
562216,99.1,5
562217,318.24,18
562218,1106.96,52
562219,1221.56,69
562220,304.42,18
562222,832.5,15
562224,611.24,4
562233,114.77,18
562255,14.040000000000001,1
562256,399.6,20
562257,148.72,1
562258,191.82,55
562259,85.2,3
562260,452.8,16
562261,119.52000000000001,1
562262,66.0,1
562263,208.65,40
562269,251.94,35
562270,594.0,2
562271,200.32,12
562272,83.10000000000001,4
562273,788.87,31
562274,360.81,17
562275,511.03,34
562276,954.0,49
562277,190.35,4
562282,2022.6,35
562283,615.5,37
562284,324.52,12
562285,612.0,2
562286,913.3,13
562287,78.56,5
562290,132.05,6
562313,496.24,24
562332,579.0,4
562339,167.26,31
562340,407.38,26
562341,192.28,45
562342,199.74,13
562343,376.32,2
562344,151.2,1
562345,1505.64,20
562346,422.82,18
562347,167.32,46
562348,5162.74,57
562349,173.70000000000002,2
562351,198.0,8
562353,2317.0,32
562354,193.36,16
562355,133.20000000000002,4
562365,117.3,22
562366,117.47999999999999,7
562368,299.52,9
562369,749.45,16
562370,1062.84,44
562371,788.04,46
562372,754.8000000000001,6
562373,318.5,5
562374,4345.1,31
562376,300.36,18
562377,799.94,97
562378,943.07,29
562379,203.78,12
562380,396.81,17
562381,638.02,29
562387,312.95,22
562388,168.31,19
562389,199.7,14
562392,476.29999999999995,24
562393,1019.44,27
562416,301.93,10
562418,367.32,19
562419,249.13,12
562421,74.4,9
562422,62.63999999999999,5
562424,12.75,1
562426,29.700000000000003,2
562427,311.02,37
562428,6.6,1
562429,423.84000000000003,12
562430,270.52,15
562431,47.29,6
562432,716.0,26
562433,1016.04,14
562434,229.5,1
562435,225.14000000000001,7
562436,2.25,1
562437,447.93,26
562439,18841.48,22
562440,204.0,1
562441,161.4,4
562442,98.16,4
562443,622.5,1
562444,372.24,54
562445,355.56,21
562446,118.80000000000001,1
562447,492.0,6
562448,1327.55,15
562449,250.32,32
562450,650.0,29
562451,206.9,10
562452,233.22,11
562453,234.54000000000002,11
562454,312.14,21
562455,320.3,17
562456,402.02,20
562457,593.35,40
562458,480.0,1
562459,757.2,6
562460,245.82999999999998,45
562461,260.62,1
562462,520.1,5
562465,630.5,24
562466,251.26,9
562467,205.1,10
562468,125.0,11
562490,155.8,9
562516,390.0,9
562517,347.13,94
562518,272.56,13
562519,172.42000000000002,34
562520,180.3,6
562521,340.06,8
562523,304.20000000000005,3
562524,301.41,12
562525,100.21000000000001,7
562526,166.36,19
562527,307.8,4
562528,946.75,54
562529,29.58,2
562531,102.1,2
562532,17.85,1
562533,16.5,1
562534,809.11,20
562535,319.32,14
562537,771.75,50
562538,502.02,7
562539,336.52,60
562540,817.44,103
562541,985.92,6
562542,314.69,43
562543,463.90000000000003,14
562545,137.76,2
562549,498.17,41
562550,90.0,4
562551,205.27,47
562552,9.899999999999999,1
562555,301.36,6
562558,811.01,121
562560,1572.73,147
562562,299.42,16
562563,302.28,8
562564,234.35,17
562565,121.11,14
562566,303.9,8
562567,100.4,13
562568,107.4,6
562569,104.50999999999999,20
562570,375.1,12
562571,126.63,17
562572,107.63999999999999,4
562573,78.21000000000001,5
562574,611.59,87
562575,225.81,12
562576,228.57999999999998,30
562578,79.0,4
562579,606.41,24
562580,262.45,13
562581,113.79,12
562583,141.17,6
562584,204.15,11
562585,106.0,1
562586,316.38,6
562587,1444.66,56
562589,107.64,5
562590,53.519999999999996,2
562591,46.559999999999995,2
562592,263.19,15
562593,662.03,110
562595,142.5,8
562596,325.51,19
562598,309.06,17
562599,194.51,10
562600,169.10000000000002,6
562602,981.38,58
562603,106.91,10
562604,301.59999999999997,19
562605,416.65,19
562606,19.919999999999998,1
562607,645.35,39
562608,3315.0699999999997,89
562609,175.2,1
562610,1282.0,2
562611,809.82,41
562612,226.93,16
562614,24.88,5
562615,254.8,19
562616,347.64,24
562619,159.92,29
562621,364.26,21
562649,211.85,36
562650,80.0,1
562652,714.33,21
562670,829.96,58
562680,241.01,78
562688,1519.99,168
562701,480.6,10
562708,347.75,45
562710,598.88,17
562711,300.31,87
562712,425.25,28
562713,576.84,7
562716,1388.92,37
562718,169.4,10
562719,53.95,5
562720,36.89,14
562721,242.84,10
562722,1109.34,10
562725,358.49,19
562727,462.06,27
562729,102.98,5
562730,477.46000000000004,13
562732,307.56,19
562733,984.39,40
562767,282.23,14
562768,257.48,15
562769,190.8,8
562770,1256.95,44
562771,657.4,9
562772,641.85,57
562774,326.4,20
562775,494.6,20
562776,174.65,9
562777,356.0,6
562778,213.6,6
562779,356.42,89
562780,159.64,14
562781,335.28,23
562782,115.5,7
562783,251.96,18
562784,224.12,37
562787,208.34,1
562788,368.5,10
562789,12341.21,96
562790,157.5,10
562791,367.46,19
562792,105.99000000000001,26
562804,674.7,32
562806,105.1,6
562807,1124.19,62
562809,109.63,14
562810,60.0,1
562812,52.02,1
562838,382.85,19
562839,123.21000000000001,18
562840,150.74,23
562841,392.06,19
562842,245.8,5
562844,757.0699999999999,15
562847,315.72,21
562849,307.22,20
562850,2388.2,17
562851,90.4,7
562852,392.17,23
562853,213.15,16
562854,304.96,7
562878,120.84,47
562879,45.0,1
562880,4105.9400000000005,29
562881,409.61,26
562882,292.69,14
562883,6.300000000000001,1
562885,65.25,3
562886,120.71000000000001,5
562888,335.15,24
562890,355.45,20
562891,107.1,6
562892,302.25,17
562893,521.44,31
562894,248.35,14
562902,115.92999999999999,8
562907,319.97,17
562908,457.25,11
562912,205.32,12
562913,241.92000000000002,18
562914,203.59,11
562917,432.0,1
562918,520.54,20
562919,15.0,1
562920,40.599999999999994,2
562922,721.95,22
562923,340.90000000000003,7
562924,98.38,5
562925,625.8,5
562926,350.58,15
562928,1127.38,88
562929,126.30000000000001,7
562930,354.68,13
562931,222.48,33
562932,282.97,57
562935,1253.05,21
562939,660.76,36
562940,337.5,3
562941,17.4,1
562942,176.85000000000002,5
562944,371.3,21
562946,2500.0,1
562947,403.05,5
562948,101.76,1
562949,759.14,43
562950,285.68,18
562951,252.62,15
562960,438.4,27
562963,144.15,10
562964,642.36,30
562965,666.8,33
562966,424.08000000000004,3
562967,327.12,4
562968,325.32,19
562973,1234.0,10
562980,1552.6,84
562984,403.05,61
562999,363.33,27
563011,109.97999999999999,7
563012,272.96999999999997,49
563013,197.1,12
563014,383.96,5
563016,710.2,49
563017,489.86,32
563018,250.36,14
563019,595.72,24
563020,605.14,24
563021,255.73999999999998,23
563022,318.65,69
563023,534.34,30
563024,219.76,15
563026,306.82,26
563028,83.25,4
563029,899.36,11
563030,185.61,10
563031,137.5,35
563032,256.88,18
563033,140.84,13
563034,314.86,17
563035,205.22,25
563036,400.6,21
563037,469.25,30
563038,940.64,7
563060,163.24,4
563061,471.32,35
563062,120.42,15
563070,349.02000000000004,27
563071,332.89,20
563073,319.34,24
563074,9349.72,22
563075,252.1,5
563076,19150.66,119
563078,480.65,22
563079,17.700000000000003,1
563080,37.14,2
563089,304.3,16
563090,389.36,19
563091,292.87,19
563092,15.0,1
563094,668.5600000000001,42
563095,305.34000000000003,17
563096,324.72,22
563097,316.99,14
563098,1396.66,41
563099,150.6,3
563100,1268.74,62
563103,159.20000000000002,9
563104,366.11,20
563110,509.08,25
563111,384.6,19
563112,304.63,20
563137,153.85,24
563147,81.0,3
563149,101.76,1
563150,306.33,11
563155,138.68,14
563161,211.88,18
563162,339.26,11
563163,1069.2,4
563164,505.79999999999995,2
563165,825.6,7
563166,1181.44,13
563167,287.15000000000003,23
563168,210.05,13
563169,768.97,35
563170,243.20999999999998,14
563171,308.31,15
563172,209.62,12
563173,528.0,1
563174,337.0,23
563175,339.3,8
563176,96.86,10
563177,65.0,1
563178,208.39,16
563179,608.76,10
563180,212.64,11
563181,161.4,9
563182,138.32,7
563183,860.98,23
563184,153.64,24
563188,303.22,8
563189,412.88,25
563191,326.75,16
563192,311.20000000000005,4
563194,320.3,25
563196,156.75,8
563198,536.54,7
563199,151.0,10
563200,148.32,44
563201,93.16,23
563202,46.65,2
563203,348.0,6
563204,164.95000000000002,5
563205,338.06,39
563206,155.93,15
563208,39.84,2
563209,444.44,52
563210,245.67000000000002,22
563211,330.28,21
563212,169.8,11
563213,273.02,44
563214,406.53,71
563215,193.75,10
563216,278.46,62
563217,188.39999999999998,13
563227,640.14,13
563228,53.05,6
563229,11.639999999999999,2
563230,334.85,43
563231,123.14,14
563233,2.95,1
563234,213.85,19
563235,47.400000000000006,1
563236,11.9,1
563237,273.72,20
563238,630.42,14
563239,68.08,20
563241,1221.4,41
563242,498.48,13
563243,57.0,2
563245,411.7,25
563246,695.26,33
563247,256.08,5
563248,190.15,31
563250,68.10000000000001,3
563251,182.65,4
563252,300.63,16
563253,623.7,27
563254,81.6,1
563255,106.34,11
563256,519.98,32
563257,347.15999999999997,23
563259,508.4599999999999,7
563260,50.28,5
563261,91.32000000000001,2
563262,626.0600000000001,30
563264,247.35,13
563268,172.44,12
563288,1161.07,37
563300,238.0,7
563328,112.33,38
563333,111.56,14
563345,378.12,11
563346,141.72,6
563347,234.17,14
563348,434.74,17
563349,210.85,33
563350,360.09,45
563351,1706.88,44
563352,450.05,29
563353,905.5,45
563354,141.78,42
563355,467.42,31
563356,310.87,7
563357,50.0,2
563358,231.75,15
563360,670.88,38
563361,233.54,16
563362,191.14000000000001,15
563364,234.75,13
563365,17.0,1
563366,149.60000000000002,7
563367,303.83,14
563368,153.2,9
563369,306.86,20
563370,323.44,18
563371,300.1,10
563372,48.0,4
563373,115.30000000000001,5
563374,354.36,8
563376,335.2,60
563377,494.17,40
563381,142.68,9
563382,169.85,12
563383,15.0,1
563384,168.15,17
563404,3209.15,94
563411,201.6,1
563425,566.76,16
563426,33.9,2
563427,193.47,36
563428,457.31,34
563429,334.34,19
563430,844.73,25
563431,110.38,9
563432,369.33,50
563434,520.93,25
563435,596.98,18
563436,17.0,1
563437,257.59999999999997,14
563438,166.32,6
563440,127.0,18
563441,150.15,16
563442,338.95,24
563443,185.9,10
563444,687.08,85
563448,337.24,27
563450,741.4000000000001,17
563451,104.7,5
563454,194.55,8
563465,134.4,4
563468,65.2,2
563476,429.12,16
563477,170.39,40
563482,29.85,6
563498,310.98,19
563499,115.5,7
563500,423.84,33
563501,20.3,3
563502,580.08,29
563503,135.51,11
563504,454.72,12
563505,687.16,29
563506,124.92999999999999,7
563507,125.03999999999999,9
563508,308.08,13
563509,224.13,14
563510,760.8000000000001,15
563518,231.76,11
563522,544.8100000000001,27
563532,3256.88,33
563533,182.97,54
563534,305.24,17
563538,305.28,75
563540,514.06,30
563543,685.61,46
563544,287.04,4
563545,8.5,1
563546,395.37,33
563548,234.0,9
563550,508.12,29
563551,155.05,28
563552,267.15,10
563555,588.36,87
563556,301.5,15
563557,3160.84,166
563558,1544.01,48
563559,34.68,1
563560,103.19999999999999,4
563561,776.2800000000001,10
563562,697.6,6
563563,6578.08,8
563564,464.94,21
563565,946.74,119
563566,549.32,35
563567,328.07,23
563569,627.27,37
563571,85.13000000000001,29
563572,303.21,32
563573,2.95,1
563574,222.45,14
563575,2209.04,3
563576,146.19,8
563578,425.75,21
563580,291.53,70
563584,703.17,36
563585,312.14,64
563588,813.4000000000001,1
563589,2240.0,14
563590,13031.5,18
563597,4.25,1
563613,4873.8099999999995,171
563614,21880.44,97
563615,302.74,16
563616,1536.0,5
563617,523.84,25
563618,67.2,1
563619,330.44,20
563620,233.7,13
563621,485.64,14
563622,188.1,10
563623,1284.1200000000001,8
563626,702.88,28
563638,1964.85,86
563656,325.9,19
563657,54.199999999999996,3
563658,644.96,7
563659,1459.12,10
563660,237.60000000000002,1
563661,435.13,29
563662,453.01,26
563674,338.12,18
563680,372.25,22
563684,928.08,2
563685,131.85,7
563686,637.6,18
563688,567.62,34
563689,111.5,16
563690,303.21,14
563691,431.11,32
563692,278.55,18
563694,196.10000000000002,9
563695,234.59,15
563696,170.54000000000002,11
563697,162.79,38
563698,248.85,20
563699,680.24,31
563703,138.98,16
563705,307.49,23
563706,429.43,27
563707,137.3,4
563708,260.7,13
563709,371.56,76
563710,52.54,2
563711,109.9,7
563712,311.78,20
563714,682.77,31
563718,506.90000000000003,14
563719,332.04,3
563720,326.01,54
563721,301.7,13
563722,355.21999999999997,20
563723,346.2,17
563726,313.62,6
563727,367.2,1
563728,191.09,16
563729,742.8000000000001,4
563730,588.0,32
563731,102.95,18
563732,1000.88,12
563733,574.31,31
563734,255.52,26
563735,366.74,28
563736,336.24,3
563737,163.42,20
563738,87.93,15
563739,240.66,31
563740,71.4,1
563741,298.6,17
563742,272.0,1
563743,111.2,9
563744,333.93,15
563745,1394.58,61
563746,279.76,18
563747,481.6,6
563748,310.78999999999996,22
563749,534.7,30
563750,300.42,17
563753,612.29,35
563754,288.18,14
563755,306.81,26
563756,668.58,34
563764,113.05,29
563771,149.06,27
563776,275.37,9
563808,463.26,23
563812,88.5,4
563818,382.3,7
563819,1708.68,8
563821,301.48,14
563822,315.98,12
563830,142.91,10
563831,94.80000000000001,3
563832,109.45,6
563833,315.5,15
563834,326.44,17
563835,166.4,8
563836,69.28,5
563837,306.1,15
563839,113.5,7
563840,115.72,7
563841,278.9,5
563842,430.35,25
563843,108.94,12
563844,310.82,20
563845,303.56,22
563846,398.7,4
563847,166.57,9
563848,989.49,49
563849,139.26,9
563850,138.68,4
563851,15.0,1
563852,165.95,7
563853,144.0,1
563854,623.92,34
563855,546.9,21
563857,135.95,5
563858,351.3,19
563890,168.72,13
563891,51.0,1
563892,21.6,9
563893,27.36,8
563895,495.4,10
563896,407.4,11
563897,128.55,8
563898,151.2,3
563900,1432.0,4
563901,13.25,2
563902,358.0,1
563903,206.69,23
563904,247.72,2
563905,313.35,14
563906,504.19,25
563907,316.98,7
563908,399.59,19
563909,857.0,127
563910,377.25,4
563911,435.98,20
563912,962.09,40
563913,458.9,16
563914,324.83,18
563915,186.62,21
563916,393.14,7
563917,610.75,64
563919,122.28,4
563920,453.11,37
563921,15.9,2
563922,135.24,50
563923,157.79999999999998,6
563924,683.28,125
563925,128.45,35
563926,400.21999999999997,22
563927,199.22,15
563928,739.43,128
563929,110.96000000000001,19
563931,833.32,40
563932,39.6,1
563933,548.97,55
563934,52.0,1
563935,366.18,73
563936,213.5,10
563937,817.89,45
563938,357.8,3
563939,114.94,6
563940,908.74,41
563941,327.15,6
563942,137.22,9
563943,540.9200000000001,16
563944,1351.22,58
563945,66.24,4
563946,314.51,18
563947,252.9,7
563949,301.70000000000005,7
563950,1127.02,21
563951,531.8,10
563952,679.25,40
563953,303.8,19
563954,1388.27,31
563955,82.98,3
563956,102.24,5
563981,13.2,1
563982,174.96,5
564016,307.66,14
564017,305.02,9
564019,463.82,9
564020,373.65999999999997,24
564022,315.68,15
564023,125.7,7
564034,316.02,19
564037,163.72,19
564038,151.98,9
564039,511.96000000000004,23
564040,57.199999999999996,2
564041,34.0,2
564042,247.09,23
564043,190.06,14
564044,157.11,15
564045,1047.12,3
564046,1019.9999999999999,1
564047,10.5,1
564048,40.8,1
564049,319.55,79
564050,758.0500000000001,48
564051,278.13,16
564052,247.42000000000002,36
564053,293.1,9
564054,3875.88,5
564055,307.8,9
564056,440.76,40
564057,508.0,29
564058,230.98000000000002,11
564059,325.8,16
564060,453.79,56
564061,1062.88,118
564062,931.5,17
564065,1654.31,103
564066,261.82,19
564067,39.900000000000006,2
564075,89.44,5
564076,408.0,1
564077,148.57,14
564078,409.76,18
564079,630.39,35
564082,72.0,1
564083,304.2,16
564085,50.0,1
564088,563.64,15
564089,291.4,4
564090,446.39,29
564091,432.48,29
564092,385.88,13
564093,1103.15,55
564095,165.58,11
564096,309.5,2
564109,34.56,1
564132,780.0,5
564133,351.1,8
564135,526.72,51
564136,309.24,16
564137,654.15,14
564139,263.13,49
564140,415.17,31
564141,552.6,85
564143,177.89999999999998,6
564144,205.71,22
564145,399.35,22
564146,480.00000000000006,4
564147,765.9,24
564148,98.88,4
564149,300.90000000000003,3
564150,1436.49,57
564158,250.86,9
564159,96.3,5
564160,244.79999999999998,1
564161,241.09,12
564162,367.34,21
564163,15.0,1
564164,75.0,1
564165,645.83,36
564166,455.67,33
564167,951.96,42
564168,128.31,43
564169,424.8,2
564170,275.82,16
564171,308.66,3
564172,631.75,78
564173,851.06,39
564174,379.27,19
564181,327.93,21
564182,425.6,11
564186,524.1,29
564187,237.21,53
564188,114.06,14
564189,312.66,26
564190,375.19,22
564191,269.28,56
564192,306.71999999999997,16
564195,306.96000000000004,13
564196,15.0,1
564197,449.56,24
564198,150.44,19
564199,280.17,73
564200,84.69,27
564201,509.34000000000003,18
564202,57.5,2
564203,241.44,7
564216,366.45,24
564219,786.84,6
564222,239.90000000000003,3
564223,255.15,15
564224,330.74,22
564225,452.15999999999997,2
564226,184.26,10
564227,365.82,19
564228,116.88,4
564231,121.37,7
564246,338.2,16
564248,457.92,6
564256,624.4300000000001,81
564268,253.31,15
564272,640.0,1
564300,424.15,42
564301,871.2,52
564302,302.58,17
564303,435.33,25
564304,130.03,15
564305,1103.32,42
564306,1142.88,18
564307,92.30000000000001,16
564308,442.89,23
564309,83.58,5
564310,2597.0,7
564311,1611.0,4
564312,3744.0,6
564313,161.94,10
564314,244.65,13
564315,137.14,29
564316,391.68,23
564317,310.76,19
564318,136.68,3
564319,103.47,27
564321,172.2,15
564322,2736.99,22
564323,2275.0,11
564324,1304.44,24
564325,189.60000000000002,2
564326,112.10000000000001,4
564327,1177.7,9
564328,383.92,19
564329,96.75,4
564330,213.55,18
564332,354.62,4
564333,116.15999999999998,4
564334,213.9,4
564335,454.58,105
564336,101.66,25
564337,233.21,13
564338,15.299999999999999,1
564339,202.0,3
564342,549.07,153
564346,887.47,74
564350,302.5,16
564351,1187.74,12
564352,309.5,20
564353,1564.7,85
564354,17.4,1
564355,394.09,26
564356,706.22,92
564357,302.96000000000004,7
564358,94.72,11
564359,305.63,45
564360,530.22,23
564361,22.5,1
564363,247.5,18
564364,32.82,2
564366,439.23,21
564367,242.15000000000003,10
564369,356.64,3
564370,94.5,4
564371,308.2,18
564372,1114.52,69
564373,341.1,9
564374,97.0,6
564375,665.9,21
564376,335.52,6
564377,156.51,12
564378,562.69,35
564379,678.88,22
564380,120.0,8
564381,76.32000000000001,1
564382,306.0,1
564383,248.6,3
564398,86.10000000000001,4
564419,17.0,1
564428,51.559999999999995,5
564429,75.36,8
564430,466.74,11
564431,15.8,1
564432,510.32,32
564433,338.54,17
564434,628.38,15
564436,451.92,57
564437,472.54,34
564438,496.3,23
564439,115.34,11
564440,121.25,8
564471,243.1,11
564473,295.3,12
564474,134.75,5
564475,378.0,5
564476,309.5,18
564477,322.32,4
564479,470.4,23
564480,318.92,16
564481,190.1,4
564482,249.72,16
564483,485.98,37
564484,158.36,20
564485,284.55,2
564489,662.5600000000001,39
564495,303.78,13
564496,319.06,20
564503,331.26,17
564507,222.95999999999998,12
564510,630.68,42
564526,570.25,34
564529,153.0,1
564531,341.19,19
564532,725.6400000000001,10
564534,106.03,20
564535,404.8,24
564536,394.28000000000003,43
564537,154.24,20
564538,601.88,7
564539,353.86,21
564540,38.41,9
564541,372.37,21
564542,184.0,10
564543,129.75,6
564544,138.14,9
564551,314.70000000000005,8
564552,691.21,44
564553,163.8,32
564554,157.18,23
564555,51.300000000000004,10
564556,66.87,16
564557,80.18,9
564558,410.55,20
564559,478.96000000000004,31
564560,105.0,3
564561,957.24,7
564562,333.44,23
564563,301.92,4
564564,60.0,1
564565,812.02,41
564572,577.94,24
564573,110.85,33
564574,15.0,1
564583,432.0,1
564614,130.99,4
564626,498.48,13
564627,352.36,23
564629,940.8,2
564630,851.09,48
564631,346.01,23
564632,472.13,28
564634,306.19,16
564635,551.03,29
564636,185.9,2
564637,231.10000000000002,12
564638,278.74,20
564639,143.74,20
564640,388.12,25
564641,162.48,3
564642,336.34,32
564643,301.92,45
564647,199.28,34
564648,581.82,37
564649,15.0,1
564650,6429.639999999999,41
564651,0.0,4
564652,998.4000000000001,1
564653,191.1,9
564654,640.14,29
564656,285.16,16
564657,748.86,17
564660,748.87,42
564661,537.7,32
564666,126.39000000000001,9
564668,329.67,9
564669,76.32000000000001,1
564670,1130.95,48
564709,244.79999999999998,1
564710,287.84999999999997,10
564712,385.47,9
564713,103.24000000000001,20
564714,35.400000000000006,1
564715,142.74,29
564716,352.23,37
564717,130.8,5
564718,137.19,16
564719,162.29,49
564720,19.8,1
564721,312.97999999999996,9
564722,124.16,14
564723,169.38,4
564724,264.73,68
564725,239.11,77
564726,301.93,29
564727,835.95,127
564728,85.92,1
564729,292.52,74
564731,365.78000000000003,19
564732,233.67000000000002,21
564733,526.26,94
564734,1246.49,122
564735,627.64,50
564736,505.80000000000007,11
564737,186.9,9
564738,44.370000000000005,3
564739,174.82999999999998,29
564740,196.93,72
564741,642.4200000000001,5
564742,154.02,36
564743,125.77,26
564744,178.7,9
564745,259.93,46
564746,315.71999999999997,13
564747,391.31,50
564749,403.83,21
564750,462.75,28
564752,1862.7,31
564753,612.09,39
564764,21.84,6
564800,291.33,16
564803,812.16,16
564811,537.0,1
564814,214.8,1
564815,74.1,14
564816,165.43,8
564819,125.92,2
564821,221.46,13
564836,291.24,2
564839,161.16000000000003,6
564842,308.47,11
564843,230.53,45
564846,309.38,26
564848,252.5,11
564849,762.58,38
564850,390.78000000000003,26
564851,211.96,20
564852,109.7,8
564853,198.98,12
564855,307.42,16
564856,4257.0599999999995,90
564858,140.0,1
564859,386.64,1
564860,308.69,19
564861,15.0,1
564862,145.0,1
564863,390.98,20
564866,128.95,14
564868,397.24,17
564871,340.0,1
564872,979.64,14
564895,16.9,2
564896,292.68,23
564897,1330.44,10
564898,138.24,1
564901,111.0,8
564902,314.28000000000003,7
564904,383.4,16
564906,250.8,2
564910,219.0,2
564912,424.06,19
564943,275.70000000000005,14
564950,290.52,25
564953,537.96,11
564957,195.15,10
564958,682.19,29
564959,116.56,7
564961,224.64,10
564962,194.7,67
564963,237.9,14
564965,1565.82,22
564966,34.8,1
564967,102.48,4
564972,1179.6399999999999,50
564975,138.39999999999998,16
564976,222.04,24
564995,263.3,45
565014,1724.8,15
565056,566.38,23
565067,511.46000000000004,71
565080,40.0,2
565082,75.3,3
565083,334.46000000000004,11
565084,576.74,6
565086,52.5,1
565087,137.38,7
565088,318.01,24
565090,43.8,2
565091,299.25,16
565092,307.62,18
565093,428.6,6
565114,345.09999999999997,23
565115,252.11,23
565116,2297.52,27
565117,2016.32,69
565118,559.72,44
565119,422.08,21
565120,183.6,3
565121,149.70000000000002,8
565122,476.76000000000005,38
565123,480.0,1
565124,509.01,16
565125,126.5,7
565126,180.1,5
565127,118.80000000000001,1
565128,319.95,8
565129,515.17,87
565133,322.98,14
565139,550.98,4
565141,354.39,81
565142,152.64000000000001,2
565143,3.3,1
565144,457.6,12
565145,2732.92,8
565146,208.79999999999998,1
565147,459.92,16
565149,174.06,14
565150,5590.67,179
565151,522.97,48
565152,387.49,60
565153,143.8,7
565154,49.5,3
565155,608.1,10
565156,305.28000000000003,18
565157,85.92,1
565158,25.0,1
565181,1386.0,6
565186,111.03,12
565192,11.549999999999999,1
565197,249.76,14
565198,346.98,28
565199,309.89,8
565200,125.55,16
565201,676.36,39
565202,227.85000000000002,6
565204,310.7,25
565205,99.4,2
565206,117.06,2
565207,260.49,51
565208,305.96000000000004,11
565209,112.75,30
565210,191.74,19
565211,121.23,8
565212,77.31,4
565213,2242.3199999999997,8
565214,1638.24,13
565216,114.60000000000001,2
565217,207.35999999999999,1
565218,975.54,37
565219,387.52,29
565220,149.35,8
565221,373.8,7
565222,821.0,5
565223,386.74,15
565224,207.73,30
565225,121.92,4
565226,301.2,19
565228,1250.4,2
565230,1585.92,31
565235,402.0,29
565236,399.34,21
565238,301.85,15
565239,608.0799999999999,23
565240,1047.12,2
565241,822.24,2
565242,89.06,9
565243,770.9300000000001,34
565244,125.45,6
565245,306.96,10
565246,642.28,17
565247,543.6,5
565248,112.86,32
565249,115.31,21
565250,171.5,8
565251,11.309999999999999,5
565261,465.68,26
565285,1821.6,4
565287,309.45,14
565289,749.13,26
565291,4913.52,5
565292,553.08,18
565293,561.6,2
565295,317.0,20
565309,300.2,5
565311,344.88,2
565312,145.02,20
565315,416.24,17
565316,311.85,16
565317,598.38,14
565318,560.54,23
565320,461.77,18
565321,269.58,9
565322,65.1,5
565324,169.85,37
565325,312.64,8
565326,120.02,34
565327,267.8,18
565328,241.0,8
565329,113.31,40
565330,33.0,1
565331,122.2,35
565332,381.54,14
565333,230.3,11
565338,82.36,6
565350,180.47000000000003,18
565366,690.15,37
565367,7.4399999999999995,1
565372,162.72,1
565377,852.8,1
565380,220.2,2
565381,429.38,25
565383,103.22,19
565384,386.32,20
565386,269.16999999999996,40
565387,50.4,1
565388,462.35,65
565397,363.79,58
565398,855.28,18
565399,3.12,4
565401,414.19,55
565404,72.84,5
565405,220.04000000000002,13
565406,188.29999999999998,11
565407,305.08,44
565408,125.46,32
565409,316.62,13
565410,835.08,29
565411,457.8,70
565412,629.04,6
565413,431.73,22
565414,121.19999999999999,6
565415,224.67,25
565416,358.66,29
565417,295.04,12
565418,323.73,5
565419,573.46,27
565420,313.05,29
565421,161.82,40
565423,91.86,6
565424,300.04,16
565426,135.18,50
565427,235.54,30
565429,182.12,14
565430,359.25,42
565431,474.5,81
565432,244.27,68
565433,124.5,2
565434,673.29,90
565435,34.0,1
565436,360.96,20
565437,568.25,30
565438,161.05,15
565439,554.21,29
565440,761.6800000000001,19
565441,110.04,15
565442,819.26,37
565443,891.8199999999999,50
565444,128.9,16
565445,401.4,63
565446,400.24,18
565447,625.1,25
565448,49.650000000000006,3
565449,34.8,2
565450,323.16,21
565451,752.6700000000001,35
565452,316.84000000000003,9
565453,582.9,29
565454,117.15,7
565456,236.78,50
565457,538.8000000000001,18
565458,477.7,14
565459,859.6800000000001,6
565460,1414.64,55
565461,224.8,15
565462,304.95,10
565463,335.8,13
565464,31.6,2
565465,581.39,26
565466,147.7,8
565467,315.78,15
565468,51.550000000000004,3
565469,591.3,1
565470,275.7,16
565471,859.32,38
565472,385.04,36
565473,423.5,26
565474,50.0,1
565475,7480.0599999999995,51
565476,958.8000000000001,4
565478,195.42,46
565479,307.03000000000003,15
565480,102.0,1
565481,122.22,25
565488,205.3,12
565491,2251.94,19
565492,177.60000000000002,1
565513,313.08000000000004,13
565515,457.8,14
565519,1092.35,39
565541,575.68,150
565542,497.61,26
565563,183.83,18
565565,131.64,16
565569,48.3,2
565577,7.5,1
565579,134.9,47
565580,1298.18,12
565583,253.55,14
565584,315.17,15
565585,306.82,18
565586,33.04,2
565587,537.3,7
565588,299.67,39
565589,691.1999999999999,2
565590,324.5,2
565591,177.60000000000002,1
565592,480.00000000000006,2
565593,344.07,22
565594,312.49,23
565595,447.62,30
565596,301.32,25
565598,213.04000000000002,12
565610,357.34,18
565611,401.94,15
565612,457.7,21
565613,263.2,19
565614,82.75,12
565616,472.64,23
565618,347.88,25
565631,1226.16,10
565643,356.75,8
565644,299.16,5
565648,238.35,63
565649,482.8,55
565664,775.94,44
565665,488.21,26
565667,174.86,9
565668,378.75,4
565669,149.12,3
565670,656.46,25
565672,556.26,30
565673,340.56,10
565674,224.28,13
565675,2184.59,38
565676,238.68,5
565677,192.4,11
565678,17.4,1
565679,310.6,4
565680,100.8,1
565682,835.95,64
565684,189.6,12
565685,638.4000000000001,8
565723,301.80000000000007,4
565724,185.0,7
565725,537.9,38
565726,1134.69,72
565727,332.89,23
565728,549.7,17
565729,25.200000000000003,1
565730,347.3,27
565731,125.0,9
565732,257.8,14
565733,164.4,4
565734,387.26,37
565735,15.0,1
565736,155.51999999999998,1
565737,303.93,29
565738,582.8,19
565740,430.32,4
565741,354.62,4
565747,315.65,10
565748,4005.35,58
565749,228.84,5
565750,151.74,10
565751,258.64,28
565753,99.0,2
565754,64.8,4
565756,503.08000000000004,12
565757,183.36,5
565758,199.29999999999998,15
565759,358.84000000000003,21
565760,16.5,1
565763,939.96,10
565765,520.3,29
565766,591.86,138
565768,262.40000000000003,8
565769,300.7,16
565776,724.01,19
565777,106.80000000000001,4
565778,159.85000000000002,7
565779,477.93,34
565780,64.0,2
565781,701.38,20
565782,303.92,15
565783,18.72,1
565784,359.05,19
565785,200.0,1
565788,353.48,22
565790,591.14,16
565791,189.60000000000002,2
565792,180.12,7
565793,177.60000000000002,1
565794,567.6,4
565795,260.63,19
565796,266.48,16
565800,809.0699999999999,40
565801,549.24,26
565802,174.71,11
565803,871.25,43
565805,348.0,10
565806,520.31,30
565807,315.2,20
565808,23.0,1
565835,127.37,30
565836,3200.28,38
565838,393.40000000000003,14
565839,313.6,12
565842,149.64000000000001,8
565844,331.24,19
565845,588.3000000000001,17
565846,121.5,39
565849,323.68,15
565850,524.85,45
565851,637.29,32
565853,413.99,14
565854,1035.82,42
565855,324.96,24
565856,155.8,13
565857,1464.58,85
565858,534.24,1
565859,426.07,25
565860,9.36,2
565861,20.8,3
565862,349.35,16
565863,402.79,16
565865,1304.7,67
565870,15.0,1
565877,304.24,6
565901,1094.9,9
565914,89.64,2
565915,480.52,67
565916,504.35,31
565918,127.73,19
565920,591.02,33
565921,416.90000000000003,15
565922,308.9,16
565923,590.4,13
565924,360.48,11
565926,310.2,13
565929,91.32000000000001,2
565930,1057.18,64
565931,404.31,23
565932,222.45000000000002,33
565933,15.0,1
565934,443.0,19
565936,829.4399999999999,2
565937,126.74,8
565967,1944.6,51
565971,282.68,46
565975,2.08,1
565990,371.7,21
565993,303.3,12
565994,121.74000000000001,27
565995,418.34,35
566001,14.99,5
566005,161.69,21
566006,286.86,19
566008,153.99,42
566009,51.839999999999996,1
566010,390.47,58
566013,1006.4,26
566014,355.08000000000004,13
566015,45.78,5
566016,591.9,30
566017,412.71,26
566018,473.29,81
566019,441.49,31
566020,132.7,6
566021,312.45,13
566022,49.5,2
566023,496.44,18
566024,538.4,32
566025,159.79,37
566026,74.4,4
566027,121.81,8
566028,320.0,1
566033,243.31,61
566035,413.58,25
566037,291.84000000000003,2
566038,191.73000000000002,10
566039,334.54,21
566040,459.99,23
566041,961.58,26
566042,182.9,31
566043,421.18,15
566044,25.200000000000003,1
566045,105.0,1
566046,78.9,3
566047,117.36,9
566048,322.77,23
566049,309.79,18
566050,324.0,5
566051,86.0,5
566052,186.32,3
566053,120.97999999999999,42
566054,205.8,9
566055,227.79,41
566056,4.11,3
566057,174.07,28
566058,183.92000000000002,5
566059,86.0,3
566061,318.4,16
566062,482.07,8
566063,170.88,10
566073,354.53000000000003,27
566074,344.9,16
566075,205.67000000000002,14
566076,1087.7,45
566077,296.64,13
566079,985.62,37
566080,15.0,1
566081,253.99,14
566082,70.6,5
566083,85.92,3
566085,190.57,49
566086,584.4,5
566087,493.4,27
566089,998.8800000000001,7
566091,146.75,27
566092,650.42,26
566094,361.56,52
566108,158.4,1
566115,425.2,22
566117,15.5,1
566123,322.37,35
566124,262.74,25
566162,282.31,18
566163,1304.7,67
566169,185.83999999999997,10
566170,140.5,4
566171,161.43,42
566172,322.4,11
566173,186.56,8
566175,158.95999999999998,10
566178,141.9,4
566184,165.0,1
566186,296.62,23
566188,192.6,9
566189,151.3,13
566190,211.49,37
566191,442.66,24
566192,165.20000000000002,4
566193,1010.95,55
566194,301.0,52
566195,2608.11,81
566196,148.8,4
566198,393.85,25
566199,441.91,15
566200,111.78,52
566201,98.10000000000001,1
566202,337.74,21
566203,337.75,36
566204,340.38,12
566206,34.650000000000006,3
566207,1210.3200000000002,9
566208,7.65,2
566213,1732.93,74
566214,51.0,1
566215,109.15,5
566217,119.62,34
566218,35.7,1
566219,1001.36,57
566220,2243.7,25
566225,78.1,11
566226,204.60000000000002,11
566227,1912.06,16
566228,889.4000000000001,5
566229,174.84,5
566230,418.84000000000003,23
566231,303.94,18
566232,175.04,6
566233,1005.54,61
566234,252.73000000000002,27
566235,418.06,17
566236,175.4,9
566237,142.9,8
566238,164.42,26
566239,544.52,24
566240,137.56,24
566241,254.76,2
566242,160.6,8
566243,33.9,1
566244,126.00000000000001,5
566245,451.97,11
566246,1028.04,8
566247,316.6,3
566248,140.96,8
566249,482.75,48
566250,344.88,2
566251,220.07,22
566253,11.97,1
566254,384.9,10
566255,1783.24,18
566256,112.38,7
566257,855.5999999999999,9
566258,1292.21,85
566259,2027.94,7
566260,1070.48,9
566261,378.64,23
566262,277.55,20
566264,97.73,25
566265,103.3,6
566266,309.86,28
566267,356.11,19
566268,292.24,15
566269,272.31,59
566270,848.98,32
566271,1228.83,74
566272,430.21999999999997,43
566273,245.33,13
566274,344.25,36
566275,452.49,73
566276,305.82,19
566277,305.62,18
566278,302.15,17
566279,254.75,51
566281,2026.7,139
566282,1638.3400000000001,21
566283,625.0,28
566284,160.20000000000002,7
566285,535.08,42
566286,331.56,15
566287,133.37,24
566288,291.63,19
566289,231.56,14
566290,818.93,217
566291,771.91,109
566292,520.9,23
566293,408.38,16
566294,449.65999999999997,33
566295,458.43,40
566296,203.08,50
566297,92.38,31
566298,159.31,21
566299,329.44,14
566300,299.34000000000003,13
566301,114.84,24
566302,8.25,1
566303,307.92,16
566304,343.8,24
566305,523.25,21
566306,336.64,13
566307,656.23,34
566308,289.92,15
566309,31.599999999999998,2
566310,1468.58,19
566311,170.1,4
566312,339.83,20
566314,405.86,28
566315,326.48,25
566317,778.65,37
566318,217.3,4
566319,853.68,36
566320,382.48,17
566321,5.95,1
566322,145.72,5
566326,547.02,23
566328,153.72,4
566329,207.57,18
566334,410.08000000000004,5
566345,1286.41,59
566361,71.7,3
566364,395.04999999999995,23
566393,362.18,17
566394,317.96,17
566395,683.8000000000001,12
566396,553.74,18
566397,147.02,31
566398,309.05,7
566399,620.4,30
566400,1535.24,93
566402,278.4,12
566403,501.9,7
566405,1304.04,23
566408,1255.22,130
566420,211.01,33
566421,278.43,15
566422,183.08,12
566424,381.5,25
566425,175.9,10
566426,663.24,13
566427,303.15999999999997,54
566428,309.7,18
566429,25.200000000000003,1
566430,85.0,1
566431,303.36,18
566432,88.56,6
566433,987.9399999999999,17
566434,705.74,38
566435,302.20000000000005,4
566438,152.82,18
566439,132.4,3
566440,330.92,21
566441,302.19,18
566442,308.89,19
566443,291.8,18
566444,331.14,18
566447,637.9200000000001,4
566448,169.9,7
566450,776.63,42
566451,788.1,141
566452,129.32999999999998,11
566453,84.5,3
566455,21.0,1
566465,3.35,2
566477,483.39,28
566479,340.2,5
566480,266.97,14
566481,1253.0,3
566482,1319.78,67
566483,414.82,17
566484,223.84,12
566485,181.6,9
566486,293.14,13
566487,358.2,5
566488,361.27,19
566489,573.7,22
566491,294.24,15
566492,94.32000000000001,2
566494,4114.08,17
566495,817.04,146
566518,166.42000000000002,32
566520,161.19,23
566537,371.70000000000005,11
566539,368.72,48
566554,921.4,37
566555,96.6,2
566556,237.60000000000002,1
566557,8281.12,57
566558,679.69,30
566559,431.97,23
566560,356.6,26
566561,1079.47,72
566562,1126.47,98
566563,328.98,20
566564,259.9,42
566566,433.93,70
566567,303.65000000000003,14
566571,1267.32,75
566572,432.75,19
566575,1658.9,8
566576,2180.3,20
566580,690.9,37
566581,1599.55,107
566582,1024.08,28
566583,364.5,21
566585,380.76,19
566586,199.8,7
566587,347.74,20
566588,191.78,7
566589,563.15,30
566590,302.2,19
566591,570.19,44
566592,303.28000000000003,17
566594,117.35000000000001,7
566595,4314.72,16
566596,786.52,10
566597,446.31,19
566598,319.6,4
566599,398.7,77
566600,417.08,22
566601,185.84,49
566604,371.9,47
566605,276.31,64
566606,305.37,20
566607,496.3,44
566610,1.65,1
566612,652.4,35
566616,267.8,16
566617,1304.04,16
566618,621.66,5
566619,327.8,3
566620,185.22,12
566621,543.24,18
566622,405.88,24
566623,112.07999999999998,4
566624,302.25,15
566625,781.11,50
566627,327.0,6
566628,167.0,2
566629,613.77,25
566630,157.20000000000002,6
566631,42.24,2
566632,69.6,5
566633,299.04,4
566634,690.6000000000001,8
566647,252.23,42
566648,171.85000000000002,8
566649,378.0,6
566667,156.79,16
566668,53.550000000000004,2
566669,466.09000000000003,28
566670,17.4,1
566673,345.03000000000003,20
566674,614.88,31
566675,28.68,3
566694,318.24,17
566705,471.84000000000003,15
566707,79.8,3
566708,737.8,11
566709,821.6,23
566713,411.81,24
566717,237.19,54
566718,446.25,4
566719,88.2,6
566720,588.51,63
566721,490.95,25
566722,466.52,12
566723,233.39,12
566724,252.1,13
566726,309.33,78
566727,228.96,1
566728,303.48,15
566729,177.44,8
566730,64.26,26
566731,78.45,20
566732,378.45,18
566733,291.68,13
566734,163.08,64
566735,166.78,43
566736,357.32,21
566737,336.31,29
566738,382.74,3
566739,351.65,19
566740,422.04,14
566744,250.0,3
566746,259.04,9
566747,221.17,14
566750,422.00000000000006,7
566755,117.24,3
566756,743.28,34
566759,358.06,4
566760,298.96,27
566769,151.5,7
566770,90.6,2
566771,679.68,42
566772,472.2,19
566773,562.54,20
566774,272.1,13
566776,368.37,19
566778,74.56,15
566781,494.25,28
566783,315.69,16
566786,659.4399999999999,38
566788,1702.94,26
566789,907.84,52
566790,1643.2,26
566816,2377.9,31
566817,801.94,15
566818,202.56,9
566819,250.45000000000002,17
566821,617.26,25
566822,320.68,16
566823,15.12,1
566829,586.95,7
566833,237.07999999999998,12
566846,325.16,6
566847,261.15,47
566848,326.4,1
566849,734.24,34
566850,364.82,18
566851,410.7,56
566860,500.21,19
566861,59.8,2
566862,248.07000000000002,11
566863,72.3,4
566864,163.89,44
566865,15.0,1
566866,1596.24,13
566867,1642.18,8
566868,136.23,7
566869,1009.27,43
566870,154.2,7
566871,351.47,22
566872,354.45,39
566873,240.28,15
566875,761.5,15
566891,655.75,23
566901,499.56,22
566904,372.16,19
566912,990.15,54
566913,1244.44,109
566914,334.53,57
566915,285.48,16
566916,160.0,1
566917,891.9000000000001,21
566918,67.98,3
566921,52.22,8
566922,680.28,26
566923,202.9,23
566926,115.2,3
566927,2033.1,1
566928,144.48,6
566929,4090.28,47
566930,508.8,28
566931,5725.0,3
566932,244.7,31
566933,1465.6,16
566934,13249.94,8
566935,6870.0,5
566936,4351.0,7
566937,211.32,3
566938,788.38,16
566950,678.18,36
566951,250.34,13
566954,19.799999999999997,1
566959,395.55,45
566962,110.93,32
566964,7.5,1
566967,397.17,23
566968,189.7,10
566969,176.94,13
566971,253.91,15
566972,370.98,26
566973,329.02,15
566974,91.7,4
566975,428.34000000000003,22
566976,2582.78,116
566979,987.72,46
566980,683.28,13
566981,373.9,20
566984,440.5,19
566987,533.6,13
566988,1045.28,29
567043,318.57,43
567062,842.5,48
567066,324.0,23
567074,287.40000000000003,24
567076,639.24,28
567077,201.94,41
567085,519.89,34
567092,1074.82,63
567093,595.89,23
567094,271.11,24
567095,635.19,37
567096,410.48,23
567097,120.30000000000001,5
567099,257.3,58
567102,419.58000000000004,5
567104,371.01,24
567111,271.28000000000003,16
567124,337.17,16
567126,264.31,43
567128,1233.01,79
567134,282.90000000000003,6
567138,488.45000000000005,25
567139,466.65,10
567140,361.43,15
567141,108.0,8
567142,524.3,27
567144,248.64,7
567145,549.46,27
567148,1188.18,33
567153,258.01,36
567154,412.01000000000005,10
567156,168.05,32
567157,663.6,9
567158,13.3,3
567159,426.95,10
567160,154.95,13
567161,1708.24,29
567162,828.68,9
567163,305.07,14
567164,279.84999999999997,34
567165,258.99,64
567166,757.7,11
567167,282.7,60
567168,110.69,22
567169,12.29,2
567170,585.1800000000001,113
567171,716.0,4
567172,973.8399999999999,7
567173,294.16,10
567174,204.4,37
567175,115.46000000000001,15
567176,105.08000000000001,11
567178,266.14,20
567179,217.93,35
567180,652.62,65
567181,129.63,14
567182,804.98,53
567183,3844.84,399
567184,954.51,119
567185,367.45,48
567186,387.4,54
567188,196.35,1
567189,545.78,24
567190,484.52,20
567191,388.64,21
567192,4.859999999999999,4
567193,570.0,12
567194,45.0,2
567195,214.97,12
567196,392.40000000000003,20
567197,1062.1,48
567199,360.23,13
567200,258.84000000000003,26
567202,675.3,12
567203,86.9,5
567204,765.15,36
567205,218.72,11
567206,589.6,29
567211,387.78,84
567213,129.33,41
567236,467.5,21
567239,269.04,6
567252,329.88,7
567280,10267.88,66
567287,92.35000000000001,5
567288,184.83,51
567290,5350.4,38
567291,63.790000000000006,3
567292,47.38,16
567293,764.59,42
567294,345.0,22
567295,313.1,12
567296,339.01,18
567297,718.21,44
567298,1043.1,14
567299,75.0,2
567300,542.8100000000001,27
567302,197.55,13
567303,789.84,32
567304,165.32,42
567305,402.7,15
567306,4366.78,53
567307,573.2,24
567308,575.46,7
567309,1519.8,1
567310,52.83,13
567311,313.28000000000003,8
567312,406.02,18
567313,98.30000000000001,5
567323,288.36,20
567324,367.2,3
567325,358.0,2
567326,293.54,17
567327,331.14,17
567328,345.03000000000003,20
567329,275.0,11
567333,301.3,17
567334,648.48,24
567336,662.9000000000001,10
567338,310.95,22
567339,751.16,50
567340,971.65,36
567341,982.0,43
567342,10.0,1
567343,75.75,5
567344,92.28,8
567346,1004.4000000000001,9
567354,179.0,1
567356,228.06,14
567362,79.6,1
567368,376.19,19
567369,181.6,14
567370,301.56,12
567372,267.03,16
567373,327.67,18
567374,2020.52,17
567375,519.53,21
567376,1004.4000000000001,9
567377,957.9000000000001,1
567378,948.47,58
567379,761.44,11
567380,377.66,24
567381,22104.8,12
567382,242.35,14
567383,301.15,13
567384,4418.0,16
567385,5639.52,22
567386,342.02,19
567387,3189.94,7
567408,105.9,6
567423,31698.159999999996,12
567424,497.24,50
567425,1004.4000000000001,9
567426,242.1,9
567428,849.92,44
567429,520.74,27
567453,1468.8,1
567454,491.18,29
567455,552.6,3
567456,703.0,6
567457,1273.77,28
567458,4563.84,7
567459,471.88,34
567460,168.31,12
567462,382.18,100
567470,384.14,27
567472,272.24,25
567473,459.62,64
567474,1065.79,91
567475,263.92,68
567476,630.26,32
567477,702.75,57
567478,279.8,15
567480,3200.0,2
567481,49.1,11
567482,613.25,85
567483,324.14,14
567484,790.73,28
567485,238.22,35
567486,25.200000000000003,1
567487,49.92,1
567488,119.12,16
567489,123.65,4
567504,768.24,42
567505,366.25,18
567506,316.70000000000005,6
567508,241.2,10
567509,752.42,29
567510,196.01999999999998,5
567511,228.96000000000004,2
567512,138.48,9
567513,305.5,6
567514,222.88,9
567515,351.9,6
567516,198.44,14
567517,209.16000000000003,9
567522,272.04,7
567523,223.07999999999998,10
567524,378.95,18
567525,109.56,3
567526,3850.9,17
567528,356.2,13
567529,132.55,7
567530,549.84,32
567531,53.120000000000005,2
567533,652.85,37
567537,353.58,5
567542,315.09999999999997,14
567545,313.3,16
567546,300.12,5
567552,540.8,22
567578,460.63,32
567579,420.39,20
567580,569.34,22
567610,4463.08,42
567611,97.83,5
567612,745.84,44
567613,907.94,46
567614,256.74,10
567615,683.58,21
567616,381.22,11
567617,324.74,11
567618,342.90000000000003,24
567619,189.4,13
567621,108.92,11
567622,186.26,19
567623,507.84,14
567625,307.18,21
567626,597.45,14
567628,738.58,19
567630,183.57999999999998,12
567631,646.57,32
567632,75.6,2
567633,346.32,2
567634,699.72,4
567635,686.48,28
567636,672.4000000000001,22
567637,498.62000000000006,17
567638,73.6,2
567639,1067.28,22
567640,75.68,6
567642,4.95,1
567644,37.949999999999996,1
567653,964.83,57
567654,322.8,20
567656,4936.65,421
567657,124.38,8
567658,203.5,13
567659,194.37,14
567660,276.37,18
567661,260.76,58
567662,686.03,79
567663,311.69,20
567664,332.8,19
567666,588.41,31
567669,1862.0,6
567672,294.61,48
567675,601.57,45
567676,197.29,15
567678,305.17,15
567679,106.39,18
567683,269.15999999999997,16
567687,58.599999999999994,6
567692,117.11999999999999,15
567697,416.14,26
567698,126.66000000000001,8
567699,460.41,23
567700,478.88,27
567701,317.76,15
567702,30.79,2
567707,480.04,9
567709,461.79,30
567710,159.0,6
567711,48.480000000000004,2
567718,491.56,22
567720,434.1,19
567721,4860.64,44
567742,943.75,45
567747,389.76,1
567756,398.24,10
567768,255.84,9
567785,1074.0,6
567792,1035.0,33
567793,618.44,28
567794,820.78,26
567795,904.62,21
567796,304.96,45
567797,306.26,17
567798,886.63,28
567799,80.76,3
567800,51.0,1
567801,310.24,13
567802,406.35,23
567803,3877.56,6
567804,227.0,41
567805,514.13,34
567806,452.84,6
567807,222.01,23
567808,12.4,2
567809,739.5699999999999,35
567816,248.70000000000002,21
567817,165.14000000000001,23
567818,671.96,75
567819,566.23,22
567821,426.43,45
567822,507.04,24
567823,563.28,21
567824,37.5,1
567826,101.14,13
567846,302.8,17
567849,202.35,16
567850,538.6899999999999,34
567851,358.02,13
567852,4117.400000000001,13
567853,1636.52,111
567854,473.96,27
567855,92.8,4
567856,56.3,6
567858,112.25,26
567859,798.46,33
567860,295.96000000000004,8
567864,432.2,20
567865,828.39,31
567866,729.09,77
567868,394.72,11
567869,0.4,1
567873,795.75,50
567874,73.8,4
567875,275.4,32
567878,290.52,87
567879,534.28,29
567880,634.85,35
567881,524.26,28
567882,1546.8600000000001,28
567883,389.73,19
567886,194.24,11
567887,235.07,16
567888,118.80000000000001,2
567889,340.74,17
567890,1295.43,84
567892,417.7,17
567893,123.10000000000001,3
567894,408.53999999999996,7
567895,40.68,1
567897,79.8,2
567898,302.74,23
567899,809.82,52
567900,10.5,1
567904,326.12,17
567905,731.54,41
567906,492.88000000000005,7
567907,336.16,10
567908,75.60000000000001,3
567909,193.53,11
567910,222.6,10
567911,458.2,17
567912,353.2,85
567913,176.20000000000002,4
567914,158.85,3
567915,440.42,29
567917,1364.61,42
567922,137.75,9
567924,223.26,8
567928,626.01,28
567929,777.2,36
567934,109.2,4
567935,567.55,36
567936,713.3199999999999,15
567937,300.6,3
567938,245.55,15
567939,301.71999999999997,19
567941,122.75,8
567942,142.27,10
567943,216.09,17
567944,357.45,27
567951,17.34,1
567954,340.21,30
567957,143.34,7
567958,473.11999999999995,13
567959,728.86,13
567960,307.3,8
567962,3187.12,17
567966,161.95000000000002,10
567967,153.9,27
567968,760.2,45
567969,34.8,3
567970,134.17,10
567971,417.5,9
567972,371.36,24
567973,361.07,21
567975,584.3199999999999,28
567976,259.17,15
567977,306.53000000000003,2
567979,245.64,18
567980,157.14,32
567983,132.48000000000002,5
568001,277.48,7
568013,511.82,29
568040,790.54,38
568044,522.49,33
568046,193.64,53
568047,773.03,27
568048,1261.09,66
568049,459.34,87
568050,122.86,42
568051,457.14,28
568054,344.33,39
568056,842.62,38
568058,1181.68,42
568059,835.57,74
568060,727.22,127
568061,189.7,58
568062,505.18,39
568063,391.68,20
568064,342.92,21
568065,1824.79,75
568066,223.18,80
568069,795.12,51
568070,717.36,37
568075,114.18,29
568082,1308.8200000000002,24
568083,310.32,14
568086,449.5,9
568094,635.6,40
568095,2241.81,120
568098,315.31,22
568099,118.9,9
568100,454.10999999999996,29
568101,1098.78,49
568103,524.9,33
568104,363.65,42
568131,215.34000000000003,3
568132,61.58,11
568136,438.32,6
568137,553.39,21
568139,192.39,14
568140,283.86,16
568141,200.99,44
568142,225.01999999999998,31
568143,305.77,17
568144,281.12,16
568145,825.9200000000001,22
568146,587.46,26
568147,347.85,20
568148,324.0,5
568149,1247.53,16
568150,128.44,3
568151,302.2,14
568152,769.29,53
568153,487.2,16
568154,202.64000000000001,24
568155,280.76,13
568156,511.34000000000003,39
568158,1146.8,25
568159,309.31,15
568160,272.22,17
568161,108.06,21
568162,863.2,37
568163,485.63,50
568164,513.77,33
568165,789.77,40
568166,107.06,23
568167,428.71,23
568168,402.90000000000003,61
568169,306.78000000000003,20
568170,279.49,42
568171,130.05,9
568172,310.0,3
568173,886.49,34
568174,144.05,25
568175,102.42,7
568176,222.60000000000002,14
568177,455.17,25
568178,105.06,6
568179,372.24,16
568180,243.06,47
568181,329.34,23
568182,112.9,2
568183,213.94,32
568185,181.09,53
568186,172.69,30
568187,974.14,18
568188,488.26,114
568189,420.5,19
568190,38.7,2
568191,1042.31,89
568192,342.0,7
568193,2182.71,106
568194,191.56,11
568195,40.0,1
568196,322.94,14
568197,503.6,30
568198,446.56,64
568199,266.55,7
568200,400.68100000000004,15
568201,305.75,13
568202,496.97,36
568203,884.9,17
568204,349.7,25
568205,318.0,10
568206,193.39000000000001,11
568207,769.17,48
568208,339.02,18
568209,234.6,5
568210,398.22,25
568211,330.6,24
568212,296.42,85
568213,305.12,18
568214,535.5,1
568215,544.08,13
568216,163.02,8
568218,322.26,20
568219,116.12,7
568220,393.92,29
568221,418.22,22
568222,185.85,11
568223,336.14,16
568224,126.47,22
568225,399.15,15
568226,211.32,22
568227,183.54,47
568228,524.61,36
568229,164.58,10
568230,368.31,23
568231,360.66999999999996,20
568234,223.92,16
568235,183.62,8
568236,217.77,14
568238,348.99,21
568239,225.76,15
568241,780.56,14
568242,261.65,17
568243,93.87,7
568245,453.99,30
568301,358.90000000000003,49
568310,737.92,37
568311,177.89,28
568312,184.78,9
568313,277.8,9
568314,488.98,42
568315,57.480000000000004,3
568316,265.14,27
568317,305.51,10
568318,300.88,26
568319,4091.46,19
568320,250.38,16
568321,1033.34,40
568322,104.35,7
568323,304.36,13
568324,152.76,11
568325,1069.29,48
568326,307.69,21
568327,487.74,28
568328,624.55,48
568329,316.68,22
568330,74.9,2
568331,115.74,10
568332,461.40000000000003,5
568333,308.69,17
568340,145.67000000000002,7
568342,149.34000000000003,6
568343,418.82,6
568344,204.89999999999998,12
568346,3671.44,335
568350,704.0400000000001,19
568364,245.83,17
568366,164.3,3
568367,600.99,39
568368,133.59,7
568369,249.7,37
568374,31.6,2
568375,15.001,2
568376,1592.1200000000001,20
568378,588.88,15
568379,182.3,8
568380,42.5,1
568381,329.94,26
568382,150.06,7
568383,152.20000000000002,4
568384,0.0,1
568387,422.32,22
568389,164.28,4
568390,132.68,11
568391,1101.2,2
568392,305.87,25
568393,211.62,13
568394,499.62,40
568396,68.0,1
568397,304.90000000000003,18
568398,36.650000000000006,3
568399,341.62,21
568400,547.52,34
568402,180.95,14
568409,111.07,8
568413,248.17000000000002,23
568414,142.38,3
568415,29.700000000000003,1
568417,776.3000000000001,17
568423,573.4,20
568428,233.65,42
568458,261.55,11
568460,90.0,3
568469,204.15,7
568471,512.31,10
568472,417.2,23
568480,396.2,14
568485,566.56,6
568491,369.54,47
568492,173.9,9
568493,254.4,14
568494,100.77,11
568495,304.3,16
568505,626.52,12
568509,504.96,4
568510,1693.7,58
568511,109.2,1
568512,1032.4,5
568513,865.53,23
568515,205.20000000000002,10
568517,383.65999999999997,124
568518,189.2,10
568519,314.36,20
568526,614.64,35
568527,765.0,34
568528,869.87,54
568529,305.54,11
568530,362.8,9
568531,629.2,101
568533,1031.28,10
568535,66.66,4
568536,291.23999999999995,7
568537,1001.4,6
568538,1668.84,9
568539,352.15999999999997,18
568540,12.48,1
568541,321.54,3
568542,93.07000000000001,17
568547,228.31,20
568549,144.35,8
568550,29.3,2
568551,184.20999999999998,15
568552,313.6,5
568553,1066.94,54
568554,290.5,19
568555,134.16000000000003,2
568556,237.93,16
568558,366.1,38
568564,226.5,22
568566,213.35,32
568568,462.45,28
568569,585.0,2
568574,308.4,21
568576,815.04,18
568577,273.1,15
568578,445.69,20
568583,138.03,19
568585,110.12,8
568586,309.48,11
568588,144.2,9
568589,489.70000000000005,27
568590,308.56,25
568591,352.62,22
568592,441.8,18
568593,1261.81,68
568594,315.94,9
568595,20.16,1
568614,367.16,24
568645,644.75,29
568647,168.32,6
568648,415.5,4
568650,1810.51,92
568651,829.99,40
568652,307.32,8
568653,522.48,4
568654,1297.8500000000001,68
568655,292.47,20
568656,141.62,4
568657,253.26,92
568658,312.92,8
568659,474.41,31
568660,282.69,15
568661,311.37,22
568662,192.24,48
568663,373.02000000000004,11
568665,282.09,19
568666,115.2,1
568667,109.96000000000001,32
568668,508.07,75
568669,338.06,15
568670,394.14,38
568671,1873.62,73
568672,158.04,9
568673,1773.65,11
568674,367.37,20
568675,741.9,23
568676,1225.49,44
568680,312.96,17
568685,308.76,11
568686,361.34,53
568687,75.0,2
568688,157.66,10
568690,469.02,41
568692,214.92000000000002,15
568695,75.0,2
568696,638.66,41
568697,2062.06,17
568698,530.77,27
568699,266.25,14
568700,139.07999999999998,7
568701,679.03,39
568702,219.03,32
568703,1313.52,141
568704,308.32,2
568705,310.8,3
568706,329.75,17
568707,50.4,3
568708,521.5,25
568709,219.85999999999999,68
568710,319.08,62
568711,112.32,4
568712,748.1,148
568713,248.61,10
568715,171.06,37
568717,2748.0,2
568718,91.6,1
568726,183.53,19
568727,311.99,13
568728,513.2,6
568729,379.14,18
568780,1046.68,51
568781,2505.84,16
568782,1018.22,46
568783,542.16,8
568784,141.6,2
568785,110.83999999999999,5
568786,303.2,10
568787,305.3,14
568788,123.06,33
568789,70.8,1
568790,424.8,1
568791,518.42,24
568792,957.97,45
568793,271.88,17
568794,372.48,28
568795,159.79,20
568797,2377.0,12
568798,576.65,29
568800,337.70000000000005,15
568801,303.68,14
568802,421.90000000000003,19
568803,365.52000000000004,4
568804,236.39999999999998,2
568805,234.0,13
568819,100.8,2
568828,224.14,23
568829,355.89,20
568831,403.26,40
568833,500.46,50
568868,872.23,48
568869,53.2,4
568870,296.46,5
568872,383.12,13
568873,334.5,12
568874,191.11,13
568875,160.7,18
568876,325.5,10
568877,2163.95,18
568878,411.55,28
568880,100.4,18
568881,128.1,4
568882,278.66,20
568883,376.64,19
568893,99.60000000000001,1
568894,779.36,85
568895,336.82,54
568896,334.94,43
568897,243.56,16
568898,743.53,51
568900,472.04,27
568901,1293.18,57
568902,216.85,17
568904,423.59000000000003,15
568905,70.8,1
568906,60.0,1
568907,525.79,23
568908,1117.86,67
568909,693.34,39
568910,451.44,28
568912,327.72,37
568913,30.0,1
568915,195.04,10
568916,166.07999999999998,9
568917,477.14,32
568918,25.200000000000003,1
568919,398.21,32
568921,146.22,11
568938,325.73,70
568943,506.18,5
568944,244.56,18
568945,338.5,14
568947,319.87,20
568950,505.48,19
568951,418.7,19
568952,810.51,42
568953,219.01999999999998,13
568954,502.44000000000005,8
568955,560.4100000000001,24
568966,45.0,1
568984,306.61,57
568987,824.83,23
568988,238.25,19
568989,311.3,14
568990,316.46,23
568991,626.38,62
568992,278.65,17
568993,173.82,12
568994,361.76,18
568995,891.5500000000001,21
568996,447.3,17
568997,210.18,13
568998,181.25,1
568999,237.04000000000002,12
569000,1045.48,74
569001,283.55,21
569002,30.75,2
569003,134.95999999999998,10
569004,115.72,8
569005,493.76,36
569006,173.89,9
569007,615.39,35
569008,376.02,27
569009,243.2,3
569010,5867.08,27
569011,400.61,13
569012,194.18,12
569013,303.0,3
569014,300.02,20
569015,258.46,16
569016,301.21999999999997,19
569017,281.94,17
569018,151.68,7
569019,402.24,16
569020,1238.54,48
569021,350.3,9
569022,333.96,16
569024,257.98,9
569025,356.75,23
569026,1290.7,76
569027,712.0600000000001,40
569028,272.15999999999997,19
569029,320.0,2
569030,2800.0,9
569033,6.0,1
569035,88.8,4
569036,317.90000000000003,19
569037,499.49,69
569046,1285.98,61
569060,227.41,13
569077,38.08,4
569078,234.73000000000002,8
569079,185.77,12
569080,199.8,5
569081,44.349999999999994,6
569082,313.8,12
569084,2496.0,1
569085,1272.0,1
569086,720.0,1
569087,74.39999999999999,6
569089,576.13,70
569097,1192.5,26
569099,3.25,1
569100,381.87,21
569101,358.0,1
569103,312.2,13
569104,340.98,15
569105,454.33,49
569106,97.35,11
569108,669.6,2
569110,1025.78,46
569111,25.200000000000003,1
569120,327.23,14
569122,430.17,17
569123,1132.55,33
569124,361.21,23
569125,142.7,5
569126,341.36,8
569127,1568.4,12
569129,634.03,101
569130,116.3,4
569132,253.78,52
569133,310.62,21
569134,609.05,33
569136,441.93,77
569139,443.05,23
569140,687.38,45
569141,441.61,16
569142,25.200000000000003,1
569143,357.71,26
569144,139.45,10
569145,8.28,2
569147,808.26,20
569148,618.59,30
569203,262.6,2
569204,213.5,10
569205,658.11,40
569206,173.04,19
569207,166.32999999999998,18
569208,324.45,38
569209,189.9,3
569210,327.62,20
569211,270.8,25
569212,474.87,47
569213,142.51,17
569214,326.8,9
569215,205.28,35
569216,261.12,63
569217,149.0,25
569218,253.6,32
569219,201.99,59
569220,751.74,163
569221,472.31,17
569222,590.49,54
569223,743.79,75
569224,255.13,73
569225,195.31,29
569226,11.8,2
569227,973.95,14
569228,469.89,67
569229,467.95,135
569230,376.97,65
569231,299.53,45
569232,366.78,32
569234,543.75,90
569235,5.76,1
569236,306.73,66
569238,149.55,30
569239,643.26,18
569240,124.08,6
569241,1064.28,46
569242,430.85,19
569243,565.49,35
569244,322.08,16
569246,2900.99,285
569247,1574.52,17
569248,603.4,35
569249,351.17,16
569250,480.2,27
569252,415.2,15
569253,1071.03,62
569254,163.56,36
569255,5164.66,18
569257,2350.98,19
569258,264.9,5
569261,659.61,106
569262,551.58,39
569263,4849.1,13
569302,323.15,51
569319,728.5,33
569322,464.64,15
569323,32.85,2
569324,363.08,14
569325,119.32,16
569326,624.91,23
569327,480.71,30
569328,157.68,7
569329,441.82,27
569330,607.33,21
569331,957.33,53
569332,358.4,77
569333,415.41999999999996,10
569334,1909.36,8
569336,864.19,40
569337,2034.0,6
569338,339.26,11
569339,830.0,1
569340,642.0,1
569342,1441.2,3
569343,7298.76,13
569357,426.63,21
569358,517.53,25
569359,14.850000000000001,1
569360,350.09,57
569361,338.71000000000004,15
569362,1023.96,13
569363,1315.3799999999999,38
569364,242.12,18
569365,1094.71,13
569366,647.52,1
569367,808.11,75
569368,260.1,4
569369,541.03,30
569371,238.28,42
569373,162.64,5
569382,3155.95,1
569383,1395.09,63
569384,207.6,16
569385,1416.0,1
569386,243.6,9
569388,1416.0,1
569389,305.0,3
569396,170.2,11
569397,675.38,15
569398,359.03999999999996,3
569399,520.32,2
569400,231.0,3
569401,949.3000000000001,52
569402,194.20000000000002,10
569403,678.11,36
569404,180.0,8
569405,344.92,15
569406,1983.46,70
569407,1410.26,14
569408,1897.1599999999999,14
569409,304.62,11
569411,566.4,1
569412,447.62,24
569413,27.0,2
569416,324.8,23
569417,593.79,25
569418,284.15999999999997,4
569419,520.54,5
569420,432.0,1
569423,489.41999999999996,24
569424,427.57,61
569457,117.94,30
569459,702.04,18
569460,973.81,38
569461,757.42,47
569462,188.05,13
569467,610.42,43
569468,666.21,37
569469,1007.05,125
569470,306.88,33
569471,244.06,12
569472,583.42,35
569474,198.74,47
569479,971.46,14
569480,23.8,1
569481,890.85,47
569482,452.89,24
569483,390.26,15
569484,45.0,2
569486,316.17,45
569487,373.94,16
569488,433.01,46
569489,196.35,1
569491,528.68,83
569492,3733.0,3
569493,959.7,56
569494,449.12,8
569496,346.68,17
569513,466.3,14
569514,1162.68,36
569515,254.48,6
569518,127.85000000000001,21
569519,120.95,9
569520,304.5,18
569521,580.73,93
569522,310.0,2
569523,368.38,65
569524,683.59,140
569527,122.33,32
569528,825.29,74
569529,15.7,2
569530,111.68,31
569531,163.1,5
569532,425.52,15
569533,316.73,84
569535,444.71,35
569536,476.52,20
569537,97.7,7
569538,301.87,19
569539,557.76,1
569546,135.31,52
569550,8.5,1
569555,1943.1299999999999,113
569556,1105.16,62
569557,33.0,1
569558,622.84,18
569559,171.59999999999997,2
569560,318.44,16
569561,122.05,6
569562,485.78,30
569563,1307.76,48
569564,369.40999999999997,18
569565,314.5,25
569566,609.78,10
569567,105.30000000000001,6
569568,1476.19,89
569569,233.5,3
569570,13760.02,25
569571,2487.4,13
569572,1800.0,10
569573,3855.84,33
569574,406.53,16
569575,108.38,6
569576,434.65000000000003,7
569577,245.8,13
569579,409.08,12
569580,185.87,15
569581,80.30000000000001,4
569583,2.95,1
569590,302.91,19
569629,641.57,34
569630,498.36,21
569631,140.34,10
569632,639.3000000000001,18
569633,202.9,11
569634,9.95,1
569635,287.94,29
569637,453.06,29
569638,601.04,28
569639,240.0,1
569640,2145.38,27
569641,196.65,16
569643,343.66,23
569647,828.0,1
569648,374.5,3
569649,612.0,4
569650,15643.77,81
569651,745.37,68
569652,416.46000000000004,22
569653,2539.56,100
569654,316.76,3
569656,99.60000000000001,1
569658,228.96,1
569659,363.18,19
569660,65.4,2
569661,139.3,8
569662,333.63,19
569664,135.79999999999998,10
569665,91.85,4
569666,150.45,8
569667,338.19,23
569668,437.37,19
569669,420.51,115
569670,435.41,128
569671,518.8,26
569672,354.13,64
569673,354.15,28
569674,30.599999999999998,1
569675,561.73,31
569677,269.63,19
569678,9.01,4
569679,223.49999999999997,5
569680,332.3,24
569683,251.69,25
569684,90.6,5
569685,369.34000000000003,22
569686,283.6,18
569687,596.22,33
569688,59.52,16
569689,82.80000000000001,1
569690,141.35,9
569691,480.43,26
569692,732.32,26
569693,250.95,37
569694,562.47,23
569695,993.88,45
569696,15.8,1
569697,133.06,7
569698,92.46,6
569699,265.51,35
569701,33.9,1
569702,377.64,39
569705,268.44,15
569706,356.6,2
569714,97.97,34
569715,503.64,20
569716,223.22,14
569717,312.98,9
569718,391.98,24
569719,788.16,7
569720,23.39,15
569721,333.64,17
569722,588.96,27
569723,89.80000000000001,5
569724,491.4,4
569725,141.6,1
569726,465.55,22
569727,150.25,7
569728,839.99,41
569729,435.46999999999997,21
569730,332.22,3
569731,308.44,13
569732,282.45,17
569734,281.75,16
569735,30.0,1
569736,508.58000000000004,24
569737,355.9,22
569738,216.81,12
569739,421.3,24
569740,2924.0,15
569741,610.91,26
569742,33.0,1
569766,393.57,20
569767,391.78000000000003,23
569768,659.08,16
569769,100.8,3
569780,370.9,8
569781,159.24,2
569789,252.54,24
569790,188.41,35
569799,428.89,23
569803,902.0699999999999,26
569815,10992.96,21
569822,79.8,2
569823,219.14,69
569824,279.36,29
569825,270.25,17
569826,385.43,20
569827,340.9,20
569828,167.46,18
569832,336.96,21
569833,517.28,28
569834,675.72,27
569835,317.69,24
569836,566.4,10
569837,15.03,5
569838,295.93,22
569839,2327.0,6
569840,433.2,6
569841,124.3,6
569842,697.46,18
569843,313.4,104
569844,1377.55,62
569845,187.35,10
569846,2626.3,127
569847,327.45,19
569848,726.1,36
569849,393.74,23
569850,287.4,8
569852,850.4,32
569853,319.2,17
569856,108.35,5
569857,1658.16,5
569858,887.52,5
569859,116.32,11
569860,139.88,8
569861,371.69,17
569862,174.37,16
569864,303.5,7
569865,54.6,7
569866,1578.8700000000001,182
569867,320.4,13
569868,412.17,30
569870,151.9,41
569871,330.15,11
569872,33.0,1
569873,33.0,1
569887,192.76,12
569888,502.90000000000003,7
569889,323.04,4
569890,326.81,11
569892,145.35,7
569893,1183.72,60
569894,188.22,45
569897,1044.09,239
569899,225.24,14
569900,915.49,58
569901,176.97,29
569903,341.21,21
569904,353.5,20
569905,70.15,4
569906,1.9,1
569907,77.4,3
569910,1077.75,44
569912,95.54,6
569914,373.88,6
569915,5.9,1
569917,341.99999999999994,9
569918,315.06,11
569919,496.44,28
569920,233.76,14
569921,157.0,8
569923,172.99,8
569932,171.8,11
569936,306.71999999999997,8
569943,263.96,75
569948,158.1,8
569962,460.4,11
569965,397.63,18
569968,224.76,41
569977,130.22,8
569983,381.07,58
569997,891.4,6
569998,422.8,22
569999,146.87,11
570000,600.39,29
570001,321.74,16
570002,1059.24,24
570003,6.2,2
570007,340.84,18
570008,439.56,23
570009,638.21,33
570010,230.46,14
570011,495.2,25
570014,104.6,6
570016,904.14,51
570017,102.0,1
570018,537.0,3
570019,247.12,47
570020,247.76,11
570021,8.1,3
570022,150.03,27
570023,122.7,7
570024,285.19,16
570026,277.48,10
570027,932.13,43
570028,528.6,3
570030,427.6,27
570036,459.79,30
570049,432.26,41
570076,306.52,12
570082,1055.44,24
570086,412.47,21
570088,237.86,61
570089,352.71999999999997,4
570090,256.38,10
570091,627.12,39
570092,1728.0,6
570093,148.66,50
570094,4186.08,4
570095,274.51,15
570096,291.26,28
570097,7630.5599999999995,8
570098,207.68,7
570100,110.4,4
570101,264.62,12
570102,517.8,28
570103,360.11,66
570108,467.2,32
570111,160.9,34
570113,2198.13,33
570114,712.4,8
570115,1482.2,15
570116,393.74,80
570117,225.9,9
570118,453.55,23
570119,5.9,1
570121,221.06,16
570123,89.85000000000001,7
570124,99.0,1
570125,313.56,21
570126,135.82,35
570127,752.6800000000001,69
570128,910.0,6
570129,519.47,31
570130,10.4,1
570144,16.5,1
570167,824.41,39
570168,612.01,53
570177,654.69,40
570178,228.46,15
570179,914.64,54
570180,898.14,53
570181,29.700000000000003,1
570183,172.3,10
570184,302.46,9
570186,639.69,39
570188,1714.96,15
570189,136.82,11
570190,454.76,23
570191,171.93,11
570192,898.14,53
570195,151.24,6
570196,183.48000000000002,6
570197,495.66,114
570200,206.24,31
570201,2.08,1
570206,149.1,3
570208,302.36,29
570209,380.53000000000003,41
570210,292.32,87
570211,121.26,32
570212,121.02000000000001,17
570213,152.94,7
570214,224.53,36
570215,364.59,37
570216,141.75,10
570217,158.82,26
570218,1397.32,50
570219,149.68,21
570220,69.65,3
570222,475.65999999999997,8
570223,492.05,84
570224,192.25,28
570225,360.16,85
570226,4.35,1
570227,557.62,8
570228,254.18,34
570229,168.12,56
570230,167.67000000000002,39
570231,241.74,55
570232,725.5600000000001,53
570233,82.5,7
570234,328.53000000000003,36
570235,117.88,29
570237,216.22,46
570238,129.93,20
570239,293.62,29
570240,75.25,10
570241,193.14,59
570242,1780.59,32
570243,480.78000000000003,12
570244,652.24,34
570245,281.11,17
570246,169.79,60
570247,499.32,19
570248,283.2,1
570249,898.14,53
570250,104.82,6
570251,196.8,4
570252,559.52,25
570253,1974.0,2
570254,215.83,11
570255,690.11,26
570256,306.09000000000003,18
570257,380.31,11
570265,82.80000000000001,1
570266,292.2,4
570267,113.4,8
570268,1978.22,21
570269,107.11,8
570270,111.9,3
570271,292.99,12
570272,477.5,24
570273,1256.67,52
570275,2482.44,29
570280,547.2,3
570281,676.3199999999999,3
570282,181.38,9
570284,126.39,23
570285,332.38,20
570287,688.97,42
570288,156.56,34
570289,168.3,11
570292,370.68,16
570293,331.96,24
570332,202.65,9
570333,206.82999999999998,56
570337,183.75,11
570338,358.0,1
570342,1322.82,45
570348,384.06,22
570353,113.91,4
570356,320.4,8
570374,317.22,56
570380,111.55,31
570388,1209.88,78
570404,214.69,56
570405,165.72,12
570407,72.0,1
570408,1334.16,8
570409,313.18,16
570410,388.28,76
570411,225.18,7
570412,281.04,20
570413,421.05,18
570414,205.0,18
570415,120.3,7
570416,660.64,38
570418,511.34000000000003,29
570419,24.96,2
570420,285.65,73
570421,200.14,11
570422,419.53999999999996,17
570423,302.59,57
570424,156.61,30
570425,300.76,21
570426,397.97999999999996,24
570427,212.28,13
570428,437.23,56
570429,801.08,4
570430,181.09,12
570441,102.0,1
570442,318.04,83
570443,1263.97,20
570444,158.44,27
570445,12.12,6
570446,332.68,17
570448,943.69,66
570449,291.40000000000003,9
570452,282.58,15
570455,261.62,99
570457,20.6,4
570458,1210.28,138
570459,869.98,50
570461,141.6,1
570466,434.55,83
570467,1579.51,101
570479,561.1,72
570481,16.5,1
570482,300.39,76
570485,17.4,1
570488,3380.86,353
570489,23.4,1
570491,310.54,32
570492,530.35,30
570493,70.8,1
570494,757.8,12
570495,102.96,4
570496,459.06,12
570498,406.74,22
570499,892.47,55
570500,277.71999999999997,24
570501,650.6,31
570502,83.75,5
570503,48.46,12
570504,125.85000000000001,5
570505,379.79,15
570506,68.16,5
570507,264.96,16
570509,416.69,23
570510,33.0,1
570511,186.8,6
570512,424.79999999999995,6
570513,950.44,17
570514,1018.51,37
570516,233.1,20
570517,371.66,22
570521,1527.96,62
570522,2076.0,7
570554,0.38,1
570555,547.25,31
570557,7810.5599999999995,8
570590,300.02000000000004,15
570591,302.65000000000003,14
570593,326.66,24
570594,516.24,33
570597,737.7,42
570598,2016.31,90
570600,304.26,12
570601,81.44,4
570602,199.47000000000003,7
570632,160.4,9
570634,148.45000000000002,12
570637,440.63,20
570638,250.9,22
570640,522.36,30
570642,73.66,7
570646,397.12,25
570648,221.69,8
570649,308.86,17
570650,277.75,57
570651,321.35,5
570652,1032.7,41
570653,172.91,29
570656,996.84,22
570657,485.8,20
570659,219.6,3
570660,3930.94,21
570661,210.14,10
570662,75.60000000000001,1
570663,304.29,7
570664,139.63,25
570665,17.1,4
570666,171.66,12
570667,355.8,15
570668,163.15,17
570669,454.33,18
570670,210.25,12
570671,73.2,3
570672,4279.71,259
570673,103.4,5
570674,768.64,60
570675,172.25,9
570676,306.07,14
570677,500.33000000000004,50
570678,300.95,3
570679,376.9,19
570680,899.0699999999999,68
570681,6.0,1
570682,303.37,16
570685,382.35,36
570693,399.25,58
570694,214.3,7
570695,168.07999999999998,13
570696,113.82,10
570697,140.37,9
570698,237.0,9
570699,211.0,12
570700,419.85,12
570701,2159.3,37
570702,88.80000000000001,1
570703,803.24,49
570705,6.4799999999999995,1
570706,25.5,1
570707,146.0,3
570713,398.05,19
570714,676.37,21
570715,1001.3199999999999,38
570716,24.900000000000002,1
570717,357.0,9
570718,381.06,25
570719,193.54999999999998,28
570720,638.45,19
570721,581.6899999999999,33
570722,96.12,2
570723,120.0,1
570724,153.12,12
570725,4.5,1
570726,168.55,10
570731,15.0,1
570733,249.74,18
570754,215.23000000000002,15
570769,334.8,3
570776,626.92,29
570784,103.5,5
570790,147.41,10
570791,245.19,38
570792,533.12,17
570793,879.01,17
570794,158.4,4
570795,149.52,4
570796,110.03,41
570797,1229.42,29
570798,112.32000000000001,2
570799,214.6,11
570806,901.07,42
570807,397.29,22
570818,568.66,133
570821,324.96000000000004,9
570823,303.1,9
570824,307.06,12
570825,323.74,7
570826,223.92000000000002,34
570827,350.65,45
570829,336.4,21
570830,648.27,35
570832,90.15,3
570833,343.94,14
570834,118.22,7
570836,449.15,23
570839,749.67,39
570840,100.58,7
570841,477.55,23
570842,309.24,21
570843,236.31,17
570844,102.0,1
570846,12.969999999999999,5
570847,87.39,6
570848,102.0,1
570849,204.0,2
570851,314.20000000000005,6
570852,333.6,12
570855,670.63,48
570856,674.68,41
570857,167.47,18
570859,110.38,8
570861,310.44,20
570862,467.36,28
570863,416.6,14
570864,294.22,12
570865,46.8,4
570866,263.61,9
570875,620.13,33
570876,120.33,21
570877,249.60000000000002,6
570878,82.5,2
570879,331.72,12
570880,359.6,20
570881,247.25,13
570882,127.33999999999999,7
570883,464.07,26
570884,273.78,18
570885,355.78000000000003,18
570886,3953.35,22
570887,527.1,36
570888,898.14,53
570896,102.95,5
570906,355.56,10
570910,442.64,18
570919,318.06,14
570961,300.48,3
570964,1319.01,61
570973,149.7,5
570983,314.15,31
570984,187.82999999999998,9
571006,387.7,23
571007,166.6,10
571008,35.400000000000006,1
571017,411.78000000000003,13
571028,113.62,41
571030,1491.59,51
571031,166.48,31
571032,111.29,32
571033,1259.46,36
571034,2876.85,105
571035,1002.3100000000001,58
571036,988.03,34
571038,192.35,32
571039,579.22,138
571040,422.98,36
571041,131.48,15
571043,10.2,1
571044,357.93,12
571046,474.05,112
571047,388.72,20
571048,43.800000000000004,4
571049,341.78,21
571050,15.600000000000001,1
571053,640.5,31
571054,369.78,131
571055,279.94,11
571056,434.40999999999997,29
571057,27.0,1
571058,1090.14,23
571060,2.49,1
571062,171.59,26
571063,300.85,6
571064,84.39999999999999,21
571065,1881.8600000000001,79
571067,243.84,16
571069,188.94,20
571080,250.49,14
571081,208.43,27
571090,79.5,5
571098,437.43,55
571099,143.28,4
571100,106.92,4
571101,709.63,27
571102,31.8,1
571103,319.51,20
571104,313.86,21
571105,390.07,100
571106,209.4,16
571107,216.17,11
571108,126.2,5
571109,6.5,1
571111,15.0,1
571117,429.42,30
571118,66.3,4
571120,400.15,15
571121,359.51,10
571122,38.400000000000006,2
571123,1003.27,50
571125,313.48,12
571129,406.84,19
571142,729.6,20
571158,115.27,24
571169,119.9,6
571178,161.0,14
571179,40.0,1
571180,1135.8899999999999,34
571181,70.8,1
571182,15.6,1
571183,600.11,87
571184,826.83,24
571185,550.58,31
571187,450.86,23
571188,642.01,34
571189,556.7,39
571190,130.01,32
571191,15.0,1
571192,308.6,18
571193,394.16,14
571197,262.2,31
571199,108.0,1
571200,294.78,12
571201,649.92,20
571202,212.4,1
571203,1157.08,25
571204,59.699999999999996,1
571205,678.17,40
571212,603.4399999999999,76
571213,306.03,19
571214,879.8,54
571215,653.5,20
571216,214.98,57
571217,470.55,27
571218,18.72,2
571219,781.14,50
571221,333.89,35
571223,599.5,1
571224,459.53,25
571225,179.85999999999999,7
571226,81.57,4
571227,1288.78,32
571228,106.20000000000002,3
571229,189.85999999999999,39
571230,301.53999999999996,17
571231,992.0,26
571232,20.8,1
571234,47.04,2
571235,423.42,16
571236,30.599999999999998,1
571237,25.200000000000003,1
571238,250.52,12
571239,999.26,32
571240,513.6,28
571241,145.21,50
571242,1835.6,17
571243,1091.29,68
571244,231.17,31
571245,350.21999999999997,6
571246,142.04,11
571247,878.46,37
571248,55.85,3
571250,91.8,1
571255,3528.34,15
571258,130.25,14
571259,306.0,1
571260,127.19999999999999,8
571261,306.0,1
571263,214.41,15
571265,197.41,63
571266,437.86,31
571267,146.7,8
571268,269.96000000000004,17
571269,214.95,17
571270,552.27,80
571271,146.02,30
571272,1281.53,36
571273,476.90999999999997,26
571274,809.98,52
571275,427.07,35
571276,360.41,50
571277,140.95,10
571278,114.88,8
571279,359.42,33
571280,442.88,65
571281,8132.31,96
571282,157.39000000000001,50
571283,610.89,79
571284,405.02,47
571286,490.2,79
571288,362.06,34
571289,2242.69,75
571290,739.37,26
571291,237.43,37
571292,273.99,41
571293,189.65,19
571294,369.27,35
571295,303.43,13
571296,151.70000000000002,29
571297,12.75,1
571298,2327.0,6
571299,358.0,2
571300,214.45,12
571301,303.3,4
571302,482.4,2
571303,361.99,23
571304,519.28,29
571306,720.56,17
571307,428.68,28
571308,723.38,36
571309,5.930000000000001,13
571310,371.73,25
571311,151.5,2
571312,572.23,36
571313,728.24,5
571314,894.64,9
571315,119.62,5
571317,358.68,43
571318,5296.96,30
571322,451.6,19
571323,383.55,18
571324,283.02,1
571326,339.02,1
571328,1697.98,99
571352,165.04999999999998,7
571360,1077.74,19
571372,342.63,40
571377,292.0,15
571404,546.81,30
571405,45.0,2
571406,357.68,22
571407,330.63,5
571408,231.98,74
571409,964.22,55
571410,151.15,8
571411,469.55,27
571412,160.42,10
571413,351.13,20
571418,151.83,35
571425,690.34,39
571426,188.55,13
571427,384.08,13
571428,223.36,9
571429,173.97,36
571430,331.9,5
571431,791.0,2
571432,417.59999999999997,1
571433,1583.24,88
571434,110.53,12
571435,546.23,24
571436,127.5,5
571437,14.56,3
571438,893.59,42
571439,204.24,7
571441,4050.61,364
571442,1283.96,89
571443,131.94,13
571444,469.43,26
571445,358.99,22
571446,1761.24,16
571447,118.44,1
571456,493.05,53
571457,105.22,7
571461,161.94,53
571462,109.36000000000001,5
571463,491.28,22
571464,144.65,11
571465,197.13,40
571474,303.36,11
571475,344.38,89
571476,230.12,33
571477,543.41,25
571486,365.51,27
571496,305.36,16
571497,540.4,17
571498,413.99,85
571502,1232.95,65
571504,301.08000000000004,6
571505,954.9,31
571506,126.25,8
571509,204.7,23
571510,131.18,6
571511,240.68,14
571544,225.6,55
571546,251.88,10
571547,348.91,4
571548,880.58,29
571549,369.74,16
571550,176.04,2
571551,223.36,15
571552,281.42,14
571553,534.24,1
571555,183.9,10
571556,521.62,31
571557,352.7,12
571558,346.08,11
571559,808.1500000000001,28
571560,400.91999999999996,20
571561,917.34,20
571562,704.02,23
571563,359.3,20
571564,417.29,24
571565,163.1,9
571566,396.97,26
571594,708.0,1
571595,701.0,5
571601,325.53,28
571610,500.0,1
571622,76.34,4
571628,131.4,9
571629,756.11,39
571636,176.6,8
571638,208.75,10
571640,1283.27,21
571641,205.06,14
571642,17.65,4
571653,5355.68,202
571654,137.53,45
571655,283.33,10
571656,354.36,35
571657,205.57,15
571658,630.55,22
571660,539.18,38
571662,125.79,6
571663,298.0,2
571664,302.40000000000003,2
571665,1019.47,41
571666,722.76,8
571667,351.83,52
571668,376.78000000000003,17
571669,650.76,61
571670,1193.32,65
571671,1181.52,119
571672,322.1,14
571673,199.95999999999998,11
571675,305.76,9
571676,268.77,91
571677,125.65,8
571679,178.97,48
571681,344.35,20
571682,551.6800000000001,125
571683,301.4,12
571684,262.17,45
571685,521.2,5
571690,329.97,21
571691,184.64000000000001,11
571692,27.29,2
571693,330.24,16
571694,284.68,11
571696,216.39,17
571697,448.92,29
571698,424.36,7
571701,948.16,55
571702,47.1,2
571705,1043.78,54
571706,206.6,8
571708,269.76,12
571709,308.74,19
571710,513.88,27
571712,611.98,66
571715,317.0,43
571717,202.68,56
571724,532.74,36
571725,127.37,8
571726,927.4,27
571728,307.78,16
571729,617.04,5
571730,111.09,7
571732,239.24,13
571733,312.89,14
571734,124.88,9
571735,785.0699999999999,14
571736,28.2,2
571737,764.74,35
571738,311.76,2
571739,3.0,1
571740,337.04,15
571741,112.46000000000001,6
571742,47.62,3
571743,110.8,30
571744,169.2,2
571745,1588.75,58
571746,768.85,44
571747,944.37,63
571748,212.72,18
571749,65.8,2
571751,6068.0599999999995,2
571779,318.3,37
571793,204.07000000000002,7
571809,127.4,21
571824,1376.43,80
571828,1103.36,75
571829,1177.64,23
571830,50.400000000000006,1
571831,343.94,13
571836,38.45,5
571837,223.26,75
571839,241.29,8
571840,552.4,21
571841,384.42,59
571842,684.1999999999999,4
571843,449.28,3
571844,669.1500000000001,15
571845,304.72,42
571846,535.75,94
571847,494.91,29
571848,283.89,19
571849,191.12,10
571850,498.04,59
571851,348.32,12
571852,109.92,6
571853,390.38,7
571857,447.61,23
571863,19.9,1
571864,2503.74,16
571883,615.07,158
571890,341.7,22
571892,431.20000000000005,15
571895,298.4,13
571898,85.8,6
571899,127.1,31
571900,15.0,1
571901,149.75,2
571903,155.15,9
571904,89.4,6
571905,739.28,28
571906,14.850000000000001,1
571908,415.82000000000005,8
571909,502.09,144
571911,103.80000000000001,5
571912,581.41,25
571913,1258.37,70
571914,330.24,16
571916,15.600000000000001,1
571917,318.8,6
571918,156.24,24
571920,157.7,13
571923,289.22,19
571926,450.37,17
571933,76.32000000000001,1
571934,324.39,23
571935,103.85,5
571936,599.4200000000001,24
571937,2856.14,84
571938,170.39999999999998,6
571939,1035.45,18
571940,603.76,38
571941,219.7,7
571942,327.93,21
571943,443.6,16
571944,297.85,21
571945,1393.06,16
571965,286.28,51
571987,314.49,19
572021,386.43,17
572023,556.85,56
572024,376.90000000000003,16
572025,333.01,22
572026,430.5,16
572028,1073.37,52
572030,749.1,44
572031,294.72,3
572032,55.42,4
572033,247.94,15
572034,23.5,2
572035,20277.92,125
572036,62.400000000000006,2
572037,877.71,76
572045,181.95000000000002,26
572047,339.1,54
572048,441.2,4
572049,414.21000000000004,20
572050,224.37,30
572051,4311.48,20
572052,1244.1599999999999,1
572053,83.2,4
572054,291.96000000000004,11
572055,252.14,40
572056,35.0,1
572057,74.53,6
572058,456.77,95
572060,85.67999999999999,5
572061,740.41,45
572062,331.95,15
572063,112.24,32
572064,39.9,1
572065,290.81,54
572066,3091.98,100
572067,139.8,7
572068,303.7,21
572069,765.21,43
572070,111.96,2
572071,56.160000000000004,1
572073,178.32,39
572074,399.4,52
572075,214.32,11
572076,578.9399999999999,38
572077,251.8,7
572078,16.5,1
572079,321.92,14
572080,25.200000000000003,1
572081,203.96,13
572082,2000.33,69
572085,41.6,1
572086,311.16,17
572087,1056.9,39
572088,157.05,29
572089,84.36000000000001,4
572090,262.63,23
572091,650.67,10
572092,259.35,40
572093,162.57,10
572094,207.32,9
572095,119.25,27
572096,244.55,49
572098,526.3,33
572100,143.39999999999998,2
572101,302.58,8
572103,937.31,223
572104,234.25,8
572105,306.0,1
572106,200.83,14
572107,137.37,10
572108,521.53,14
572121,788.11,48
572122,222.4,6
572123,2314.48,16
572124,773.94,9
572125,284.98,10
572126,167.62,10
572127,906.09,44
572128,526.0,13
572129,547.34,23
572130,107.46000000000001,11
572131,206.66,13
572132,114.86,9
572133,300.76,13
572134,1096.65,11
572139,54.6,2
572182,425.38,31
572183,800.69,33
572184,427.7,5
572186,1414.99,49
572188,463.8,6
572189,240.55,3
572191,112.18,7
572192,312.79,73
572193,3648.6,11
572194,155.37,61
572195,211.78,13
572196,7398.54,16
572197,89.28,2
572203,307.32,23
572209,22206.0,7
572210,124.80000000000001,6
572211,196.68,12
572212,1014.64,22
572213,402.58,26
572214,37.800000000000004,2
572215,731.6899999999999,24
572216,300.77,81
572217,97.25,16
572218,401.55,23
572219,452.46,76
572220,155.11,15
572221,229.41,12
572222,192.0,1
572224,1256.69,44
572225,868.02,44
572227,768.1899999999999,75
572229,1161.3600000000001,49
572230,154.88,9
572231,413.59000000000003,28
572232,303.58000000000004,12
572233,930.12,8
572234,65.75,3
572235,82.5,3
572236,81.02,13
572237,310.21999999999997,18
572238,319.98,22
572240,1097.24,42
572241,250.40000000000003,10
572242,657.23,33
572243,224.28,12
572244,503.62,15
572272,132.54,13
572274,660.5,23
572277,191.6,11
572278,211.1,17
572279,176.7,19
572280,216.75,62
572281,419.33,29
572282,147.86,31
572283,490.52,77
572284,280.2,50
572285,119.73,20
572286,196.93,19
572287,288.37,39
572288,204.07,21
572289,111.5,21
572290,391.86,35
572291,300.28,50
572292,211.88,32
572293,50.0,1
572294,941.67,83
572295,583.12,129
572296,180.17000000000002,40
572297,161.81,8
572298,167.95,12
572300,139.97,23
572301,111.81,34
572302,371.03,85
572303,314.6,18
572304,445.92,23
572305,46.75,9
572306,511.05,105
572307,1205.81,61
572308,54.51,21
572309,718.78,150
572310,20.08,5
572311,290.44,28
572312,353.23,51
572313,129.0,15
572314,248.61,30
572315,130.55,11
572316,110.21000000000001,24
572317,604.83,84
572318,370.27,107
572319,118.31,34
572320,178.22,5
572321,388.58,24
572322,143.8,8
572323,564.4,29
572324,2949.2799999999997,9
572325,1044.0,1
572326,2199.12,18
572327,255.89999999999998,12
572328,180.0,3
572329,621.0799999999999,24
572330,244.45,73
572331,731.5,39
572332,72.0,1
572333,219.33,15
572335,399.5,20
572336,616.8,23
572337,1434.0,11
572338,300.40000000000003,6
572339,765.12,7
572340,967.6800000000001,5
572342,1048.0,4
572344,1116.0,7
572348,360.0,7
572350,47.4,13
572351,6.36,1
572352,130.65,7
572353,381.0,16
572354,53.9,3
572380,416.7,29
572392,278.3,6
572399,321.5,16
572423,464.9,1
572442,401.3,24
572443,891.0,3
572447,402.75,24
572451,792.76,31
572452,354.97999999999996,19
572453,180.32999999999998,9
572454,156.1,10
572457,722.4000000000001,24
572458,498.74,26
572459,646.02,16
572460,430.8,18
572461,160.57,32
572462,422.58,6
572464,111.9,23
572465,547.66,29
572466,112.52,5
572472,415.82,26
572474,248.99,15
572475,364.14,89
572483,113.27,14
572484,283.76,41
572487,56.75,5
572490,180.27,26
572499,1687.46,97
572504,83.9,4
572509,406.54,18
572511,454.2,20
572512,262.7,8
572513,504.67,126
572517,313.4,65
572518,237.60000000000002,1
572519,216.29,8
572520,666.84,29
572521,130.73999999999998,11
572528,492.84,72
572541,138.01,16
572542,698.39,34
572544,219.12,36
572545,1896.7200000000003,4
572552,3472.42,352
572555,38.160000000000004,1
572558,642.77,47
572559,448.88,23
572560,648.28,11
572561,456.84000000000003,25
572562,443.23,27
572563,334.0,19
572565,573.45,21
572566,306.17,22
572567,1635.6599999999999,85
572568,733.94,15
572569,200.55,31
572612,231.4,11
572613,393.54,20
572616,80.46,3
572617,604.25,29
572650,305.06,39
572651,734.85,37
572652,1062.43,66
572653,563.74,105
572654,45.480000000000004,2
572655,656.63,27
572656,432.0,1
572657,381.1,12
572658,307.19,19
572660,232.71,21
572661,760.74,13
572662,622.6899999999999,76
572663,60.44,14
572664,306.3,13
572666,166.92000000000002,9
572667,280.04,18
572668,189.4,47
572669,479.4,130
572670,594.36,2
572671,909.26,12
572672,597.6800000000001,10
572673,293.77,19
572674,129.77,12
572675,110.82,29
572676,1462.45,46
572677,182.02,44
572678,121.18,11
572679,39.599999999999994,1
572681,551.89,33
572682,134.28,6
572683,401.40000000000003,7
572688,355.94,24
572695,435.09,24
572696,3640.0,4
572703,643.55,154
572718,184.87,12
572719,855.17,44
572720,158.99,14
572721,479.03,31
572726,664.85,68
572732,964.99,53
572733,480.8,5
572734,1632.63,15
572735,789.49,39
572737,298.26,13
572738,82.56,6
572741,797.2,48
572742,245.56,15
572743,613.98,41
572744,260.79,23
572745,29.75,1
572746,203.44,50
572751,391.0,27
572752,206.62,13
572753,292.25,22
572755,320.12,57
572756,360.0,7
572760,142.68,5
572762,324.02,20
572763,229.64000000000001,15
572764,303.85,8
572765,2251.2,3
572766,1603.06,11
572767,702.86,22
572768,177.64000000000001,3
572769,959.7,11
572770,360.0,1
572771,262.57,15
572772,1820.89,16
572773,78.72,4
572774,3.25,1
572775,344.22,19
572792,8.67,1
572810,446.73,27
572811,326.24,21
572812,146.65,9
572830,166.67,26
572832,1.0,1
572833,30.82,8
572834,64.32,13
572835,615.4,6
572836,194.21,16
572837,409.78,26
572838,72.13,7
572843,930.98,33
572845,864.0,1
572846,340.79,26
572847,115.15,29
572848,226.83,15
572851,476.1,2
572852,65.52000000000001,3
572853,522.91,29
572854,367.74,14
572856,106.14,15
572857,128.88,1
572858,136.63,31
572859,306.90999999999997,51
572860,308.6,20
572861,421.09999999999997,36
572862,114.74,31
572863,219.66,16
572865,185.11,44
572866,184.01,32
572867,221.97,50
572868,124.34,12
572869,1718.4,1
572870,309.76,5
572871,327.98,7
572872,267.13,36
572873,343.76,22
572874,397.02,9
572875,20.04,1
572876,109.17000000000002,6
572877,244.38,3
572878,431.6,3
572879,118.44,1
572880,210.35,54
572881,907.0,7
572882,492.5,34
572884,309.90000000000003,17
572885,423.81,32
572886,449.45,22
572887,786.95,33
572888,605.52,3
572889,185.35,29
572892,326.03999999999996,5
572893,95.78,8
572894,52.0,3
572895,67.74,4
572896,915.64,39
572899,558.6,14
572900,124.2,3
572901,132.67,19
572902,679.56,5
572903,135.55,34
572904,311.06,7
572905,154.99,21
572906,150.8,6
572907,217.75,15
572908,278.58,15
572909,316.78,28
572910,390.74,29
572911,575.41,38
572912,129.61,18
572913,863.89,178
572914,127.68,5
572918,237.12,29
572921,421.59,61
572922,98.0,16
572923,644.24,40
572924,437.5,8
572925,228.22,14
572926,306.45,11
572928,118.2,6
572929,13.2,2
572930,371.87,12
572931,109.25,5
572932,389.45000000000005,21
572933,495.86,26
572934,160.0,1
572935,467.5,26
572946,500.21000000000004,27
572960,220.48999999999998,11
572964,701.79,35
572969,603.82,39
572986,490.19,23
572990,335.86,14
572992,121.92,2
572994,239.41,15
572997,379.45,26
572998,53.64,1
572999,95.23,4
573000,389.64,5
573001,122.62,18
573002,4534.22,25
573003,4992.0,1
573004,469.0,2
573005,180.0,1
573006,265.84,6
573007,388.76,20
573008,1146.96,12
573019,312.34,18
573020,923.17,55
573022,245.3,11
573023,490.55,22
573026,356.91,35
573027,533.1800000000001,14
573028,193.44,12
573029,616.36,105
573032,130.67000000000002,17
573033,217.27,16
573035,1498.66,58
573036,263.46,11
573038,344.14,89
573066,236.09,32
573068,122.68,24
573069,158.15,10
573070,135.3,37
573074,595.08,31
573075,179.14,32
573076,878.98,54
573077,4161.06,1
573078,387.8,23
573080,4161.06,1
573082,281.1,4
573083,991.56,69
573085,709.79,19
573093,114.65,40
573094,282.63,53
573095,161.46,7
573096,813.15,34
573100,389.96,23
573102,382.34000000000003,20
573103,108.45000000000002,2
573104,353.39000000000004,13
573106,216.96,13
573108,256.4,11
573109,729.46,18
573110,532.4200000000001,4
573111,128.88,1
573112,344.83,16
573113,99.44,6
573116,409.44,26
573117,647.77,33
573119,377.76,9
573121,20.8,1
573122,225.77,41
573123,893.46,53
573124,99.60000000000001,4
573125,151.2,9
573126,335.55,15
573128,290.1,5
573129,118.80000000000001,1
573130,1204.36,63
573131,381.95,15
573132,393.6,7
573133,300.15999999999997,9
573134,74.65,4
573135,283.87,16
573136,268.68,10
573138,695.03,53
573139,141.12,32
573140,416.46000000000004,15
573141,183.7,10
573142,439.05999999999995,13
573143,951.48,26
573144,51.78,14
573145,460.27,22
573146,401.1,4
573149,148.72,28
573150,142.44,32
573151,1090.93,137
573152,227.08,24
573153,8895.76,61
573155,854.53,44
573156,756.72,6
573157,212.0,2
573158,229.99,10
573159,290.65999999999997,19
573160,302.09000000000003,19
573161,39.95,1
573162,244.5,2
573163,377.65,13
573164,373.65,7
573165,245.35999999999999,14
573166,706.36,23
573167,70.67999999999999,3
573168,320.41999999999996,4
573171,169.48000000000002,12
573173,499.15999999999997,27
573175,219.39000000000001,11
573178,307.58,15
573179,1826.8799999999999,11
573182,474.74,24
573183,307.71,28
573184,520.44,14
573185,417.36,10
573195,978.0600000000001,30
573196,18.75,1
573200,64.6,2
573230,85.92,1
573231,60.0,1
573245,403.25,62
573248,675.53,74
573261,1434.24,1
573262,128.37,7
573263,3304.03,22
573264,610.36,70
573265,304.49,17
573266,1510.3600000000001,28
573269,249.78,62
573270,296.07,18
573272,366.12,6
573273,52.199999999999996,1
573275,284.09000000000003,19
573276,544.1,20
573277,112.47,22
573278,449.3,8
573279,496.8,3
573280,343.90999999999997,22
573281,105.0,6
573282,121.1,4
573284,120.38,8
573285,118.9,5
573287,827.07,49
573288,315.78,10
573289,968.45,42
573291,522.99,31
573292,361.0,11
573294,134.28,3
573295,181.7,4
573300,508.77,157
573305,499.83,38
573309,40.8,1
573311,265.71,85
573314,381.65,29
573315,338.8,56
573316,42.5,1
573319,300.41,14
573320,2520.28,38
573322,179.0,1
573323,663.8100000000001,53
573324,192.01999999999998,9
573325,313.79999999999995,2
573326,463.82,25
573327,12.48,1
573328,244.79999999999998,31
573329,218.55,26
573330,529.91,74
573331,102.01,10
573332,150.21,17
573333,454.2,16
573334,318.06,7
573335,178.91,37
573336,124.94,22
573337,515.1,10
573338,476.0,57
573339,542.73,46
573340,518.55,144
573341,310.48,21
573342,114.11,6
573343,289.53000000000003,63
573344,168.1,40
573345,331.21,79
573346,185.95,40
573347,576.37,130
573348,196.67999999999998,33
573349,29.97,7
573350,278.67,16
573351,196.32,7
573352,132.72,2
573353,225.94,36
573354,141.05,4
573355,291.28,9
573356,246.85,4
573357,178.44,2
573358,500.61,29
573359,261.85,52
573360,149.31,21
573361,240.54999999999998,63
573362,2176.45,116
573363,508.22,11
573364,146.32,35
573365,343.0,12
573366,269.36,18
573367,490.17,26
573368,220.89,14
573369,114.76,41
573370,403.9,17
573371,307.08,7
573372,78.9,4
573373,274.56,109
573374,443.21,15
573375,673.42,24
573376,178.48000000000002,16
573377,413.53,61
573378,92.52000000000001,5
573379,542.82,33
573380,608.35,52
573381,349.38,57
573382,287.87,14
573383,169.05,8
573384,614.59,22
573385,1026.04,40
573386,486.5,10
573387,168.42,67
573388,965.78,30
573389,47.400000000000006,1
573390,500.61,29
573391,501.65999999999997,21
573392,244.34,15
573393,507.66,41
573394,456.92,8
573395,316.88,12
573396,196.78,61
573397,232.77,44
573398,213.4,18
573399,392.08,18
573400,75.9,4
573401,299.06,22
573402,214.74,15
573403,55.2,2
573404,166.20000000000002,5
573405,468.38,91
573406,770.23,43
573407,396.33,37
573408,215.08,6
573409,33.0,1
573410,118.8,3
573411,384.12,20
573412,54.599999999999994,3
573413,342.9,72
573414,269.03000000000003,43
573415,678.01,98
573416,245.32,5
573417,197.71,15
573418,427.93,13
573419,243.94,8
573420,1389.05,35
573421,1297.26,12
573422,17.4,1
573423,308.77,7
573424,76.96000000000001,2
573425,160.55,9
573428,271.26,20
573430,407.54,20
573442,214.06,7
573452,2039.24,8
573464,301.32,13
573481,608.3,33
573483,305.36,5
573484,94.08,5
573485,533.23,66
573486,273.95,16
573492,168.5,38
573496,489.95,102
573500,198.52,39
573501,1014.5500000000001,67
573504,398.03999999999996,8
573507,79.2,5
573508,317.82,19
573509,317.34000000000003,15
573510,534.19,27
573511,1294.32,47
573512,599.0400000000001,11
573531,321.32,6
573532,118.80000000000001,1
573542,281.78,22
573543,256.25,65
573544,356.14,36
573545,171.45,10
573546,547.14,27
573548,692.45,62
573551,838.4200000000001,52
573552,396.38,25
573556,764.32,25
573564,656.25,40
573572,272.67,24
573576,4941.71,435
573577,495.0,3
573578,247.0,13
573579,163.96,29
573581,596.9100000000001,37
573582,726.16,33
573583,172.74,11
573584,1976.5800000000002,39
573586,15.0,1
573587,242.38,12
573588,214.89999999999998,10
573599,447.3,6
573600,145.92000000000002,2
573629,103.32,6
573632,295.7,15
573656,462.85,24
573665,641.67,38
573666,355.63,28
573695,305.77,11
573744,475.24,23
573745,318.40999999999997,17
573746,560.8,10
573747,151.29999999999998,12
573748,1212.67,51
573749,307.32,9
573757,78.75,2
573758,108.97999999999999,6
573762,326.22,11
573763,639.6,26
573768,120.0,1
573769,329.37,17
573770,183.2,12
573772,155.65,25
573773,889.02,21
573774,632.3,5
573775,949.5,7
573776,85.44999999999999,5
573777,786.98,19
573778,1350.9,14
573780,340.43,23
573808,173.71,34
573814,413.40999999999997,57
573822,641.1,21
573829,325.91,23
573830,148.96,22
573840,772.44,5
573841,113.92,24
573846,1374.26,8
573863,456.48,17
573865,358.59000000000003,18
573866,342.59000000000003,20
573867,568.6,24
573868,460.40000000000003,26
573870,165.75,47
573871,600.22,14
573872,375.71999999999997,19
573873,192.53,33
573874,507.54,32
573875,204.87,14
573876,530.37,146
573877,109.8,4
573878,175.4,8
573879,137.97,20
573886,312.82,17
573887,112.65,7
573888,370.12,21
573889,213.82,38
573890,27.8,8
573891,825.81,21
573892,834.38,44
573893,171.20000000000002,6
573894,43.47,13
573895,43.5,2
573896,107.10000000000001,2
573897,574.66,78
573898,195.48000000000002,21
573899,208.59,13
573900,161.85,8
573901,294.58,22
573902,311.18,5
573903,740.64,32
573904,954.8100000000001,156
573905,357.21,41
573906,195.02,10
573907,299.1,14
573908,354.49,10
573909,215.22,41
573910,422.1,8
573911,186.04999999999998,11
573912,37.5,1
573913,569.82,33
573914,329.88,17
573915,229.8,52
573917,147.0,2
573918,132.53,16
573921,204.92000000000002,14
573922,102.72,2
573923,303.07,33
573924,299.38,17
573927,282.2,15
573928,599.25,8
573930,120.66,9
573931,296.76,16
573932,504.0,7
573933,85.0,1
573934,307.14,19
573937,576.0,39
573945,211.47,9
573955,459.8,30
573982,306.0,1
573992,615.14,41
573993,664.21,40
573994,99.42,6
573995,960.0,1
573996,355.86,15
573999,981.95,45
574009,320.05,41
574011,133.08,10
574012,400.32000000000005,2
574013,300.6,5
574014,624.24,1
574015,940.6700000000001,45
574016,113.48000000000002,18
574017,132.45000000000002,8
574018,90.96,4
574020,304.68,18
574021,310.8,3
574022,85.92,1
574023,564.41,19
574024,109.68,8
574025,263.53999999999996,32
574029,994.8,37
574032,621.71,24
574033,302.0,17
574034,460.24,87
574035,113.01,17
574036,313.2,19
574037,97.5,8
574038,399.65000000000003,24
574039,127.30000000000001,9
574040,114.39,21
574041,19.919999999999998,1
574042,176.68,9
574043,633.58,93
574044,843.6,2
574045,409.08000000000004,5
574046,137.56,31
574047,302.96,13
574048,301.97,18
574049,1514.17,17
574050,131.52,9
574051,349.3,20
574052,119.8,19
574053,823.8,42
574054,754.64,38
574055,863.04,12
574056,3949.66,30
574058,449.28000000000003,1
574059,87.97,39
574060,223.21,13
574062,1183.9,45
574063,217.38,96
574064,313.74,18
574066,443.14,8
574067,3962.85,34
574068,633.44,22
574069,562.71,30
574070,339.0,16
574071,171.23000000000002,11
574072,385.3,16
574075,281.21,13
574077,191.72,55
574079,157.9,34
574080,212.19,27
574081,362.43,27
574082,111.08,16
574084,364.21999999999997,18
574085,175.89,15
574086,304.78,11
574087,114.2,5
574088,340.2,18
574089,300.1,20
574090,326.87,20
574091,302.21999999999997,22
574092,5500.38,21
574093,736.55,39
574096,530.42,25
574097,725.72,29
574098,151.05,10
574099,202.3,12
574100,147.35,21
574102,278.52000000000004,9
574103,302.57,22
574104,656.95,25
574107,219.12,13
574138,375.24,5
574143,120.0,11
574149,774.9,46
574150,92.38,4
574154,216.99,13
574161,6.24,2
574165,226.92,14
574169,360.83000000000004,9
574170,549.49,65
574175,41.6,3
574182,308.76,17
574194,312.58,13
574196,30.0,2
574226,379.92,2
574227,427.51,22
574228,301.2,18
574233,105.78,8
574234,91.59,6
574237,436.06,29
574239,467.86,18
574240,579.21,87
574241,10.08,1
574242,294.40000000000003,2
574245,34.8,2
574246,45.0,1
574247,346.53000000000003,19
574249,444.29,52
574250,133.66,31
574251,291.6,17
574252,260.48,11
574253,440.23,30
574255,92.25,5
574258,133.61,53
574260,347.35,18
574262,524.14,28
574265,303.45,17
574269,958.82,58
574271,1000.0,1
574272,55.32000000000001,2
574273,213.07999999999998,28
574274,30.0,1
574275,311.73,15
574276,1415.92,5
574277,208.0,1
574278,456.23999999999995,16
574279,142.98,12
574280,660.7,13
574281,297.90999999999997,15
574282,125.5,3
574283,10.2,1
574284,312.75,14
574285,2907.2000000000003,6
574286,117.46000000000001,4
574287,168.45,63
574289,141.12,9
574290,281.62,33
574292,208.46,38
574293,6162.620000000001,9
574294,5727.0,3
574295,7427.32,21
574297,528.08,29
574299,309.01,16
574300,309.66,12
574301,372.7,19
574302,321.07,16
574303,684.12,9
574304,508.85,90
574305,135.4,7
574306,405.0,23
574307,116.56,8
574308,608.85,53
574310,782.46,79
574311,998.72,46
574312,132.28,30
574313,367.69,20
574314,342.4,18
574315,506.88,11
574316,159.85,8
574317,370.4,27
574319,1915.6,9
574320,7.800000000000001,1
574321,287.19,35
574323,114.91,22
574324,1494.0000000000002,1
574325,466.84,5
574326,310.28000000000003,25
574327,315.29,13
574328,7271.34,208
574329,477.94,16
574330,63.06,3
574331,262.26,15
574332,760.0,4
574333,156.75,2
574334,537.6,7
574335,42.45,3
574336,1195.09,56
574338,352.46000000000004,14
574340,157.7,26
574341,4557.6,11
574342,223.71,16
574343,379.28,26
574345,340.48,16
574346,426.84000000000003,10
574348,610.76,10
574349,659.8,15
574351,111.57,33
574352,5292.72,14
574353,312.55,28
574354,464.05,16
574355,85.32000000000001,4
574363,5028.76,13
574368,384.93,27
574383,80.60000000000001,4
574387,317.56,16
574393,324.3,17
574442,561.28,10
574444,198.47,40
574445,713.7600000000001,20
574446,84.0,1
574466,335.72,12
574467,41.6,1
574468,47.6,2
574469,601.44,2
574470,71.7,25
574471,419.12,23
574474,253.17,49
574475,308.15999999999997,23
574476,215.23,57
574477,350.43,67
574478,319.68,34
574479,239.56,26
574480,308.94,20
574481,668.11,191
574482,16.54,2
574484,463.09000000000003,30
574485,570.9200000000001,5
574490,269.1,19
574491,328.15,19
574501,327.89,58
574502,111.97999999999999,27
574506,134.02,22
574509,283.17,42
574511,324.57,22
574513,461.15999999999997,8
574514,627.0,20
574521,379.7,23
574523,390.6,9
574528,155.25,9
574529,190.88,25
574530,194.88,37
574531,37.29,6
574532,2370.04,135
574533,592.5600000000001,11
574534,2118.12,16
574535,133.91,8
574536,307.95,73
574537,71.66,7
574544,2044.1,113
574545,905.65,49
574546,15.0,1
574547,502.23,112
574549,1.45,1
574550,738.57,63
574555,221.63,50
574557,165.32000000000002,8
574559,473.72,58
574560,307.78,19
574573,161.29,39
574575,491.51,54
574576,8.7,1
574585,399.6,1
574586,247.9,6
574587,1228.24,61
574588,74.9,3
574589,125.58,20
574590,335.86,22
574591,309.53000000000003,17
574592,139.1,8
574619,225.17000000000002,29
574624,568.44,36
574629,218.98,29
574631,471.84000000000003,5
574643,346.44,20
574653,482.16,14
574654,196.43,31
574655,241.86,24
574656,233.79999999999998,16
574657,445.91,71
574659,209.74,32
574660,315.71,91
574661,430.3,22
574662,493.62,25
574663,426.37,44
574664,349.7,12
574665,156.54,3
574666,257.76,1
574667,555.39,33
574668,29.700000000000003,1
574669,223.08,14
574670,292.34000000000003,64
574671,113.03,28
574672,210.31,66
574673,420.42,102
574674,126.79999999999998,13
574675,438.17,56
574676,194.15,34
574677,230.51,63
574678,1524.77,89
574679,464.32,14
574680,553.1,24
574681,317.8,20
574682,310.39,67
574683,344.13,95
574684,1349.69,55
574685,174.9,8
574686,187.62,58
574687,157.7,3
574688,5.8,1
574689,23.799999999999997,2
574690,671.69,39
574691,134.46,26
574692,144.3,15
574693,211.07,30
574694,419.06,16
574695,114.14,14
574696,202.88,32
574697,144.23000000000002,7
574698,152.2,6
574699,303.25,21
574700,1193.34,160
574701,293.86,64
574702,258.13,13
574703,44.39,14
574704,719.61,49
574705,194.4,10
574706,294.24,15
574707,2227.86,78
574708,70.8,1
574709,1000.0,58
574710,506.51,70
574711,78.0,4
574713,237.57,11
574714,605.6,151
574715,346.35,6
574716,89.27,22
574717,324.8,8
574718,885.8000000000001,15
574719,365.15999999999997,17
574720,478.1,73
574721,324.64,75
574722,386.31,98
574723,102.84,5
574724,99.0,1
574725,143.76,20
574726,389.04,66
574727,128.54,3
574728,330.79,20
574729,19.9,1
574730,55.50000000000001,2
574731,35.400000000000006,2
574732,978.84,47
574733,1366.91,57
574734,377.01,72
574735,89.25999999999999,6
574736,113.39999999999999,2
574737,558.59,27
574738,249.64000000000001,29
574739,400.93,22
574740,6207.67,131
574741,439.88,110
574743,253.01999999999998,29
574744,317.36,15
574745,220.64,15
574746,676.8000000000001,8
574747,357.81,21
574749,550.55,34
574750,381.28000000000003,20
574751,44.85,2
574752,24.96,1
574754,153.16,9
574755,372.24,7
574756,306.2,11
574777,712.78,19
574824,531.14,25
574826,354.09000000000003,76
574827,45.599999999999994,4
574829,403.20000000000005,1
574830,387.76,22
574831,138.94,15
574832,630.0600000000001,9
574833,100.95,5
574834,718.9,23
574835,407.96000000000004,17
574836,527.0500000000001,33
574837,663.14,28
574838,140.0,1
574839,419.9,61
574840,248.59,48
574841,397.43,5
574842,114.75,7
574844,222.26000000000002,13
574846,156.96,16
574852,263.15,41
574860,180.0,1
574861,166.92,14
574862,754.5,23
574863,616.83,91
574864,840.82,58
574866,252.27,49
574867,207.99,11
574868,269.1,10
574869,280.77,16
574870,152.67000000000002,12
574871,148.82,16
574873,215.09,15
574874,332.36,13
574877,291.54,17
574878,131.79,6
574879,76.5,3
574880,370.25,17
574881,115.23,9
574882,490.79,58
574883,162.34,22
574884,204.0,1
574885,268.08,10
574887,187.48,14
574888,637.5,6
574889,213.45000000000002,3
574890,414.6,8
574891,106.44,24
574892,677.6999999999999,38
574893,151.07999999999998,36
574895,435.82,9
574896,167.01,44
574898,848.22,57
574899,324.7,12
574901,568.42,28
574903,335.47,16
574907,641.36,31
574908,82.75999999999999,3
574909,213.6,41
574910,206.72,11
574911,151.04,13
574913,97.7,3
574914,182.83,48
574915,743.58,17
574916,177.3,10
574917,386.74,5
574919,102.3,6
574920,418.26,22
574921,686.85,19
574923,195.0,37
574933,153.3,11
574934,303.16,17
574935,301.04,4
574936,151.81,28
574937,151.95,6
574938,206.9,3
574939,19.59,5
574940,223.88,11
574942,394.56,5
574943,170.64,9
574944,180.48,8
574945,303.3,15
574947,750.24,10
574948,192.0,8
574949,210.95,16
574951,564.4300000000001,28
574952,172.33,10
574953,316.36,15
574956,603.75,28
574958,260.38,17
574959,503.35,62
574960,684.96,24
574961,94.74,9
574962,1421.67,37
574963,336.12,18
574964,484.79999999999995,10
574965,209.94,69
574966,132.64000000000001,8
574994,143.11,16
575003,418.29,21
575007,540.99,40
575017,114.23,25
575027,125.92,2
575034,196.75,48
575036,407.55,20
575037,390.85,19
575038,171.84,1
575039,327.22,48
575040,657.08,33
575041,338.88,21
575043,4.95,1
575045,101.64,6
575046,246.20999999999998,20
575049,614.3199999999999,35
575050,777.6,4
575051,428.89,42
575053,56.6,3
575054,350.64,22
575059,152.53,47
575060,1095.29,45
575061,111.9,2
575062,303.28000000000003,15
575063,355.77,73
575066,150.92,13
575067,774.45,24
575068,249.7,15
575069,208.11,11
575070,796.64,130
575071,145.6,6
575072,60.599999999999994,3
575073,741.22,98
575074,150.04,28
575075,287.35,26
575076,786.36,30
575077,258.42,10
575078,320.34000000000003,17
575080,377.28,5
575083,323.47999999999996,15
575085,346.39,15
575086,1206.3,42
575087,279.74,82
575088,135.6,7
575089,422.04,24
575090,67.65,10
575091,516.85,38
575117,242.6,140
575125,537.0,3
575127,296.78000000000003,15
575128,521.54,33
575129,241.73000000000002,18
575131,166.7,7
575132,303.6,14
575133,159.38,6
575134,97.7,3
575135,131.22,8
575136,411.68,22
575137,1833.69,32
575139,338.55,17
575140,303.08,9
575141,787.29,35
575143,260.04,14
575144,573.71,24
575145,213.5,12
575146,2328.84,24
575147,326.4,4
575148,422.45000000000005,23
575149,110.5,6
575151,263.08,15
575152,424.57,57
575154,243.47,13
575163,9.9,2
575164,481.75,26
575165,91.03999999999999,5
575166,71.0,7
575167,329.25,22
575168,435.28,9
575169,598.46,22
575170,108.85000000000001,4
575178,345.8,2
575179,343.15,19
575180,306.0,1
575181,312.0,15
575182,33.0,2
575183,431.59,21
575184,450.4,5
575185,725.7,10
575186,242.45,17
575187,107.95,8
575188,310.9,15
575189,474.29999999999995,3
575190,742.2,6
575191,315.0,5
575192,214.8,4
575193,718.99,38
575194,359.46,15
575195,271.36,15
575196,83.2,1
575197,41.08,3
575198,71.25,3
575199,725.22,31
575200,12.48,1
575201,821.0,3
575202,359.7,23
575203,42.96,1
575204,99.18,4
575205,237.60000000000002,1
575206,1296.56,31
575207,339.71999999999997,14
575208,15.600000000000001,1
575209,49.800000000000004,4
575210,311.19,16
575211,287.51,39
575212,306.58,18
575213,1809.6000000000001,3
575214,1764.72,25
575215,285.0,13
575216,722.2,23
575217,147.15,8
575218,285.85,13
575219,7059.54,66
575220,2506.0,14
575221,717.8,36
575222,410.06,38
575255,1975.0,5
575256,550.4399999999999,8
575258,195.86,17
575269,1130.74,40
575291,103.67999999999999,2
575296,426.6,1
575297,172.14000000000001,8
575298,438.08,76
575299,345.26,9
575300,304.02,11
575301,48.790000000000006,3
575302,307.96,5
575303,188.14,34
575304,8.9,3
575305,336.40000000000003,10
575312,222.0,13
575317,312.9,4
575318,413.06,25
575319,76.05,4
575320,270.9,15
575321,275.40999999999997,18
575322,312.78000000000003,5
575323,565.66,25
575324,663.49,32
575325,327.3,44
575326,349.83000000000004,16
575328,2640.0,5
575329,112.4,22
575330,309.08,17
575331,1049.66,60
575332,85.92,1
575333,599.95,22
575334,475.62,23
575335,4961.2,9
575336,147.59,37
575337,224.67000000000002,70
575338,14.95,1
575339,312.12,27
575340,1296.37,43
575342,373.27,15
575352,449.4,6
575356,49.5,2
575360,101.69999999999999,6
575366,482.59000000000003,29
575367,508.28,35
575368,249.72,59
575369,613.6800000000001,22
575370,125.80000000000001,5
575371,305.6,11
575383,168.12,14
575384,504.53000000000003,21
575387,76.8,5
575388,188.04000000000002,2
575389,97.63,7
575390,55.31999999999999,5
575391,87.78,6
575392,209.48,15
575410,413.6,17
575415,207.50000000000003,1
575418,83.2,2
575433,20.8,1
575475,485.6,19
575476,453.23,9
575480,182.55,8
575481,474.4,84
575482,372.28000000000003,42
575483,415.18,11
575484,484.15,26
575485,175.92,11
575486,826.04,21
575487,429.84,30
575490,230.82,35
575491,1522.31,189
575492,108.5,6
575493,321.37,15
575494,288.0,3
575495,754.6600000000001,12
575496,188.4,3
575497,34.68,1
575498,33.0,2
575499,525.92,17
575500,415.55,28
575501,449.2,12
575502,369.12,21
575504,770.92,34
575507,1013.01,29
575508,8111.2,53
575509,471.0,8
575510,1549.12,10
575512,1247.41,68
575514,445.03999999999996,24
575515,420.74999999999994,9
575516,3893.79,116
575517,372.42,31
575519,319.23,15
575520,266.92,14
575525,128.88,1
575563,225.46,14
575574,111.39,29
575576,439.65999999999997,28
575579,72.0,3
575581,91.68,5
575582,1790.0,1
575583,263.11,86
575584,245.4,13
575586,185.04,9
575587,382.56,47
575589,514.16,27
575591,106.1,10
575593,320.07,12
575595,125.4,6
575602,844.94,147
575603,197.85,24
575604,256.2,7
575605,350.02,15
575607,4358.0,377
575609,448.5,22
575610,568.21,30
575611,113.5,11
575612,1014.61,52
575618,126.14,7
575619,495.6,5
575620,198.39000000000001,13
575621,137.04,18
575622,352.23,24
575623,256.06,22
575624,303.85,12
575627,288.14,21
575628,151.08,24
575629,175.54000000000002,14
575631,171.53,43
575632,1013.86,3
575633,150.8,6
575634,301.06,18
575636,40.46,1
575637,356.18,60
575639,241.8,10
575640,240.16,32
575642,486.75,14
575643,384.88,16
575647,856.41,46
575652,469.65,8
575654,299.21000000000004,13
575655,185.18,19
575656,1855.99,47
575657,112.03999999999999,5
575658,24.96,1
575659,543.36,10
575660,149.8,9
575661,355.53,42
575668,112.35,59
575671,665.46,20
575673,266.76,11
575674,125.38,7
575675,1.95,1
575676,323.62,8
575678,579.15,29
575680,677.09,41
575681,373.24,60
575682,279.5,15
575683,3782.52,18
575684,300.38,6
575685,600.1800000000001,9
575686,347.68,13
575687,2581.07,44
575688,343.8,11
575689,165.92,8
575690,314.65999999999997,19
575691,179.55,9
575692,275.19,52
575693,302.64,12
575694,171.85,46
575695,226.60000000000002,11
575697,77.64,6
575698,431.56,28
575700,329.68,16
575701,973.72,28
575702,108.86,5
575703,1735.3000000000002,11
575705,826.7,27
575706,365.0,50
575707,363.95,21
575708,75.98,6
575709,162.8,2
575710,110.38,19
575711,65.28,3
575712,30.119999999999997,3
575713,254.28,15
575718,269.77,31
575723,296.98,14
575724,486.65,6
575725,1955.68,32
575726,486.96,87
575727,129.6,3
575728,1003.03,48
575729,397.06,26
575730,158.61,31
575731,175.53,39
575732,232.65,9
575733,246.01,14
575734,292.58,13
575735,370.8,17
575736,223.68,12
575737,197.64,6
575738,138.92,12
575740,455.90999999999997,31
575741,110.4,6
575742,328.96000000000004,16
575743,305.3,7
575744,300.32,12
575745,203.6,10
575747,515.1800000000001,25
575750,379.58000000000004,9
575751,1674.65,47
575753,224.43,80
575754,130.49,18
575755,272.58,22
575756,159.57,37
575757,147.1,22
575760,506.4,91
575764,32.5,2
575765,325.01,15
575766,264.12,30
575767,209.73,58
575787,486.96000000000004,30
575828,251.8,15
575830,16.95,1
575837,349.73,50
575838,328.43,21
575840,682.17,65
575842,289.19,28
575843,157.27,36
575845,336.8,14
575846,904.6,80
575847,139.10000000000002,8
575848,246.86,55
575849,216.74,13
575850,451.68,5
575851,246.31,76
575852,345.99,35
575853,156.43,7
575854,1111.08,60
575855,198.29,33
575856,256.1,84
575866,504.24,5
575867,813.75,100
575868,754.38,52
575869,15.8,1
575870,473.65000000000003,20
575871,461.32,20
575873,640.84,4
575874,149.01,10
575876,122.4,2
575877,416.56,13
575878,5.43,2
575880,784.46,36
575882,152.64000000000001,1
575884,413.12,22
575885,302.62,17
575886,492.94,76
575887,424.2,7
575888,54.0,1
575889,184.26,17
575890,125.03999999999999,7
575891,191.04,12
575892,202.31,19
575893,239.28,16
575894,220.7,3
575895,413.75,92
575896,1136.6799999999998,40
575897,171.72,7
575898,302.48,26
575899,359.9,16
575902,446.02,37
575903,343.38,18
575904,166.42,32
575905,491.86,33
575908,345.82,21
575910,3.0,1
575911,315.72,17
575914,432.16,20
575915,1405.2,9
575916,176.39999999999998,2
575917,681.96,35
575918,532.17,55
575919,4041.18,83
575920,306.0,1
575922,479.8,14
575923,501.56,31
575924,149.23,8
575929,314.38,20
575931,509.23,36
575932,449.87,46
575933,1285.4399999999998,8
575935,466.6,16
575936,330.68,24
575937,281.58,18
575938,273.51,29
575939,316.54,19
575941,180.51,25
575942,312.90999999999997,23
575943,255.54000000000002,52
575944,524.9,28
575945,305.28000000000003,2
575946,61.199999999999996,1
575948,107.95,4
575949,445.56,7
575950,433.03999999999996,24
575951,316.44,9
575952,201.51999999999998,60
575954,433.0,41
575955,110.71000000000001,24
575956,152.19,19
575957,116.00999999999999,32
575958,32.17,7
575959,1117.08,90
575960,154.29,35
575961,125.48,13
575964,212.27,51
575965,342.95,28
575966,101.18,4
575967,2.95,1
575968,341.8,5
575969,228.97,28
575970,372.68,20
575971,308.1,9
575972,444.36,106
575975,672.99,40
575976,183.14,16
575977,183.81,23
575978,471.6,6
575979,175.31,11
575981,312.24,22
575982,718.71,21
575983,136.74,39
575984,141.44,8
575985,515.55,84
575986,240.05,15
575987,29.82,2
575988,108.3,6
575989,339.18,65
576014,272.47,46
576019,586.85,37
576025,121.4,21
576045,288.3,31
576050,39.95,1
576051,2068.4900000000002,69
576052,368.79,71
576053,586.83,83
576054,87.21000000000001,51
576055,326.82,20
576056,308.34,13
576057,219.79,43
576058,595.02,9
576059,367.62,44
576060,179.67000000000002,14
576061,228.91,17
576062,1011.08,105
576063,330.45,11
576064,123.08,17
576065,340.40999999999997,48
576066,189.34,59
576067,319.06,15
576068,368.45,15
576069,164.34,27
576070,512.76,70
576071,254.7,88
576073,173.44,23
576074,306.48,11
576075,487.21,93
576076,626.0699999999999,131
576077,155.24,27
576078,581.07,96
576079,134.77,24
576080,49.2,3
576081,310.08,24
576082,408.34000000000003,15
576083,1238.48,11
576084,15.0,1
576085,218.72,11
576086,135.45,8
576087,736.5799999999999,38
576088,1314.94,8
576089,303.63,13
576090,3174.3999999999996,9
576091,319.3,16
576092,401.76,16
576093,303.06,25
576094,309.47999999999996,10
576095,396.96,22
576096,86.0,4
576097,139.56,7
576098,537.1,27
576099,392.57,27
576111,78.0,1
576112,332.66,20
576121,379.79,27
576137,1617.56,13
576141,348.21000000000004,23
576147,1324.3,33
576148,321.48,9
576172,1355.56,15
576175,318.12,7
576176,262.68,57
576179,3419.64,18
576180,1419.5800000000002,9
576181,545.83,42
576182,114.14,9
576184,93.5,5
576186,276.3,10
576187,229.04000000000002,19
576188,106.56,5
576189,313.13,82
576190,137.58,19
576191,213.61,22
576196,277.82,10
576198,98.42,9
576200,256.76,31
576201,109.65,29
576202,915.4000000000001,9
576212,703.37,73
576213,320.72,74
576214,59.64,16
576215,284.12,13
576217,178.26,41
576219,3134.96,16
576220,1023.42,3
576221,179.0,1
576222,411.72,19
576224,161.64,7
576225,49.5,1
576228,281.43,68
576236,374.25,80
576237,65.4,2
576238,6.24,1
576239,291.5,8
576245,518.12,23
576246,414.26,65
576249,390.93,77
576251,394.38,19
576252,889.46,44
576253,358.0,2
576254,933.14,16
576255,419.72,90
576256,261.32,19
576257,49.5,1
576259,407.92,18
576269,461.59,21
576274,323.04,58
576275,948.48,6
576300,231.8,61
576301,260.7,19
576303,355.14,53
576317,134.16,9
576318,249.15,15
576321,289.82,55
576322,354.85,12
576323,271.95,39
576326,484.38,86
576327,243.53,10
576328,493.8,16
576339,8425.539999999999,542
576345,742.9300000000001,33
576346,91.66,6
576347,8.2,2
576349,111.38,8
576351,208.16,19
576352,95.1,5
576353,458.90999999999997,20
576354,938.4,7
576355,1364.74,30
576356,243.14000000000001,7
576357,327.02,18
576358,17.34,1
576359,1167.6,7
576361,7.5,1
576362,657.29,25
576364,592.5600000000001,87
576370,558.6,15
576371,405.07,18
576372,696.24,20
576373,332.23,9
576374,6260.900000000001,19
576376,383.48,11
576377,56.5,3
576378,303.93,15
576379,346.12,18
576380,135.86,8
576381,508.42,31
576382,32.550000000000004,2
576383,216.47,13
576384,162.82,8
576385,34.65,1
576386,224.66,2
576387,141.4,8
576388,308.48,20
576389,850.5,1
576390,130.85,7
576392,332.46000000000004,6
576394,4925.8,26
576395,61.2,2
576396,242.22000000000003,8
576398,205.25,9
576399,476.99,30
576400,452.14,17
576403,108.43,6
576405,483.99,25
576406,616.74,21
576412,365.4,16
576447,304.84000000000003,18
576463,432.47,124
576503,310.1,17
576508,214.91,62
576510,152.66000000000003,5
576511,201.13,12
576512,440.0,1
576513,272.63,22
576514,140.94,8
576516,315.68,12
576518,176.89,28
576519,181.66,8
576520,172.65,30
576521,1070.4,14
576538,718.08,52
576539,133.7,2
576540,107.7,22
576543,305.62,15
576553,195.25,14
576554,318.99,20
576555,247.15,13
576556,317.95,18
576557,160.19,10
576558,338.15999999999997,5
576559,263.67,46
576560,275.74,60
576562,143.04,1
576563,210.55,21
576564,273.52,15
576567,114.0,12
576568,213.78,14
576570,179.78,24
576571,311.6,7
576572,355.23,2
576573,104.1,8
576574,832.01,15
576575,333.69,19
576577,180.7,5
576581,570.98,27
576586,429.6,1
576587,265.96,21
576589,437.79,26
576590,1894.01,60
576591,136.32,2
576592,513.33,94
576593,598.73,128
576595,376.58,8
576596,107.79999999999998,5
576597,1025.35,46
576598,352.6,10
576599,902.53,57
576600,382.8,44
576601,81.54,6
576602,832.58,13
576603,524.28,29
576604,835.97,19
576605,215.84,13
576606,274.40000000000003,5
576607,762.5600000000001,43
576608,595.44,3
576609,279.77,31
576610,46.62,4
576611,382.24,44
576612,5.9,1
576613,310.04,4
576614,250.04,57
576615,389.76,79
576616,261.3,6
576622,105.76,7
576623,1301.0,7
576624,396.0,15
576625,121.6,7
576626,380.46999999999997,82
576627,361.8,8
576628,291.88,19
576629,610.28,17
576630,199.98000000000002,11
576631,226.39999999999998,5
576633,356.39,8
576634,94.56,3
576635,408.8,2
576636,139.92000000000002,2
576637,313.62,5
576638,219.35,13
576639,282.45,15
576640,121.32000000000001,2
576641,120.66,4
576642,138.21,9
576645,643.96,39
576648,639.16,14
576649,148.07,16
576650,1935.9,92
576651,609.07,27
576652,170.56,19
576653,4391.16,26
576654,144.06,29
576655,470.33,24
576656,30.0,2
576657,409.02,25
576658,296.76,23
576659,21.0,1
576660,315.7,8
576661,106.95,14
576663,247.98000000000002,7
576664,232.5,3
576665,890.19,145
576666,4.2,1
576667,498.06,22
576668,363.2,2
576669,77.76,2
576671,55.16,4
576672,1497.52,22
576676,177.2,10
576677,319.86,29
576684,625.86,24
576686,378.18,93
576687,159.13,48
576688,1995.56,92
576689,258.24,42
576690,351.11,51
576691,237.60000000000002,1
576692,201.44,12
576693,443.4,4
576694,309.37,16
576695,187.71,64
576696,645.38,82
576704,167.61,23
576734,184.4,11
576736,356.1,4
576758,273.04,9
576768,1145.32,11
576769,107.45,7
576770,223.85000000000002,11
576771,739.02,50
576772,434.5,3
576774,301.1,13
576775,716.0,3
576778,241.53,41
576779,1219.25,133
576780,370.36,19
576781,178.34,11
576782,340.0,1
576783,475.13,21
576784,405.71,57
576786,238.99,6
576787,946.41,36
576789,60.12,5
576790,67.75,2
576791,256.32,2
576792,295.17,11
576809,305.22,14
576824,408.66,6
576826,49.8,2
576827,612.0,1
576830,292.22,45
576832,263.0,9
576833,226.17000000000002,17
576834,389.41,18
576836,462.28,14
576838,353.98,20
576841,110.08,28
576842,295.8,14
576844,1115.52,27
576845,200.2,9
576846,497.97,27
576847,456.59999999999997,11
576848,245.68,34
576849,23.55,3
576851,245.03,49
576852,294.32,37
576853,93.39,3
576854,42.36000000000001,3
576855,238.92000000000002,28
576857,228.58,92
576859,495.78000000000003,15
576860,769.36,83
576861,220.94,17
576862,290.81,12
576863,251.97,13
576864,206.28,61
576865,103.69,28
576867,285.3,16
576869,617.04,5
576872,277.88,14
576873,109.84,19
576874,171.19,10
576875,370.4,10
576876,411.98,40
576877,6.959999999999999,1
576878,86.6,5
576879,444.68,22
576880,350.62,18
576881,389.13,14
576888,267.7,12
576889,293.92,35
576890,328.65,23
576891,120.9,6
576892,67.00999999999999,4
576893,186.79999999999998,12
576894,291.86,16
576895,58.349999999999994,2
576896,181.6,3
576897,743.43,12
576899,759.48,32
576900,343.38,9
576901,207.99,10
576902,99.0,1
576904,211.63,9
576905,285.88,17
576906,616.48,33
576907,248.2,9
576909,1072.1200000000001,32
576910,2037.69,45
576911,349.2,61
576912,411.96000000000004,7
576913,55.08,3
576914,93.44,6
576915,25.699999999999996,3
576916,358.15000000000003,12
576917,289.1,15
576920,532.76,23
576922,7.800000000000001,1
576923,4808.48,31
576924,477.67,23
576926,442.14,14
576927,1551.3,81
576928,175.95,9
576929,129.78,7
576930,311.44,8
576931,305.38,21
576932,492.51,55
576933,351.54,79
576941,619.9,19
576948,533.69,23
576958,13.049999999999999,1
576971,312.92,16
576984,280.97,10
576995,244.66,7
577000,306.0,3
577008,133.02,29
577009,572.59,32
577010,464.85,72
577011,30.0,1
577016,780.1999999999999,40
577018,163.74,3
577019,211.10000000000002,6
577020,365.29,16
577021,2209.74,3
577022,331.55,38
577023,412.8,19
577024,159.65,46
577025,363.62,23
577026,243.6,12
577027,321.15,7
577028,211.29999999999998,7
577029,655.8199999999999,50
577030,412.56000000000006,8
577031,301.64,15
577032,91.8,4
577033,453.45,55
577034,871.54,91
577035,341.15999999999997,10
577036,54.57,12
577038,401.78,62
577039,1050.66,43
577041,152.64000000000001,1
577043,174.9,7
577044,460.8,2
577045,145.0,1
577046,1342.71,59
577047,315.9,4
577048,65.7,4
577049,298.78,41
577050,738.67,36
577051,177.91,64
577052,397.63,51
577053,612.39,23
577054,103.2,4
577055,599.16,7
577056,634.95,23
577057,539.97,154
577058,421.96999999999997,112
577059,237.35999999999999,12
577060,131.8,4
577061,842.94,45
577062,162.95,11
577063,447.93,7
577064,295.14,3
577065,146.35000000000002,8
577067,164.72,4
577068,9.0,1
577069,69.61,4
577071,1166.7,53
577072,99.7,4
577074,243.96,17
577076,161.2,41
577077,524.18,65
577079,129.22,3
577080,357.6,13
577082,444.82,28
577083,145.71,5
577084,282.25,6
577085,310.5,10
577086,165.3,14
577087,149.6,3
577088,129.6,2
577089,166.15,13
577090,209.49,15
577091,131.95,7
577092,446.90000000000003,23
577093,426.06,18
577094,149.29,29
577095,219.44,36
577097,616.8,3
577098,472.0,5
577099,312.68,14
577100,59.0,1
577101,130.7,8
577103,88.25,6
577104,312.73,11
577105,186.17999999999998,9
577106,336.54,122
577107,851.0600000000001,35
577108,326.75,32
577109,304.47,20
577110,113.64,7
577121,800.96,32
577125,133.4,4
577126,1794.05,56
577127,445.08000000000004,17
577128,138.86,33
577129,46.8,2
577130,165.0,1
577132,184.26,3
577133,51.95,4
577134,340.8,2
577135,239.72,6
577136,170.0,2
577137,325.44,1
577138,17.700000000000003,1
577139,42.900000000000006,3
577140,55.6,3
577141,553.14,27
577142,344.51,18
577143,142.88,9
577146,75.45,4
577148,1253.66,9
577152,499.4,24
577155,349.40000000000003,17
577156,604.73,34
577157,925.64,44
577158,342.83000000000004,20
577160,334.56,19
577161,280.3,15
577162,137.3,4
577165,195.52,10
577166,102.0,1
577167,367.56,66
577168,739.1999999999999,3
577169,110.46,7
577170,200.45000000000002,7
577171,612.21,46
577172,115.05,16
577173,579.86,20
577174,314.08,87
577175,223.06,11
577176,316.45,14
577177,4.16,1
577178,177.31,11
577179,92.4,2
577180,1040.39,17
577182,304.7,17
577202,354.96000000000004,3
577209,563.28,3
577217,247.36,31
577218,143.14,10
577228,460.89,100
577230,158.53,44
577235,314.85,14
577252,264.35,68
577256,333.62,14
577258,222.43,64
577286,129.14,32
577289,444.96000000000004,2
577295,374.68,10
577296,153.92,45
577297,278.4,88
577298,525.55,18
577299,126.0,8
577300,323.1,35
577301,30.450000000000003,2
577302,191.67,38
577303,974.8100000000001,40
577308,295.88,17
577309,379.19,27
577310,769.0,6
577311,110.22,21
577312,738.1800000000001,37
577313,157.78,5
577314,936.64,35
577315,219.92,43
577316,1185.85,44
577317,197.74,52
577318,1072.73,24
577319,197.63,66
577320,396.65,25
577321,266.91,10
577322,72.0,1
577324,303.01,22
577325,152.64000000000001,2
577326,166.0,2
577328,188.7,2
577329,169.06,16
577331,467.57,45
577332,297.65000000000003,12
577333,370.14,17
577334,446.94000000000005,4
577335,355.98,5
577336,228.99,14
577337,171.85,37
577338,166.08,8
577341,778.6,44
577344,198.6,10
577347,102.12,8
577352,126.0,6
577355,785.5600000000001,44
577356,114.6,4
577357,867.64,13
577359,398.81,61
577361,15.0,1
577365,366.17,16
577382,12.4,3
577387,4.25,1
577393,2068.09,22
577396,478.12,11
577400,571.24,31
577402,786.4399999999999,9
577403,462.44,27
577404,450.12,19
577405,212.92,8
577406,219.0,12
577407,509.96,10
577408,110.95,9
577409,882.86,17
577410,248.85,33
577411,437.67,58
577429,255.4,17
577438,209.31,49
577440,345.4,3
577443,172.79999999999998,3
577469,320.38,67
577472,1051.84,36
577473,369.17,94
577474,158.24,8
577475,439.8,30
577476,888.27,27
577477,155.71,9
577478,190.72,10
577479,917.54,41
577480,996.62,66
577482,613.78,55
577483,351.13,84
577484,492.94,23
577485,735.84,147
577487,333.36,5
577488,575.76,11
577490,316.43,56
577491,125.99000000000001,6
577492,125.48,8
577493,220.04999999999998,50
577494,35.1,1
577495,237.4,65
577496,107.6,3
577497,287.81,57
577498,155.38,17
577499,24.11,9
577500,225.36,56
577501,317.56,17
577502,576.29,26
577503,236.3,46
577504,847.8199999999999,198
577505,378.31,30
577506,496.61,86
577507,232.09,58
577508,185.34,34
577510,19.799999999999997,1
577511,167.62,46
577512,262.42,13
577514,192.19,11
577515,117.74000000000001,6
577516,107.7,33
577517,360.05,52
577518,126.7,8
577519,866.97,66
577520,141.48,34
577521,83.15,24
577522,158.03,27
577523,205.96,12
577524,546.64,51
577525,161.35,7
577526,554.34,30
577527,188.73,22
577528,177.31,9
577529,60.48,1
577530,371.2,19
577532,118.98,32
577533,135.11,23
577534,23.79,5
577535,341.24,78
577536,119.97,50
577537,170.32,11
577538,118.2,7
577539,507.68,24
577540,103.09,24
577541,381.7,21
577542,130.04,25
577543,285.56,20
577544,673.21,71
577545,299.09,55
577546,10.5,1
577548,29.4,6
577549,444.47,93
577550,307.56,20
577551,265.83,15
577552,150.3,9
577553,70.2,1
577554,252.82999999999998,39
577555,100.2,2
577556,52.199999999999996,3
577557,446.15999999999997,94
577572,108.75,12
577579,111.18,7
577594,307.09,23
577595,230.16,42
577596,390.0,1
577597,327.3,18
577598,343.14,20
577599,316.90000000000003,12
577600,290.76,14
577601,978.58,40
577602,329.04,16
577603,147.04,12
577604,43.2,3
577605,400.08000000000004,5
577606,427.48,22
577607,95.4,1
577609,1757.55,73
577610,362.48,18
577613,805.2,50
577615,686.05,36
577616,307.24,14
577617,95.52000000000001,6
577618,430.48,14
577633,1120.11,48
577646,133.68,11
577669,186.01,7
577680,219.01000000000002,7
577687,397.72,16
577689,278.45,20
577690,349.39,43
577691,127.61,20
577694,129.4,12
577695,612.01,52
577696,163.07,63
577697,135.06,11
577698,320.89,34
577699,400.70000000000005,19
577700,192.4,47
577701,183.32,24
577711,180.34,40
577716,297.0,14
577718,523.2,2
577719,1100.22,9
577720,1809.7,8
577721,131.66,11
577723,505.6,79
577724,97.5,4
577725,45.300000000000004,3
577726,167.92000000000002,6
577727,362.76,5
577728,375.27,46
577729,563.28,34
577730,178.26,18
577732,569.9200000000001,12
577733,149.47,19
577734,132.0,4
577735,388.8,11
577736,110.92,24
577738,216.9,3
577739,60.8,3
577740,427.8,60
577741,467.11,22
577742,456.12,72
577743,145.11,17
577744,368.6,10
577745,461.4,18
577746,383.99,25
577747,5490.24,14
577748,1437.5,49
577749,534.2,41
577751,264.89,40
577754,2675.28,34
577755,195.36,11
577756,340.11,21
577757,43.62,8
577769,453.08,22
577770,359.04,15
577771,41.6,2
577772,689.52,22
577773,510.4,93
577774,385.57,56
577776,32.65,3
577778,153.38,65
577782,271.59,85
577783,2786.4,35
577784,119.66,8
577785,701.97,53
577790,172.6,10
577791,939.89,63
577792,31.85,2
577793,135.43,9
577794,543.28,58
577795,126.31,26
577796,233.9,11
577797,15.0,1
577798,298.34,21
577800,889.38,36
577801,82.5,9
577802,29.5,1
577804,189.87,33
577805,1459.7599999999998,7
577806,82.0,5
577807,309.65,18
577808,75.0,3
577809,414.25,13
577810,720.0,1
577811,214.71,14
577812,308.74,16
577813,580.38,26
577814,120.06,9
577816,1090.92,28
577818,256.45,10
577820,604.0,7
577822,2000.0,10
577823,392.40000000000003,2
577824,301.29,11
577825,144.72,10
577826,161.67000000000002,13
577827,276.85,11
577830,174.6,4
577831,266.7,19
577833,145.64999999999998,9
577834,542.99,28
577835,284.02,12
577837,213.72,5
577838,289.52,14
577840,40.64,2
577841,205.62,6
577842,787.5500000000001,8
577843,237.60000000000002,1
577845,734.8199999999999,22
577848,44.550000000000004,1
577850,1136.96,63
577851,348.38,12
577852,2232.0,1
577853,117.08000000000001,10
577854,189.64000000000001,5
577855,242.26,109
577856,357.88,13
577857,221.64,6
577858,396.65,2
577859,238.41,21
577860,269.64,11
577861,351.64,21
577869,302.21999999999997,37
577880,206.28,12
577893,279.37,36
577897,322.08,1
577905,291.6,5
577906,22.04,1
577919,138.05,15
577938,197.29999999999998,40
577950,245.05,10
577951,247.68,34
577973,394.14,6
577980,202.95,22
577985,150.0,9
578004,108.39999999999999,11
578005,522.98,11
578006,388.68,21
578008,209.28,33
578009,114.14,19
578010,204.0,1
578011,292.59000000000003,20
578012,59.400000000000006,1
578013,111.91,32
578014,149.4,1
578015,291.35999999999996,10
578016,496.92,72
578017,255.43,61
578018,714.09,34
578019,142.93,40
578020,418.03,31
578021,30.349999999999998,9
578022,270.45,62
578023,30.0,1
578024,639.2,36
578025,309.36,15
578026,599.78,33
578027,699.1,37
578028,55.81,17
578029,860.6999999999999,24
578030,662.66,20
578031,376.2,18
578032,647.94,40
578033,585.75,28
578034,588.24,5
578035,284.04,6
578036,351.9,78
578038,346.14,9
578040,199.48000000000002,25
578041,1436.91,184
578042,510.0,1
578043,416.17,23
578044,722.14,28
578045,131.78,51
578053,330.55,20
578054,616.0,10
578055,320.46,13
578056,334.9,12
578057,164.23,28
578058,95.34,8
578059,222.84,8
578060,976.0,3
578063,235.96,14
578064,104.0,1
578068,695.19,119
578069,351.95,16
578070,16.5,1
578071,272.36,6
578072,667.84,77
578074,808.91,128
578075,118.78999999999999,24
578078,196.94000000000003,11
578079,466.18,23
578080,243.55,15
578081,958.2,10
578082,221.36,14
578084,301.25,21
578085,294.88,12
578086,356.02,16
578087,150.55,13
578088,874.25,106
578089,406.72,6
578091,82.91,4
578092,314.77,18
578093,302.24,17
578094,184.4,23
578096,83.96000000000001,2
578098,79.48,26
578099,350.57,21
578100,368.14,18
578101,105.0,3
578102,409.0,12
578103,254.12,9
578104,308.46,15
578105,177.33,8
578106,312.5,6
578107,127.68,7
578108,385.06,13
578109,311.66,21
578111,164.28,5
578112,30.0,1
578113,92.4,4
578114,194.41,12
578115,115.9,8
578116,314.81,7
578117,223.5,14
578118,842.02,29
578119,72.0,4
578120,381.2,21
578121,400.4,21
578123,80.0,1
578125,3956.6800000000003,45
578126,8.95,2
578127,472.6,6
578128,269.52,8
578129,102.84,9
578130,104.2,4
578133,243.8,10
578140,7952.68,42
578141,290.0,1
578143,1835.96,11
578146,339.4,49
578147,193.51,47
578150,16.5,1
578151,315.71,19
578152,131.39999999999998,1
578153,193.29,51
578154,1.65,1
578155,176.94,51
578171,392.40000000000003,16
578174,219.23000000000002,11
578187,500.52000000000004,31
578192,102.0,1
578196,83.4,1
578211,319.71,59
578220,341.54,5
578225,852.8100000000001,48
578229,273.35,21
578230,354.0,2
578231,286.8,24
578232,85.0,1
578233,2396.33,212
578234,298.24,17
578243,1050.3200000000002,33
578244,569.67,39
578246,116.46,6
578247,138.6,17
578248,437.12,38
578249,457.2,1
578250,130.53,50
578251,417.05,78
578252,530.16,5
578253,88.2,4
578254,366.8,7
578255,604.75,102
578256,69.6,1
578258,338.63,60
578260,378.90000000000003,17
578261,792.94,10
578262,313.65,107
578263,280.4,16
578264,123.64,33
578265,406.53000000000003,19
578266,141.68,41
578267,12.75,1
578268,5.45,1
578270,6936.5199999999995,442
578271,90.02,4
578272,198.31,13
578273,109.01,21
578275,188.38,34
578277,329.12,25
578278,488.25,46
578279,446.58,7
578281,213.8,15
578283,353.52,7
578284,71.6,5
578285,81.06,28
578286,90.47999999999999,1
578287,19.259999999999998,3
578288,49.0,7
578289,904.52,136
578290,778.92,37
578291,54.900000000000006,2
578292,708.76,72
578293,886.86,33
578294,91.45000000000002,5
578295,204.3,7
578296,94.80000000000001,2
578297,446.28,9
578298,398.7,17
578299,426.09,10
578300,310.0,2
578301,380.64,14
578302,718.89,38
578303,541.71,12
578304,407.4,5
578305,10584.77,132
578306,236.34,11
578307,353.03,53
578308,34.29,14
578309,256.8,14
578310,313.52,21
578311,20.8,1
578312,229.26,8
578313,130.13,7
578314,332.55,8
578315,319.33,19
578316,302.44,18
578317,710.6800000000001,38
578318,164.7,9
578319,107.76,4
578321,2990.0,4
578322,209.94,10
578323,212.85,23
578324,178.7,27
578325,178.47,27
578326,192.01,20
578330,277.98,2
578331,207.14000000000001,10
578333,332.96,12
578334,82.8,6
578335,417.56,26
578339,178.48,9
578341,279.35999999999996,2
578343,83.0,3
578345,264.6,3
578346,264.6,3
578348,162.5,11
578349,465.35,25
578350,306.35,14
578351,163.2,2
578352,129.5,6
578353,184.2,7
578354,468.52000000000004,23
578356,197.28,3
578357,188.49,18
578358,2210.64,12
578359,1074.0,6
578361,122.64,8
578362,1082.14,22
578364,220.2,12
578365,1092.1,12
578366,298.85,19
578369,136.65,20
578370,166.0,31
578372,37.239999999999995,2
578373,339.73,21
578375,240.39000000000001,5
578384,71.0,5
578400,168.13,46
578420,277.85,19
578425,72.0,1
578427,196.0,8
578429,521.21,54
578433,474.16,9
578441,285.35,3
578445,188.76,30
578451,69.6,1
578459,286.4,8
578461,193.75,11
578463,340.7,16
578468,220.62,18
578469,590.32,13
578470,237.74,13
578472,1750.46,59
578479,191.01000000000002,38
578480,317.5,12
578485,810.76,33
578488,518.42,58
578506,316.5,54
578508,150.6,40
578509,183.5,11
578510,534.73,66
578511,247.62,27
578512,435.88,5
578513,1463.64,55
578514,39.480000000000004,2
578515,153.76,40
578516,619.84,38
578517,772.54,22
578518,110.57000000000001,29
578519,373.5,91
578520,203.58,23
578521,203.38,43
578522,170.31,55
578523,150.76,16
578526,215.76,13
578530,301.14,10
578531,250.26,67
578532,289.62,18
578533,271.2,21
578534,415.25,32
578535,52.739999999999995,3
578541,2079.37,126
578544,314.58,16
578547,324.74,16
578548,253.60999999999999,52
578550,111.34,6
578551,677.83,60
578620,282.19,55
578621,121.66000000000001,6
578622,49.8,1
578623,158.42,7
578626,879.1,18
578627,312.0,10
578630,170.52,3
578631,189.8,8
578633,290.32,22
578634,112.38,7
578653,462.0,24
578661,392.76,13
578662,159.23,23
578663,93.78,6
578664,247.06,47
578665,427.08000000000004,11
578666,1060.25,66
578667,137.97,26
578668,195.0,5
578670,4.949999999999999,1
578671,66.0,1
578672,40.199999999999996,3
578674,39.480000000000004,1
578675,738.96,38
578676,154.48000000000002,30
578677,187.14000000000001,25
578678,462.76,97
578679,348.1,10
578680,239.66000000000003,13
578681,302.34,14
578682,963.1800000000001,20
578683,151.38,5
578684,35.400000000000006,2
578685,440.64,7
578686,362.95,20
578687,318.17,22
578688,292.67,40
578689,353.61,4
578690,138.55,9
578694,234.24,2
578695,36.8,3
578696,721.34,32
578697,337.4,22
578698,400.09,35
578699,336.96,5
578701,443.18,25
578702,1245.81,56
578703,261.11,47
578704,408.0,2
578705,125.22,17
578707,376.02,70
578708,56.6,2
578719,177.61,38
578736,706.5,15
578745,37.800000000000004,1
578757,420.41,125
578781,358.83,127
578782,2.1,1
578783,364.13,37
578785,345.9,4
578786,196.85,21
578787,232.65,12
578789,320.6,15
578790,191.32,38
578791,123.28999999999999,15
578792,293.78999999999996,6
578793,1909.6200000000001,10
578794,208.04,17
578795,308.86,13
578802,107.0,4
578804,102.3,8
578805,396.14,20
578806,543.4399999999999,22
578807,331.52,6
578808,671.83,52
578809,460.86,30
578810,208.70000000000002,7
578811,2016.78,49
578812,350.9,21
578813,100.9,3
578814,266.1,87
578815,308.64,19
578816,397.35,5
578817,275.62,68
578818,136.04,31
578819,790.06,11
578820,400.08000000000004,4
578821,441.0,3
578822,459.82,13
578824,289.1,59
578825,165.70000000000002,10
578826,279.75,17
578829,54.81,17
578830,182.15,9
578831,408.0,2
578834,524.74,31
578835,153.72,5
578836,156.09,23
578841,0.0,1
578843,202.47,33
578846,365.33,49
578848,14.11,2
578849,187.9,17
578850,223.79000000000002,31
578851,332.16999999999996,21
578852,400.62,107
578853,116.78,11
578854,388.42,13
578855,148.85,9
578856,707.8100000000001,40
578857,38.2,2
578858,758.3,82
578901,267.76,52
578914,170.06,15
578921,411.6,148
578922,218.4,32
578923,253.13,21
578924,307.90999999999997,19
578925,426.37,39
578926,528.71,85
578927,424.57,48
578928,687.86,75
578929,277.16,21
578931,261.71,52
578933,181.6,9
578934,213.07,33
578935,316.14,69
578936,506.61,65
578937,440.98,22
578938,25.200000000000003,1
578939,168.34,14
578941,251.24,64
578942,555.99,109
578943,348.84000000000003,28
578944,171.48,77
578945,125.83,19
578946,145.83,48
578947,534.58,51
578948,209.5,9
578949,336.17,85
578950,190.19,64
578951,499.23,8
578952,156.05,14
578953,208.71,38
578954,133.68,47
578977,464.77,59
578992,118.24000000000001,20
578993,244.86,54
578994,829.91,22
578995,599.62,100
578996,167.96,25
578997,165.0,16
578998,263.21,92
578999,230.89,49
579000,31.3,3
579001,470.9,100
579002,442.85,105
579003,231.95,10
579005,391.32,3
579006,128.88,1
579007,163.68,2
579008,389.28,4
579009,39.0,1
579010,103.6,4
579011,307.56,10
579012,164.93,26
579013,317.1,8
579014,552.48,8
579015,42.96,1
579016,387.78,7
579017,130.05,3
579027,295.43,9
579037,688.62,15
579039,154.4,9
579062,291.95,16
579067,163.55,8
579069,1073.23,59
579087,305.38,17
579089,111.11,32
579091,809.12,51
579093,2123.92,63
579094,882.6800000000001,38
579095,41.01,10
579096,350.92,11
579097,512.81,11
579098,192.2,55
579099,198.4,30
579100,345.44,25
579101,359.49,24
579102,805.6,43
579103,267.4,53
579106,1080.48,26
579107,16.5,1
579108,69.36,1
579109,34.8,2
579116,193.03,33
579121,91.06,4
579122,309.82,6
579123,139.6,4
579124,507.08,91
579125,445.81,28
579126,348.32000000000005,4
579128,161.39999999999998,5
579129,44.35,8
579130,163.01999999999998,4
579131,566.76,27
579132,223.56,52
579133,69.99,16
579134,499.56,22
579135,288.44,51
579136,316.93,13
579137,15.0,1
579138,313.14,15
579139,286.08,1
579141,276.68,76
579142,283.0,36
579143,265.24,15
579144,485.96,21
579145,718.05,52
579146,443.36,40
579147,187.1,44
579148,125.55,8
579149,361.62,20
579150,605.4,10
579151,139.92000000000002,2
579152,527.2,31
579153,245.1,13
579154,218.96,32
579155,113.42,28
579156,304.94,13
579157,213.3,15
579158,309.12,13
579159,152.43,9
579160,58.4,4
579161,404.66,83
579162,300.02,30
579163,730.08,4
579164,242.04000000000002,2
579165,217.81,13
579166,264.53000000000003,16
579167,1201.49,164
579168,546.04,43
579170,188.54000000000002,32
579171,371.74,39
579173,127.86,15
579174,309.51,15
579175,321.19,26
579176,280.46,12
579177,705.9000000000001,8
579179,71.09,7
579180,621.6,4
579181,208.79999999999998,1
579182,178.4,9
579183,481.68,4
579184,301.20000000000005,11
579185,114.60000000000001,2
579188,466.71999999999997,39
579189,976.8000000000001,2
579190,491.12,9
579191,216.0,1
579193,491.12,9
579194,206.32999999999998,11
579196,8107.72,533
579245,136.0,1
579249,1147.2,2
579250,279.05,13
579251,3821.36,3
579252,1034.4,2
579253,230.39999999999998,1
579254,301.32,19
579255,194.82,14
579256,247.32,16
579257,336.40000000000003,3
579258,301.29,20
579259,262.5,15
579260,257.4,8
579261,313.8,19
579262,93.84000000000002,2
579263,29.88,2
579264,44.2,3
579265,58.56,2
579267,1144.75,38
579268,300.16,19
579269,213.96,7
579270,246.3,14
579271,2586.6899999999996,10
579273,306.36,17
579274,301.25,20
579276,93.0,5
579278,197.10000000000002,6
579279,351.52,9
579280,107.9,6
579281,227.20000000000002,6
579282,127.76,7
579283,931.7,48
579284,3337.44,21
579285,160.35,8
579286,156.47,48
579287,152.32,9
579288,26.3,5
579293,216.75,49
579300,374.9,13
579301,293.15,88
579307,447.74,14
579328,164.57,10
579332,308.22,8
579339,337.28000000000003,5
579345,643.0,23
579350,807.68,17
579358,214.45000000000002,11
579364,194.54999999999998,5
579365,12.48,1
579387,137.07,32
579391,490.68,13
579393,566.98,29
579399,460.83,105
579400,696.8000000000001,7
579401,424.83000000000004,22
579402,348.35,3
579403,436.1,9
579404,275.85,12
579405,367.78000000000003,2
579406,304.9,7
579407,229.8,7
579408,584.14,96
579409,6.95,1
579410,64.56,3
579411,160.93,23
579412,333.92,23
579413,424.29,47
579414,390.37,50
579416,604.86,12
579419,94.02,6
579427,231.18,21
579430,198.33,45
579432,282.18,18
579433,302.87,18
579434,308.55,16
579435,43.5,2
579436,37.92,1
579437,31.85,2
579439,298.48,7
579440,471.98,23
579441,281.9,5
579442,262.8,15
579443,69.65,14
579444,395.97,20
579445,183.6,3
579446,528.48,32
579447,636.46,29
579448,4.68,1
579449,251.0,2
579450,967.5,1
579451,237.60000000000002,1
579452,225.0,1
579453,108.74,9
579454,70.81,7
579455,318.8,19
579456,218.47,74
579457,316.70000000000005,7
579458,339.21,126
579459,321.9,4
579461,1039.09,32
579462,310.78,10
579464,179.7,10
579465,220.85,35
579466,306.0,2
579467,287.51,15
579468,239.71,34
579469,179.0,1
579470,1079.27,194
579472,287.88,126
579473,392.06,24
579489,129.15,10
579491,322.07,64
579492,696.12,14
579493,344.62,18
579494,30.0,1
579495,327.48,8
579497,133.5,31
579498,3651.6,1
579499,574.98,29
579501,2075.81,29
579503,170.74,31
579505,444.87,7
579506,138.21,11
579507,261.68,16
579509,148.78,9
579510,727.0500000000001,27
579511,23.4,1
579513,123.15,3
579514,283.64,12
579515,370.13,19
579516,775.22,158
579517,34.120000000000005,7
579518,78.22,15
579520,186.68,47
579522,284.38,15
579523,729.6,7
579524,302.56,17
579525,1288.6399999999999,24
579526,170.16,3
579527,441.04,18
579528,119.0,4
579529,531.21,27
579530,288.36,19
579531,588.42,12
579533,329.85,17
579534,38.160000000000004,1
579535,353.40000000000003,18
579536,968.9,60
579538,1239.38,14
579539,350.97,18
579540,434.8,22
579541,287.64,46
579542,107.6,4
579543,16.66,2
579544,314.73,15
579545,931.46,18
579548,181.45,10
579549,163.22,12
579550,569.09,29
579551,450.40000000000003,9
579552,788.46,17
579553,760.71,31
579555,609.4,112
579556,126.66,23
579558,737.8000000000001,30
579559,169.20000000000002,57
579560,171.63,33
579561,149.01,24
579571,229.27,30
579572,329.4,14
579600,402.22,19
579605,295.90999999999997,28
579612,8.5,1
579619,117.54,5
579623,375.48,16
579629,248.17000000000002,28
579634,163.85,11
579666,428.73,22
579667,115.47,17
579668,405.47,26
579669,302.33,12
579670,146.91,7
579671,160.18,10
579672,1897.04,30
579673,223.60999999999999,52
579674,155.7,10
579675,327.51,12
579676,300.5,12
579677,173.81,7
579678,320.04,6
579679,105.05,14
579684,84.24000000000001,3
579685,311.97,15
579686,249.60000000000002,1
579687,273.0,2
579689,143.09,37
579690,141.72,44
579692,2843.29,68
579693,206.45,11
579708,506.96000000000004,19
579711,141.88,68
579712,122.32,13
579725,2.88,1
579741,163.59,68
579747,371.6,12
579749,753.1,34
579750,448.45,28
579754,366.23,39
579759,363.88,3
579768,482.96000000000004,9
579779,80.85000000000001,4
579784,1371.6,8
579786,307.79999999999995,4
579788,30.0,1
579789,75.35,5
579790,56.0,1
579792,1319.16,68
579807,315.66,13
579832,371.56,20
579834,200.04,7
579837,991.1999999999999,8
579840,109.6,10
579843,1348.5800000000002,27
579846,427.64,18
579848,220.57999999999998,10
579854,271.75,16
579865,109.68,8
579867,789.9,33
579868,328.32,22
579870,292.40999999999997,14
579872,278.82,17
579881,905.52,27
579885,1075.36,147
579899,251.59,12
579900,333.05,19
579901,208.19,10
579910,367.75,15
579916,402.96,3
579917,99.60000000000001,1
579920,352.56,4
579921,487.91999999999996,7
579922,302.28,5
579927,487.68,24
579936,780.0,1
579937,98.10000000000001,5
579938,1225.16,73
579939,215.25,4
579940,325.63,21
579941,414.48,24
579942,367.39000000000004,21
579943,373.74,22
579946,218.94,34
579947,16.5,1
579949,283.81,14
579954,498.43999999999994,16
579962,107.42,6
579980,136.85,27
579986,2251.51,14
579990,353.27,12
579991,282.56,23
580005,112.75999999999999,19
580021,351.15,11
580022,78.48,5
580023,360.3,6
580024,376.1,26
580025,241.97,49
580026,308.15999999999997,2
580027,420.12,69
580028,154.45000000000002,11
580029,385.30000000000007,6
580030,312.29,18
580031,151.02,2
580032,149.4,23
580033,270.40000000000003,8
580043,270.61,26
580044,334.39,21
580045,355.38,5
580046,315.61,10
580047,67.92999999999999,23
580048,139.03,51
580049,204.22,14
580050,132.97,25
580051,264.65000000000003,12
580052,90.0,1
580053,616.3199999999999,9
580054,441.76,83
580055,637.6,14
580057,460.3,8
580058,633.53,23
580059,861.85,24
580060,93.35,5
580061,759.3000000000001,9
580062,173.15,47
580063,1562.4,5
580064,255.34,23
580065,150.9,8
580066,389.87,18
580067,385.79999999999995,3
580068,41.25,1
580069,16.61,8
580070,287.9,8
580071,266.26,16
580073,148.54,18
580074,114.7,5
580075,231.27,17
580076,180.84,5
580077,304.7,20
580088,224.68,7
580089,464.11,18
580090,157.75,5
580091,194.13,10
580092,1121.79,61
580093,59.1,2
580094,164.68,30
580095,303.0,4
580096,545.78,15
580097,448.31,13
580098,345.53000000000003,13
580100,113.88000000000001,5
580101,525.9,21
580102,80.8,5
580103,548.91,42
580104,441.84000000000003,5
580105,520.66,15
580106,339.02000000000004,15
580107,311.0,20
580108,617.25,9
580109,322.74,6
580110,72.24,4
580111,1171.4,12
580112,300.84000000000003,6
580113,422.52,21
580114,289.52,14
580116,1274.69,19
580117,362.91,10
580118,393.91999999999996,14
580119,187.78,40
580120,277.02,10
580123,890.0,4
580125,313.5,10
580126,654.37,22
580127,309.2,19
580128,395.0,43
580129,634.21,37
580130,122.46000000000001,8
580132,464.88,6
580133,485.13,39
580134,308.06,15
580135,130.29,16
580136,633.38,125
580137,486.95,87
580138,188.76,3
580139,157.54000000000002,5
580140,849.24,42
580141,25.200000000000003,1
580142,51.18,3
580143,323.52,10
580144,179.39999999999998,6
580147,713.78,12
580149,5.45,1
580151,168.48000000000002,12
580152,310.32,27
580153,1436.93,48
580154,67.0,4
580155,429.06000000000006,6
580156,620.0600000000001,18
580157,22.939999999999998,7
580158,269.96,11
580159,77.50000000000001,2
580160,1314.75,57
580162,213.1,49
580163,273.78000000000003,13
580164,686.4,24
580166,312.64,5
580167,989.08,17
580169,81.36,1
580170,720.0,1
580172,129.35999999999999,1
580173,77.84,5
580175,62.5,1
580176,388.36,6
580177,24.96,1
580178,1852.68,16
580188,975.43,80
580189,237.60000000000002,1
580193,311.58,25
580208,156.4,9
580213,154.97,7
580214,42.36,2
580221,312.1,15
580235,360.0,1
580243,1187.2,1
580256,567.37,46
580257,92.5,1
580258,672.8,6
580259,189.18,7
580260,386.34000000000003,47
580261,78.45,3
580262,370.94,19
580264,232.0,1
580265,144.0,4
580272,522.41,95
580276,230.02,53
580277,121.11000000000001,5
580278,174.37,33
580279,1129.84,53
580280,318.06,8
580281,198.76,5
580282,201.85999999999999,13
580283,309.84,21
580284,252.10999999999999,19
580285,85.1,3
580286,176.88,11
580287,124.83,22
580288,129.17000000000002,8
580289,844.78,32
580290,202.85,33
580291,538.46,41
580292,264.99,5
580293,79.56,23
580294,271.99,21
580295,113.78999999999999,29
580296,243.73000000000002,48
580297,3404.0,8
580298,459.86,31
580299,310.93,15
580300,13.950000000000001,1
580301,192.07999999999998,11
580302,16.5,1
580303,135.0,4
580304,863.77,47
580305,385.56,127
580306,435.0,22
580307,42.879999999999995,16
580308,240.22,15
580309,433.12,13
580310,35.400000000000006,2
580311,894.25,55
580314,20.11,6
580315,40.8,1
580316,660.8399999999999,21
580317,584.52,25
580318,629.37,34
580319,310.18,14
580320,462.5,20
580321,50.400000000000006,2
580322,418.0,11
580331,204.0,1
580351,95.85000000000001,5
580355,411.32,7
580356,15.0,1
580357,945.13,26
580358,501.8,50
580360,515.7,27
580361,15.0,1
580362,247.10000000000002,13
580363,2685.0,1
580364,234.88,16
580368,39.599999999999994,1
580370,209.52000000000004,3
580371,104.0,1
580372,110.73,10
580373,310.99,15
580374,492.85,19
580375,507.12,9
580384,331.28,15
580385,283.54,24
580386,188.9,10
580387,116.39000000000001,6
580388,138.35,7
580389,297.73,18
580393,149.81,20
580394,207.76,6
580395,339.45,18
580396,212.14,55
580397,122.67999999999999,36
580398,75.84,3
580399,892.94,139
580400,246.16000000000003,15
580401,304.8,12
580402,659.65,38
580403,763.72,43
580404,285.44,18
580405,262.68,15
580419,240.67,17
580431,163.62,5
580432,486.22,15
580434,90.89,24
580436,186.96,3
580438,111.45,5
580441,229.16,13
580460,52.09,9
580468,118.53999999999999,38
580469,264.91,100
580482,421.87,73
580490,635.6800000000001,10
580500,1067.33,60
580501,499.99,73
580502,411.44,82
580503,156.5,21
580504,389.84,77
580505,285.58,37
580506,309.1,9
580509,361.35,21
580511,697.7,28
580512,389.62,19
580513,382.96,117
580514,334.7,26
580515,113.32000000000001,13
580516,292.96,65
580517,557.2,15
580518,442.3,14
580520,436.82,127
580523,411.65,64
580524,164.68,11
580525,231.99999999999997,4
580526,593.75,31
580527,374.37,115
580528,773.54,30
580529,124.01,15
580530,118.5,5
580531,92.55000000000001,4
580532,587.9200000000001,6
580533,96.3,1
580534,208.24,8
580535,126.12,7
580536,462.3,26
580538,316.78,8
580539,310.73,22
580540,404.83,18
580541,778.04,53
580542,52.019999999999996,3
580543,578.72,23
580544,391.46000000000004,25
580545,252.25,14
580548,69.0,4
580550,369.44,30
580552,194.98,10
580553,615.28,21
580554,286.8,2
580555,512.0,13
580556,121.8,2
580557,75.4,4
580558,198.4,5
580559,202.95000000000002,9
580595,484.1,22
580596,304.40999999999997,15
580598,323.1,9
580599,325.74,22
580600,146.01,28
580601,5.0,1
580602,116.84,7
580603,380.6,19
580606,60.400000000000006,2
580607,202.62,7
580608,232.3,10
580611,363.79,108
580613,755.12,50
580614,52.74000000000001,2
580615,1854.83,78
580619,219.19,31
580622,247.06,10
580630,535.1,13
580631,110.86,6
580632,764.34,143
580633,178.04,33
580634,297.48,9
580635,513.99,88
580636,449.92,36
580637,167.8,43
580638,147.01,7
580639,102.13,57
580640,186.8,92
580642,108.46000000000001,2
580643,326.05,17
580644,349.02,42
580645,1931.6,3
580646,1048.0,2
580647,446.57,72
580648,215.25,13
580650,353.78,25
580651,102.99000000000001,6
580652,2430.08,33
580653,775.84,21
580654,112.66,35
580655,22.049999999999997,4
580656,235.57,8
580657,300.54,20
580658,224.04000000000002,5
580659,156.1,22
580660,918.1600000000001,38
580661,108.69,17
580662,479.58,7
580663,12.5,1
580664,248.08,25
580665,5401.98,29
580666,81.6,1
580667,175.53,33
580668,5.48,4
580669,1352.48,39
580670,210.9,9
580671,378.36,19
580672,303.29,83
580673,3705.48,71
580675,1186.48,41
580676,117.97999999999999,20
580677,530.05,121
580678,120.03,46
580679,318.45,14
580680,591.01,15
580681,111.36,4
580682,186.12,16
580684,213.16,9
580685,347.6,16
580687,401.64,17
580688,142.35,12
580689,328.95,20
580690,90.04,7
580691,348.8,45
580692,187.71,20
580693,128.76,11
580694,240.32,18
580695,397.26,115
580696,189.3,20
580697,541.33,44
580700,89.94,7
580704,238.0,1
580705,712.48,34
580706,85.0,1
580712,305.43,15
580713,109.55,5
580716,168.9,11
580717,507.55,6
580718,30.0,1
580719,534.96,6
580720,354.18,68
580721,332.58000000000004,22
580722,147.56,5
580723,494.62,33
580725,300.21999999999997,20
580727,8935.98,529
580728,158.36,8
580731,199.29,51
580733,205.94,12
580734,718.4300000000001,22
580735,587.85,32
580736,375.59000000000003,24
580737,394.06,26
580738,319.08000000000004,6
580742,1225.0,5
580744,1761.16,17
580745,145.0,1
580746,200.45000000000002,8
580750,763.0600000000001,39
580752,680.99,36
580753,636.63,30
580755,82.8,2
580756,77.28,5
580757,497.11,26
580758,31.2,2
580759,678.2,48
580760,99.66,8
580763,791.0400000000001,2
580765,61.199999999999996,1
580771,203.1,41
580772,41.989999999999995,3
580774,116.10000000000001,5
580775,33.0,1
580776,262.12,25
580777,153.45000000000002,11
580778,82.04,7
580808,309.22,22
580816,430.70000000000005,36
580819,312.62,33
580820,3.2,2
580822,114.61,24
580830,101.09,6
580831,897.35,61
580833,202.87,45
580848,109.75,37
580852,179.5,11
580865,336.43,80
580872,208.0,50
580873,3895.8599999999997,15
580874,557.44,16
580875,730.38,49
580876,125.16000000000001,64
580877,221.87,34
580878,471.9,11
580879,137.09,31
580880,771.16,39
580881,83.2,4
580882,102.80000000000001,3
580883,231.74,14
580884,437.93,126
580885,356.40000000000003,1
580887,156.9,25
580888,325.44,1
580889,29.419999999999998,9
580890,348.72,3
580891,172.4,14
580892,302.04,3
580893,172.21,49
580894,417.0,4
580901,244.41,17
580902,569.12,5
580903,230.06,68
580904,429.36,31
580905,106.53,6
580906,339.48,4
580907,456.37,34
580908,437.9,64
580909,330.28000000000003,16
580910,1363.2000000000003,7
580911,337.75,21
580914,167.63,36
580915,218.0,9
580916,6.3100000000000005,9
580937,475.58000000000004,23
580939,476.36,21
580955,172.06,12
580956,974.01,184
580958,176.17,55
580959,366.77,15
580960,140.6,33
580961,135.05,4
580962,59.66,4
580963,390.09000000000003,13
580964,445.27,17
580965,369.73,20
580967,138.25,6
580969,160.98,7
580972,706.64,26
580973,210.35000000000002,12
580974,307.15000000000003,21
580975,61.199999999999996,1
580977,124.2,5
580978,839.08,9
580979,529.04,30
580980,662.7,24
580981,509.4,30
580982,438.58,61
580984,295.6,5
580985,4414.88,17
580986,314.44,20
580987,720.0,1
580988,178.7,10
580992,87.3,6
580993,274.8,4
580996,168.63,24
580997,691.64,71
580998,231.93,22
580999,184.87,47
581000,382.47,19
581001,694.77,19
581002,425.19,14
581003,1273.15,63
581004,335.2,7
581005,83.62,5
581006,1186.78,52
581007,187.92000000000002,2
581008,361.79999999999995,2
581010,218.53,15
581011,221.44,6
581013,630.6,13
581014,175.5,6
581015,518.23,43
581016,226.35000000000002,10
581017,110.8,8
581018,275.76,7
581019,204.86,13
581020,4949.24,40
581021,341.96999999999997,24
581022,142.6,7
581027,450.8,22
581034,396.0,20
581057,217.33,15
581058,135.0,4
581059,301.20000000000005,15
581064,193.08,14
581068,244.66000000000003,5
581074,335.77,17
581095,138.67000000000002,12
581096,186.4,10
581097,1170.0,1
581098,1396.96,51
581099,242.37,12
581101,114.14,19
581104,333.02,20
581105,8345.2,7
581107,2046.0,1
581108,204.38,9
581110,2002.5,1
581112,323.94,14
581113,130.82,15
581114,361.34,31
581115,3861.0,1
581116,213.48,19
581118,212.4,13
581119,44.5,3
581120,121.56,9
581122,752.39,31
581123,340.39,19
581125,194.42,69
581126,367.88,23
581127,15.0,1
581129,864.9399999999999,36
581130,125.75,8
581131,306.7,22
581132,320.93,16
581133,628.48,47
581134,194.95000000000002,50
581135,561.84,7
581136,51.0,1
581137,321.34000000000003,15
581138,360.0,4
581139,822.6800000000001,7
581140,152.75,4
581141,315.13,20
581142,161.03,44
581143,40.4,2
581144,230.7,15
581146,1088.69,120
581147,245.02,42
581149,469.48,77
581150,21.41,8
581163,438.5,7
581164,558.99,57
581165,318.94,29
581166,314.69,81
581167,357.2,14
581168,344.66,12
581169,612.4,10
581170,885.98,9
581171,422.85,20
581172,321.72,6
581173,264.91,50
581174,317.92,16
581175,10901.539999999999,77
581176,575.88,8
581177,183.12,2
581179,2238.5099999999998,38
581180,224.82,11
581181,301.56,18
581182,400.58,17
581183,151.38,10
581184,106.9,5
581185,270.0,3
581186,247.8,8
581187,598.6,11
581188,893.6,47
581191,425.69,59
581192,252.72,29
581193,144.15,53
581194,312.22,18
581195,12.48,1
581196,331.3,18
581214,482.28000000000003,10
581215,445.84000000000003,8
581216,822.62,24
581218,426.12,32
581220,302.4,27
581221,275.4,6
581222,105.60000000000001,3
581223,83.6,7
581224,111.83,10
581225,657.12,19
581227,47.040000000000006,2
581230,537.89,34
581231,19.8,1
581232,683.2,7
581233,196.89,12
581236,124.54,9
581237,379.51,55
581241,343.5,18
581246,135.28,30
581251,177.9,11
581252,152.57999999999998,8
581253,115.95,19
581266,1188.2,57
581279,165.9,3
581281,692.67,13
581285,302.1,12
581291,139.9,8
581310,179.76,72
581324,94.47999999999999,6
581325,251.02,20
581327,329.92,12
581333,103.95,5
581334,835.13,133
581335,128.76,12
581336,318.51,17
581338,250.6,1
581345,190.18,16
581352,157.16,46
581356,111.05,7
581357,186.47,15
581358,93.89999999999999,5
581361,158.45999999999998,6
581375,3599.4,12
581376,406.42,54
581377,344.17,14
581378,112.47,23
581379,212.51,12
581380,194.07,7
581381,338.5,24
581382,319.45,20
581383,266.64,18
581385,360.0,2
581394,11.8,1
581395,123.12,20
581396,404.1,3
581397,185.89999999999998,7
581398,604.3,9
581399,200.5,14
581400,425.02,52
581401,332.76,26
581402,403.03,36
581403,341.86,21
581404,638.38,63
581405,368.95,183
581407,207.35,48
581410,1681.54,25
581411,238.3,6
581412,1095.95,115
581413,435.24,15
581414,244.93,71
581415,333.68,12
581416,227.39,12
581417,295.1,8
581418,294.18,13
581419,674.25,27
581420,433.16,35
581421,385.89,12
581423,145.7,6
581424,154.05,9
581425,427.23,88
581426,227.25,23
581427,207.70000000000002,12
581428,34.68,2
581429,113.67,9
581430,92.24000000000001,4
581432,341.76,4
581433,1084.14,72
581434,115.46000000000001,6
581436,442.90000000000003,15
581437,302.86,16
581438,346.91999999999996,12
581442,349.35,9
581443,200.52,14
581445,148.4,14
581448,207.6,9
581449,138.82,19
581450,100.66,30
581451,388.68,25
581452,728.9200000000001,18
581453,312.74,19
581454,252.23,10
581455,652.28,11
581456,215.81,39
581457,10363.82,11
581458,1080.0,1
581459,864.0,1
581461,150.84,4
581467,151.83,49
581469,125.65,33
581471,199.29,27
581472,447.65000000000003,17
581473,96.89,32
581474,61.55,24
581475,280.24,19
581476,2618.89,65
581477,291.78000000000003,10
581478,391.02,18
581479,29.5,1
581480,305.7,9
581481,242.3,16
581482,488.4,6
581483,168469.6,1
581485,741.9,3
581486,407.68,16
581487,406.8,1
581488,415.6,3
581489,171.60000000000002,2
581491,19.799999999999997,1
581493,208.64000000000001,17
581494,339.14,18
581495,1203.9,15
581496,598.97,32
581500,103.3,3
581501,485.0,24
581502,133.35,20
581514,200.99,24
581516,382.01,15
581538,197.09,74
581566,469.43999999999994,1
581567,389.21000000000004,12
581570,224.95000000000002,13
581571,494.6,20
581572,250.52,4
581574,277.08,13
581578,848.55,38
581579,903.62,30
581580,94.11,24
581581,51.18,3
581582,29.88,2
581583,124.60000000000001,2
581584,140.64000000000001,2
581585,329.05,21
581586,339.2,4
581587,267.45,16
C489449,-196.10000000000002,9
C489459,-148.3,13
C489476,-12.600000000000001,1
C489503,-13.45,2
C489504,-15.299999999999999,1
C489518,-38.4,3
C489524,-12.75,1
C489527,-43.949999999999996,3
C489528,-7.95,1
C489530,-4.25,1
C489534,-5.95,1
C489535,-28.0,2
C489538,-36.58,2
C489541,-11.8,1
C489543,-17.9,1
C489549,-15.9,1
C489551,-6.95,1
C489553,-27.29,2
C489554,-18.65,2
C489555,-19.5,1
C489563,-214.2,9
C489565,-25.200000000000003,1
C489568,-18.4,4
C489570,-22.4,4
C489577,-96.8,3
C489578,-2.95,1
C489583,-23.35,4
C489587,-4.25,1
C489588,-36.95,3
C489589,-6.3,2
C489591,-16.35,1
C489592,-5.1,1
C489595,-14.95,1
C489605,-15.9,1
C489610,-29.55,6
C489632,-16.25,2
C489636,-74.6,11
C489643,-30.3,5
C489651,-5.1,1
C489685,-28.95,2
C489686,-1.7,1
C489689,-21.9,1
C489713,-208.75,3
C489771,-2.95,1
C489799,-7.8,2
C489803,-10.95,1
C489813,-51.900000000000006,2
C489828,-8.5,1
C489858,-20.4,2
C489911,-41.5,3
C489955,-3.35,2
C489958,-51.269999999999996,2
C489973,-10.45,2
C490051,-36.9,2
C490076,-4.95,1
C490096,-1.65,1
C490098,-6.25,1
C490117,-62.99,2
C490120,-354.45,18
C490122,-10.2,2
C490126,-5.95,1
C490129,-1998.49,1
C490131,-15.0,1
C490133,-3341.46,5
C490148,-2.95,1
C490153,-45.75,3
C490155,-5.95,1
C490251,-4.25,1
C490269,-13.45,2
C490283,-24.15,5
C490296,-28.0,1
C490306,-30.599999999999998,1
C490309,-14.850000000000001,1
C490343,-30.0,1
C490348,-24.75,3
C490350,-7.5,1
C490358,-145.35,5
C490402,-6.35,1
C490460,-12.7,1
C490462,-10.95,1
C490469,-52.0,4
C490475,-15.0,1
C490480,-8.5,1
C490492,-12.75,1
C490495,-12.75,1
C490497,-6.35,1
C490498,-2.55,1
C490507,-11.24,3
C490509,-24.4,2
C490510,-17.0,2
C490513,-38.95,9
C490520,-5.45,1
C490532,-59.5,1
C490544,-29.700000000000003,1
C490565,-49.650000000000006,3
C490666,-12.75,1
C490700,-67.5,9
C490701,-5.8,2
C490702,-21.0,2
C490721,-14.0,2
C490739,-87.3,2
C490740,-8.95,1
C490742,-24.9,2
C490743,-9.95,1
C490744,-26.75,5
C490746,-78.35,4
C490748,-309.73,1
C490756,-3.75,2
C490768,-52.400000000000006,2
C490773,-19.9,2
C490798,-354.45,18
C490807,-1213.02,37
C490866,-28.8,5
C490923,-14.850000000000001,1
C490929,-39.6,2
C490931,-7.95,1
C490934,-2.55,1
C490935,-88.25,9
C490939,-15.299999999999999,1
C490942,-658.63,36
C490943,-15.0,1
C490946,-1213.02,37
C490947,-1.65,1
C490949,-1.65,1
C490973,-6.2,2
C490974,-3.75,1
C490977,-17.700000000000003,1
C490979,-19.049999999999997,1
C490980,-26.35,3
C490983,-3.75,1
C490985,-39.8,1
C490986,-12.75,1
C490987,-48.75,2
C490988,-11.9,2
C490991,-11.9,2
C490993,-17.2,2
C490994,-6.35,1
C490995,-76.5,1
C490996,-308.82,22
C490997,-15.95,2
C491000,-1.65,1
C491001,-14.95,1
C491002,-67.5,2
C491003,-70.9,6
C491004,-21.200000000000003,3
C491005,-7.95,1
C491012,-2.5,1
C491013,-34.6,3
C491015,-12.75,1
C491016,-12.600000000000001,1
C491017,-4.95,1
C491018,-17.65,2
C491019,-40.9,3
C491020,-31.8,1
C491021,-6.75,1
C491022,-45.150000000000006,3
C491023,-700.4,2
C491027,-237.60000000000002,1
C491028,-16.95,1
C491029,-16.2,3
C491030,-31.200000000000003,1
C491031,-9.95,1
C491032,-10.5,2
C491036,-25.5,1
C491037,-29.75,1
C491040,-16.1,3
C491052,-60.78,3
C491076,-19.049999999999997,1
C491080,-26.369999999999997,2
C491084,-10.49,3
C491099,-14.1,4
C491121,-5.5,2
C491130,-11.9,1
C491156,-62.4,3
C491157,-40.0,1
C491162,-7.5,2
C491166,-59.45,4
C491168,-6.75,1
C491190,-439.28000000000003,27
C491208,-43.8,4
C491213,-2.95,1
C491260,-35.4,3
C491369,-38.160000000000004,1
C491370,-12.75,1
C491398,-40.8,2
C491402,-37.44,7
C491404,-19.9,1
C491409,-0.65,1
C491410,-59.45,4
C491411,-17.85,2
C491412,-30.0,1
C491413,-11.25,1
C491414,-19.0,8
C491415,-10.95,1
C491416,-4.95,1
C491417,-22.45,2
C491418,-27.8,1
C491419,-10.75,2
C491420,-17.700000000000003,1
C491423,-11.149999999999999,2
C491428,-9.1,1
C491430,-22.95,3
C491441,-37.95,6
C491446,-79.5,2
C491455,-13.5,1
C491458,-9.9,1
C491459,-13.5,1
C491460,-71.4,4
C491461,-34.099999999999994,4
C491466,-40.3,7
C491467,-17.9,1
C491469,-8.45,2
C491494,-12.75,1
C491521,-69.3,4
C491533,-17.0,2
C491544,-7.6499999999999995,2
C491545,-12.75,1
C491546,-1.25,1
C491551,-5.0,2
C491588,-7.5,1
C491589,-9.9,1
C491590,-8.95,1
C491591,-11.25,3
C491592,-2.95,1
C491593,-201.60000000000002,1
C491594,-85.3,6
C491595,-29.700000000000003,1
C491596,-5.9,1
C491598,-2.1,1
C491599,-15.2,2
C491600,-27.900000000000002,1
C491602,-9.9,1
C491604,-27.45,4
C491605,-12.899999999999999,2
C491606,-10.17,1
C491608,-2.95,1
C491609,-7.95,1
C491610,-38.87,1
C491611,-9.9,1
C491614,-36.4,5
C491615,-30.299999999999997,2
C491616,-9.95,1
C491618,-34.5,5
C491619,-10.95,1
C491620,-45.0,4
C491621,-3.75,1
C491623,-15.0,1
C491626,-33.9,1
C491632,-11.440000000000001,2
C491650,-8.95,1
C491676,-128.55,4
C491689,-1.25,1
C491693,-4.25,1
C491705,-22.5,1
C491723,-81.6,1
C491727,-53.699999999999996,3
C491728,-48.85,7
C491739,-9.95,1
C491740,-20.85,1
C491741,-9.05,2
C491761,-25.5,1
C491808,-7.5,1
C491818,-29.9,1
C491819,-5.9,1
C491820,-26.55,4
C491821,-4.95,1
C491822,-5.9,1
C491823,-17.0,3
C491824,-10.4,1
C491827,-61.9,5
C491830,-1.95,1
C491836,-9.9,1
C491838,-48.449999999999996,2
C491842,-13.919999999999998,2
C491962,-0.59,1
C491985,-19.8,1
C491989,-36.0,1
C492010,-13.5,1
C492013,-99.86,3
C492180,-19.45,2
C492194,-1.63,2
C492201,-73.75,1
C492211,-272.0,1
C492213,-14.85,2
C492280,-1.65,1
C492320,-6.35,1
C492400,-9.9,1
C492402,-78.2,2
C492422,-14.95,1
C492447,-39.8,1
C492496,-6.35,1
C492532,-13.65,3
C492533,-3.75,1
C492541,-99.0,1
C492575,-19.45,2
C492590,-11.9,1
C492633,-2.95,1
C492636,-169.95,3
C492648,-16.95,1
C492649,-11.7,2
C492651,-803.25,1
C492653,-76.3,5
C492654,-18.85,3
C492655,-7.65,1
C492656,-17.9,1
C492657,-24.35,4
C492658,-8.5,1
C492660,-17.650000000000002,3
C492661,-20.55,3
C492662,-17.3,2
C492663,-4.95,1
C492664,-3.25,1
C492665,-17.95,2
C492666,-17.700000000000003,1
C492667,-47.349999999999994,5
C492668,-25.4,1
C492669,-49.5,2
C492670,-4.0,3
C492671,-14.95,1
C492672,-4.95,1
C492673,-6.9,2
C492674,-38.9,3
C492675,-7.95,1
C492676,-21.25,2
C492677,-13.5,1
C492678,-16.110000000000003,5
C492679,-25.5,1
C492681,-23.73,1
C492682,-5.85,2
C492683,-48.05,3
C492685,-6.75,1
C492689,-16.95,1
C492690,-9.9,1
C492691,-6.9,1
C492692,-14.850000000000001,1
C492693,-6.85,1
C492698,-7.95,1
C492699,-6.35,1
C492700,-9.9,2
C492701,-17.0,1
C492702,-4.95,1
C492704,-2.74,2
C492709,-39.9,6
C492712,-15.9,1
C492715,-7.5,1
C492721,-17.0,1
C492739,-106.0,1
C492758,-3.9,2
C492759,-13.860000000000001,2
C492802,-4.25,1
C492821,-59.400000000000006,1
C492826,-1.25,1
C492827,-3.35,2
C492828,-11.9,1
C492829,-35.3,3
C492833,-1.25,1
C492887,-37.7,2
C492899,-547.3,1
C492911,-97.75,1
C492926,-74.1,3
C492932,-896.8499999999999,10
C492939,-20.55,3
C492946,-1.67,2
C493065,-93.60000000000001,1
C493072,-7.95,1
C493078,-35.400000000000006,2
C493080,-8.5,1
C493081,-10.2,1
C493082,-3.75,1
C493083,-7.6,1
C493085,-22.740000000000002,3
C493086,-6.35,1
C493087,-3.75,1
C493088,-10.649999999999999,2
C493089,-11.1,1
C493090,-51.75,5
C493091,-0.65,1
C493092,-23.8,3
C493168,-177.60000000000002,1
C493182,-3.75,1
C493190,-68.14,26
C493191,-22.96,11
C493259,-6.35,1
C493262,-44.75,3
C493329,-45.75,5
C493332,-15.0,1
C493362,-3.3,1
C493373,-64.37,1
C493411,-4.25,1
C493415,-23.85,1
C493426,-3.39,1
C493430,-15.95,4
C493431,-16.7,3
C493440,-16.29,3
C493441,-14.0,2
C493445,-47.4,5
C493535,-56.99,9
C493538,-50.0,1
C493539,-5.85,1
C493541,-15.9,1
C493647,-1.25,1
C493673,-47.75,14
C493689,-33.5,3
C493795,-18.0,3
C493805,-10.9,1
C493807,-13.9,2
C493808,-56.400000000000006,4
C493809,-3.45,1
C493811,-14.05,3
C493822,-17.700000000000003,1
C493823,-13.56,1
C493829,-4.25,1
C493830,-24.9,2
C493831,-14.95,1
C493832,-5.0,1
C493833,-61.19,2
C493835,-28.650000000000002,2
C493836,-114.6,5
C493838,-3.75,1
C493839,-9.95,1
C493849,-38.06,9
C493850,-9.95,1
C493851,-35.5,2
C493852,-6.6,1
C493853,-19.66,2
C493854,-22.5,3
C493855,-16.8,1
C493856,-16.35,1
C493857,-2.95,1
C493859,-86.2,4
C493861,-23.75,2
C493862,-4.25,1
C493864,-10.25,2
C493867,-20.3,4
C493868,-17.15,2
C493869,-4.25,1
C493870,-16.7,3
C493871,-8.5,1
C493898,-780.52,1
C493940,-21.900000000000002,4
C493984,-10.43,1
C493986,-26.85,2
C493992,-131.39999999999998,1
C494024,-17.6,1
C494033,-139.8,1
C494041,-131.39999999999998,8
C494043,-39.599999999999994,1
C494044,-50.849999999999994,1
C494151,-13.100000000000001,2
C494205,-46.349999999999994,2
C494215,-72.0,1
C494238,-25.5,2
C494242,-7.95,1
C494247,-13.9,1
C494270,-15.299999999999999,1
C494271,-9.95,1
C494331,-3.3,1
C494332,-11.7,1
C494333,-12.75,1
C494334,-23.36,4
C494347,-751.11,1
C494352,-546.95,1
C494353,-323.88,1
C494355,-174.75,1
C494356,-780.52,1
C494358,-27.549999999999997,2
C494360,-161.25,1
C494361,-19.84,4
C494363,-22.95,3
C494365,-34.349999999999994,4
C494366,-3.75,1
C494367,-19.9,2
C494368,-4.41,1
C494369,-4.25,1
C494370,-7.5,1
C494371,-116.62,10
C494372,-13.2,2
C494430,-5.0,1
C494431,-7.95,1
C494444,-0.84,1
C494448,-15.0,1
C494449,-3.45,1
C494452,-6.35,1
C494453,-50.55,2
C494457,-19.25,2
C494466,-16.25,3
C494474,-31.5,3
C494486,-67.2,3
C494488,-41.64,2
C494489,-4.95,1
C494491,-59.45,5
C494492,-23.0,4
C494493,-4.25,1
C494494,-62.2,8
C494496,-32.55,2
C494497,-27.75,4
C494500,-31.8,3
C494501,-23.4,1
C494502,-9.95,1
C494592,-12.55,3
C494593,-59.65,4
C494604,-98.35,7
C494629,-46.800000000000004,1
C494650,-12.3,2
C494712,-17.15,3
C494791,-16.35,2
C494793,-25.5,1
C494801,-19.4,6
C494802,-8.5,1
C494869,-5.59,2
C494877,-40.8,1
C494907,-302.40000000000003,1
C494909,-15.9,2
C494926,-20.200000000000003,2
C494927,-79.5,1
C494928,-7.5,2
C494929,-19.2,2
C494949,-21.9,4
C494954,-21.599999999999998,2
C494957,-5.1,1
C494973,-496.5,2
C494984,-70.0,1
C494985,-43.75,3
C494986,-10.95,1
C494988,-4.6,2
C494992,-105.03,11
C495012,-514.8100000000001,16
C495014,-9.95,1
C495015,-3.75,1
C495017,-20.37,2
C495018,-12.25,3
C495019,-21.450000000000003,2
C495021,-13.7,2
C495023,-6.5,1
C495024,-7.6499999999999995,1
C495025,-13.200000000000001,1
C495026,-12.75,1
C495032,-3.4,2
C495034,-26.700000000000003,4
C495035,-15.9,1
C495036,-11.799999999999999,2
C495037,-10.95,1
C495040,-5.0,1
C495043,-6.59,3
C495054,-756.85,1
C495060,-15.0,1
C495065,-6.25,1
C495076,-13.25,2
C495088,-79.95,1
C495101,-3.59,2
C495103,-10.95,1
C495147,-39.400000000000006,2
C495155,-22.7,2
C495170,-63.970000000000006,12
C495172,-19.25,2
C495173,-22.2,3
C495174,-16.8,1
C495175,-63.64,10
C495181,-12.75,1
C495186,-34.15,8
C495190,-13.0,3
C495231,-756.85,1
C495234,-1193.89,1
C495281,-32.5,4
C495309,-15.899999999999999,2
C495319,-115.49000000000001,22
C495341,-5.0,1
C495368,-9.95,1
C495373,-16.439999999999998,2
C495468,-8.4,4
C495502,-58.4,11
C495511,-5.49,1
C495516,-46.75,6
C495525,-17.9,2
C495528,-8.7,2
C495552,-96.6,2
C495579,-4.93,1
C495582,-20.25,3
C495585,-48.38,11
C495586,-8.5,1
C495587,-18.95,1
C495632,-11.2,2
C495635,-40.5,1
C495679,-8.5,1
C495685,-12.9,2
C495697,-126.24999999999999,6
C495705,-45.0,1
C495714,-39.0,1
C495723,-81.0,1
C495737,-10.5,1
C495738,-26.25,1
C495739,-10.5,1
C495740,-14.0,1
C495741,-13.14,1
C495743,-18.38,1
C495744,-91.89,1
C495751,-26.19,1
C495757,-10.49,1
C495759,-15.75,1
C495761,-13.14,1
C495762,-125.78,1
C495764,-13.13,1
C495767,-50.76,1
C495769,-18.38,1
C495770,-36.75,1
C495771,-13.12,1
C495772,-22.95,1
C495775,-40.0,1
C495778,-10.51,1
C495779,-15.74,1
C495785,-23.63,1
C495790,-21.85,1
C495793,-36.75,1
C495796,-15.76,1
C495797,-10.51,1
C495800,-103.5,1
C495813,-27.799999999999997,3
C495814,-38.6,3
C495873,-6.8,2
C495881,-17.0,1
C495911,-19.88,1
C495914,-15.9,1
C495923,-15.0,1
C495924,-6.75,1
C495930,-5.95,1
C495931,-2.55,1
C495932,-3.75,1
C495933,-13.51,3
C495934,-1.25,1
C495943,-14.7,2
C495944,-14.25,3
C495959,-15.9,1
C495961,-82.5,1
C495964,-34.15,6
C496000,-303.8,20
C496001,-13.5,2
C496009,-28.5,1
C496015,-13.5,2
C496016,-5.45,2
C496021,-9.95,2
C496035,-18.7,2
C496055,-2.55,1
C496071,-45.72,1
C496084,-14.09,5
C496087,-12.0,4
C496114,-24.6,1
C496116,-8985.6,1
C496118,-1065.54,1
C496123,-165.03,1
C496202,-12.75,1
C496218,-9.95,1
C496219,-54.22,6
C496223,-9.9,1
C496224,-15.25,2
C496225,-19.9,4
C496226,-27.2,4
C496227,-5.45,1
C496228,-5.2,2
C496229,-14.700000000000001,1
C496231,-4.95,1
C496234,-6.6,1
C496240,-32.9,2
C496241,-20.85,1
C496242,-9.88,1
C496243,-5.1,1
C496244,-12.7,2
C496269,-244.77,1
C496287,-103.55000000000001,3
C496295,-7.95,1
C496312,-51.9,1
C496314,-124.79999999999998,2
C496320,-29.9,2
C496328,-40.0,1
C496358,-56.0,1
C496360,-5.95,1
C496362,-19.15,2
C496384,-8.5,1
C496437,-15.9,1
C496468,-818.19,1
C496472,-9.3,1
C496483,-1.65,1
C496484,-5.07,1
C496492,-2.55,1
C496494,-16.259999999999998,5
C496495,-1.3,1
C496497,-17.65,3
C496498,-7.95,1
C496501,-2.1,1
C496511,-8.5,1
C496515,-13.0,1
C496550,-7.95,1
C496583,-0.85,1
C496586,-608.5,1
C496598,-5.0,1
C496610,-2.1,1
C496621,-33.0,1
C496630,-43.199999999999996,2
C496687,-14.999999999999998,3
C496727,-27.339999999999996,4
C496735,-4.25,1
C496739,-12.75,1
C496743,-6.4,2
C497003,-19.9,1
C497022,-3.75,1
C497023,-14.85,2
C497026,-21.519999999999996,6
C497028,-4.8,1
C497032,-4.949999999999999,1
C497034,-18.6,2
C497037,-7.8500000000000005,2
C497040,-17.7,5
C497041,-318.0,1
C497042,-10.2,1
C497051,-8.97,1
C497059,-2.5,1
C497070,-6.3,3
C497078,-5.9,1
C497150,-31.200000000000003,2
C497151,-16.2,3
C497156,-3.9,1
C497158,-446.5,1
C497159,-1.06,1
C497161,-10.95,1
C497162,-58.2,3
C497164,-45.0,1
C497171,-4.949999999999999,1
C497177,-9.75,1
C497181,-28.55,3
C497193,-35.65,9
C497194,-1.25,1
C497199,-27.25,4
C497206,-6.6,1
C497224,-183.69,16
C497231,-49.5,1
C497239,-20.4,3
C497243,-2.95,1
C497245,-2.95,1
C497338,-365.1,1
C497375,-29.95,1
C497381,-1.25,1
C497487,-27.25,4
C497502,-2.95,1
C497503,-9.3,1
C497505,-41.12,1
C497507,-4.6,3
C497513,-10.95,1
C497585,-419.65,16
C497595,-44.550000000000004,1
C497611,-12.7,1
C497613,-21.25,2
C497614,-10.08,1
C497616,-22.15,3
C497617,-11.85,3
C497621,-23.18,7
C497737,-3.75,3
C497789,-13.05,2
C497790,-8.899999999999999,3
C497793,-7.95,1
C497810,-25.35,5
C497877,-23.8,1
C497878,-117.0,2
C497886,-13.75,2
C497900,-7.15,2
C497904,-1.25,1
C497927,-10.899999999999999,3
C497930,-12.75,1
C497951,-1508.65,1
C497964,-141.60000000000002,1
C498023,-19.65,2
C498040,-29.950000000000003,3
C498050,-10.95,3
C498051,-7.6499999999999995,1
C498092,-8.5,1
C498109,-11.25,1
C498111,-14.850000000000001,1
C498113,-82.85000000000001,5
C498115,-67.65,5
C498122,-5.95,1
C498129,-10.95,1
C498140,-20.4,2
C498151,-3630.7999999999997,1
C498196,-18.95,1
C498201,-61.900000000000006,2
C498214,-9.9,1
C498271,-19.5,1
C498280,-139.57,26
C498286,-12.75,1
C498293,-12.4,2
C498295,-11.25,1
C498296,-22.7,2
C498297,-11.9,1
C498299,-16.5,3
C498302,-72.5,1
C498304,-9.600000000000001,1
C498306,-8.22,1
C498308,-17.14,2
C498337,-14.95,1
C498339,-124.80000000000001,2
C498342,-15.2,2
C498344,-24.78,3
C498356,-5.95,1
C498358,-2.07,2
C498390,-20.7,2
C498402,-7.95,1
C498408,-75.9,2
C498420,-947.08,1
C498422,-62.0,1
C498424,-8.64,1
C498425,-19.5,1
C498426,-33.599999999999994,5
C498427,-11.6,4
C498428,-14.95,1
C498506,-40.32,1
C498509,-10.95,1
C498520,-66.27,4
C498544,-14.850000000000001,1
C498551,-5.95,1
C498556,-127.2,1
C498557,-142.2,2
C498563,-44.65,7
C498572,-2.9,1
C498576,-198.18,12
C498580,-8.5,1
C498582,-9.2,2
C498583,-23.700000000000003,3
C498586,-7.5,1
C498591,-4.25,1
C498595,-1296.0,2
C498598,-79.95,1
C498599,-16.95,1
C498600,-9.95,1
C498602,-4.95,1
C498603,-7.800000000000001,4
C498604,-90.4,11
C498605,-14.35,3
C498606,-23.65,2
C498607,-7.5,1
C498608,-12.75,1
C498609,-17.65,2
C498619,-3.75,1
C498703,-32.08,8
C498735,-89.69999999999999,1
C498737,-1.95,1
C498760,-5.0,1
C498761,-7.5,1
C498777,-7.049999999999999,2
C498781,-35.1,2
C498782,-2.95,1
C498784,-34.06,19
C498813,-14.4,2
C498821,-2.9,1
C498839,-7.5,1
C498854,-38.15,3
C498915,-3.95,1
C498920,-3.25,1
C498922,-17.700000000000003,1
C498985,-16.85,3
C499008,-68.55000000000001,4
C499037,-5.949999999999999,3
C499060,-20.4,3
C499068,-30.599999999999998,2
C499160,-67.5,1
C499161,-18.7,2
C499162,-25.5,1
C499203,-6.75,1
C499217,-10.55,3
C499224,-16.1,5
C499243,-77.35000000000001,1
C499251,-20.55,3
C499265,-63.75,1
C499277,-4.23,2
C499278,-33.0,2
C499280,-2.95,1
C499281,-7.57,2
C499282,-730.0799999999999,1
C499283,-7.06,1
C499286,-22.75,4
C499287,-25.3,4
C499288,-37.7,2
C499289,-15.6,3
C499290,-5.95,1
C499291,-90.5,10
C499292,-12.75,1
C499293,-24.8,5
C499296,-15.9,1
C499301,-4.95,1
C499328,-27.599999999999998,5
C499380,-34.2,4
C499385,-63.5,1
C499389,-361.0,2
C499406,-17.0,1
C499410,-17.0,1
C499413,-35.400000000000006,1
C499419,-211.4,11
C499423,-9.95,1
C499424,-27.0,1
C499448,-33.45,2
C499462,-38.95,5
C499489,-17.65,3
C499492,-25.0,1
C499493,-12.5,1
C499501,-16.95,1
C499514,-30.0,1
C499530,-200.37,12
C499531,-210.0,1
C499651,-2.1,1
C499745,-2.1,1
C499746,-15.9,1
C499747,-23.6,1
C499748,-14.75,3
C499749,-1.25,1
C499750,-23.4,1
C499751,-125.0,1
C499753,-1.25,1
C499774,-135.0,1
C499776,-14.8,2
C499783,-29.849999999999998,2
C499786,-13.799999999999999,4
C499787,-10.799999999999999,1
C499790,-32.65,5
C499791,-25.5,1
C499793,-8.5,1
C499794,-27.0,1
C499796,-18.85,3
C499808,-14.850000000000001,1
C499818,-27.6,2
C499819,-9.3,1
C499821,-35.400000000000006,1
C499827,-13.9,1
C499832,-20.25,1
C499851,-6.75,1
C499852,-5.1,1
C499862,-1.68,1
C499867,-9.95,1
C499868,-22.0,2
C499869,-4.95,1
C499870,-19.7,2
C499871,-27.25,3
C499872,-3.75,1
C499885,-11.4,4
C499888,-33.8,5
C499889,-9.850000000000001,2
C499892,-6.75,1
C499896,-16.2,3
C499898,-4.2,1
C499916,-29.5,3
C499917,-40.32,1
C499920,-20.34,3
C499943,-1.65,1
C499963,-3.75,1
C499978,-11.0,2
C499983,-2.95,1
C499984,-20.32,2
C499987,-12.75,1
C500000,-11.9,1
C500002,-29.35,4
C500003,-62.400000000000006,1
C500004,-12.75,1
C500011,-59.5,1
C500013,-20.28,1
C500016,-25.6,6
C500026,-35.95,1
C500079,-11.25,1
C500081,-102.84,1
C500090,-35.0,6
C500095,-308.74,1
C500127,-9.95,1
C500131,-15.299999999999999,1
C500152,-1.45,1
C500154,-7.9,1
C500156,-7.5,1
C500307,-5.95,1
C500308,-12.6,1
C500314,-25.72,2
C500345,-17.55,2
C500494,-50.0,1
C500507,-30.450000000000003,2
C500542,-18.1,4
C500546,-15.9,1
C500551,-29.700000000000003,1
C500565,-227.85000000000002,8
C500573,-54.0,1
C500594,-5.1,1
C500694,-2.55,1
C500698,-77.55,4
C500705,-363.56,22
C500709,-39.35,6
C500722,-12.5,4
C500723,-17.5,4
C500724,-18.2,2
C500725,-29.6,5
C500726,-30.599999999999998,1
C500727,-17.95,2
C500729,-25.5,1
C500731,-30.95,3
C500732,-20.3,3
C500733,-107.76,4
C500740,-8.5,2
C500742,-25.5,1
C500748,-4.95,1
C500750,-19.5,2
C500755,-7.45,2
C500760,-5.1,1
C500764,-10.65,1
C500769,-8.5,1
C500772,-7.800000000000001,1
C500774,-22.5,1
C500783,-3.38,1
C500790,-6.8,1
C500798,-1.7,1
C500826,-9.95,1
C500831,-29.299999999999997,8
C500833,-20.650000000000002,1
C500835,-32.4,4
C500841,-76.32000000000001,1
C500842,-7.32,1
C500865,-66.0,2
C500877,-2.7,1
C500887,-70.80000000000001,1
C500969,-25.25,5
C500972,-12.75,1
C501003,-12.25,2
C501027,-13.9,1
C501036,-46.849999999999994,2
C501041,-6.6,1
C501081,-1.65,1
C501120,-1.95,1
C501125,-4.6,2
C501131,-210.62,7
C501139,-12.75,1
C501170,-34.0,2
C501171,-13.0,3
C501174,-110.4,4
C501184,-11.2,2
C501238,-12.75,1
C501243,-18.49,2
C501269,-5.1,1
C501270,-12.75,2
C501271,-4.65,1
C501283,-51.0,1
C501290,-9.95,1
C501293,-0.42,1
C501310,-10.2,1
C501311,-22.110000000000003,2
C501312,-8.95,1
C501313,-4.41,1
C501314,-11.65,3
C501315,-4.25,1
C501317,-5.95,1
C501319,-5.5,2
C501321,-12.600000000000001,3
C501322,-3.39,1
C501323,-15.0,1
C501324,-13.75,1
C501325,-13.5,1
C501326,-12.75,1
C501327,-7.65,1
C501328,-14.75,1
C501329,-29.15,3
C501330,-22.05,3
C501331,-25.5,1
C501332,-44.85,4
C501334,-27.45,2
C501336,-13.5,2
C501337,-25.5,1
C501338,-8.5,2
C501339,-3.49,1
C501340,-43.199999999999996,4
C501341,-20.85,1
C501342,-6.0,1
C501343,-9.5,1
C501344,-1.25,1
C501350,-38.6,3
C501355,-71.4,1
C501364,-16.25,2
C501368,-23.650000000000002,2
C501370,-10.2,1
C501400,-23.4,1
C501416,-19.8,2
C501417,-32.849999999999994,1
C501418,-16.05,2
C501419,-25.5,1
C501421,-12.75,1
C501424,-27.9,3
C501428,-8.4,1
C501429,-19.45,3
C501433,-79.4,11
C501435,-1.49,1
C501436,-92.0,7
C501481,-7.95,1
C501506,-23.7,2
C501536,-129.18,10
C501538,-5.8,2
C501554,-11.649999999999999,3
C501584,-41.65,1
C501642,-12.15,3
C501643,-4.95,1
C501655,-181.34999999999997,2
C501659,-13.9,1
C501678,-241.38,1
C501690,-8.75,3
C501692,-7.63,1
C501698,-8.5,1
C501751,-6958.17,1
C501769,-6958.17,1
C501771,-5795.87,1
C501773,-10.350000000000001,1
C501774,-506.51,1
C501777,-934.66,1
C501794,-13.75,1
C501796,-15.25,2
C501797,-5.95,1
C501798,-134.86,1
C501801,-1.69,1
C501803,-322.69,1
C501809,-19.52,4
C501817,-118.75,12
C501820,-274.63,1
C501823,-39.75,1
C501826,-10.5,3
C501827,-2.1,1
C501829,-8.4,2
C501844,-17.700000000000003,1
C501851,-11.25,1
C501857,-1.35,1
C501861,-39.95,1
C501873,-54.0,5
C501878,-28.999999999999996,1
C501901,-111.94,10
C501905,-11.25,1
C501914,-61.55,5
C501915,-32.45,1
C501924,-7.25,1
C501934,-77.55,5
C502029,-1.49,1
C502041,-16.1,2
C502061,-28.049999999999997,4
C502062,-13.35,2
C502065,-8.64,3
C502066,-7.9,2
C502067,-17.700000000000003,2
C502068,-25.7,2
C502070,-11.7,1
C502071,-2.95,1
C502072,-17.0,1
C502073,-10.95,1
C502074,-8.25,1
C502075,-17.0,1
C502076,-1.65,1
C502077,-17.5,2
C502078,-11.399999999999999,3
C502079,-8.25,1
C502081,-16.95,1
C502084,-2.55,1
C502085,-8.5,1
C502086,-3.9,2
C502092,-39.5,1
C502127,-19.5,3
C502179,-28.75,3
C502190,-3.75,1
C502191,-5.0,1
C502231,-25.9,3
C502243,-3.75,1
C502250,-52.199999999999996,1
C502253,-19.8,1
C502262,-10953.5,1
C502264,-10953.5,1
C502270,-1144.73,1
C502276,-779.32,1
C502289,-11.8,1
C502290,-3.9000000000000004,1
C502291,-12.75,1
C502292,-15.0,1
C502294,-2.5,1
C502295,-34.95,6
C502296,-32.849999999999994,1
C502297,-17.7,2
C502298,-18.5,3
C502299,-33.4,2
C502302,-35.95,4
C502304,-37.75,5
C502305,-100.06,3
C502306,-19.189999999999998,2
C502307,-102.0,1
C502308,-12.9,2
C502309,-10.9,1
C502310,-1.65,1
C502311,-64.8,4
C502312,-5.9,1
C502324,-16.75,2
C502325,-36.650000000000006,6
C502329,-27.2,3
C502330,-23.8,1
C502332,-36.8,5
C502335,-35.8,5
C502428,-24.75,1
C502431,-37.75,5
C502434,-327.93,13
C502435,-29.700000000000003,1
C502437,-32.53,8
C502447,-54.25000000000001,3
C502452,-91.8,1
C502454,-782.56,1
C502460,-57.120000000000005,2
C502461,-59.400000000000006,2
C502475,-13.68,1
C502555,-15.85,3
C502566,-16.15,2
C502571,-1899.67,1
C502576,-1598.67,1
C502621,-6.3,2
C502625,-25.25,2
C502626,-525.65,1
C502629,-1834.14,1
C502630,-32.849999999999994,1
C502634,-302.31,1
C502666,-18.7,1
C502676,-89.3,4
C502687,-11.3,3
C502726,-146.68,1
C502727,-15.299999999999999,1
C502729,-35.04,2
C502732,-4.95,1
C502737,-131.68,1
C502741,-57.99999999999999,3
C502744,-17.9,1
C502766,-6.4,3
C502767,-1.65,1
C502769,-18.17,1
C502770,-4.95,1
C502793,-23.17,1
C502797,-37.800000000000004,1
C502802,-0.85,1
C502849,-14.3,4
C502879,-25.5,2
C502894,-18.95,1
C502899,-26.85,5
C502900,-3.4,1
C502903,-21.0,1
C502904,-13.899999999999999,2
C502910,-2.1,1
C503145,-3.5999999999999996,2
C503161,-10.0,1
C503166,-121.19999999999999,3
C503173,-57.67,2
C503175,-5.45,1
C503176,-117.45,2
C503182,-9.95,1
C503191,-99.0,1
C503196,-1.25,1
C503199,-20.25,1
C503200,-17.0,1
C503201,-4.199999999999999,2
C503202,-10.95,1
C503203,-20.450000000000003,2
C503205,-31.8,1
C503206,-19.450000000000003,3
C503207,-67.2,3
C503208,-3.2,2
C503209,-36.4,4
C503210,-17.7,2
C503211,-26.65,8
C503212,-1.95,1
C503213,-11.7,1
C503214,-30.0,2
C503215,-9.2,2
C503216,-13.2,2
C503218,-11.25,1
C503219,-8.25,1
C503223,-23.509999999999998,4
C503225,-15.299999999999999,1
C503228,-25.71,4
C503229,-1.25,1
C503231,-16.85,2
C503233,-138.15,13
C503249,-56.099999999999994,5
C503254,-4.2,1
C503257,-5.2,3
C503357,-16.700000000000003,3
C503364,-12.75,1
C503366,-53.06999999999999,9
C503367,-1.95,1
C503389,-90.75,2
C503396,-17.0,1
C503400,-2.95,1
C503440,-376.17,1
C503446,-11.94,3
C503518,-23.4,1
C503527,-144.0,1
C503567,-5.1,1
C503571,-15.0,1
C503601,-19.799999999999997,1
C503610,-318.0,1
C503669,-47.75,3
C503715,-41.85,3
C503722,-19.7,4
C503733,-46.05,4
C503745,-2.75,1
C503779,-14.95,1
C503781,-12.75,1
C503803,-4.25,1
C503857,-248.4,1
C503908,-30.85,3
C503967,-43.95,2
C503970,-78.15,9
C503974,-5.0,3
C503983,-6.41,1
C503996,-59.96,2
C503998,-65.69999999999999,1
C503999,-134.64000000000001,1
C504124,-12.75,1
C504129,-65.10000000000001,2
C504167,-2.95,1
C504168,-6.2,2
C504169,-3.75,1
C504170,-12.75,1
C504171,-2.95,1
C504172,-2.95,1
C504173,-12.0,1
C504174,-4.9,2
C504175,-16.9,2
C504177,-5.95,1
C504178,-15.0,1
C504179,-15.8,2
C504180,-55.65,3
C504181,-3.3,1
C504182,-22.5,4
C504185,-9.2,2
C504186,-20.75,2
C504187,-2.95,1
C504190,-1.95,1
C504191,-12.5,3
C504197,-51.0,1
C504198,-4.05,2
C504199,-2.95,1
C504201,-14.850000000000001,1
C504202,-9.9,1
C504205,-8.5,1
C504207,-10.799999999999999,3
C504208,-11.049999999999999,1
C504211,-7.95,1
C504215,-539.5500000000001,6
C504258,-19.799999999999997,1
C504275,-4.95,1
C504319,-4.25,1
C504322,-33.2,4
C504330,-8.5,1
C504334,-241.68,1
C504342,-19.200000000000003,1
C504343,-34.55,4
C504345,-22.05,2
C504346,-7.8,3
C504347,-15.0,3
C504348,-10.2,1
C504349,-45.75,5
C504350,-135.68,1
C504353,-5.9,1
C504354,-32.45,1
C504357,-17.0,1
C504358,-5.85,1
C504359,-53.1,2
C504360,-16.95,1
C504361,-14.7,3
C504362,-9.75,1
C504363,-9.559999999999999,4
C504365,-9.2,4
C504366,-39.0,2
C504374,-2.55,1
C504392,-11.55,2
C504415,-230.4,1
C504417,-45.4,2
C504419,-14.95,1
C504420,-8.5,1
C504422,-45.0,2
C504423,-12.5,2
C504424,-1.25,1
C504425,-4.95,1
C504443,-10.45,2
C504460,-71.52,2
C504461,-29.700000000000003,1
C504468,-71.35,6
C504485,-42.5,1
C504488,-8.5,1
C504534,-152.64000000000001,1
C504543,-26.08,4
C504544,-24.9,3
C504545,-22.799999999999997,1
C504549,-102.0,1
C504557,-11.400000000000002,2
C504561,-34.599999999999994,3
C504562,-12.5,2
C504563,-23.4,1
C504565,-39.3,2
C504566,-22.5,1
C504567,-20.700000000000003,4
C504568,-12.75,1
C504570,-43.71,6
C504629,-7.3500000000000005,2
C504632,-26.35,2
C504637,-5843.7,1
C504641,-773.5,1
C504648,-210.47,1
C504666,-2451.26,1
C504670,-227.28,1
C504672,-41.4,4
C504674,-306.66,1
C504679,-148.69,1
C504684,-94.8,1
C504690,-94.8,1
C504693,-94.8,1
C504706,-35.4,3
C504729,-54.349999999999994,7
C504763,-1.7,1
C504840,-120.96,1
C504841,-1174.3,3
C504843,-144.0,1
C504849,-660.86,1
C504892,-11.950000000000001,4
C504899,-19.2,1
C504931,-16.5,1
C504955,-139.62,5
C505003,-13.74,2
C505010,-55.88,7
C505022,-11.649999999999999,3
C505145,-4217.59,1
C505151,-94.8,1
C505155,-30.849999999999998,6
C505156,-15.95,1
C505160,-5.9,1
C505164,-12.75,1
C505198,-6.75,2
C505205,-38.4,2
C505208,-27.0,1
C505215,-32.45,1
C505226,-847.84,1
C505231,-874.84,1
C505312,-7.6499999999999995,1
C505350,-13.0,1
C505353,-12.75,1
C505359,-9.9,1
C505382,-20.35,3
C505383,-279.6,1
C505384,-171.58,10
C505386,-79.86,2
C505387,-2.1,1
C505388,-23.4,1
C505390,-34.0,1
C505391,-23.4,1
C505395,-59.04,11
C505400,-14.850000000000001,1
C505401,-4.2,2
C505402,-3.95,1
C505403,-11.649999999999999,3
C505406,-2.98,2
C505407,-12.75,1
C505408,-13.6,2
C505410,-12.75,1
C505414,-15.45,2
C505416,-14.3,3
C505424,-4.95,1
C505427,-18.49,2
C505442,-24.9,3
C505444,-107.76,4
C505446,-7.3,4
C505449,-32.550000000000004,2
C505451,-5.04,1
C505454,-25.5,1
C505455,-8.7,2
C505458,-2.75,1
C505459,-18.75,3
C505460,-2.95,1
C505483,-19.35,6
C505484,-33.2,3
C505485,-20.7,2
C505486,-51.0,1
C505487,-6.75,1
C505488,-1.65,1
C505489,-5.9,1
C505490,-5876.34,1
C505492,-1.25,1
C505493,-14.850000000000001,1
C505524,-7.800000000000001,1
C505527,-45.65,5
C505528,-22.7,3
C505529,-389.4,21
C505531,-15.299999999999999,5
C505541,-21.900000000000002,3
C505543,-1.95,1
C505544,-13.52,2
C505545,-7.95,2
C505546,-61.2,1
C505562,-41.849999999999994,4
C505604,-8.5,1
C505642,-1.65,1
C505674,-22.29,6
C505722,-341.09999999999997,17
C505726,-5.95,1
C505727,-1.25,1
C505728,-7.5,1
C505800,-371.85,1
C505850,-46.05,3
C505857,-11.05,2
C505861,-5.5,2
C506001,-38.45,3
C506002,-27.7,3
C506098,-4.35,1
C506124,-9.7,2
C506126,-17.0,2
C506128,-4.39,3
C506129,-11.049999999999999,1
C506132,-15.899999999999999,2
C506143,-163.5,2
C506150,-19.9,1
C506151,-19.35,1
C506152,-10.44,1
C506153,-42.019999999999996,5
C506155,-16.95,1
C506156,-4.95,1
C506157,-1.65,1
C506158,-24.0,3
C506159,-3.9,1
C506160,-12.75,1
C506161,-12.75,1
C506166,-12.75,1
C506203,-2.55,1
C506240,-22.099999999999998,1
C506257,-33.75,3
C506284,-32.75,3
C506302,-5.9,1
C506304,-95.34,2
C506306,-19.8,3
C506310,-124.24,4
C506349,-36.4,7
C506370,-20.9,2
C506382,-18.31,1
C506385,-38.25,1
C506390,-4.95,1
C506392,-4.95,1
C506414,-15.9,1
C506431,-26.55,3
C506441,-1.95,1
C506473,-8.75,3
C506474,-22.85,2
C506476,-5.1,1
C506477,-43.0,3
C506479,-4.2,2
C506480,-15.0,1
C506481,-14.850000000000001,1
C506482,-4.95,1
C506483,-9.95,1
C506484,-10.95,1
C506485,-216.45,1
C506486,-36.4,5
C506488,-23.4,1
C506489,-7.6499999999999995,1
C506490,-37.650000000000006,2
C506492,-20.65,5
C506493,-9.95,1
C506495,-21.75,1
C506498,-7.8,2
C506505,-6.75,1
C506519,-2.8,2
C506528,-4.2,2
C506530,-79.95,1
C506531,-2.95,1
C506532,-10.45,2
C506533,-9.9,1
C506534,-10.8,3
C506535,-20.25,1
C506550,-14.850000000000001,1
C506608,-17.700000000000003,1
C506674,-54.0,3
C506719,-118.80000000000001,2
C506722,-607.53,1
C506732,-14.45,1
C506733,-72.72,4
C506734,-19.95,1
C506739,-269.34,1
C506750,-7.95,1
C506751,-48.95,7
C506752,-26.25,1
C506753,-3.95,1
C506756,-16.35,1
C506757,-6.75,1
C506758,-6.75,1
C506759,-6.75,1
C506814,-19.8,2
C506826,-13.5,1
C506827,-27.0,1
C506828,-33.75,1
C506829,-13.5,1
C506832,-20.25,1
C506833,-13.5,1
C506835,-6.75,1
C506836,-17.88,1
C506864,-25.5,1
C506874,-7.6000000000000005,2
C506875,-20.85,1
C506877,-20.3,3
C506881,-3.75,1
C506882,-10.05,2
C506883,-14.05,5
C506885,-51.0,1
C506886,-6.300000000000001,1
C506888,-16.5,2
C506890,-66.72,4
C506892,-12.75,1
C506893,-21.9,1
C506896,-91.73,9
C506899,-13.2,1
C506903,-20.25,3
C506908,-13.5,2
C506952,-165.6,4
C506978,-16.3,6
C506979,-222.53,15
C506980,-11.8,1
C506987,-37.05,3
C506988,-6.95,3
C506989,-14.399999999999999,2
C506990,-21.9,1
C506995,-5.0,1
C506996,-9.9,1
C506998,-1.65,1
C506999,-14.100000000000001,2
C507015,-306.0,1
C507016,-15.299999999999999,1
C507030,-14.850000000000001,1
C507031,-6.75,1
C507033,-9.19,2
C507043,-16.95,2
C507044,-79.9,1
C507055,-662.25,1
C507057,-396.2,1
C507100,-15.9,1
C507118,-103.07,15
C507131,-20.0,1
C507171,-225.0,1
C507184,-27.0,1
C507185,-6.75,1
C507191,-27.0,2
C507195,-293.55,1
C507198,-50.4,1
C507200,-1.25,1
C507201,-12.75,1
C507202,-2.55,1
C507203,-5.9,1
C507204,-14.100000000000001,2
C507209,-53.1,1
C507214,-20.8,3
C507215,-5.15,2
C507217,-30.35,5
C507219,-35.45,5
C507220,-29.85,2
C507221,-1.25,1
C507222,-48.0,1
C507224,-4.95,1
C507225,-12.600000000000001,1
C507226,-10.48,2
C507230,-0.95,1
C507271,-135.0,4
C507274,-42.5,1
C507284,-27.0,1
C507298,-6.75,1
C507358,-101.25,3
C507361,-502.70000000000005,6
C507365,-11.25,1
C507384,-47.25,5
C507415,-5.9,1
C507451,-643.1,4
C507454,-162.0,3
C507456,-168.75,3
C507457,-256.15000000000003,3
C507460,-98.10000000000001,1
C507466,-7.5,1
C507486,-36.55,3
C507579,-41.550000000000004,3
C507590,-95.5,2
C507592,-14.850000000000001,2
C507596,-23.400000000000002,1
C507598,-40.8,4
C507599,-73.78,10
C507602,-65.69999999999999,1
C507603,-144.45,14
C507605,-30.6,3
C507607,-76.5,1
C507609,-59.400000000000006,1
C507612,-36.040000000000006,6
C507618,-8.75,1
C507638,-4.5,1
C507644,-1.25,1
C507650,-162.0,4
C507651,-72.45,4
C507652,-13.5,1
C507653,-54.0,4
C507655,-5.9,1
C507656,-70.85000000000001,1
C507658,-18.7,2
C507662,-9.95,1
C507663,-39.8,1
C507702,-4.25,1
C507704,-2.55,1
C507725,-3.9,2
C507795,-47.25,2
C507892,-14.85,2
C507919,-4.1499999999999995,2
C507963,-1.7,1
C508056,-18.9,2
C508057,-54.0,2
C508076,-27.0,1
C508091,-16.95,1
C508132,-4815.8,11
C508134,-4798.8,11
C508140,-2532.82,11
C508143,-20.25,1
C508144,-1.65,1
C508146,-76.3,1
C508186,-53.4,15
C508216,-132.2,6
C508227,-20.7,3
C508231,-4.25,1
C508233,-4.2,1
C508236,-29.700000000000003,2
C508238,-48.2,2
C508239,-29.700000000000003,1
C508240,-45.5,3
C508241,-14.850000000000001,1
C508242,-24.950000000000003,3
C508243,-43.95,3
C508244,-1.25,1
C508246,-111.95,2
C508250,-29.85,3
C508275,-9.9,1
C508287,-14.86,2
C508293,-16.85,2
C508302,-2.5,1
C508307,-22.35,3
C508325,-118.5,2
C508326,-6.6499999999999995,2
C508334,-864.0,1
C508340,-21.65,3
C508343,-58.65,1
C508347,-11.33,2
C508354,-76.64999999999999,1
C508355,-46.65,2
C508358,-10.85,2
C508365,-20.9,2
C508367,-25.9,4
C508368,-13.850000000000001,3
C508370,-9.9,1
C508371,-10.2,1
C508372,-4.949999999999999,1
C508373,-11.9,2
C508375,-16.3,5
C508376,-13.45,2
C508377,-8.75,1
C508384,-553.9200000000001,28
C508385,-1.25,1
C508386,-12.15,3
C508387,-7.6499999999999995,1
C508388,-29.0,1
C508391,-25.5,1
C508392,-60.75,2
C508394,-22.6,4
C508399,-256.15,3
C508400,-168.95,4
C508404,-103.55,1
C508405,-12.2,6
C508406,-75.6,5
C508410,-147.0,4
C508411,-60.75,2
C508414,-60.75,2
C508421,-615.6,5
C508432,-47.6,2
C508450,-183.5,3
C508452,-119.9,1
C508454,-76.3,1
C508455,-1700.4,1
C508456,-108.0,7
C508458,-555.9,2
C508459,-386.95000000000005,3
C508476,-141.7,2
C508478,-17.0,1
C508499,-187.64,20
C508526,-106.2,1
C508584,-18.65,2
C508591,-10.95,1
C508609,-2.9,2
C508613,-7.5,1
C508617,-2.9,2
C508618,-25.5,1
C508619,-9.899999999999999,1
C508630,-16.95,1
C508632,-14.850000000000001,1
C508633,-10.08,1
C508634,-2.5,1
C508639,-18.599999999999998,3
C508659,-9.9,1
C508661,-71.26,2
C508677,-274.05,8
C508681,-10.95,1
C508684,-128.25,5
C508687,-119.9,1
C508695,-128.25,3
C508698,-32.7,1
C508707,-224.7,4
C508718,-135.0,5
C508724,-437.45000000000005,4
C508725,-67.5,3
C508726,-130.8,1
C508727,-158.05,2
C508729,-108.0,1
C508737,-24.4,3
C508738,-71.9,3
C508740,-74.25,2
C508741,-37.12,4
C508746,-6.75,1
C508749,-2.5,1
C508754,-4.95,1
C508761,-103.55000000000001,3
C508762,-6.95,1
C508764,-111.3,2
C508846,-185.3,3
C508853,-12.75,1
C508865,-50.400000000000006,1
C508911,-54.019999999999996,2
C508916,-29.700000000000003,1
C508922,-121.5,3
C508926,-236.25,8
C508927,-10.95,1
C508928,-74.74,2
C508935,-15.100000000000001,2
C509015,-162.07,40
C509034,-27.0,1
C509036,-6.95,1
C509042,-15.9,1
C509045,-50.45,2
C509048,-14.399999999999999,3
C509102,-2.5,1
C509135,-8.4,2
C509138,-9.9,1
C509140,-17.0,1
C509149,-10.5,4
C509171,-9.9,1
C509172,-3.3,1
C509174,-38.28,2
C509176,-32.1,4
C509177,-9.2,2
C509190,-23.849999999999998,2
C509218,-19.95,1
C509272,-10.95,1
C509274,-12.75,1
C509275,-9.9,1
C509281,-13.7,2
C509287,-5.1,2
C509292,-5.8,2
C509293,-20.85,2
C509297,-4.25,1
C509341,-11.700000000000001,1
C509342,-14.850000000000001,1
C509343,-10.22,5
C509344,-10.900000000000002,3
C509345,-6.75,1
C509346,-2.55,1
C509353,-52.61,1
C509376,-28.45,2
C509380,-119.9,1
C509382,-17.35,2
C509391,-68.09,7
C509414,-2.55,1
C509419,-157.05,4
C509436,-190.85,7
C509473,-300.13,1
C509474,-72.45,1
C509475,-358.47,1
C509539,-12.75,1
C509570,-81.0,1
C509583,-3.7,1
C509608,-124.25,6
C509612,-14.850000000000001,1
C509613,-33.45,3
C509614,-29.700000000000003,1
C509619,-49.75,2
C509620,-31.799999999999997,2
C509622,-12.05,3
C509624,-49.75,2
C509626,-33.9,1
C509628,-40.0,1
C509629,-22.2,1
C509630,-243.60000000000002,3
C509632,-10.95,1
C509633,-2.1,1
C509638,-10.2,1
C509642,-15.9,2
C509650,-25.86,6
C509651,-2.5,1
C509691,-15.0,4
C509744,-21.95,1
C509770,-3.9,1
C509771,-2.9,1
C509777,-14.850000000000001,1
C509778,-35.400000000000006,1
C509853,-12.75,1
C509862,-8.850000000000001,1
C509863,-9.95,1
C509864,-4.2,1
C509866,-44.55,2
C509872,-58.8,1
C509917,-8.48,1
C509918,-19.9,1
C509946,-33.75,2
C509950,-11.23,6
C509963,-47.46,3
C509964,-10.2,1
C509969,-55.8,2
C509978,-4.25,1
C510036,-5.9,1
C510052,-11.9,1
C510061,-17.4,1
C510065,-10.52,3
C510133,-13.95,3
C510156,-14.98,1
C510159,-6.75,1
C510160,-15.0,1
C510185,-2.1,1
C510198,-5.07,1
C510200,-456.0,2
C510201,-67.5,1
C510202,-162.0,4
C510203,-1.7,1
C510205,-89.5,5
C510206,-47.25,2
C510208,-103.55,1
C510209,-131.39999999999998,1
C510210,-65.4,1
C510211,-540.0,1
C510212,-419.65,9
C510213,-128.25,5
C510214,-597.0,1
C510215,-174.4,1
C510216,-43.6,1
C510217,-202.5,8
C510219,-10.05,2
C510220,-74.25,2
C510223,-12.75,1
C510224,-7.949999999999999,4
C510226,-411.75,6
C510229,-90.75,2
C510231,-20.3,2
C510234,-49.75,2
C510236,-35.45,2
C510237,-14.2,2
C510242,-59.699999999999996,1
C510244,-76.5,1
C510247,-32.05,2
C510248,-13.020000000000001,2
C510252,-302.40000000000003,1
C510253,-11.850000000000001,1
C510293,-9.95,1
C510362,-61.2,1
C510415,-11.75,3
C510418,-37.949999999999996,1
C510437,-58.95,5
C510448,-6.6,1
C510489,-52.69,7
C510494,-8.5,1
C510515,-15.0,5
C510553,-4.95,1
C510609,-87.75,4
C510677,-7.2,2
C510730,-18.75,1
C510732,-6.75,1
C510736,-18.6,2
C510756,-141.45000000000002,1
C510787,-24.45,3
C510789,-2.1,1
C510791,-2.1,1
C510803,-7.05,2
C510804,-9.95,1
C510807,-27.6,3
C510808,-18.1,3
C510809,-18.2,5
C510810,-4.95,1
C510811,-3.38,1
C510812,-4.65,1
C510813,-95.85000000000001,3
C510815,-38.35,5
C510816,-115.1,8
C510817,-2.95,1
C510818,-8.5,1
C510820,-9.95,1
C510821,-7.5,1
C510822,-21.8,1
C510823,-2.1,1
C510825,-12.45,2
C510826,-8.7,2
C510827,-32.45,3
C510828,-11.25,4
C510829,-60.0,1
C510830,-10.600000000000001,2
C510831,-5.55,2
C510832,-107.50999999999999,11
C510833,-13.56,1
C510834,-4.15,2
C510835,-2.1,1
C510837,-15.299999999999999,1
C510867,-22.25,4
C510878,-25.5,1
C511015,-5.45,1
C511024,-4.05,2
C511028,-56.9,1
C511031,-27.0,1
C511036,-29.849999999999998,3
C511043,-23.62,1
C511049,-12.75,1
C511054,-80.7,1
C511088,-28.049999999999997,2
C511108,-54.23,4
C511120,-283.2,2
C511131,-2.95,1
C511172,-3610.5,3
C511254,-9.4,4
C511264,-35.1,1
C511272,-347.67,2
C511275,-2.55,1
C511293,-25.15,3
C511311,-18.95,1
C511312,-34.35,4
C511333,-148.5,1
C511436,-15.600000000000001,1
C511443,-22.95,2
C511444,-29.55,3
C511464,-6.35,2
C511477,-211.2,2
C511482,-11.7,1
C511485,-2.55,1
C511502,-6.75,1
C511511,-12.75,1
C511516,-297.57,1
C511518,-20.3,3
C511519,-14.4,2
C511521,-849.45,1
C511524,-849.45,1
C511526,-299.34999999999997,4
C511560,-15.7,2
C511609,-5.0,2
C511617,-88.5,2
C511622,-39.75,1
C511629,-4.949999999999999,1
C511644,-12.5,1
C511645,-19.4,3
C511646,-19.9,1
C511647,-47.25,3
C511648,-47.25,3
C511649,-218.4,8
C511653,-109.0,1
C511671,-54.0,3
C511673,-106.20000000000002,3
C511674,-40.5,3
C511676,-1.95,1
C511686,-6.45,1
C511688,-3.3,1
C511707,-10.0,1
C511739,-88.1,3
C511764,-6.5,1
C511773,-15.0,1
C511776,-13.5,2
C511784,-1.25,1
C511788,-22.1,4
C511793,-241.38,1
C511795,-16.95,1
C511800,-10.95,1
C511804,-7.5,2
C511806,-3.84,1
C511807,-305.20000000000005,2
C511809,-44.550000000000004,2
C511811,-8.5,1
C511812,-49.75,1
C511813,-641.25,7
C511814,-681.25,4
C511815,-128.25,4
C511819,-64.55,2
C511820,-20.15,2
C511821,-24.9,2
C511822,-38.25,1
C511823,-13.299999999999999,3
C511824,-19.8,1
C511827,-10.0,1
C511829,-7.9,1
C511831,-10.95,1
C511833,-152.6,2
C511834,-4.35,1
C511835,-15.0,1
C511837,-46.8,2
C511838,-9.95,1
C511842,-52.75,3
C511857,-14.850000000000001,1
C511965,-176.8,26
C511966,-16.95,1
C511996,-648.05,1
C511999,-1000.63,1
C512000,-590.0,1
C512003,-851.6,1
C512043,-355.2,1
C512052,-27.45,5
C512054,-1.65,1
C512061,-17.7,2
C512085,-4.0,2
C512094,-21.4,3
C512099,-20.2,3
C512100,-23.7,4
C512105,-19.5,1
C512129,-16.8,2
C512252,-61.199999999999996,2
C512263,-11.25,1
C512264,-15.600000000000001,1
C512265,-5.5,2
C512266,-19.25,1
C512267,-18.090000000000003,2
C512272,-271.91,38
C512274,-17.5,3
C512275,-14.850000000000001,1
C512278,-10.95,1
C512293,-217.35999999999999,2
C512299,-8.5,1
C512300,-256.7,7
C512311,-27.8,1
C512313,-14.850000000000001,1
C512314,-10.2,1
C512315,-11.7,2
C512317,-29.7,4
C512322,-67.5,1
C512323,-73.55,4
C512324,-17.4,1
C512325,-15.299999999999999,1
C512326,-64.33,10
C512328,-0.85,1
C512333,-7.95,1
C512404,-2.95,1
C512413,-50.849999999999994,1
C512424,-19.8,2
C512463,-17.0,1
C512465,-2.95,1
C512515,-7.9,2
C512524,-9.95,1
C512526,-6.95,1
C512529,-6.25,1
C512530,-12.75,1
C512531,-7.59,2
C512543,-11.0,5
C512592,-24.849999999999998,2
C512600,-20.8,2
C512603,-19.9,1
C512660,-8.7,2
C512668,-17.0,1
C512747,-955.06,1
C512752,-3248.86,1
C512756,-7.5,2
C512757,-10.5,1
C512758,-4620.86,1
C512768,-152.6,2
C512769,-1.7,2
C512770,-25111.09,1
C512773,-2.55,1
C512774,-9.95,1
C512775,-5.0,1
C512777,-12.75,1
C512778,-19.09,3
C512785,-27.2,2
C512790,-15.95,1
C512792,-2.51,2
C512793,-18.58,2
C512794,-7.95,1
C512796,-17.4,3
C512845,-50.0,1
C512898,-302.09,1
C512913,-27.0,1
C512928,-12.75,1
C513100,-10.95,1
C513185,-68.0,2
C513193,-14.95,1
C513198,-1.65,1
C513317,-2.55,1
C513346,-17.700000000000003,1
C513404,-49.050000000000004,4
C513406,-22.2,3
C513407,-2.95,1
C513408,-4.25,1
C513411,-59.8,1
C513412,-8.45,2
C513414,-29.7,2
C513418,-19.8,2
C513421,-30.200000000000003,2
C513423,-16.55,1
C513429,-12.75,1
C513430,-7.95,1
C513433,-25.5,1
C513453,-5.9,1
C513459,-113.7,8
C513462,-21.25,2
C513463,-6.45,1
C513464,-4.1499999999999995,2
C513465,-17.9,2
C513466,-4.25,1
C513467,-4.95,1
C513477,-36.6,1
C513478,-38.81,2
C513479,-24.5,5
C513480,-9.25,2
C513481,-30.0,1
C513482,-254.4,1
C513483,-95.8,3
C513484,-81.0,2
C513485,-92.65,1
C513486,-108.0,3
C513488,-38.25,1
C513489,-190.75,2
C513504,-8.5,1
C513550,-6.75,1
C513587,-790.25,6
C513588,-61.65,11
C513590,-340.0,1
C513595,-33.75,4
C513603,-8.85,3
C513610,-5.1,2
C513645,-22.9,2
C513654,-12.75,1
C513668,-45.0,1
C513745,-47.25,2
C513746,-9.95,1
C513748,-54.5,1
C513749,-63.25,17
C513765,-10.9,1
C513771,-7500.32,14
C513780,-891.12,4
C513866,-15.85,2
C513935,-96.15,4
C513944,-74.25,4
C513947,-25.5,1
C513954,-112.25,4
C513955,-0.85,1
C513957,-7.15,2
C513966,-240.0,1
C513976,-28.9,5
C513977,-3.75,1
C513978,-6.35,1
C513979,-7.8,1
C513980,-11.8,1
C513981,-6.76,1
C513982,-16.95,1
C513983,-6.75,1
C513985,-6.95,1
C513986,-8.85,2
C513988,-22.5,2
C513989,-61.199999999999996,1
C513994,-1740.24,3
C513997,-4.9,2
C513999,-17.65,2
C514000,-3.99,2
C514001,-1.7,1
C514003,-16.95,1
C514006,-20.4,2
C514007,-2.55,1
C514010,-33.75,1
C514011,-77.25,3
C514012,-9.95,1
C514014,-4.95,1
C514020,-135.0,5
C514024,-328.54,10
C514025,-5.95,1
C514031,-39.8,2
C514052,-14.65,2
C514060,-9.15,2
C514072,-18.0,1
C514093,-3.75,2
C514094,-41.7,5
C514095,-60.5,5
C514135,-8.5,1
C514139,-87.75,1
C514142,-51.0,1
C514143,-46.65,4
C514144,-30.599999999999998,1
C514145,-39.8,2
C514146,-19.35,2
C514147,-5.9,1
C514148,-6.640000000000001,2
C514149,-8.5,1
C514150,-10.4,1
C514151,-12.75,1
C514153,-13.5,1
C514154,-14.850000000000001,1
C514156,-85.13,1
C514159,-15.0,1
C514162,-35.5,6
C514202,-30.35,4
C514213,-3.9,1
C514214,-7.5,1
C514215,-7.95,1
C514216,-12.42,5
C514223,-27.0,1
C514229,-67.2,4
C514273,-3.9,1
C514303,-18.42,1
C514309,-20.3,3
C514315,-10.5,1
C514326,-20.3,1
C514327,-20.3,1
C514340,-147.93,29
C514341,-17.830000000000002,2
C514361,-5.95,1
C514368,-3.38,1
C514381,-14.850000000000001,1
C514382,-1.45,1
C514384,-2.95,1
C514385,-14.850000000000001,1
C514390,-21.65,5
C514392,-31.200000000000003,3
C514417,-7.05,2
C514482,-36.0,1
C514485,-18.0,1
C514489,-101.88,1
C514501,-7.95,1
C514522,-4.7,2
C514526,-51.0,5
C514528,-14.850000000000001,1
C514535,-21.95,2
C514536,-9.95,1
C514538,-19.5,2
C514539,-19.79,2
C514541,-7.95,1
C514543,-1.25,1
C514546,-17.700000000000003,1
C514547,-43.95,2
C514548,-29.700000000000003,2
C514549,-56.760000000000005,4
C514550,-29.9,1
C514557,-5.9,1
C514560,-7.15,1
C514561,-22.75,4
C514562,-16.95,1
C514602,-18.3,10
C514611,-8.5,1
C514683,-4.95,1
C514684,-6.300000000000001,1
C514689,-152.64000000000001,1
C514804,-16.25,3
C514832,-18.45,2
C514833,-2.5,1
C514846,-96.0,1
C514848,-71.7,3
C514868,-3.75,1
C514873,-175.2,1
C514937,-11.9,1
C514939,-27.0,2
C514968,-65.8,3
C514977,-16.549999999999997,3
C514980,-64.5,1
C515014,-1588.51,1
C515080,-1.65,1
C515092,-153.29999999999998,2
C515095,-55.349999999999994,5
C515101,-8.95,1
C515103,-51.5,3
C515105,-2.95,1
C515106,-8.95,1
C515120,-7.5,1
C515125,-715.02,1
C515133,-661.02,1
C515139,-54.0,1
C515151,-21.9,1
C515153,-17.85,1
C515155,-3.9,1
C515186,-69.44999999999999,2
C515250,-5.04,1
C515256,-24.849999999999998,2
C515258,-26.71,3
C515262,-29.849999999999998,2
C515263,-7.6499999999999995,1
C515264,-14.46,2
C515283,-32.3,3
C515299,-2970.7500000000005,1
C515302,-75.60000000000001,1
C515306,-29.5,1
C515307,-40.5,2
C515309,-187.0,2
C515325,-2.9,2
C515408,-1.95,1
C515410,-12.75,1
C515422,-9.95,1
C515429,-10.95,1
C515430,-32.849999999999994,1
C515467,-14.850000000000001,1
C515468,-201.6,2
C515483,-11.8,2
C515505,-9.9,2
C515570,-114.48000000000002,3
C515596,-6.76,1
C515613,-8.5,1
C515618,-197.1,1
C515620,-1189.94,1
C515623,-25.5,1
C515630,-272.0,1
C515675,-2.37,2
C515676,-102.0,1
C515683,-2.95,1
C515686,-29.75,2
C515689,-25.5,1
C515691,-13.200000000000001,1
C515692,-1.7,1
C515693,-27.599999999999998,3
C515694,-3.75,1
C515695,-8.7,2
C515696,-2.5,2
C515698,-9.9,1
C515699,-10.95,1
C515700,-12.600000000000001,1
C515701,-22.45,2
C515767,-9.08,4
C515772,-2.55,1
C515777,-13.94,3
C515778,-9.95,1
C515779,-9.95,1
C515784,-5.0,1
C515785,-35.75,4
C515786,-1.25,1
C515787,-10.549999999999999,4
C515788,-109.0,1
C515789,-19.9,1
C515790,-42.9,6
C515791,-1.25,1
C515793,-174.4,4
C515794,-27.15,2
C515796,-4.65,1
C515797,-26.75,5
C515798,-48.449999999999996,2
C515799,-17.700000000000003,2
C515800,-10.95,1
C515802,-17.5,2
C515803,-23.4,1
C515805,-9.95,1
C515806,-49.2,3
C515807,-3.75,1
C515808,-10.95,1
C515839,-15.0,1
C515882,-21.0,1
C515886,-3580.8,1
C515921,-22.55,2
C515942,-20.16,1
C515950,-5.9,1
C515959,-3.3,1
C515960,-26.75,2
C515962,-13.39,2
C515963,-7.95,1
C515964,-10.45,3
C515965,-12.600000000000001,1
C515966,-9.3,1
C515967,-19.9,1
C515968,-28.7,5
C515970,-11.25,2
C515972,-990.0,1
C515973,-14.7,2
C515974,-60.75,4
C515975,-3.75,1
C515976,-72.85,5
C515977,-6.36,1
C515978,-60.4,4
C515979,-20.7,3
C515980,-7.95,1
C515981,-27.1,3
C515982,-10.3,4
C515983,-182.14999999999998,2
C515985,-2.95,1
C515990,-5.95,1
C515991,-1.45,1
C515992,-9.95,1
C515993,-10.95,1
C515994,-39.15,3
C515997,-54.75,1
C515999,-46.7,3
C516013,-125.0,1
C516024,-4.25,1
C516118,-195.6,2
C516149,-191.94,22
C516159,-8.0,1
C516180,-3.8000000000000003,2
C516202,-6.95,1
C516274,-44.550000000000004,1
C516317,-46.25,6
C516318,-8.5,1
C516320,-15.5,2
C516336,-9.95,1
C516448,-80.0,4
C516459,-288.05,10
C516460,-32.7,1
C516462,-4.2,1
C516543,-1.65,1
C516553,-9.95,1
C516565,-19.2,3
C516571,-20.16,1
C516574,-5.95,1
C516575,-7.15,2
C516576,-10.55,3
C516577,-26.75,5
C516578,-27.05,3
C516580,-10.719999999999999,2
C516581,-3.9,1
C516582,-9.95,1
C516584,-7.95,1
C516585,-29.700000000000003,2
C516589,-18.95,4
C516594,-19.5,1
C516596,-11.05,2
C516597,-26.25,1
C516598,-79.95,1
C516599,-3.75,1
C516600,-31.429999999999996,3
C516602,-20.25,4
C516603,-2.5,1
C516604,-34.95,1
C516605,-21.9,1
C516606,-23.55,5
C516636,-19.8,1
C516645,-5.1,1
C516657,-91.44,1
C516712,-119.8,1
C516722,-15.0,1
C516745,-5.04,1
C516754,-121.5,5
C516762,-41.85,3
C516763,-130.8,1
C516764,-91.80000000000001,1
C516765,-12.75,1
C516766,-6.6,2
C516784,-617.5,11
C516799,-5.07,2
C516838,-3.9,1
C516881,-4.949999999999999,1
C516882,-8.850000000000001,1
C516883,-88.5,1
C516894,-73.20000000000002,6
C516912,-142.8,7
C516934,-7.95,1
C516947,-12.75,1
C516952,-2.95,1
C516958,-12.75,1
C516965,-21.35,2
C516971,-60.7,2
C516972,-19.7,2
C516974,-2.95,1
C516979,-24.55,4
C517054,-1.95,1
C517056,-4.95,1
C517058,-2.95,1
C517063,-462.54,15
C517064,-270.6,3
C517067,-416.95,10
C517068,-479.7,21
C517075,-14.25,1
C517136,-15.0,1
C517219,-6.300000000000001,1
C517227,-151.20000000000002,1
C517231,-32.400000000000006,1
C517234,-5.5,2
C517244,-3.75,1
C517245,-5.0,1
C517258,-1282.4,2
C517261,-18.05,3
C517262,-6.0,1
C517263,-142.0,1
C517320,-6.75,3
C517335,-9.38,1
C517349,-82.99999999999999,2
C517350,-23.32,1
C517356,-6.6,1
C517363,-14.7,2
C517364,-27.6,2
C517367,-7.95,1
C517368,-41.55,3
C517369,-12.9,1
C517370,-1.95,1
C517371,-1.65,1
C517373,-25.5,1
C517374,-20.6,3
C517375,-2.55,1
C517376,-1.95,1
C517378,-27.8,1
C517379,-23.65,2
C517380,-40.8,2
C517383,-2.12,1
C517458,-18.55,4
C517459,-4.55,3
C517461,-29.95,1
C517462,-8.850000000000001,1
C517463,-38.95,3
C517464,-29.5,1
C517465,-39.14,4
C517466,-35.45,2
C517468,-39.599999999999994,2
C517469,-41.239999999999995,12
C517470,-12.0,5
C517472,-10.91,4
C517473,-52.410000000000004,8
C517475,-7.95,1
C517476,-79.5,1
C517477,-2.55,1
C517480,-3610.5,1
C517484,-23.6,2
C517488,-14.850000000000001,1
C517489,-10.95,1
C517490,-8.5,1
C517519,-44.0,4
C517536,-5.5,2
C517544,-24.0,1
C517556,-14.95,1
C517559,-1.65,1
C517560,-9.95,1
C517562,-39.7,3
C517563,-72.5,1
C517564,-5.1,1
C517565,-27.77,5
C517570,-17.55,2
C517571,-6.6,1
C517572,-16.39,2
C517574,-1.95,1
C517619,-100.8,1
C517621,-8.5,1
C517624,-8.4,1
C517637,-59.699999999999996,2
C517647,-36.0,1
C517672,-23.85,1
C517701,-18.6,1
C517706,-58.300000000000004,1
C517715,-95.0,1
C517716,-61.44,1
C517730,-16.45,2
C517733,-29.15,2
C517735,-19.55,3
C517736,-19.9,1
C517763,-15.299999999999999,1
C517818,-69.6,1
C517821,-57.39,4
C517884,-70.80000000000001,1
C517885,-2.98,1
C517886,-28.25,4
C517887,-17.85,3
C517888,-19.799999999999997,1
C517890,-10.2,1
C517892,-7.130000000000001,2
C517894,-14.700000000000001,1
C517895,-15.25,3
C517897,-57.230000000000004,5
C517898,-4.95,1
C517899,-2.95,2
C517902,-3.75,1
C517903,-12.75,1
C517945,-9.95,1
C517949,-137.16,1
C517956,-19.8,1
C517959,-20.99,9
C517961,-3.25,1
C517966,-5.04,1
C517968,-295.0,1
C517993,-9.9,1
C518044,-47.97,1
C518053,-334.88,1
C518057,-175.68,3
C518066,-134.29999999999998,3
C518068,-4.95,1
C518070,-27.0,1
C518074,-5.2,1
C518075,-33.349999999999994,3
C518078,-19.799999999999997,1
C518137,-16.15,2
C518149,-1.65,1
C518254,-31.55,5
C518255,-247.9,11
C518256,-35.650000000000006,2
C518257,-10.95,1
C518258,-34.0,1
C518262,-49.5,1
C518263,-389.85,3
C518264,-34.35,3
C518265,-27.599999999999998,3
C518267,-4.65,1
C518284,-1339.6,2
C518340,-2.95,1
C518341,-7.8,1
C518342,-3.2,2
C518343,-4.25,1
C518345,-17.3,3
C518347,-102.0,1
C518352,-5.5,2
C518362,-25.5,1
C518363,-56.15,3
C518364,-10.14,1
C518372,-37.54,10
C518374,-28.87,2
C518390,-7.95,1
C518478,-1.25,1
C518479,-5.95,1
C518498,-15.8,1
C518499,-5.949999999999999,2
C518503,-17.700000000000003,1
C518534,-8.92,1
C518537,-13.6,2
C518538,-2.46,1
C518539,-301.66,1
C518540,-67.25,1
C518541,-5.0,1
C518542,-5.9,1
C518544,-375.32,24
C518563,-14.850000000000001,2
C518580,-2.52,1
C518598,-72.6,2
C518651,-9.2,2
C518657,-31.2,1
C518668,-430.7,2
C518669,-301.65999999999997,23
C518680,-30.8,2
C518682,-64.5,3
C518731,-21.95,1
C518750,-3.75,1
C518758,-75.17,1
C518763,-8.4,1
C518770,-15.0,1
C518772,-6.45,1
C518844,-52.5,4
C518845,-6.8,1
C518846,-15.299999999999999,1
C518899,-6.3999999999999995,3
C518903,-22.7,2
C518952,-19.799999999999997,1
C518953,-7.5,1
C518954,-7.65,1
C518955,-6.5,2
C518956,-44.0,2
C518961,-7.5,1
C518962,-9.95,1
C518964,-21.25,2
C518966,-4.6,2
C518968,-50.15,2
C518969,-7.42,1
C518971,-19.8,2
C518973,-9.95,1
C518974,-14.850000000000001,2
C518978,-7.6499999999999995,1
C518979,-17.700000000000003,1
C518988,-21.419999999999998,2
C518992,-14.25,2
C518993,-4.95,1
C518994,-11.25,2
C518995,-4.95,1
C518996,-3.9,1
C518997,-190.8,1
C518998,-12.75,1
C518999,-18.6,2
C519002,-175.82,1
C519003,-25.5,1
C519032,-7.5,1
C519034,-14.75,1
C519035,-178.32,7
C519036,-17.700000000000003,1
C519038,-139.0,1
C519039,-30.0,1
C519040,-403.30000000000007,4
C519041,-47.25,1
C519043,-38.15,1
C519136,-20.45,2
C519139,-18.090000000000003,2
C519168,-70.0,1
C519206,-95.0,1
C519220,-25.5,1
C519225,-36.15,5
C519250,-21.65,8
C519259,-51.800000000000004,2
C519265,-17.700000000000003,1
C519277,-8.5,1
C519278,-7.56,1
C519281,-13.919999999999998,1
C519340,-69.6,1
C519378,-6.5,1
C519383,-5.75,2
C519397,-6.4,3
C519400,-10.2,1
C519459,-50.349999999999994,4
C519461,-9.299999999999999,3
C519463,-7.6499999999999995,1
C519466,-10.0,3
C519467,-69.69999999999999,1
C519472,-4.2,2
C519479,-4.2,1
C519481,-45.50000000000001,5
C519482,-29.51,9
C519487,-2.5,1
C519491,-77.42,8
C519492,-3.9,1
C519493,-6.95,1
C519495,-12.75,2
C519496,-7.5,1
C519503,-8.09,3
C519504,-0.85,1
C519505,-10.0,1
C519506,-12.75,1
C519510,-33.5,3
C519581,-11.9,1
C519588,-21.499999999999996,5
C519661,-39.95,1
C519662,-16.5,3
C519675,-11.9,1
C519677,-9.95,1
C519679,-22.75,2
C519683,-295.0,1
C519685,-31.800000000000004,3
C519736,-79.8,3
C519737,-152.4,1
C519742,-15.0,3
C519807,-192.0,1
C519809,-1.92,1
C519845,-8.5,1
C519866,-4.95,1
C519872,-5.95,1
C519873,-16.05,3
C519874,-17.9,5
C519893,-23.7,8
C519940,-10.44,1
C519942,-4.2,1
C519949,-20.4,1
C519950,-13.9,1
C519953,-4.25,1
C520036,-79.9,1
C520038,-12.35,1
C520045,-8.2,2
C520048,-6.6,1
C520049,-3.75,1
C520051,-8.24,2
C520053,-38.199999999999996,11
C520057,-17.55,2
C520060,-17.55,2
C520070,-19.95,1
C520086,-27.15,2
C520087,-15.0,1
C520088,-2.55,1
C520089,-27.75,2
C520090,-17.7,2
C520167,-5.1,1
C520177,-18.0,1
C520180,-191.51999999999998,7
C520199,-29.7,2
C520201,-7.6499999999999995,1
C520202,-23.85,3
C520205,-1650.24,7
C520224,-9.95,1
C520298,-334.95,2
C520329,-10.8,2
C520338,-59.39999999999999,2
C520341,-102.0,1
C520348,-199.0,1
C520355,-3.45,2
C520358,-53.480000000000004,4
C520360,-15.55,3
C520385,-19.8,1
C520386,-19.75,3
C520389,-7.95,1
C520391,-10.95,1
C520393,-677.5,1
C520394,-5.92,3
C520413,-591.43,1
C520415,-59.0,1
C520422,-14.95,1
C520531,-30.65,3
C520541,-15.9,2
C520542,-12.75,1
C520543,-4.25,1
C520556,-14.850000000000001,1
C520557,-3.75,1
C520576,-29.700000000000003,2
C520725,-6.35,1
C520743,-14.0,2
C520749,-1868.56,1
C520752,-9.95,1
C520839,-226.2,5
C520851,-36.0,1
C520853,-39.849999999999994,4
C520888,-85.02,4
C520897,-77.0,8
C520951,-6.95,1
C520956,-11.25,1
C520957,-21.9,1
C520958,-9.55,2
C520959,-5.55,2
C520961,-14.0,2
C520962,-30.0,1
C520963,-3.75,1
C520964,-52.1,9
C520965,-39.86,4
C520967,-2.8,2
C520969,-23.6,4
C520970,-17.0,1
C520971,-19.8,1
C520975,-72.5,1
C520976,-15.3,2
C520977,-31.799999999999997,2
C520988,-4.25,1
C520991,-31.0,2
C520993,-11.850000000000001,1
C520994,-33.75,1
C520995,-22.049999999999997,2
C520996,-21.9,1
C520997,-10.95,1
C521000,-59.400000000000006,1
C521005,-45.05,4
C521007,-56.95,2
C521008,-4.35,2
C521009,-2.5,1
C521011,-31.35,2
C521013,-20.45,3
C521015,-1.7,1
C521016,-4.949999999999999,1
C521017,-34.0,1
C521018,-51.0,1
C521020,-10.2,1
C521021,-34.0,1
C521022,-40.14,6
C521023,-8.95,1
C521039,-10.95,1
C521041,-1055.75,1
C521113,-30.450000000000003,2
C521131,-40.45,6
C521155,-130.0,1
C521158,-130.0,8
C521164,-80.8,16
C521201,-262.79999999999995,1
C521218,-28.64,2
C521228,-6.35,2
C521232,-38.25,1
C521233,-58.14999999999999,5
C521265,-31.7,5
C521303,-54.2,5
C521309,-19.65,2
C521311,-14.850000000000001,1
C521320,-7.5,1
C521321,-11.25,1
C521322,-3.95,1
C521323,-40.8,1
C521346,-37.5,1
C521382,-18.95,1
C521468,-3.75,1
C521472,-11.25,3
C521474,-3.75,1
C521481,-186.39999999999998,6
C521485,-15.299999999999999,1
C521487,-1.95,1
C521543,-6.75,1
C521552,-9.899999999999999,1
C521573,-1.25,1
C521644,-2.1,1
C521655,-4.95,1
C521659,-8.5,1
C521789,-76.32000000000001,1
C521802,-14.600000000000001,2
C521814,-31.0,1
C521818,-91.05000000000001,3
C521842,-153.0,1
C521894,-11.7,1
C521918,-10.95,1
C521919,-34.0,1
C521943,-445.05,1
C521956,-17.65,3
C521957,-11.559999999999999,2
C521959,-15.8,1
C521960,-30.300000000000004,2
C521961,-5.95,1
C521962,-10.95,1
C521963,-2.95,1
C521964,-2.95,1
C521965,-19.95,2
C521966,-19.3,4
C521967,-16.35,1
C521971,-6.8,1
C521976,-11.75,3
C521981,-80.85,3
C521998,-534.7,29
C522044,-295.0,1
C522067,-175.2,1
C522099,-7.95,1
C522147,-23.2,4
C522149,-7.5,1
C522151,-15.7,2
C522153,-5.9,1
C522154,-39.95,1
C522157,-2.5,1
C522158,-15.9,1
C522159,-1.25,1
C522161,-14.850000000000001,1
C522162,-17.700000000000003,1
C522163,-5.07,1
C522164,-1.7,1
C522165,-19.2,1
C522167,-9.2,3
C522168,-8.85,2
C522173,-22.7,2
C522268,-9.95,1
C522280,-4.95,1
C522303,-18.0,1
C522326,-15.299999999999999,1
C522420,-9.75,2
C522438,-9.9,1
C522441,-9.09,1
C522448,-74.2,4
C522473,-88.80000000000001,1
C522475,-7.6499999999999995,1
C522510,-6.2,2
C522512,-12.600000000000001,1
C522607,-32.45,1
C522613,-78.5,7
C522616,-54.4,1
C522632,-10.56,1
C522633,-122.47999999999999,9
C522643,-48.54,4
C522709,-7.5,1
C522713,-43.3,10
C522714,-17.95,3
C522715,-15.6,1
C522716,-6.35,3
C522717,-27.0,1
C522718,-11.3,2
C522722,-75.19,1
C522724,-17.4,1
C522732,-41.3,4
C522734,-6.5,2
C522735,-4.2,2
C522736,-0.85,1
C522737,-11.8,1
C522741,-5.85,2
C522743,-10.3,1
C522746,-7.95,1
C522752,-43.35,2
C522755,-162.0,1
C522757,-7.6499999999999995,1
C522762,-5.85,2
C522764,-19.8,1
C522765,-3.75,1
C522793,-10468.8,1
C522795,-2769.9,1
C522800,-13.05,2
C522818,-60.48,1
C522827,-17.7,2
C522830,-13.05,2
C522832,-55.4,4
C522834,-19.7,2
C522836,-18.6,3
C522837,-12.75,1
C522838,-12.75,1
C522840,-15.7,2
C522841,-1.7,1
C522842,-4.95,1
C522843,-79.05,7
C522844,-1.65,1
C522845,-27.15,3
C522846,-9.95,1
C522848,-3.3,1
C522849,-12.75,1
C522850,-3.75,1
C522851,-13.2,1
C522852,-14.75,1
C522853,-43.95,7
C522854,-14.44,3
C522870,-3.75,1
C522915,-280.91,1
C522928,-15.0,1
C522945,-7.95,1
C522951,-14.95,1
C523031,-7.5,2
C523037,-18.0,1
C523076,-31.8,2
C523107,-12.75,1
C523119,-2.39,2
C523147,-59.5,1
C523151,-67.19999999999999,1
C523153,-608.3700000000001,2
C523158,-102.0,1
C523159,-68.44,1
C523169,-23.400000000000002,1
C523171,-229.46,1
C523174,-15.95,3
C523177,-224.58,1
C523183,-66.98,1
C523187,-413.28,1
C523281,-134.0,8
C523299,-17.85,2
C523352,-179.39999999999998,4
C523378,-31.4,2
C523379,-2.55,1
C523380,-26.950000000000003,5
C523381,-89.10000000000001,2
C523382,-9.7,3
C523383,-39.650000000000006,3
C523384,-14.850000000000001,1
C523385,-22.8,4
C523386,-3.5999999999999996,2
C523387,-12.319999999999999,3
C523388,-8.35,2
C523389,-30.75,5
C523390,-15.149999999999999,2
C523392,-31.6,1
C523393,-15.3,2
C523394,-17.3,3
C523395,-3.75,1
C523396,-47.050000000000004,2
C523397,-20.9,2
C523398,-42.55,3
C523399,-3.2,2
C523400,-3.75,1
C523401,-56.1,5
C523402,-60.48,1
C523403,-15.0,1
C523404,-52.0,5
C523405,-29.700000000000003,1
C523406,-5.0,1
C523407,-7.6499999999999995,1
C523408,-30.75,5
C523427,-885.0,1
C523507,-6.3999999999999995,2
C523574,-127.66,1
C523602,-9.9,1
C523632,-59.05,4
C523657,-18.59,5
C523701,-20.349999999999998,2
C523765,-744.54,1
C523772,-17.3,5
C523869,-38.230000000000004,8
C523873,-98.88,1
C523876,-84.15,1
C523880,-1343.44,1
C523883,-159.54,1
C523885,-359.71,1
C523952,-0.95,1
C523968,-13.05,4
C523974,-18.4,3
C523975,-67.5,1
C523978,-153.0,1
C523980,-17.3,5
C523983,-15.95,2
C523987,-149.4,4
C523988,-34.95,1
C523991,-65.69999999999999,1
C524005,-4.95,1
C524058,-208.63,1
C524114,-34.75,2
C524123,-4.95,1
C524124,-15.0,1
C524154,-3787.88,22
C524158,-1251.2,13
C524166,-7.25,1
C524168,-30.24,2
C524235,-11880.84,45
C524265,-7.6499999999999995,1
C524275,-7.6499999999999995,1
C524282,-26.849999999999998,3
C524309,-31.6,5
C524325,-5.95,1
C524331,-2.1,1
C524343,-9.9,1
C524344,-38.4,4
C524347,-5.5,1
C524350,-2.95,1
C524352,-62.4,3
C524356,-20.4,1
C524359,-3.3,1
C524360,-2.55,1
C524361,-21.9,1
C524362,-6.6,2
C524364,-4.199999999999999,2
C524367,-7.5,1
C524371,-21.6,3
C524372,-29.700000000000003,1
C524373,-9.9,1
C524374,-285.6,1
C524376,-20.16,1
C524378,-8.850000000000001,2
C524381,-0.85,1
C524382,-12.75,1
C524383,-6.01,4
C524385,-39.84,4
C524386,-22.0,2
C524390,-8.5,1
C524391,-19.95,2
C524392,-65.47,2
C524393,-28.050000000000004,4
C524394,-6.25,1
C524395,-1.45,1
C524396,-1.25,1
C524398,-10.75,1
C524399,-4.25,1
C524400,-4.95,1
C524401,-3.75,1
C524403,-5.95,1
C524404,-1.45,1
C524410,-45.78,5
C524414,-7.6499999999999995,2
C524492,-12.55,2
C524514,-81.0,1
C524527,-4.43,3
C524528,-5.45,1
C524531,-13.76,4
C524535,-8.35,3
C524541,-483.15,1
C524542,-15.299999999999999,1
C524547,-22.5,1
C524557,-4.95,1
C524560,-33.75,2
C524575,-28.52,1
C524576,-34.75,2
C524593,-237.85,1
C524623,-9.9,1
C524625,-12.25,2
C524633,-13.9,1
C524634,-17.0,1
C524635,-9.45,2
C524636,-4.2,1
C524642,-26.349999999999998,1
C524689,-17.700000000000003,1
C524695,-84.0,7
C524699,-11.8,2
C524705,-32.849999999999994,1
C524707,-73.75,1
C524709,-2545.85,1
C524831,-104.85000000000001,1
C524839,-27.25,1
C524844,-34.05,4
C524845,-3.4,1
C524846,-2.5,1
C524847,-4.25,1
C524848,-1.72,1
C524849,-2.95,1
C524853,-8.5,1
C524860,-10.95,1
C524867,-413.4,1
C524935,-39.5,1
C524940,-29.95,1
C524946,-15.0,1
C524947,-41.95,5
C524954,-18.0,1
C524962,-10.08,1
C524979,-9.35,2
C524980,-12.899999999999999,2
C524981,-8.5,1
C524984,-22.8,2
C524993,-16.95,1
C524995,-65.69999999999999,1
C524996,-24.0,2
C524997,-1.25,1
C524998,-11.25,1
C525005,-32.849999999999994,1
C525026,-33.7,6
C525027,-21.9,1
C525028,-1.95,1
C525034,-12.75,1
C525043,-13.05,3
C525044,-41.65,4
C525046,-16.95,1
C525050,-4.95,1
C525062,-12.3,3
C525069,-7.4,2
C525076,-28.749999999999996,5
C525078,-38.7,1
C525099,-1.0,1
C525101,-50.0,1
C525111,-17.85,1
C525166,-3.75,1
C525168,-20.4,1
C525190,-5.0,1
C525217,-168.69000000000003,10
C525229,-29.3,3
C525270,-9.9,1
C525272,-4.5,1
C525273,-4.5,1
C525274,-4.5,1
C525275,-9.0,1
C525313,-445.06,1
C525398,-10468.8,1
C525400,-2769.9,1
C525405,-12.75,1
C525409,-22.5,1
C525414,-9.95,1
C525415,-208.63,1
C525432,-29.5,1
C525445,-15.9,1
C525450,-359.71,1
C525461,-159.54,1
C525462,-1343.44,1
C525463,-60.6,4
C525470,-7044.79,1
C525471,-2285.31,1
C525486,-8.7,2
C525501,-12.75,1
C525502,-2366.4,1
C525521,-3.75,1
C525529,-41.5,4
C525530,-59.4,3
C525531,-19.43,2
C525532,-5.8,2
C525533,-9.9,1
C525534,-24.8,2
C525535,-17.0,1
C525536,-52.5,1
C525537,-7.95,1
C525538,-10.05,2
C525539,-23.8,1
C525540,-8.4,2
C525541,-25.5,1
C525542,-11.8,1
C525544,-3.3,1
C525545,-27.15,2
C525546,-25.5,2
C525547,-19.81,2
C525548,-10.2,1
C525549,-4.65,1
C525550,-173.3,9
C525551,-4.3,2
C525552,-8.5,1
C525553,-4.9,2
C525554,-123.25,2
C525555,-65.05,4
C525556,-14.850000000000001,1
C525557,-26.25,3
C525558,-25.25,5
C525559,-30.7,3
C525560,-38.25,1
C525561,-14.850000000000001,1
C525562,-12.75,1
C525563,-98.45,3
C525580,-3.95,1
C525582,-24.8,2
C525626,-12.16,1
C525651,-38.35,5
C525695,-25.0,1
C525699,-82.0,1
C525722,-24.849999999999998,2
C525758,-7.85,3
C525782,-21.0,2
C525876,-15.0,1
C525880,-176.96,1
C525894,-50.4,1
C525896,-311.99,1
C525901,-28.85,3
C525904,-19.48,2
C525907,-311.99,1
C525908,-29.700000000000003,2
C525911,-17.0,1
C525914,-45.0,1
C525915,-11.25,1
C525916,-14.850000000000001,1
C525917,-2.98,1
C525918,-19.14,3
C525924,-14.959999999999999,4
C525925,-50.150000000000006,6
C525927,-12.75,1
C525929,-13.8,2
C525930,-30.53,5
C525932,-67.5,1
C525933,-267.05,1
C525936,-88.4,6
C525937,-125.05999999999999,2
C525938,-9.68,1
C525939,-67.8,5
C525940,-118.80000000000001,2
C525946,-9.3,4
C525954,-74.09,12
C525955,-11.799999999999999,2
C525956,-10.15,1
C525957,-2.5,1
C525958,-11.45,2
C525982,-23.12,7
C526051,-8.850000000000001,1
C526088,-54.25,2
C526095,-14.850000000000001,1
C526110,-17.5,4
C526111,-56.35000000000001,2
C526116,-59.4,3
C526117,-45.35,6
C526119,-14.700000000000001,1
C526126,-180.0,1
C526129,-1.68,1
C526131,-12.75,1
C526133,-25.5,1
C526135,-19.9,1
C526136,-102.0,1
C526137,-12.75,1
C526143,-67.45,10
C526144,-17.700000000000003,1
C526146,-5.8,1
C526147,-4.95,1
C526148,-89.69999999999999,1
C526173,-2.95,1
C526198,-52.199999999999996,4
C526203,-25.5,1
C526270,-23.880000000000003,4
C526348,-19.9,1
C526386,-11.9,1
C526398,-46.78,9
C526456,-72.23,10
C526457,-5.45,2
C526461,-2.37,2
C526463,-23.4,1
C526464,-1.65,1
C526466,-16.8,1
C526467,-29.400000000000002,2
C526469,-18.8,3
C526470,-19.3,2
C526474,-10.2,1
C526475,-1.25,1
C526477,-17.9,1
C526478,-9.95,1
C526481,-5.9,1
C526482,-78.89999999999999,2
C526511,-25.5,1
C526516,-18.15,5
C526519,-15.2,2
C526522,-7.95,1
C526526,-21.950000000000003,2
C526537,-3.39,1
C526543,-12.75,1
C526593,-3.4,2
C526596,-5.2,2
C526616,-23.5,2
C526630,-11.3,1
C526648,-4.95,1
C526653,-60.3,2
C526667,-30.599999999999998,1
C526670,-67.35000000000001,2
C526671,-35.0,1
C526726,-4.25,1
C526727,-15.0,2
C526728,-99.5,1
C526730,-3.75,1
C526731,-7.25,2
C526732,-0.85,1
C526734,-19.8,1
C526735,-48.25,2
C526736,-7.95,1
C526737,-2.55,1
C526740,-26.15,4
C526742,-68.0,1
C526743,-40.32,2
C526744,-14.75,1
C526803,-29.75,3
C526814,-4.95,1
C526837,-756.4,1
C526839,-38.25,1
C526840,-25.5,1
C526844,-3.83,2
C526851,-81.6,1
C526855,-1108.44,1
C526858,-2667.88,1
C526880,-21.71,11
C526886,-5.45,1
C526898,-4.95,1
C526912,-53.2,4
C526918,-7.5,1
C526925,-14.75,1
C526929,-1.25,1
C526931,-4.95,1
C526939,-32.45,1
C526956,-41.4,3
C527019,-12.67,5
C527020,-504.49,29
C527024,-74.75,1
C527025,-100.64999999999999,2
C527029,-17.700000000000003,1
C527031,-27.95,7
C527032,-36.9,2
C527066,-135.0,2
C527083,-24.95,1
C527106,-48.96000000000001,2
C527108,-350.6,1
C527109,-30.599999999999998,2
C527253,-14.75,1
C527263,-345.01,1
C527269,-2225.17,1
C527270,-14.08,1
C527272,-2225.17,1
C527289,-141.3,4
C527319,-125.96,1
C527329,-158.65,1
C527332,-530.31,1
C527339,-830.12,1
C527342,-17.9,2
C527357,-16.95,1
C527368,-4.25,1
C527389,-27.0,1
C527405,-175.38,2
C527410,-84.22999999999999,19
C527422,-23.8,1
C527425,-8.4,1
C527430,-2.55,1
C527432,-27.0,1
C527460,-42.0,1
C527464,-11.4,2
C527469,-19.9,2
C527476,-34.0,1
C527477,-7.5,2
C527481,-7.550000000000001,3
C527484,-25.5,1
C527485,-17.700000000000003,1
C527500,-5.1,1
C527501,-29.849999999999998,1
C527506,-88.5,1
C527516,-619.92,1
C527534,-5.789999999999999,2
C527546,-17.700000000000003,1
C527547,-5.45,3
C527553,-9.600000000000001,3
C527567,-76.5,1
C527580,-13.0,1
C527589,-41.1,2
C527600,-112.84,1
C527606,-40.45,4
C527609,-32.55,2
C527621,-35.400000000000006,1
C527628,-4.2,1
C527637,-3.4,1
C527643,-78.14999999999999,3
C527647,-75.95,5
C527653,-26.95,2
C527659,-8.0,2
C527660,-86.42,5
C527661,-33.9,2
C527663,-24.049999999999997,2
C527723,-12.75,1
C527748,-123.6,2
C527750,-4.47,1
C527790,-4733.52,8
C527844,-25.5,1
C527915,-35.400000000000006,1
C527916,-10.95,1
C527919,-3.75,1
C527920,-8.5,1
C527923,-12.899999999999999,2
C527927,-17.0,3
C527930,-18.8,6
C527931,-29.35,3
C527932,-6.35,2
C527934,-34.95,3
C527967,-14.2,2
C528062,-52.46,1
C528075,-4.1499999999999995,2
C528099,-43.2,2
C528107,-19.8,1
C528132,-6.7,2
C528143,-3.9,1
C528144,-135.84,1
C528148,-20.85,1
C528149,-22.5,1
C528163,-17.6,1
C528171,-33.9,2
C528173,-29.9,2
C528174,-29.2,3
C528182,-18.25,4
C528183,-47.900000000000006,2
C528228,-24.32,1
C528309,-10.1,1
C528317,-10.9,2
C528332,-51.599999999999994,2
C528339,-38.25,2
C528358,-62.650000000000006,3
C528360,-36.0,1
C528365,-6.5,4
C528373,-12.75,1
C528378,-1.95,1
C528379,-22.0,3
C528380,-4.95,1
C528381,-22.65,3
C528389,-8.5,1
C528392,-41.25,2
C528393,-76.5,1
C528398,-25.5,1
C528401,-38.25,1
C528402,-9.5,2
C528404,-1.95,1
C528406,-76.32000000000001,1
C528409,-12.9,2
C528410,-19.9,1
C528413,-7.95,1
C528415,-12.75,1
C528416,-14.850000000000001,1
C528418,-780.25,1
C528421,-7.9,1
C528425,-9.76,2
C528426,-2.5,1
C528427,-9.899999999999999,1
C528428,-12.95,2
C528430,-18.3,3
C528433,-9.9,1
C528437,-14.850000000000001,1
C528439,-19.9,1
C528441,-7.050000000000001,2
C528442,-15.299999999999999,1
C528446,-22.2,1
C528449,-326.06,36
C528451,-331.09,32
C528458,-15.7,2
C528476,-7.95,1
C528480,-1.45,1
C528491,-11.899999999999999,2
C528492,-6.75,1
C528535,-29.7,2
C528587,-122.39999999999999,1
C528602,-183.05,15
C528604,-3.0,1
C528606,-45.0,1
C528626,-79.95,1
C528716,-12.75,1
C528756,-14.75,5
C528867,-16.95,1
C528877,-27.0,2
C528878,-31.85,3
C528879,-3.6399999999999997,2
C528885,-13.5,2
C528899,-34.78,2
C528900,-2.55,1
C528902,-7.8500000000000005,3
C528903,-6.72,1
C528904,-5.9,1
C528907,-16.95,1
C528911,-1.95,1
C528914,-49.95,8
C528925,-9.95,1
C528929,-5.04,1
C528930,-16.5,1
C528931,-24.749999999999996,2
C528932,-10.45,2
C528933,-17.85,2
C528934,-46.7,3
C528976,-14.35,1
C528982,-2.5,1
C528984,-71.05,4
C528986,-18.150000000000002,2
C528987,-23.9,2
C528988,-16.15,2
C529056,-16.650000000000002,6
C529092,-5.74,1
C529098,-120.0,1
C529145,-19.049999999999997,1
C529155,-4.95,1
C529170,-14.850000000000001,1
C529171,-8.850000000000001,1
C529172,-52.25,7
C529174,-5.1,2
C529176,-31.8,1
C529177,-12.9,3
C529181,-12.75,1
C529182,-31.8,1
C529183,-4.95,1
C529184,-51.17999999999999,2
C529185,-57.55,5
C529187,-4.2,1
C529188,-4.95,1
C529189,-7.6499999999999995,2
C529210,-49.0,3
C529294,-2.1,1
C529312,-13.56,1
C529343,-4.25,1
C529352,-6325.08,9
C529353,-2736.16,1
C529354,-1155.6,1
C529359,-3.9,1
C529506,-11.9,1
C529535,-9.95,1
C529538,-8.5,1
C529561,-33.65,4
C529562,-6.6,2
C529564,-618.5999999999999,4
C529565,-28.4,3
C529566,-17.700000000000003,1
C529568,-70.69999999999999,4
C529571,-47.5,3
C529572,-13.89,1
C529575,-25.200000000000003,1
C529577,-5.45,1
C529578,-18.95,2
C529606,-240.0,6
C529612,-1543.2,5
C529711,-44.2,3
C529769,-25.5,1
C529800,-22.5,1
C529822,-6.8,3
C529825,-4.95,1
C529908,-40.8,2
C529992,-3.38,1
C530005,-22.5,1
C530006,-92.03,1
C530009,-78.31,1
C530017,-5.95,1
C530054,-196.6,3
C530055,-15.299999999999999,1
C530056,-90.0,3
C530057,-34.0,1
C530058,-8.5,1
C530063,-30.800000000000004,1
C530065,-439.83,29
C530069,-7.5,2
C530169,-6.95,1
C530170,-9.95,1
C530172,-122.1,1
C530174,-5.9,1
C530175,-28.65,3
C530176,-15.0,1
C530177,-189.0,6
C530179,-34.75,3
C530181,-28.3,3
C530182,-540.5,32
C530183,-76.97,1
C530185,-1620.6,1
C530186,-183.60000000000002,1
C530187,-407.16,8
C530188,-12.600000000000001,1
C530267,-62.7,2
C530279,-11.92,1
C530282,-8.2,1
C530283,-11.25,2
C530284,-39.8,1
C530285,-8.5,1
C530286,-36.45,3
C530287,-21.9,1
C530289,-5.95,1
C530290,-10.9,2
C530291,-4.95,1
C530292,-6.76,1
C530293,-5.8,2
C530294,-6.75,1
C530305,-34.8,1
C530336,-30.0,1
C530358,-9.58,1
C530362,-1.65,1
C530398,-60.0,1
C530399,-59.699999999999996,1
C530415,-27.599999999999998,2
C530438,-4.9,2
C530507,-20.28,1
C530516,-18.7,2
C530519,-23.4,1
C530521,-37.589999999999996,5
C530523,-11.5,2
C530528,-4.95,1
C530532,-5.95,1
C530539,-2.95,1
C530547,-10.0,1
C530549,-18.85,2
C530551,-14.55,6
C530554,-14.850000000000001,1
C530555,-15.4,2
C530573,-618.5999999999999,4
C530614,-295.0,1
C530618,-6.45,1
C530638,-1.65,1
C530639,-30.240000000000002,3
C530664,-295.0,1
C530667,-4.25,1
C530668,-11.299999999999999,2
C530673,-36.55,4
C530678,-18.7,2
C530682,-7.95,1
C530696,-83.4,1
C530700,-25.35,2
C530701,-3.75,1
C530702,-8.5,1
C530703,-1.65,1
C530704,-19.9,1
C530705,-12.75,1
C530706,-10.2,2
C530707,-19.9,1
C530710,-13.5,2
C530711,-4.8,2
C530712,-7.5,1
C530713,-14.47,3
C530722,-102.0,1
C530736,-76.5,1
C530737,-8.850000000000001,1
C530794,-13.850000000000001,2
C530798,-16.55,3
C530831,-8.5,1
C530832,-168.36,2
C530839,-50.849999999999994,2
C530842,-10.2,1
C530907,-14.850000000000001,1
C530910,-70.80000000000001,4
C530929,-30.75,2
C530930,-12.75,1
C530931,-20.049999999999997,3
C530933,-22.7,5
C530934,-4.6,2
C530935,-28.35,3
C530942,-11.049999999999999,2
C530943,-3.65,3
C530944,-19.8,2
C530949,-8.5,1
C530954,-7.1,4
C530971,-102.0,1
C530979,-57.05,3
C530993,-2.95,1
C530994,-18.25,5
C530995,-43.9,1
C530996,-5.9,1
C531001,-67.5,1
C531005,-10.08,1
C531045,-9.95,1
C531091,-12.399999999999999,2
C531127,-15.0,1
C531133,-95.63999999999999,2
C531134,-29.2,8
C531136,-1.95,1
C531179,-59.400000000000006,2
C531188,-9.95,1
C531191,-2.1,1
C531201,-2.1,1
C531203,-9.899999999999999,1
C531211,-13.850000000000001,2
C531238,-16.95,1
C531242,-11.3,3
C531296,-132.48,3
C531331,-18.75,1
C531339,-12.75,1
C531355,-1.95,1
C531360,-7.95,1
C531424,-9.95,1
C531428,-3.75,1
C531429,-4.9,2
C531434,-3.25,1
C531443,-8.95,1
C531446,-12.45,2
C531448,-45.599999999999994,2
C531449,-29.849999999999998,1
C531451,-51.15,3
C531454,-12.75,1
C531455,-34.55,2
C531456,-177.5,4
C531461,-12.75,1
C531465,-18.15,1
C531483,-12.0,3
C531514,-19.799999999999997,1
C531555,-10.9,1
C531557,-4098.96,8
C531563,-6.76,1
C531565,-642.45,3
C531569,-2.95,1
C531576,-366.0,2
C531588,-38.160000000000004,1
C531697,-10.0,1
C531743,-21.45,1
C531749,-23.19,1
C531751,-1.95,1
C531755,-4.95,1
C531765,-8.5,1
C531775,-93.67000000000002,3
C531790,-53.4,7
C531807,-807.02,38
C531810,-16.0,1
C531811,-89.69999999999999,1
C531813,-19.3,4
C531821,-16.45,2
C531823,-19.5,2
C531828,-100.75,1
C531841,-14.75,1
C531845,-55.9,2
C531846,-47.7,2
C531847,-12.600000000000001,1
C531850,-11.9,1
C531858,-39.45,4
C531859,-24.0,5
C531860,-12.75,1
C531871,-2.95,1
C531873,-48.0,3
C531874,-41.849999999999994,3
C531883,-50.400000000000006,2
C532009,-33.9,1
C532027,-43.2,2
C532031,-3.56,2
C532041,-8.45,2
C532086,-5.85,1
C532098,-27.3,1
C532102,-18.5,4
C532112,-19.9,1
C532130,-49.75,1
C532136,-62.1,1
C532138,-0.85,1
C532144,-14.850000000000001,1
C532155,-15.0,1
C532174,-8.0,2
C532255,-1269.51,1
C532262,-3.9,1
C532283,-36.550000000000004,2
C532326,-290.0,1
C532327,-8.0,2
C532329,-2.1,1
C532341,-139.64999999999998,2
C532343,-139.64999999999998,2
C532359,-23.8,1
C532362,-26.9,2
C532367,-15.9,1
C532368,-42.7,4
C532372,-59.400000000000006,2
C532374,-21.25,2
C532375,-24.1,2
C532376,-30.85,2
C532380,-8.850000000000001,2
C532381,-33.05,4
C532383,-3.75,1
C532385,-303.75,1
C532387,-11.899999999999999,2
C532388,-4.25,1
C532389,-25.45,2
C532390,-29.849999999999998,2
C532392,-12.75,1
C532393,-10.92,1
C532394,-8.5,1
C532395,-19.75,1
C532396,-16.95,1
C532397,-14.95,1
C532398,-5.1,2
C532399,-5.95,1
C532400,-2.1,1
C532401,-12.75,1
C532402,-17.700000000000003,1
C532403,-55.5,10
C532404,-3.75,1
C532405,-69.6,1
C532406,-8.850000000000001,1
C532407,-2.95,1
C532409,-32.55,2
C532410,-14.45,2
C532411,-9.95,1
C532413,-6.75,1
C532414,-12.75,1
C532415,-2.75,1
C532417,-42.5,1
C532540,-17.700000000000003,1
C532552,-42.5,1
C532561,-23.700000000000003,1
C532583,-15.97,4
C532586,-2.55,1
C532621,-107.52,1
C532640,-1.65,1
C532645,-35.8,1
C532797,-13.9,2
C532820,-5.95,1
C532830,-3.3,1
C532847,-31.2,1
C532848,-11.44,2
C532852,-9.95,1
C532958,-5.75,2
C532967,-9.95,1
C532970,-17.7,3
C532987,-49.05,2
C533002,-12.9,2
C533016,-19.6,6
C533044,-2.9,1
C533068,-28.25,7
C533081,-1.65,1
C533090,-89.69999999999999,1
C533099,-28.849999999999998,3
C533100,-8.7,2
C533107,-5.2,2
C533108,-183.60000000000002,1
C533109,-175.2,1
C533111,-7.65,2
C533117,-73.44999999999999,4
C533122,-25.5,1
C533124,-43.599999999999994,4
C533125,-120.0,1
C533126,-29.75,1
C533129,-49.9,1
C533150,-9.95,1
C533151,-24.5,2
C533153,-259.34999999999997,2
C533155,-5.069999999999999,2
C533157,-7.9,2
C533159,-16.2,2
C533279,-1.65,1
C533303,-16.45,2
C533304,-6.35,2
C533305,-5.8,2
C533306,-5.95,1
C533307,-7.95,2
C533308,-8.85,3
C533309,-17.490000000000002,2
C533310,-9.95,1
C533312,-21.9,1
C533317,-24.0,1
C533319,-5.95,1
C533321,-4.95,1
C533322,-16.5,2
C533323,-18.43,4
C533327,-15.0,1
C533329,-11.0,1
C533331,-20.049999999999997,3
C533332,-48.699999999999996,3
C533334,-6.15,3
C533335,-17.9,1
C533347,-65.69999999999999,1
C533367,-5.65,3
C533371,-76.5,3
C533377,-2.95,1
C533378,-5.9,1
C533394,-228.85,1
C533445,-6.9,2
C533456,-5.95,1
C533464,-14.850000000000001,2
C533467,-17.0,1
C533470,-13.899999999999999,2
C533493,-32.9,3
C533494,-8.95,1
C533497,-4.95,1
C533559,-1.65,1
C533564,-16.95,1
C533566,-15.0,1
C533567,-8.95,1
C533587,-19.02,1
C533590,-1.06,2
C533662,-127.5,1
C533696,-20.4,1
C533724,-26.5,4
C533758,-4.25,1
C533768,-17.0,1
C533774,-132.8,9
C533775,-57.900000000000006,2
C533778,-39.8,2
C533802,-54.75,1
C533807,-4.949999999999999,1
C533808,-30.75,3
C533809,-9.95,1
C533810,-6.2,2
C533811,-12.899999999999999,2
C533812,-13.95,3
C533813,-9.85,3
C533814,-5.55,1
C533817,-8.5,2
C533823,-102.0,1
C533833,-37.5,1
C533834,-10.899999999999999,2
C533840,-5.5,2
C533899,-17.700000000000003,1
C533927,-19.9,1
C533958,-8.5,1
C533970,-17.79,5
C533985,-14.75,1
C533993,-46.300000000000004,3
C533994,-47.65,5
C533995,-9.95,1
C533997,-89.69999999999999,1
C533998,-2.55,1
C534000,-12.309999999999999,7
C534004,-15.93,2
C534014,-94.78999999999999,8
C534022,-8.15,2
C534023,-11.1,4
C534024,-39.04,1
C534025,-1.25,1
C534026,-24.0,3
C534027,-2.3,2
C534029,-39.8,1
C534031,-39.7,2
C534042,-5.95,1
C534043,-3.3,1
C534045,-2.95,1
C534063,-18.7,2
C534090,-11.03,2
C534159,-19.799999999999997,1
C534199,-9.899999999999999,1
C534206,-31.5,3
C534207,-3.75,1
C534226,-40.0,1
C534231,-3.75,1
C534241,-8.7,2
C534261,-14.850000000000001,1
C534263,-14.850000000000001,1
C534372,-29.700000000000003,1
C534386,-36.03,1
C534408,-2.5,1
C534442,-43.82,7
C534463,-17.9,1
C534498,-1.25,1
C534533,-35.400000000000006,3
C534647,-7.8100000000000005,2
C534666,-100.0,1
C534675,-1190.3999999999999,2
C534677,-69.6,1
C534678,-20.4,1
C534695,-46.9,2
C534698,-26.65,5
C534717,-3013.0,13
C534725,-10.95,1
C534727,-34.9,2
C534729,-86.6,3
C534731,-8.95,1
C534732,-43.8,1
C534733,-42.3,4
C534734,-11.7,1
C534736,-16.9,2
C534757,-4.95,1
C534771,-3.95,1
C534778,-15.9,1
C534781,-4.95,2
C534782,-33.0,2
C534784,-23.45,2
C534785,-2.1,1
C534787,-5.95,1
C534789,-59.6,6
C534790,-5.96,3
C534791,-5.55,1
C534792,-7.95,1
C534795,-4.25,1
C534798,-32.3,3
C534803,-59.0,1
C534815,-5.9,2
C534817,-16.35,1
C534819,-5.9,1
C534823,-3.75,1
C534824,-19.9,1
C534825,-3.75,1
C534826,-22.439999999999998,7
C534827,-14.95,1
C534828,-15.7,2
C534831,-4.95,1
C534833,-19.9,1
C534837,-4.25,1
C534838,-120.96,2
C534845,-2383.83,17
C534849,-4.2,1
C534850,-7.95,1
C534852,-2.55,1
C534863,-47.7,1
C534867,-33.9,1
C534868,-85.35,5
C534878,-207.35999999999999,1
C534880,-2.5,1
C534881,-25.5,1
C534883,-25.5,1
C534916,-29.700000000000003,1
C534927,-4.95,1
C534931,-79.6,1
C534938,-12.899999999999999,2
C534945,-1.17,1
C534962,-37.5,1
C535002,-47.52,2
C535006,-5.050000000000001,2
C535011,-5.95,1
C535013,-16.9,2
C535038,-175.2,1
C535046,-17.700000000000003,1
C535087,-5.9,1
C535093,-40.85,2
C535098,-0.85,1
C535120,-87.24,4
C535146,-13.85,2
C535223,-5.95,1
C535246,-16.3,1
C535256,-20.6,6
C535276,-35.7,1
C535279,-1.95,1
C535281,-101.88,1
C535284,-14.299999999999999,2
C535309,-127.49999999999999,1
C535323,-15.0,1
C535327,-9.95,1
C535333,-1.65,1
C535337,-44.25,2
C535340,-7.95,1
C535357,-22.4,2
C535360,-44.9,3
C535361,-17.0,1
C535362,-33.8,2
C535363,-31.85,3
C535364,-9.95,1
C535373,-1.25,1
C535383,-10.2,1
C535401,-209.70000000000002,1
C535410,-17.9,2
C535420,-5.1,1
C535428,-8.95,1
C535432,-29.95,1
C535460,-26.9,2
C535489,-59.400000000000006,1
C535631,-6.6,1
C535640,-9.95,1
C535643,-6.75,1
C535649,-8.5,1
C535651,-5.95,1
C535663,-46.39,6
C535671,-9.9,1
C535678,-9.95,1
C535755,-18.849999999999998,1
C535778,-45.0,1
C535793,-17.700000000000003,2
C535800,-202.05,3
C535804,-75.52000000000001,3
C535808,-49.75,1
C535843,-12.75,1
C535941,-16.95,1
C535947,-20.139999999999997,3
C535955,-45.7,2
C535983,-3.3,2
C535986,-15.299999999999999,1
C536015,-39.0,6
C536023,-41.15,9
C536062,-130.05,1
C536065,-4.95,1
C536069,-10.65,3
C536070,-17.700000000000003,1
C536071,-616.25,2
C536077,-2.55,1
C536078,-4.199999999999999,2
C536079,-4.95,1
C536080,-17.55,2
C536150,-1.25,1
C536160,-17.55,2
C536164,-2945.38,44
C536192,-22.8,2
C536194,-15.0,1
C536195,-40.3,3
C536201,-2.16,1
C536202,-3.3,1
C536203,-5.0,1
C536210,-29.9,2
C536212,-55.800000000000004,1
C536215,-23.73,1
C536221,-4.65,1
C536222,-25.0,5
C536224,-17.7,2
C536225,-11.43,1
C536227,-1.95,1
C536228,-30.6,1
C536229,-16.5,3
C536230,-16.95,1
C536231,-9.95,1
C536232,-20.4,1
C536234,-58.25,5
C536236,-6.0,3
C536237,-5.0,2
C536242,-85.3,9
C536244,-8.7,2
C536250,-2.75,1
C536252,-39.8,1
C536253,-5.55,1
C536256,-67.15,2
C536258,-59.5,1
C536265,-10.95,1
C536349,-3.75,1
C536379,-55.0,2
C536383,-9.3,2
C536391,-282.96,14
C536506,-51.0,2
C536543,-7.6000000000000005,4
C536548,-244.6,28
C536606,-11.8,2
C536622,-34.0,2
C536625,-59.8,2
C536642,-11.9,2
C536734,-49.9,4
C536737,-11.8,2
C536757,-561.6,2
C536758,-4.2,2
C536760,-23.6,4
C536807,-47.699999999999996,4
C536812,-1766.16,12
C536814,-204.9,10
C536815,-3.34,4
C536816,-27.8,2
C536817,-15.0,4
C536818,-2.5,2
C536820,-33.9,8
C536822,-75.3,4
C536825,-13.3,4
C536826,-46.5,4
C536827,-41.7,2
C536828,-29.0,4
C536829,-6.5,2
C536850,-2384.4,10
C536853,-5.1,2
C536854,-10.9,6
C536855,-63.6,2
C536978,-19.9,2
C536979,-11.4,4
C537024,-151.20000000000002,2
C537039,-16.64,6
C537043,-26.779999999999998,4
C537132,-578.3,12
C537143,-15.9,2
C537157,-60.0,2
C537164,-58.58,2
C537203,-25.799999999999997,4
C537232,-34.0,2
C537234,-78.0,2
C537314,-54.0,2
C537320,-17.9,2
C537333,-68.0,2
C537373,-25.5,2
C537379,-42.0,2
C537383,-18.1,6
C537398,-9.9,2
C537402,-385.4,12
C537406,-334.4,8
C537408,-51.0,4
C537413,-302.40000000000003,2
C537414,-44.220000000000006,4
C537416,-15.9,2
C537417,-8.5,2
C537431,-11.9,2
C537444,-95.2,2
C537445,-18.7,2
C537530,-56.3,6
C537596,-39.8,2
C537597,-562.0,2
C537602,-152.64,28
C537611,-151.20000000000002,2
C537656,-262.79999999999995,2
C537677,-3.9,2
C537684,-12.6,4
C537746,-13.3,6
C537756,-206.0,6
C537763,-15.9,2
C537788,-36.6,4
C537797,-63.699999999999996,6
C537798,-8.5,2
C537805,-52.76,18
C537807,-109.5,8
C537812,-418.0,4
C537814,-25.5,2
C537820,-17.0,2
C537821,-41.7,2
C537824,-29.799999999999997,4
C537832,-59.6,6
C537834,-27.800000000000004,6
C537835,-29.700000000000003,2
C537838,-10.0,2
C537853,-67.1,10
C537856,-26.9,4
C537857,-534.24,2
C537860,-590.18,42
C537893,-54.3,6
C537998,-60.0,4
C538052,-9.9,2
C538059,-476.4,28
C538062,-176.3,10
C538066,-5.9,2
C538075,-40.56,2
C538081,-128.7,2
C538082,-84.0,2
C538083,-28.5,4
C538084,-39.599999999999994,4
C538085,-32.0,6
C538088,-40.8,2
C538089,-13.5,2
C538091,-35.8,2
C538098,-17.0,2
C538099,-26.200000000000003,4
C538100,-61.199999999999996,2
C538102,-18.6,2
C538103,-34.0,2
C538105,-33.2,4
C538109,-49.9,4
C538110,-305.28000000000003,2
C538111,-20.16,2
C538112,-55.2,4
C538114,-33.9,2
C538115,-85.0,8
C538118,-19.7,6
C538119,-40.2,6
C538121,-25.5,2
C538122,-2.5,2
C538123,-15.0,6
C538124,-35.4,6
C538164,-3.9,2
C538314,-39.949999999999996,1
C538341,-1136.3200000000002,39
C538344,-25.200000000000003,1
C538350,-183.6,26
C538357,-243.35999999999999,1
C538362,-16.5,1
C538372,-10.450000000000001,3
C538373,-15.0,1
C538375,-9.95,1
C538376,-16.65,2
C538377,-11.6,2
C538463,-11.6,2
C538500,-12.9,1
C538530,-64.35,1
C538531,-7.5,1
C538536,-40.8,1
C538595,-5.1,1
C538628,-15.7,2
C538632,-12.75,1
C538642,-12.45,2
C538643,-12.45,2
C538647,-10.2,2
C538650,-16.15,3
C538670,-15.8,1
C538684,-32.65,3
C538690,-117.45,2
C538691,-2.9,1
C538692,-7.24,2
C538693,-21.95,3
C538694,-5.1,1
C538695,-2.95,1
C538696,-8.5,1
C538698,-13.200000000000001,1
C538699,-31.8,1
C538700,-25.5,1
C538701,-1.45,1
C538702,-51.0,1
C538703,-4.949999999999999,1
C538704,-19.9,1
C538705,-179.14999999999998,2
C538711,-1.25,1
C538712,-8.5,1
C538713,-36.65,2
C538717,-35.400000000000006,1
C538718,-60.0,1
C538720,-15.0,1
C538723,-27.75,3
C538725,-25.0,1
C538726,-2.95,1
C538734,-33.9,1
C538742,-3.9,1
C538745,-1.45,1
C538749,-9.95,1
C538755,-12.75,1
C538763,-30.0,1
C538768,-45.0,2
C538771,-4.95,1
C538794,-1.25,1
C538798,-15.8,1
C538802,-22.8,2
C538803,-31.65,3
C538804,-1.7,1
C538805,-29.700000000000003,1
C538806,-4.25,1
C538813,-5.9,1
C538833,-40.199999999999996,5
C538834,-12.899999999999999,2
C538847,-1188.0,1
C538874,-8.25,4
C538876,-2.95,1
C538882,-45.0,3
C538887,-10.95,1
C538889,-14.850000000000001,1
C538891,-92.64999999999999,2
C538897,-48.26,2
C538898,-10.75,1
C538904,-7.95,1
C538971,-20.16,1
C538997,-11.2,2
C539003,-26.93,1
C539031,-52.9,6
C539035,-12.75,1
C539037,-227.44,2
C539054,-35.1,3
C539055,-102.0,1
C539057,-74.25,1
C539058,-67.5,1
C539059,-7.9,1
C539063,-63.34,2
C539065,-47.6,1
C539066,-15.399999999999999,2
C539067,-46.400000000000006,3
C539068,-45.0,1
C539069,-29.849999999999998,2
C539071,-16.95,3
C539072,-27.799999999999997,2
C539073,-3.5,1
C539090,-2.95,1
C539097,-11.549999999999999,1
C539100,-5.9,1
C539104,-4.949999999999999,1
C539110,-4.95,1
C539114,-8.850000000000001,1
C539191,-3.9,1
C539195,-42.5,1
C539221,-220.5,5
C539224,-175.0,1
C539244,-2.1,1
C539251,-25.8,2
C539253,-109.5,1
C539258,-21.9,1
C539260,-76.64999999999999,1
C539270,-14.5,2
C539271,-10.95,1
C539273,-14.0,2
C539274,-8.5,1
C539276,-10.5,2
C539277,-25.5,1
C539278,-29.700000000000003,1
C539279,-17.0,1
C539284,-25.200000000000003,1
C539287,-67.2,2
C539289,-12.75,1
C539291,-10.55,2
C539301,-35.400000000000006,1
C539302,-19.799999999999997,1
C539329,-1491.0,2
C539402,-49.900000000000006,3
C539409,-18.0,1
C539438,-295.0,1
C539448,-30.24,2
C539467,-12.65,3
C539476,-4.95,1
C539486,-50.1,4
C539499,-3.75,1
C539565,-25.25,2
C539566,-1.9500000000000002,1
C539568,-47.7,1
C539569,-67.7,3
C539573,-14.75,1
C539574,-12.899999999999999,2
C539575,-85.19999999999999,3
C539576,-707.0600000000001,18
C539577,-8.5,1
C539589,-13.88,1
C539596,-12.0,1
C539598,-240.84999999999997,2
C539599,-17.700000000000003,1
C539600,-35.400000000000006,1
C539601,-19.9,1
C539602,-44.53,5
C539603,-53.25,3
C539605,-11.3,2
C539606,-11.6,3
C539608,-29.75,2
C539632,-162.24,2
C539640,-20.27,4
C539644,-300.65,15
C539655,-34.8,1
C539657,-14.399999999999999,3
C539661,-36.0,1
C539667,-42.050000000000004,6
C539707,-19.9,1
C539709,-27.7,3
C539710,-10.15,2
C539711,-21.95,2
C539712,-5.75,1
C539719,-25.200000000000003,3
C539726,-12.5,1
C539827,-2.1,1
C539830,-39.6,1
C539832,-2.55,1
C539838,-16.5,1
C539857,-4.65,1
C539866,-56.95,3
C539943,-6.199999999999999,2
C539944,-9.95,1
C539945,-13.500000000000002,4
C539947,-29.700000000000003,1
C539949,-17.700000000000003,1
C539950,-31.35,3
C539956,-69.75,1
C539983,-29.700000000000003,1
C540006,-31.8,3
C540007,-71.4,2
C540030,-90.0,1
C540057,-40.0,1
C540097,-202.79999999999998,5
C540109,-442.5,1
C540112,-197.1,1
C540129,-7.6499999999999995,1
C540142,-57.6,4
C540151,-10.95,1
C540152,-2.95,1
C540156,-10.95,1
C540158,-92.5,8
C540164,-232.67000000000002,15
C540165,-22.8,3
C540171,-22.97,1
C540177,-30.6,1
C540243,-56.04,9
C540244,-3.8000000000000003,2
C540246,-64.15,15
C540250,-37.6,8
C540270,-39.39999999999999,4
C540271,-1126.0,1
C540307,-855.76,16
C540346,-6.6,1
C540347,-51.0,1
C540360,-22.25,2
C540366,-21.599999999999998,1
C540367,-54.0,1
C540376,-4.95,1
C540377,-34.65,2
C540378,-5.0,1
C540379,-7.5,1
C540380,-24.7,2
C540381,-0.72,1
C540382,-6.65,2
C540384,-16.65,3
C540385,-10.95,1
C540386,-31.949999999999996,3
C540388,-7.95,1
C540389,-2.1,1
C540390,-14.750000000000002,2
C540391,-2.95,1
C540392,-109.8,4
C540393,-33.9,5
C540394,-4.95,1
C540398,-9.3,1
C540400,-60.05,4
C540403,-2.55,1
C540417,-1520.11,21
C540470,-11.44,1
C540503,-14.0,3
C540527,-11.5,2
C540535,-41.9,14
C540555,-12.9,2
C540634,-62.13,3
C540643,-21.9,1
C540652,-265.5,1
C540780,-347.5,4
C540781,-41.849999999999994,6
C540783,-30.0,1
C540784,-23.4,1
C540786,-16.4,4
C540787,-40.8,2
C540788,-10.65,3
C540790,-1.7,1
C540791,-4.25,1
C540792,-3.75,1
C540793,-11.5,2
C540796,-8.5,1
C540814,-2.95,1
C540820,-11.7,1
C540837,-97.22,10
C540841,-62.99,2
C540843,-60.0,1
C540845,-8.4,1
C540846,-43.3,3
C540847,-11.599999999999998,2
C540850,-1.25,1
C540852,-419.40000000000003,1
C540853,-9.95,1
C540860,-18.9,2
C540895,-9.95,1
C540937,-103.96000000000001,3
C540938,-40.8,1
C540942,-56.239999999999995,3
C540944,-5.95,1
C540948,-45.65,4
C540949,-3.4,2
C540950,-4.25,1
C540952,-2.55,1
C541007,-18.6,1
C541009,-23.4,4
C541089,-4.95,1
C541090,-6.2,2
C541092,-5.1,1
C541117,-32.849999999999994,1
C541201,-13.200000000000001,1
C541222,-98.55,1
C541229,-11.8,1
C541231,-42.04,6
C541232,-8.9,2
C541233,-7.550000000000001,2
C541234,-9.6,2
C541235,-5.9,1
C541237,-2.1,1
C541245,-51.0,1
C541254,-29.9,1
C541257,-4.95,1
C541261,-39.6,1
C541284,-31.32,1
C541415,-12.15,3
C541416,-2.95,1
C541418,-30.599999999999998,1
C541433,-77183.6,1
C541498,-9.95,1
C541499,-22.05,3
C541501,-8.75,1
C541502,-9.95,1
C541503,-6.75,1
C541512,-25.5,1
C541572,-254.99999999999997,2
C541573,-13.56,1
C541586,-11.25,1
C541589,-54.0,1
C541603,-14.95,1
C541641,-2.5,2
C541654,-65.69999999999999,1
C541656,-12.45,3
C541674,-15.95,1
C541688,-43.8,1
C541689,-144.33,1
C541691,-29.700000000000003,1
C541693,-32.85,6
C541694,-25.45,3
C541701,-45.65,3
C541704,-5.04,1
C541705,-34.0,1
C541707,-29.54,4
C541710,-134.68,11
C541735,-62.25000000000001,6
C541779,-48.8,3
C541786,-32.849999999999994,1
C541787,-39.95,1
C541790,-19.8,3
C541817,-39.8,1
C541818,-3.75,1
C541821,-38.5,5
C541822,-22.700000000000003,4
C541823,-2.1,1
C541824,-12.75,1
C541825,-5.45,3
C541826,-18.25,3
C541828,-3.8,2
C541829,-39.8,2
C541831,-4.95,1
C541833,-9.95,1
C541834,-7.5,1
C541852,-14.95,1
C541861,-19.9,1
C541863,-79.45,17
C541868,-28.98,5
C541885,-2.95,1
C541897,-71.4,1
C541959,-9.5,1
C541961,-29.849999999999998,2
C541964,-35.49,1
C541994,-102.0,1
C542032,-23.73,1
C542038,-3.75,1
C542060,-55.379999999999995,7
C542078,-16.7,2
C542082,-3.3,1
C542086,-12.75,1
C542088,-19.799999999999997,1
C542089,-12.75,2
C542091,-24.95,3
C542092,-12.54,6
C542094,-21.25,2
C542095,-6.25,1
C542097,-11.8,1
C542101,-44.699999999999996,3
C542104,-9.35,2
C542138,-563.15,17
C542139,-31.8,1
C542140,-130.0,1
C542150,-12.02,5
C542218,-4.15,3
C542232,-250.0,1
C542244,-3.75,1
C542245,-55.6,8
C542256,-13.399999999999999,4
C542257,-15.9,1
C542259,-8.5,1
C542260,-5.1,1
C542261,-16.8,2
C542262,-10.95,1
C542263,-2.95,1
C542264,-29.849999999999998,2
C542270,-4.25,1
C542271,-14.65,3
C542273,-33.5,5
C542346,-94.46,8
C542348,-1715.85,1
C542352,-2.95,1
C542366,-115.44,10
C542376,-9.75,2
C542383,-142.35,1
C542385,-7.2,2
C542395,-6.75,1
C542400,-5.95,1
C542402,-61.849999999999994,5
C542403,-31.799999999999997,2
C542404,-33.75,3
C542413,-350.5,15
C542416,-6.25,2
C542421,-1.45,1
C542424,-22.25,5
C542426,-1241.43,35
C542427,-6.35,1
C542537,-79.71000000000001,11
C542539,-91.64999999999999,2
C542588,-18.1,3
C542589,-9.9,1
C542593,-37.5,1
C542604,-159.31,8
C542635,-1.3900000000000001,2
C542637,-17.700000000000003,1
C542638,-16.35,1
C542639,-8.5,1
C542640,-43.8,1
C542642,-33.6,3
C542643,-17.700000000000003,1
C542644,-2.5,1
C542645,-12.75,1
C542693,-390.0,1
C542704,-44.52,1
C542714,-54.75,1
C542721,-8.7,2
C542726,-14.750000000000002,2
C542730,-5.7,3
C542732,-19.9,1
C542734,-30.5,2
C542738,-419.40000000000003,1
C542740,-16.450000000000003,3
C542742,-84.2,3
C542744,-10.2,2
C542748,-17.4,1
C542753,-4.95,1
C542781,-45.3,2
C542787,-13.899999999999999,3
C542792,-21.85,5
C542793,-331.5,2
C542798,-4.199999999999999,2
C542799,-3.67,2
C542805,-3.8000000000000003,2
C542832,-55.800000000000004,1
C542866,-43.1,3
C542910,-61.099999999999994,11
C542912,-2.95,1
C542913,-4.65,2
C542916,-4.0,1
C542924,-25.5,1
C542951,-2.5,1
C542991,-51.0,1
C543004,-11.8,1
C543026,-29.1,3
C543039,-12.45,2
C543042,-35.400000000000006,1
C543050,-69.5,5
C543052,-16.95,1
C543109,-34.8,1
C543112,-12.75,1
C543119,-1.25,1
C543175,-71.9,4
C543195,-19.45,2
C543239,-22.57,3
C543241,-1.95,1
C543244,-5.95,1
C543290,-14.4,2
C543307,-14.95,1
C543347,-94.93,15
C543353,-12.95,4
C543356,-3.75,2
C543368,-59.5,2
C543375,-67.95,2
C543381,-152.64000000000001,1
C543388,-45.0,1
C543431,-9.25,4
C543442,-25.8,2
C543445,-32.699999999999996,2
C543465,-7.9,1
C543469,-83.97999999999999,9
C543475,-17.15,5
C543551,-581.4,1
C543603,-55.55,7
C543605,-35.8,1
C543606,-17.8,2
C543607,-12.75,1
C543608,-6.95,1
C543609,-7.5,2
C543611,-102.58,15
C543620,-9.95,1
C543621,-21.549999999999997,3
C543624,-82.0,1
C543627,-5.95,1
C543628,-9.25,2
C543632,-295.0,1
C543633,-89.15,4
C543634,-25.439999999999998,2
C543635,-9.899999999999999,1
C543636,-3.75,1
C543637,-13.2,1
C543638,-16.45,5
C543640,-29.95,1
C543643,-28.75,7
C543644,-8.3,1
C543659,-40.32,2
C543661,-124.8,6
C543662,-54.75,1
C543663,-16.95,1
C543671,-40.8,2
C543706,-12.75,1
C543729,-2.95,1
C543741,-6.75,1
C543742,-1.25,1
C543743,-4.5,1
C543744,-62.13,3
C543745,-62.13,3
C543749,-71.46,1
C543750,-6.35,1
C543752,-64.27,1
C543755,-186.35000000000002,10
C543756,-54.599999999999994,3
C543757,-1.65,1
C543758,-65.91,1
C543760,-94.0,2
C543761,-3.75,1
C543763,-34.849999999999994,2
C543764,-45.2,4
C543765,-10.2,1
C543766,-4.25,1
C543767,-7.5,2
C543768,-17.9,2
C543769,-4.25,1
C543771,-21.25,2
C543772,-0.85,1
C543773,-12.25,2
C543775,-7.5,1
C543776,-2.55,1
C543778,-2.95,1
C543779,-15.55,2
C543780,-0.42,1
C543784,-30.6,1
C543785,-29.9,1
C543786,-8.5,1
C543787,-40.8,1
C543789,-1132.08,3
C543790,-8.8,2
C543791,-41.4,4
C543792,-27.85,3
C543811,-22.7,2
C543817,-13.93,3
C543818,-76.75,7
C543819,-64.85,3
C543830,-32.75,3
C543834,-6.3,1
C543835,-15.6,1
C543837,-72.6,5
C543838,-37.06,2
C543840,-70.01,1
C543841,-208.16,1
C543917,-8.5,1
C543918,-4.25,1
C543972,-13.950000000000001,1
C543974,-8.55,2
C543980,-3.75,1
C543992,-18.0,1
C544034,-26.25,6
C544038,-53.5,4
C544057,-19.9,2
C544080,-43.8,1
C544099,-6.95,1
C544117,-18.0,1
C544118,-19.799999999999997,1
C544171,-19.65,2
C544174,-1.25,1
C544184,-152.64000000000001,1
C544279,-4.95,1
C544300,-1.65,1
C544310,-2.1,1
C544318,-2.1,1
C544397,-20.8,4
C544413,-35.400000000000006,2
C544414,-7.5,1
C544415,-8.5,1
C544416,-11.9,1
C544417,-4.95,1
C544419,-14.850000000000001,1
C544420,-5.5,1
C544422,-10.2,1
C544424,-23.1,2
C544425,-4.65,1
C544427,-5.95,1
C544428,-5.1,1
C544429,-5.1,1
C544432,-9.95,1
C544433,-1.25,1
C544435,-11.9,2
C544436,-11.25,3
C544437,-82.5,1
C544442,-32.849999999999994,1
C544451,-8.9,2
C544458,-4.05,2
C544507,-76.64999999999999,1
C544553,-3.75,1
C544557,-55.35,5
C544558,-28.049999999999997,1
C544559,-27.900000000000002,1
C544560,-6.8,1
C544561,-9.95,1
C544570,-17.0,1
C544577,-320.69,1
C544590,-8.5,1
C544594,-1.95,1
C544608,-1.65,1
C544609,-6.300000000000001,1
C544635,-15.0,1
C544653,-17.4,2
C544655,-66.33,5
C544665,-11.8,3
C544669,-32.050000000000004,3
C544674,-2.1,1
C544679,-18.25,2
C544682,-12.95,4
C544696,-39.9,2
C544775,-2.6,1
C544780,-26.150000000000002,2
C544814,-30.19,1
C544827,-18.45,2
C544828,-16.5,2
C544829,-2.95,2
C544830,-13.41,2
C544831,-13.5,4
C544840,-16.5,2
C544897,-12.75,1
C544901,-55.05,5
C544902,-4.9,2
C545003,-17.1,2
C545033,-2548.8,6
C545040,-3.0,1
C545068,-32.45,1
C545189,-1.95,1
C545277,-1.25,1
C545307,-41.7,2
C545329,-463.8,2
C545330,-376.5,1
C545421,-2.5,1
C545432,-9.95,1
C545434,-5.85,1
C545436,-18.25,3
C545437,-10.95,1
C545438,-23.75,3
C545439,-15.0,1
C545440,-12.75,1
C545442,-9.95,1
C545443,-12.600000000000001,2
C545444,-12.600000000000001,3
C545446,-43.39,5
C545449,-10.25,3
C545450,-15.9,1
C545451,-7.95,1
C545452,-9.3,1
C545453,-21.2,2
C545454,-92.55,2
C545455,-1.25,1
C545456,-13.4,3
C545457,-40.05,4
C545458,-4.95,1
C545476,-30.38,1
C545478,-7.2,1
C545502,-19.5,1
C545504,-14.4,2
C545507,-14.75,1
C545508,-5.9,2
C545509,-4.25,1
C545510,-25.8,3
C545511,-0.65,1
C545513,-7.65,1
C545516,-76.3,8
C545520,-2.95,1
C545525,-168.7,2
C545529,-1.65,1
C545531,-9.95,1
C545532,-85.0,1
C545537,-9.15,2
C545556,-10.9,2
C545569,-56.1,3
C545639,-10.95,1
C545650,-20.98,2
C545671,-76.64999999999999,1
C545672,-4.95,1
C545673,-53.1,1
C545674,-6.15,3
C545677,-258.9,11
C545678,-2.5,2
C545679,-1.25,1
C545689,-5.640000000000001,2
C545720,-22.9,2
C545723,-13.58,3
C545724,-107.9,2
C545728,-36.5,3
C545739,-45.57,1
C545740,-8.65,1
C545769,-11.700000000000001,1
C545773,-15.2,2
C545823,-6.300000000000001,1
C545824,-17.85,1
C545825,-3.3,1
C545828,-69.89999999999999,3
C545829,-45.0,2
C545831,-10.15,2
C545833,-25.25,4
C545834,-2.95,1
C545836,-11.049999999999999,3
C545837,-20.4,1
C545839,-8.5,1
C545840,-54.75,1
C545841,-22.5,3
C545843,-17.7,2
C545844,-5.95,1
C545846,-12.75,1
C545847,-0.42,1
C545848,-25.5,1
C545849,-4.35,1
C545850,-28.8,2
C545852,-34.8,3
C545866,-9.25,3
C545867,-2.95,1
C545885,-7.9,2
C545891,-16.05,1
C545892,-17.55,1
C545903,-11.899999999999999,2
C545997,-37.25,3
C546022,-15.0,2
C546080,-12.75,1
C546081,-12.600000000000001,1
C546106,-9.87,1
C546125,-17.700000000000003,1
C546128,-18.45,3
C546131,-60.35,8
C546162,-180.0,1
C546167,-15.9,1
C546168,-32.85,2
C546170,-9.25,1
C546173,-2.9,2
C546174,-3.18,1
C546191,-24.5,1
C546203,-9.54,2
C546204,-11.8,2
C546205,-2.84,1
C546206,-2.9,2
C546207,-19.5,3
C546208,-18.4,2
C546209,-26.500000000000004,2
C546210,-2.1,2
C546211,-2.55,1
C546214,-5.95,1
C546217,-70.56,7
C546234,-17.700000000000003,1
C546238,-3.75,1
C546241,-11.700000000000001,1
C546256,-7.5,1
C546267,-3.78,1
C546270,-9.9,1
C546278,-20.7,2
C546302,-2.9,2
C546313,-3.18,1
C546320,-14.25,2
C546323,-23.05,2
C546325,-1687.17,1
C546327,-1687.17,1
C546362,-12.75,1
C546363,-30.459999999999997,2
C546395,-1.25,1
C546400,-23.8,2
C546416,-10.5,3
C546496,-12.73,3
C546501,-9.9,1
C546507,-44.85,3
C546511,-3.75,1
C546517,-8.2,2
C546519,-24.229999999999997,3
C546529,-30.9,2
C546535,-4.25,1
C546536,-12.75,1
C546548,-3.4,2
C546559,-15.0,1
C546623,-2.55,1
C546641,-59.699999999999996,1
C546645,-91.80000000000001,1
C546647,-10.75,1
C546664,-29.95,1
C546671,-10.95,1
C546680,-29.0,3
C546730,-10.850000000000001,2
C546735,-705.6000000000001,3
C546740,-11.049999999999999,1
C546773,-34.0,2
C546777,-2.12,1
C546783,-3.75,1
C546854,-30.130000000000003,7
C546858,-19.9,2
C546859,-555.9,1
C546864,-23.4,2
C546865,-22.25,4
C546867,-25.8,2
C546868,-8.5,1
C546870,-5.0,1
C546879,-87.36,1
C546880,-12.75,1
C546881,-17.85,1
C546885,-8.5,1
C546886,-51.75,3
C546887,-6.75,4
C546889,-12.3,3
C546893,-4.95,1
C546894,-12.75,1
C546895,-8.5,1
C546897,-10.850000000000001,2
C546901,-65.3,7
C546903,-37.8,3
C546904,-23.55,4
C546905,-21.6,1
C546906,-6.75,1
C546907,-16.75,1
C546930,-30.450000000000003,6
C546931,-4.2,1
C546932,-2.95,1
C546978,-72.5,1
C546997,-167.43,22
C547024,-11.649999999999999,2
C547031,-87.6,1
C547043,-16.0,3
C547054,-15.899999999999999,2
C547104,-6.8,1
C547168,-46.8,1
C547187,-14.39,3
C547193,-6.95,1
C547198,-14.65,3
C547208,-114.8,2
C547228,-2.1,1
C547229,-6.3,2
C547230,-5.9,1
C547231,-2.95,1
C547232,-36.2,6
C547234,-12.2,2
C547235,-17.9,1
C547236,-9.95,1
C547237,-40.56,1
C547241,-6.8,1
C547309,-45.0,1
C547342,-33.4,2
C547368,-1.95,1
C547376,-2.55,1
C547388,-120.33,7
C547408,-21.25,2
C547409,-18.0,1
C547410,-2.95,1
C547495,-3.3,1
C547502,-17.1,6
C547574,-15.9,1
C547581,-18.9,4
C547582,-11.25,2
C547594,-15.0,1
C547661,-7.9,3
C547675,-32.34,1
C547676,-21.9,1
C547710,-3.9,1
C547711,-7.95,1
C547763,-28.380000000000003,5
C547791,-19.9,1
C547797,-9.95,1
C547798,-74.10000000000001,3
C547802,-3.5999999999999996,1
C547806,-6.2,2
C547807,-4.3,2
C547808,-19.75,2
C547836,-98.55,1
C547838,-23.799999999999997,2
C547847,-1.65,1
C547848,-1.95,1
C547849,-3.75,1
C547851,-4.199999999999999,2
C547852,-10.5,1
C547853,-13.75,3
C547854,-23.28,2
C547855,-6.75,1
C547856,-19.8,1
C547857,-18.85,2
C547858,-24.79,3
C547859,-9.75,1
C547889,-39.150000000000006,9
C547930,-18.0,1
C547958,-165.0,1
C547961,-330.0,2
C547968,-2.07,2
C547988,-5.1,1
C547992,-22.7,2
C548009,-9.9,1
C548015,-50.699999999999996,1
C548155,-45.900000000000006,1
C548174,-3.75,1
C548187,-19.45,3
C548193,-22.95,7
C548307,-7.5,1
C548341,-34.0,1
C548350,-53.7,2
C548352,-6.75,1
C548355,-80.55000000000001,5
C548356,-54.65,7
C548357,-10.95,1
C548360,-2.93,2
C548362,-8.5,1
C548374,-15.05,3
C548375,-34.0,1
C548387,-33.9,1
C548389,-28.65,2
C548391,-2.95,1
C548392,-21.95,1
C548411,-162.24,1
C548453,-7.5,1
C548454,-71.4,4
C548456,-57.6,1
C548460,-751.9,45
C548462,-14.52,1
C548463,-380.8,2
C548464,-44.849999999999994,1
C548465,-195.5,1
C548467,-21.8,2
C548469,-283.21000000000004,12
C548471,-9.95,1
C548485,-8.850000000000001,2
C548487,-26.299999999999997,3
C548488,-4.25,1
C548495,-20.35,3
C548503,-29.85,5
C548508,-2.25,1
C548513,-20.4,1
C548532,-1170.0,5
C548543,-48.3,2
C548564,-7.95,1
C548573,-102.0,1
C548576,-74.15,3
C548577,-933.9200000000001,5
C548607,-2.55,1
C548609,-21.95,1
C548625,-11.9,1
C548626,-8.5,1
C548628,-22.5,1
C548647,-29.849999999999998,1
C548667,-57.51,2
C548695,-25.849999999999998,3
C548713,-39.2,3
C548717,-20.4,1
C548721,-9.2,2
C548722,-8.5,1
C548723,-26.599999999999998,5
C548724,-15.9,1
C548727,-13.8,2
C548729,-13.2,1
C548731,-1591.1999999999998,1
C548738,-30.599999999999998,2
C548748,-300.85,12
C548830,-4037.77,4
C548834,-2053.07,1
C548851,-25.09,3
C548857,-25.09,3
C548866,-6.2,2
C548891,-3.75,1
C548906,-7.5,1
C548908,-6.35,2
C548914,-1136.3,1
C548915,-34.8,2
C548941,-60.0,1
C548947,-17.369999999999997,5
C548972,-355.12,19
C548976,-39.2,3
C548982,-39.95,1
C548995,-29.0,5
C549013,-3.75,1
C549019,-21.55,5
C549039,-7.5,1
C549041,-32.55,3
C549045,-12.75,1
C549049,-2.55,1
C549050,-18.200000000000003,2
C549051,-33.9,1
C549098,-5.46,1
C549162,-10.15,2
C549184,-62.11,3
C549191,-102.0,1
C549230,-15.0,1
C549252,-28.049999999999997,3
C549253,-14.48,5
C549254,-2.95,1
C549265,-8.850000000000001,1
C549269,-28.9,2
C549288,-11.6,2
C549290,-9.95,1
C549315,-9.2,3
C549430,-17.45,3
C549437,-44.75,3
C549438,-5.41,2
C549450,-10.2,1
C549452,-1867.86,1
C549530,-6.22,2
C549532,-7.06,1
C549533,-14.850000000000001,1
C549535,-13.5,1
C549540,-15.9,2
C549544,-275.0,1
C549545,-1.25,1
C549549,-250.0,2
C549565,-7.95,1
C549580,-29.849999999999998,1
C549582,-38.25,1
C549666,-104.13,19
C549685,-1.95,1
C549686,-22.5,1
C549688,-1.65,1
C549692,-12.82,7
C549723,-10.2,1
C549731,-21.61,3
C549753,-27.85,2
C549783,-31.39,6
C549786,-131.41,9
C549788,-8.5,1
C549822,-18.65,3
C549823,-4.95,1
C549824,-12.55,3
C549827,-6.0,1
C549840,-5.9,1
C549895,-51.0,1
C549897,-7.95,1
C549898,-38.65,3
C549899,-11.549999999999999,1
C549900,-14.2,2
C549905,-42.65,2
C549908,-32.849999999999994,1
C549912,-6.6,2
C549913,-17.4,1
C549919,-8.85,4
C549921,-21.2,3
C549922,-12.75,1
C549930,-15.05,1
C549945,-44.2,2
C549955,-35.8,2
C549960,-25.5,1
C549962,-21.9,1
C549968,-155.51999999999998,1
C549973,-94.80000000000001,2
C549986,-7.5,1
C549987,-21.799999999999997,4
C550009,-57.6,1
C550010,-6.01,2
C550013,-13.34,6
C550014,-18.0,1
C550024,-175.4,3
C550026,-5.0,1
C550027,-49.3,1
C550028,-1.65,1
C550029,-25.5,1
C550099,-11.75,2
C550127,-12.85,2
C550147,-54.0,1
C550165,-1.7,2
C550168,-0.83,1
C550170,-12.75,1
C550171,-1.25,1
C550172,-1.17,1
C550174,-11.82,6
C550176,-14.93,2
C550177,-3.3,1
C550181,-330.34,21
C550195,-6.99,3
C550300,-4.25,1
C550306,-16.95,1
C550349,-10.95,1
C550353,-12.97,6
C550355,-222.75,1
C550356,-9.35,2
C550358,-34.0,1
C550363,-7.95,1
C550365,-86.0,2
C550423,-49.5,6
C550442,-6.22,3
C550451,-47.5,2
C550454,-7.5,1
C550455,-14.25,3
C550456,-22998.4,5
C550463,-19.65,2
C550466,-3.3,1
C550472,-5.1,1
C550475,-134.92000000000002,21
C550482,-13.5,1
C550484,-4.949999999999999,1
C550485,-38.21,3
C550486,-3.3,1
C550489,-35.7,1
C550494,-23.6,7
C550511,-51.0,1
C550529,-158.21,1
C550530,-18.15,2
C550533,-9.9,1
C550534,-17.0,1
C550536,-53.1,1
C550537,-5.12,2
C550538,-11.45,2
C550540,-13.78,2
C550609,-89.55,1
C550611,-23.700000000000003,1
C550614,-20.14,3
C550642,-12.75,1
C550646,-14.399999999999999,4
C550647,-29.7,2
C550648,-6.25,2
C550650,-17.85,1
C550664,-2.95,1
C550668,-45.900000000000006,1
C550672,-179.0,1
C550709,-7.1,3
C550751,-25.5,1
C550752,-3.75,1
C550770,-9.540000000000001,1
C550771,-14.700000000000001,1
C550780,-17.55,2
C550787,-25.740000000000002,2
C550807,-12.75,1
C550808,-13.100000000000001,4
C550809,-3.75,1
C550810,-11.9,1
C550812,-49.35,3
C550814,-8.5,1
C550825,-27.25,1
C550959,-4.25,1
C550961,-4.24,1
C550962,-14.45,2
C550966,-7.95,1
C550969,-10.2,1
C551015,-85.47,8
C551017,-95.2,1
C551018,-37.25,9
C551061,-1.45,1
C551139,-116.10000000000001,2
C551140,-7.95,1
C551167,-6.95,1
C551175,-4.95,1
C551178,-23.05,3
C551179,-3.5999999999999996,1
C551180,-79.92,6
C551190,-120.0,1
C551195,-89.9,2
C551196,-13.500000000000002,4
C551265,-11.76,1
C551285,-23.28,6
C551316,-20.04,2
C551329,-17.5,2
C551330,-9.95,1
C551331,-19.9,1
C551333,-11.9,1
C551335,-9.9,2
C551336,-4.25,1
C551348,-425.0,1
C551386,-1.01,1
C551388,-25.200000000000003,1
C551463,-19.98,3
C551464,-143.7,7
C551465,-16.65,3
C551466,-9.899999999999999,1
C551508,-31.5,2
C551509,-51.0,1
C551510,-415.00000000000006,1
C551511,-80.55,7
C551512,-24.96,1
C551513,-15.2,3
C551521,-3.3,1
C551522,-3.75,2
C551526,-1.95,1
C551540,-218.1,9
C551541,-14.95,1
C551551,-20.27,6
C551557,-51.0,1
C551585,-8.5,1
C551587,-42.8,2
C551588,-13.100000000000001,3
C551602,-7.5,1
C551646,-10.5,1
C551648,-85.0,1
C551659,-7.380000000000001,4
C551670,-4.2,1
C551674,-6.3,2
C551683,-41.300000000000004,1
C551684,-4.95,1
C551685,-8142.75,1
C551699,-6930.0,1
C551712,-2.95,1
C551732,-12.75,1
C551737,-2.1,1
C551778,-7.5,2
C551841,-4.24,1
C551861,-5.9,2
C551863,-2.41,3
C551864,-8.5,1
C551865,-32.55,3
C551867,-5.9,1
C551892,-13.65,1
C551947,-14.850000000000001,1
C551948,-36.43,8
C551949,-7.6499999999999995,1
C551999,-9.95,1
C552012,-22.5,1
C552014,-7.9,2
C552015,-1.65,1
C552016,-2.95,1
C552019,-2.95,2
C552020,-6.9,2
C552021,-36.72,1
C552022,-6.6,1
C552024,-9.9,1
C552027,-3.39,1
C552029,-18.35,7
C552030,-8.75,1
C552031,-212.54999999999998,4
C552043,-5.1,1
C552047,-12.75,1
C552049,-103.3,5
C552173,-50.400000000000006,1
C552190,-10.08,1
C552212,-19.8,2
C552213,-9.2,2
C552237,-7.95,3
C552241,-3.75,1
C552258,-14.83,2
C552300,-2.6,1
C552301,-5.050000000000001,2
C552317,-36.0,1
C552334,-5.95,1
C552335,-17.0,1
C552339,-5.95,1
C552343,-125.0,1
C552406,-42.63,4
C552423,-11.84,1
C552462,-4.95,1
C552535,-28.65,3
C552546,-32.45,1
C552552,-529.7,8
C552553,-334.71,1
C552556,-251.75,13
C552564,-716.0,2
C552568,-201.6,1
C552569,-7.199999999999999,1
C552570,-20.4,2
C552585,-7.8,2
C552650,-26.099999999999998,1
C552698,-2.95,1
C552700,-2.9,1
C552701,-11.7,2
C552704,-26.34,6
C552705,-5.95,1
C552706,-12.399999999999999,2
C552707,-9.95,1
C552709,-27.310000000000002,4
C552718,-6.6000000000000005,1
C552719,-25.5,1
C552720,-13.8,4
C552722,-5.95,1
C552744,-3.15,1
C552765,-9.95,1
C552805,-179.54,11
C552841,-80.75,6
C552849,-61.95000000000001,3
C552856,-12.75,1
C552858,-41.849999999999994,3
C552863,-5.1,1
C552876,-929.9,1
C552889,-1.65,1
C552919,-2.55,1
C552936,-51.0,1
C552944,-4.95,1
C552995,-216.0,1
C553019,-557.72,1
C553020,-7.5,1
C553023,-4.9799999999999995,1
C553024,-1.65,1
C553025,-35.440000000000005,5
C553026,-8.45,3
C553027,-2.1,1
C553028,-5.9,2
C553029,-29.700000000000003,1
C553030,-2.1,1
C553031,-22.5,4
C553032,-42.0,3
C553033,-65.03,6
C553150,-5.88,4
C553222,-7.03,2
C553230,-29.700000000000003,1
C553397,-2.95,1
C553407,-40.0,1
C553409,-22.5,1
C553414,-18.0,1
C553424,-0.85,1
C553478,-22.349999999999998,3
C553479,-11.25,2
C553482,-9.84,1
C553483,-40.56,1
C553486,-17.28,1
C553502,-18.75,1
C553508,-1.9500000000000002,1
C553510,-20.950000000000003,2
C553512,-14.62,3
C553514,-15.9,1
C553516,-23.849999999999998,2
C553517,-6.300000000000001,1
C553518,-8.5,1
C553519,-9.9,1
C553529,-14.95,1
C553530,-14.66,3
C553532,-27.51,2
C553533,-27.18,3
C553534,-3.75,1
C553536,-16.3,1
C553557,-3.2,2
C553558,-17.700000000000003,1
C553560,-293.0,1
C553561,-16.9,2
C553562,-2.08,1
C553563,-39.900000000000006,1
C553564,-195.0,1
C553568,-27.0,2
C553569,-19.9,1
C553656,-21.25,2
C553665,-15.96,1
C553667,-44.900000000000006,2
C553669,-3.71,1
C553687,-13.43,5
C553748,-33.4,3
C553763,-17.45,2
C553780,-12.5,3
C553801,-262.79999999999995,1
C553840,-21.9,1
C553841,-9.600000000000001,1
C553851,-12.6,3
C553866,-19.5,4
C553875,-39.6,1
C553877,-13.45,2
C553880,-306.71999999999997,7
C553903,-104.55,2
C553904,-174.35,2
C553905,-49.95,1
C553906,-77.2,10
C553910,-11.4,4
C553914,-50.45,4
C553924,-29.9,2
C553998,-16.95,1
C553999,-8.3,1
C554001,-1.65,1
C554002,-6.5,1
C554004,-9.9,1
C554005,-15.0,1
C554006,-244.2,3
C554010,-75.0,1
C554011,-7.5,1
C554012,-18.4,2
C554025,-10.5,1
C554029,-17.85,2
C554100,-25.720000000000002,11
C554127,-480.0,1
C554136,-1.25,1
C554140,-15.8,1
C554150,-30.849999999999998,3
C554152,-35.400000000000006,1
C554153,-9.9,1
C554154,-1241.98,1
C554197,-14.95,1
C554203,-1.95,1
C554210,-1.95,1
C554266,-22.759999999999998,5
C554273,-3.95,1
C554300,-8.95,1
C554302,-1241.98,1
C554303,-15.0,1
C554308,-557.72,1
C554330,-77.0,11
C554331,-29.9,1
C554332,-9.680000000000001,2
C554333,-10.55,2
C554334,-17.85,1
C554335,-2.9299999999999997,3
C554336,-13.01,4
C554338,-5.9,1
C554339,-8.5,1
C554340,-31.25,2
C554341,-5.95,1
C554342,-3.75,1
C554343,-1.7,1
C554344,-2.4899999999999998,2
C554345,-11.25,2
C554346,-29.95,3
C554361,-4.95,1
C554373,-7.5,1
C554374,-22.45,2
C554477,-2.08,1
C554486,-9.05,2
C554493,-29.95,1
C554516,-13.88,1
C554517,-44.0,4
C554518,-8.7,2
C554519,-2.08,1
C554521,-16.95,1
C554522,-6.25,1
C554523,-17.0,1
C554525,-3.95,1
C554527,-49.949999999999996,3
C554528,-23.0,1
C554529,-8.3,2
C554530,-16.9,2
C554531,-5.4,2
C554532,-26.02,4
C554533,-130.0,1
C554535,-60.0,1
C554536,-2.1,1
C554537,-24.95,2
C554539,-20.3,2
C554540,-42.57,4
C554541,-32.849999999999994,1
C554558,-2.5,2
C554685,-25.7,3
C554686,-23.0,1
C554687,-9.95,1
C554688,-10.45,2
C554689,-1.45,1
C554690,-50.849999999999994,2
C554691,-4.25,1
C554692,-4.25,1
C554693,-20.8,1
C554715,-50.7,3
C554717,-115.94999999999999,2
C554781,-1.95,1
C554790,-5.8,1
C554793,-10.56,1
C554846,-12.75,1
C554847,-27.6,2
C554848,-22.35,4
C554849,-37.48,4
C554851,-4.95,1
C554856,-16.85,2
C554862,-8.5,1
C554863,-5.5,2
C554864,-7.65,2
C554867,-18.05,4
C554870,-7.6499999999999995,1
C554871,-44.199999999999996,3
C554872,-5.4399999999999995,3
C554873,-6.65,1
C554874,-9.95,1
C554905,-24.75,4
C554925,-4.1,2
C554926,-15.600000000000001,1
C554931,-5.0,4
C554973,-25.0,1
C554983,-186.0,2
C555006,-208.79999999999998,2
C555013,-7.5,1
C555014,-477.55,4
C555046,-9.899999999999999,1
C555054,-18.4,3
C555074,-3.25,1
C555100,-16.95,1
C555105,-3.75,1
C555163,-36.0,1
C555196,-9.55,3
C555197,-5.300000000000001,1
C555239,-3.95,1
C555244,-53.91,3
C555246,-6.25,1
C555248,-15.0,1
C555252,-13.7,2
C555253,-7.1000000000000005,2
C555254,-25.0,4
C555255,-43.8,1
C555256,-9.95,1
C555258,-14.95,1
C555261,-1.65,1
C555262,-14.850000000000001,1
C555265,-2.08,1
C555267,-28.75,1
C555268,-13.2,2
C555269,-4.25,1
C555271,-28.05,2
C555272,-37.3,2
C555273,-22.400000000000002,4
C555274,-7.5,1
C555288,-23.0,2
C555328,-33.0,3
C555329,-5.75,1
C555337,-1.95,1
C555338,-17.700000000000003,1
C555339,-11.7,1
C555341,-15.8,1
C555342,-18.72,1
C555345,-3.9,1
C555346,-18.45,2
C555354,-0.65,1
C555355,-9.959999999999999,1
C555357,-17.4,1
C555358,-2.95,1
C555360,-31.150000000000002,2
C555361,-17.9,3
C555362,-0.83,1
C555364,-18.4,3
C555365,-8.25,1
C555366,-2.88,2
C555384,-13.04,5
C555386,-3.25,1
C555398,-27.6,2
C555404,-19.9,1
C555409,-17.849999999999998,1
C555411,-84.0,1
C555421,-25.0,1
C555475,-10.5,3
C555487,-24.900000000000002,1
C555529,-70.80000000000001,1
C555532,-41.35,3
C555563,-7.04,2
C555595,-4.34,3
C555596,-16.06,2
C555597,-42.0,1
C555598,-5.9,2
C555599,-195.0,1
C555600,-23.35,2
C555605,-27.900000000000002,3
C555629,-15.0,1
C555636,-430.98,22
C555639,-18.8,3
C555643,-9.95,1
C555652,-6.36,1
C555723,-34.0,2
C555727,-32.0,2
C555729,-129.29,7
C555730,-6.75,1
C555837,-8.5,1
C555860,-16.95,1
C555864,-24.450000000000003,3
C555873,-15.7,2
C555874,-8.25,1
C555877,-29.810000000000002,6
C555879,-4.95,1
C555880,-4.15,1
C555881,-40.46,7
C555882,-6.75,1
C555883,-12.450000000000001,1
C555885,-12.25,2
C555889,-125.0,1
C555892,-2.1,1
C555908,-1.65,1
C555935,-286.34000000000003,17
C556011,-4.9799999999999995,1
C556037,-20.92,1
C556057,-4.95,1
C556096,-2.08,1
C556101,-4.15,1
C556117,-15.0,1
C556265,-28.04,1
C556268,-82.9,7
C556269,-28.9,2
C556270,-0.84,1
C556272,-8.850000000000001,1
C556273,-6.6,1
C556274,-600.0,1
C556275,-9.899999999999999,1
C556276,-6.73,2
C556277,-73.29,2
C556278,-8.25,1
C556281,-4.05,1
C556293,-205.74,3
C556294,-8.5,1
C556295,-1.65,1
C556297,-28.45,2
C556324,-25.4,2
C556327,-30.599999999999998,1
C556414,-35.6,2
C556436,-2.55,1
C556445,-38970.0,1
C556448,-297.0,1
C556453,-29.700000000000003,1
C556457,-49.35,3
C556458,-9.24,1
C556493,-33.2,7
C556511,-149.76,1
C556518,-12.7,1
C556522,-833.2500000000001,1
C556530,-29.849999999999998,1
C556532,-6.35,2
C556535,-12.25,3
C556633,-10.75,2
C556634,-7.5,1
C556635,-21.95,4
C556637,-15.100000000000001,3
C556638,-79.9,1
C556639,-18.75,1
C556640,-53.629999999999995,5
C556643,-10.370000000000001,3
C556644,-20.65,3
C556645,-2.75,1
C556646,-8.3,1
C556647,-330.12,16
C556648,-17.45,2
C556649,-12.5,1
C556656,-62.699999999999996,5
C556668,-12.6,3
C556669,-29.85,2
C556673,-125.0,1
C556675,-20.0,1
C556676,-4.95,1
C556677,-8.3,1
C556678,-167.0,1
C556729,-23.55,3
C556735,-17.0,1
C556787,-23.6,1
C556793,-24.2,2
C556796,-67.19999999999999,1
C556818,-10.9,2
C556869,-13.16,1
C556877,-129.9,1
C556880,-13.08,3
C556888,-23.85,7
C556896,-21.5,5
C556904,-14.42,1
C556911,-21.729999999999997,2
C556919,-2.17,1
C556920,-13.850000000000001,2
C556923,-49.5,1
C556925,-1155.0,1
C556930,-15.0,1
C556938,-1.25,1
C556957,-4.2,1
C556966,-209.5,5
C557004,-1.95,1
C557022,-26.479999999999997,2
C557037,-8.5,1
C557043,-4.12,2
C557047,-44.849999999999994,2
C557054,-12.75,2
C557059,-6.75,1
C557060,-14.95,1
C557061,-14.75,1
C557062,-2.15,2
C557111,-102.0,1
C557142,-40.2,2
C557148,-54.0,4
C557154,-27.799999999999997,2
C557165,-2.95,1
C557175,-4.63,2
C557224,-44.17,5
C557249,-101.7,3
C557269,-65.35,7
C557282,-4.25,1
C557288,-11.8,1
C557300,-0.77,1
C557405,-35.14,4
C557408,-10.2,1
C557411,-49.5,3
C557413,-6.45,3
C557463,-13.0,1
C557465,-4.47,1
C557467,-12.450000000000001,2
C557475,-3.75,1
C557478,-12.75,1
C557479,-8.5,1
C557487,-23.75,1
C557505,-18.75,1
C557508,-580.8,2
C557512,-32.65,3
C557515,-15.05,4
C557516,-15.08,2
C557519,-10.45,3
C557520,-8.7,2
C557521,-18.72,1
C557522,-8.3,1
C557566,-5.8,3
C557624,-64.15,3
C557629,-12.48,1
C557637,-7.7,3
C557638,-545.58,1
C557646,-13.780000000000001,1
C557647,-13.6,2
C557648,-2.16,1
C557649,-12.75,1
C557650,-38.4,2
C557651,-29.700000000000003,3
C557652,-16.5,1
C557653,-52.53,4
C557654,-16.14,3
C557655,-4.25,1
C557656,-12.75,1
C557657,-17.0,1
C557658,-7.7,3
C557659,-15.0,1
C557660,-8.4,1
C557661,-15.299999999999999,1
C557665,-10.9,2
C557666,-16.95,1
C557709,-9.9,1
C557773,-4.95,1
C557779,-5.0,1
C557791,-11.2,2
C557842,-9.56,4
C557874,-1.45,1
C557876,-14.850000000000001,2
C557879,-4.25,1
C557882,-61.199999999999996,1
C557883,-5.1,2
C557890,-8.850000000000001,1
C557895,-125.0,1
C557927,-10.0,1
C557941,-641.8,2
C557943,-9.870000000000001,1
C557944,-6.65,2
C557945,-2.08,1
C557946,-25.049999999999997,2
C557947,-43.8,1
C557965,-3.25,1
C557971,-9.95,1
C558029,-6.6,3
C558059,-8.65,2
C558060,-1.06,1
C558061,-4.95,1
C558080,-24.9,2
C558081,-44.849999999999994,1
C558082,-41.300000000000004,2
C558088,-99.5,1
C558091,-65.0,1
C558095,-149.76,1
C558097,-59.599999999999994,6
C558106,-15.0,5
C558110,-361.90999999999997,16
C558112,-45.5,6
C558128,-8.7,1
C558129,-15.9,1
C558189,-15.9,1
C558202,-7.45,3
C558239,-3.25,1
C558249,-15.0,1
C558252,-23.8,3
C558253,-13.6,2
C558254,-15.899999999999999,2
C558255,-2.95,1
C558256,-19.5,2
C558257,-24.75,4
C558258,-25.2,2
C558312,-2.95,1
C558313,-16.8,2
C558326,-6.6,2
C558327,-64.8,3
C558329,-32.4,2
C558354,-9.94,4
C558357,-18.29,3
C558360,-13.46,3
C558361,-16.8,5
C558405,-68.0,1
C558422,-65.97,3
C558423,-2.75,1
C558433,-4.95,1
C558434,-9.15,2
C558436,-23.400000000000002,1
C558438,-7.42,1
C558439,-39.8,3
C558444,-33.55,12
C558463,-10.7,4
C558465,-3.75,1
C558466,-13.5,1
C558468,-8.5,1
C558469,-19.8,1
C558471,-1.65,1
C558521,-21.8,2
C558522,-21.25,1
C558525,-13.65,1
C558530,-17.0,1
C558531,-12.75,1
C558553,-835.1999999999999,1
C558559,-7.95,1
C558575,-30.0,1
C558615,-3.16,1
C558698,-3.3499999999999996,3
C558712,-20.799999999999997,3
C558716,-128.27,13
C558722,-153.0,1
C558726,-57.6,1
C558727,-34.129999999999995,6
C558733,-14.850000000000001,1
C558735,-12.75,1
C558736,-18.28,3
C558739,-23.2,2
C558745,-37.01,8
C558753,-15.65,3
C558764,-39.6,1
C558859,-7.65,1
C558882,-14.55,2
C558883,-25.0,1
C558884,-8.5,1
C558897,-389.68,1
C558898,-26.299999999999997,3
C558899,-5.95,1
C558901,-4.95,1
C558903,-0.65,1
C558905,-14.85,2
C558969,-14.54,3
C559003,-22.5,1
C559007,-34.38,2
C559008,-7.5,2
C559012,-27.98,3
C559019,-139.8,3
C559022,-4.949999999999999,1
C559030,-37.96,9
C559031,-105.0,1
C559033,-10.95,1
C559049,-17.9,1
C559059,-15.0,1
C559079,-9.93,5
C559105,-20.23,4
C559136,-17.490000000000002,8
C559140,-17.4,1
C559149,-27.91,2
C559175,-46.75,1
C559189,-14.48,2
C559193,-1.95,1
C559252,-139.8,1
C559253,-27.09,9
C559294,-41.6,1
C559303,-6.4,2
C559309,-15.0,1
C559334,-35.400000000000006,2
C559344,-15.95,1
C559345,-432.48,1
C559347,-247.44,18
C559348,-3.65,2
C559351,-60.0,1
C559417,-4.95,1
C559461,-41.77,10
C559467,-4.25,1
C559468,-16.25,1
C559470,-8.5,1
C559473,-2.75,1
C559474,-7.5,2
C559486,-83.24,11
C559495,-5.8,2
C559498,-14.06,2
C559500,-12.75,1
C559502,-40.2,4
C559530,-125.0,1
C559531,-16.95,1
C559533,-2.95,1
C559534,-3.9,1
C559540,-153.0,1
C559568,-12.75,1
C559608,-13.090000000000002,4
C559651,-30.0,1
C559659,-7.03,2
C559663,-20.95,3
C559664,-2.52,2
C559666,-5.8,3
C559667,-8.4,2
C559670,-7.5,3
C559675,-8.5,1
C559681,-50.0,1
C559683,-8.95,1
C559705,-1.65,1
C559738,-9.95,1
C559739,-57.6,1
C559740,-3.18,1
C559741,-5.2,2
C559742,-204.0,7
C559743,-7.63,2
C559744,-9.95,1
C559747,-10.14,2
C559803,-59.76,1
C559808,-1.45,1
C559829,-7.9,1
C559830,-0.48,1
C559880,-21.8,1
C559882,-42.3,2
C559908,-76.32000000000001,1
C559939,-500.74,32
C559947,-119.75999999999999,2
C559950,-17.55,2
C559952,-45.31,5
C559953,-12.450000000000001,1
C559983,-261.3,15
C559992,-13.99,1
C560043,-1.44,1
C560044,-19.9,1
C560045,-9.95,3
C560046,-7.9,1
C560099,-2.1,1
C560100,-7.88,1
C560123,-5.9,1
C560124,-8.15,2
C560148,-179.0,1
C560189,-1.65,1
C560206,-20.8,1
C560208,-18.75,1
C560219,-102.0,1
C560220,-12.75,1
C560221,-8.5,1
C560242,-9.95,1
C560243,-9.95,1
C560289,-54.75000000000001,3
C560301,-1.45,1
C560317,-16.85,2
C560330,-7.8,3
C560331,-9.2,2
C560365,-16.2,2
C560372,-4287.63,1
C560384,-125.0,1
C560390,-2.95,1
C560391,-2.95,1
C560395,-55.34,2
C560396,-244.79999999999998,3
C560408,-550.64,1
C560409,-530.47,31
C560414,-550.64,1
C560418,-717.23,1
C560420,-1592.49,1
C560430,-611.86,1
C560435,-294.92,1
C560436,-705.45,1
C560474,-3.9,1
C560526,-6.18,2
C560533,-6.6,2
C560540,-158.65,57
C560550,-220.15,1
C560556,-27.6,4
C560558,-3.3,1
C560559,-9.25,3
C560560,-15.7,2
C560561,-18.37,2
C560563,-18.25,2
C560564,-5.5,2
C560572,-112.35,1
C560574,-106.4,1
C560585,-124.95,1
C560588,-6.25,2
C560589,-22.65,5
C560608,-5.95,1
C560643,-3.95,1
C560645,-451.42,1
C560647,-3060.6,1
C560649,-13.38,3
C560652,-3.73,2
C560653,-451.42,1
C560654,-5.61,2
C560687,-23.37,2
C560699,-3.4,1
C560733,-990.0,1
C560735,-990.0,1
C560818,-7.47,2
C560832,-4.95,1
C560842,-12.15,1
C560855,-225.72,41
C560860,-16.95,1
C560866,-46.2,4
C560869,-66.24,1
C560874,-13.5,2
C560877,-49.95,1
C560880,-10.100000000000001,2
C560898,-46.65,2
C560899,-30.0,1
C560902,-15.78,2
C560903,-79.5,1
C560904,-8.95,1
C560905,-9.870000000000001,1
C560907,-12.450000000000001,1
C560909,-5.800000000000001,2
C560910,-24.7,2
C560912,-15.0,1
C560932,-6.25,3
C560987,-4.25,1
C560990,-11.7,1
C561011,-3.15,1
C561012,-9.6,2
C561013,-23.75,3
C561016,-0.39,1
C561017,-15.8,1
C561018,-4.14,2
C561019,-30.599999999999998,1
C561041,-8.35,3
C561059,-525.0,3
C561061,-6.75,1
C561069,-39.599999999999994,1
C561083,-43.559999999999995,1
C561104,-8.850000000000001,1
C561117,-120.0,1
C561198,-43.75,1
C561210,-12.5,1
C561211,-1.65,1
C561212,-12.75,1
C561225,-45.6,1
C561227,-38.160000000000004,1
C561229,-24.849999999999998,2
C561230,-1.65,1
C561232,-15.600000000000001,3
C561233,-29.009999999999998,6
C561234,-10.2,1
C561235,-6.7,3
C561237,-8.7,1
C561238,-6.6,2
C561240,-1.65,1
C561319,-6.84,1
C561328,-37.8,2
C561358,-110.1,3
C561370,-4.95,1
C561379,-3.75,1
C561380,-8.5,1
C561464,-26.05,1
C561469,-4.68,1
C561510,-3.75,1
C561586,-11.5,1
C561587,-6.75,1
C561588,-11.9,1
C561589,-12.6,4
C561590,-25.5,1
C561591,-9.95,1
C561594,-184.07999999999998,6
C561596,-18.86,3
C561598,-4.95,1
C561604,-14.850000000000001,1
C561606,-2.1,1
C561608,-22.7,3
C561612,-2.5,1
C561613,-28.2,3
C561619,-3.3,1
C561620,-9.9,1
C561621,-46.65,2
C561622,-9.9,1
C561623,-22.5,2
C561628,-9.6,1
C561649,-13.919999999999998,1
C561681,-25.5,1
C561682,-48.65,1
C561684,-16.5,2
C561703,-84.19,5
C561725,-6.15,4
C561793,-11.850000000000001,1
C561810,-594.0,1
C561886,-4.25,1
C562016,-4.5600000000000005,1
C562020,-6.6,1
C562022,-7.5,1
C562041,-15.0,1
C562048,-3.3,2
C562051,-12.75,1
C562097,-33.760000000000005,9
C562110,-125.0,1
C562111,-3.75,1
C562115,-9.75,1
C562116,-2.08,1
C562117,-5.01,2
C562118,-9.75,1
C562119,-29.250000000000004,3
C562121,-24.9,2
C562122,-7.47,1
C562124,-39.7,7
C562126,-14.850000000000001,2
C562139,-14.55,3
C562142,-14.56,1
C562144,-15.0,1
C562147,-18.35,7
C562149,-7.94,5
C562151,-2.1,1
C562154,-16.6,1
C562159,-17.4,1
C562160,-17.0,1
C562185,-6.300000000000001,1
C562188,-179.0,1
C562206,-3.3,1
C562221,-452.41999999999996,8
C562223,-250.0,1
C562267,-23.6,4
C562280,-19.46,2
C562281,-38.050000000000004,5
C562367,-3.75,1
C562375,-4345.1,31
C562423,-39.65,3
C562425,-4.95,1
C562438,-22.6,4
C562514,-11.95,1
C562515,-43.63,1
C562522,-13.45,2
C562559,-46.25,2
C562561,-125.0,1
C562577,-1.65,1
C562582,-59.62,9
C562594,-53.519999999999996,2
C562597,-6.76,1
C562601,-15.84,1
C562613,-9.75,1
C562618,-21.05,3
C562620,-6.7,2
C562622,-48.0,1
C562623,-5.0,2
C562647,-3155.95,1
C562648,-8.620000000000001,3
C562651,-15.0,1
C562657,-4.41,1
C562661,-17.700000000000003,1
C562687,-36.33,6
C562709,-29.490000000000002,9
C562726,-8.05,2
C562728,-134.55,3
C562773,-63.2,6
C562786,-250.0,1
C562793,-57.6,1
C562794,-4.95,1
C562795,-26.54,4
C562796,-64.0,1
C562797,-8.5,1
C562798,-12.75,1
C562799,-3.3,1
C562800,-5.1,1
C562801,-3.95,1
C562802,-10.74,2
C562803,-4.6,2
C562808,-1.45,1
C562811,-396.96000000000004,2
C562845,-5.95,1
C562848,-19.8,1
C562876,-2.95,1
C562884,-9.75,1
C562887,-25.0,1
C562889,-7.5,1
C562909,-13.75,1
C562910,-4.64,1
C562911,-18.75,1
C562915,-49.95,1
C562921,-38.9,4
C562938,-1121.18,1
C562943,-9.95,1
C562952,-125.78,20
C562953,-18.35,7
C562954,-12.8,3
C562956,-15.150000000000002,2
C562957,-7.17,2
C562958,-3.25,1
C562959,-15.0,2
C562961,-48.85000000000001,4
C562962,-8.7,2
C562969,-11.55,2
C562992,-16.95,1
C563068,-6.25,1
C563072,-1.25,1
C563107,-36.050000000000004,4
C563109,-21.7,2
C563197,-3.75,1
C563207,-16.83,5
C563218,-1.65,1
C563219,-18.15,1
C563220,-24.799999999999997,3
C563221,-12.75,1
C563222,-3.75,1
C563223,-21.349999999999998,2
C563224,-4.95,1
C563225,-434.51,1
C563226,-15.95,1
C563232,-9.95,1
C563240,-3.4799999999999995,1
C563249,-0.72,1
C563258,-19.9,3
C563363,-14.33,2
C563375,-63.94,4
C563433,-9.15,3
C563446,-4.41,1
C563459,-39.95,1
C563483,-18.5,3
C563553,-9.65,5
C563554,-2.55,1
C563570,-24.380000000000003,1
C563577,-2231.3,3
C563586,-9.899999999999999,1
C563587,-10.5,1
C563591,-5.0,1
C563592,-9.6,1
C563593,-206.4,1
C563594,-10.5,1
C563595,-11.75,2
C563596,-19.9,1
C563598,-6.35,1
C563599,-12.95,3
C563600,-81.92,12
C563601,-3.75,1
C563602,-9.95,1
C563603,-15.7,2
C563604,-14.95,1
C563605,-2.95,1
C563606,-48.849999999999994,3
C563607,-7.5,1
C563608,-10.08,2
C563609,-9.9,1
C563610,-4.25,1
C563611,-5.6,2
C563612,-3.75,1
C563655,-365.15999999999997,4
C563693,-11.55,2
C563716,-2.95,1
C563751,-5.0,1
C563752,-17.9,3
C563773,-30.0,1
C563838,-15.0,1
C563856,-33.15,2
C563894,-9.7,2
C563899,-16.5,2
C563918,-1.45,1
C563948,-27.299999999999997,3
C564063,-3.25,1
C564081,-1642.5,1
C564084,-7.5,1
C564094,-13.8,2
C564104,-38.650000000000006,2
C564108,-4.95,1
C564131,-16.95,1
C564134,-27.15,4
C564138,-49.79,8
C564142,-5.35,3
C564204,-3.39,1
C564206,-8.1,3
C564207,-39.89,3
C564208,-14.1,2
C564209,-6.37,2
C564210,-2.08,1
C564211,-13.25,2
C564212,-16.15,5
C564213,-7.33,2
C564214,-20.650000000000002,2
C564215,-4.25,1
C564217,-36.0,6
C564218,-20.4,1
C564232,-15.6,1
C564257,-14.040000000000001,1
C564276,-95.2,1
C564279,-310.33000000000004,5
C564281,-21.27,7
C564299,-53.0,2
C564320,-9.95,1
C564331,-18.0,1
C564362,-40.95,4
C564368,-17.16,3
C564424,-17.0,1
C564426,-5.0,2
C564427,-36.82,6
C564435,-4.41,1
C564478,-9.9,1
C564487,-11.52,1
C564488,-220.47,18
C564490,-2.73,2
C564491,-14.4,2
C564493,-30.55,3
C564504,-16.5,1
C564506,-18.96,1
C564545,-2.5,2
C564571,-4.95,1
C564592,-13.16,1
C564655,-58.10000000000001,1
C564711,-11.75,3
C564730,-8.5,1
C564748,-113.73,5
C564751,-15.75,2
C564759,-18.5,3
C564763,-1.6,1
C564812,-54.800000000000004,4
C564813,-10.95,1
C564845,-10.08,1
C564854,-38.75,3
C564899,-465.6000000000001,3
C564900,-11.25,2
C564903,-66.28,9
C564905,-167.08,2
C564907,-37.55,7
C564908,-42.4,5
C564909,-99.92,2
C564911,-3.75,1
C564913,-32.620000000000005,6
C564940,-3491.02,9
C564941,-32.8,2
C564942,-4.95,1
C564944,-2.2800000000000002,1
C564945,-68.56,2
C564946,-12.48,3
C564947,-6.75,1
C564948,-22.849999999999998,2
C564949,-15.84,1
C564952,-4.1499999999999995,2
C564955,-67.2,9
C564956,-54.8,5
C564960,-21.18,2
C564964,-16.0,5
C564971,-9.95,1
C564996,-1.65,1
C564997,-10.15,1
C564998,-41.6,1
C565001,-39.8,1
C565016,-12.049999999999999,3
C565023,-25.44,1
C565025,-10.850000000000001,2
C565026,-151.20000000000002,1
C565044,-3969.9300000000003,7
C565050,-41.35,4
C565075,-74.69,2
C565077,-29.849999999999998,4
C565078,-57.6,1
C565085,-17.9,1
C565089,-19.799999999999997,1
C565140,-8.85,3
C565215,-27.0,1
C565227,-2.1,1
C565229,-200.0,1
C565237,-49.25,5
C565284,-84.71999999999998,7
C565290,-30.0,1
C565294,-10.2,1
C565305,-7.46,2
C565313,-14.5,1
C565323,-12.65,3
C565379,-7.03,2
C565382,-13.01,1
C565390,-110.43,1
C565402,-5.0,2
C565403,-30.599999999999998,1
C565422,-9.95,1
C565425,-77.85000000000001,4
C565428,-13.3,5
C565477,-6.300000000000001,1
C565581,-14.850000000000001,1
C565582,-145.0,1
C565597,-19.03,4
C565615,-115.47,9
C565666,-12.45,2
C565671,-11.44,2
C565681,-192.4,11
C565683,-17.4,1
C565752,-44.1,2
C565761,-15.8,1
C565762,-16.15,1
C565789,-28.049999999999997,2
C565799,-8.5,1
C565804,-16.95,1
C565843,-1.46,3
C565848,-224.47,24
C565864,-8.45,1
C565925,-18.0,1
C565962,-51.0,11
C566007,-61.199999999999996,2
C566011,-8.25,1
C566012,-6.65,1
C566036,-3.75,1
C566071,-338.95,7
C566078,-45.33,1
C566084,-55.85000000000001,5
C566088,-13.8,2
C566090,-93.17999999999999,3
C566161,-6.95,1
C566165,-75.85,4
C566166,-1.7399999999999998,1
C566167,-44.150000000000006,3
C566174,-19.9,2
C566176,-3.58,1
C566177,-3.75,1
C566180,-11.75,3
C566181,-10.25,2
C566182,-4.95,1
C566183,-8.3,2
C566185,-13.15,3
C566187,-110.45,1
C566197,-12.75,1
C566205,-22.5,4
C566209,-48.55,2
C566216,-15.96,1
C566222,-7.5,1
C566223,-11.049999999999999,1
C566252,-23.75,1
C566263,-2.1,1
C566280,-20.35,3
C566313,-29.3,2
C566384,-13.55,3
C566423,-9.9,1
C566445,-22.74,4
C566457,-6.95,1
C566458,-4.95,1
C566459,-17.58,3
C566460,-24.45,5
C566461,-4.5,1
C566462,-24.05,3
C566463,-16.0,2
C566464,-3.35,2
C566466,-8.67,1
C566467,-394.85,22
C566468,-33.0,5
C566469,-1.65,1
C566470,-2.08,1
C566471,-2.95,1
C566472,-39.6,1
C566473,-13.9,1
C566474,-4.25,1
C566475,-20.75,1
C566490,-8.5,1
C566565,-52.24,1
C566584,-3.9,1
C566611,-7.2,2
C566613,-15.0,1
C566614,-102.24,1
C566626,-7.9,1
C566671,-23.22,5
C566672,-3.75,1
C566725,-1.65,1
C566741,-29.82,4
C566742,-22.080000000000002,5
C566743,-15.95,1
C566745,-23.4,5
C566748,-29.9,1
C566749,-19.65,2
C566751,-26.249999999999996,3
C566752,-4.15,1
C566753,-9.95,1
C566754,-1.65,1
C566758,-13.000000000000002,2
C566775,-5.04,1
C566777,-14.7,2
C566779,-6.6,1
C566780,-3.75,2
C566782,-12.75,1
C566784,-48.65,1
C566785,-14.95,3
C566820,-85.0,1
C566925,-1829.84,1
C566939,-4.25,1
C566940,-5.9,2
C566941,-1.65,1
C566942,-54.1,5
C566943,-8.5,1
C566944,-1.65,1
C566945,-11.7,1
C566946,-2.1,1
C566947,-13.450000000000001,2
C566948,-9.95,1
C566953,-63.790000000000006,3
C566955,-16.59,1
C566956,-22.65,2
C566957,-2.08,1
C566958,-1.65,1
C566960,-29.849999999999998,1
C566961,-14.59,3
C566963,-17.700000000000003,1
C566965,-17.85,1
C566966,-3.75,1
C566970,-23.35,2
C566978,-4.95,1
C566986,-0.79,1
C566999,-9.9,1
C567065,-26.4,1
C567091,-25.5,1
C567147,-24.240000000000002,3
C567155,-345.03,1
C567177,-53.4,2
C567187,-1.65,1
C567198,-3.7,3
C567289,-19.41,2
C567330,-29.25,2
C567331,-39.2,3
C567332,-34.8,3
C567345,-4.15,1
C567347,-88.44999999999999,2
C567348,-18.119999999999997,4
C567349,-5.75,1
C567350,-16.6,1
C567351,-84.48,5
C567355,-4.25,1
C567357,-4.25,1
C567358,-2.95,1
C567359,-8.59,7
C567360,-5.9,1
C567361,-7.470000000000001,1
C567365,-24.75,3
C567440,-12.75,1
C567519,-10.2,1
C567520,-2.1,1
C567521,-25.5,2
C567527,-3825.3599999999997,1
C567532,-27.04,2
C567534,-7.05,4
C567535,-2.9,2
C567536,-16.8,2
C567538,-19.8,1
C567540,-19.11,3
C567541,-35.400000000000006,2
C567543,-28.59,4
C567544,-2.08,1
C567620,-9.9,2
C567624,-29.75,1
C567627,-39.71,10
C567641,-2.9,1
C567643,-4.15,1
C567655,-608.66,1
C567677,-3.74,2
C567681,-115.43,12
C567682,-100.72999999999999,5
C567685,-105.42,7
C567686,-16.5,1
C567688,-40.5,1
C567689,-6.95,1
C567690,-239.12,20
C567691,-309.02,11
C567703,-5.35,2
C567704,-150.2,9
C567705,-53.1,1
C567706,-1326.0,1
C567708,-257.79,11
C567712,-41.25,1
C567714,-10.05,2
C567715,-11.83,1
C567716,-125.0,7
C567717,-24.0,2
C567767,-159.85000000000002,7
C567867,-4.0,1
C567884,-1.7,1
C567885,-20.650000000000002,2
C567891,-6.95,1
C567896,-18.62,1
C567902,-10.17,6
C567903,-3.5999999999999996,1
C567916,-18.0,1
C567919,-14.100000000000001,2
C567940,-12.75,1
C567945,-42.5,2
C567946,-7.390000000000001,2
C567947,-6.6899999999999995,3
C567948,-23.0,2
C567949,-11.25,1
C567950,-17.34,1
C567952,-19.8,1
C567953,-237.6,1
C567955,-67.25,2
C567956,-25.5,2
C567961,-14.9,3
C567963,-24.95,4
C567964,-10.6,2
C567965,-4.15,1
C567978,-32.75,6
C567997,-36.1,4
C568055,-8.5,1
C568096,-561.6,1
C568097,-23.4,1
C568138,-119.34,3
C568157,-9.950000000000001,2
C568184,-32.45,1
C568232,-134.79999999999998,8
C568237,-15.0,1
C568240,-4.5,1
C568244,-15.2,2
C568345,-447.56,1
C568347,-0.79,1
C568348,-18.900000000000002,1
C568370,-56.15,7
C568377,-3.35,2
C568385,-5.9,1
C568386,-14.750000000000002,2
C568388,-22.75,1
C568395,-5.3100000000000005,2
C568410,-80.0,1
C568412,-5.47,3
C568416,-192.45000000000002,4
C568418,-38.25,2
C568419,-74.88,2
C568420,-4.95,1
C568421,-13.2,2
C568445,-19.32,3
C568501,-17.0,1
C568516,-1.45,1
C568532,-18.99,2
C568534,-11.7,1
C568557,-13.45,2
C568559,-2.5,1
C568560,-4.95,1
C568561,-14.22,1
C568562,-5.95,1
C568570,-3.3,1
C568571,-17.849999999999998,2
C568572,-9.31,3
C568573,-1.65,1
C568575,-17.0,3
C568579,-2.1,1
C568580,-4.95,1
C568581,-3.95,1
C568582,-29.4,4
C568584,-32.4,2
C568587,-11.85,2
C568596,-4.81,3
C568597,-20.650000000000002,1
C568598,-11.31,3
C568599,-15.9,1
C568600,-2.08,1
C568601,-4.95,1
C568646,-15.86,2
C568649,-18.15,2
C568664,-15.9,1
C568677,-2.5,1
C568689,-15.35,4
C568694,-75.0,2
C568714,-10.0,1
C568748,-19.799999999999997,1
C568796,-4.95,1
C568799,-182.88,2
C568830,-133.15,10
C568832,-957.9000000000001,1
C568879,-1146.07,26
C568884,-476.0,3
C568899,-1.25,1
C568903,-19.799999999999997,1
C568911,-15.12,1
C569032,-59.4,1
C569034,-6.17,2
C569038,-22.3,3
C569107,-10.5,1
C569109,-4.949999999999999,1
C569112,-33.96,7
C569113,-83.0,1
C569114,-84.2,12
C569115,-7.62,1
C569116,-15.0,1
C569117,-7.91,2
C569119,-3.75,3
C569128,-17.95,4
C569138,-7.5,1
C569233,-10.95,3
C569245,-361.59,1
C569251,-12.75,1
C569318,-16.75,3
C569320,-34.9,2
C569370,-9.95,1
C569387,-1416.0,1
C569390,-305.0,3
C569395,-5.1,1
C569410,-134.95999999999998,10
C569421,-16.5,2
C569422,-20.0,1
C569456,-39.8,2
C569485,-7.050000000000001,2
C569490,-196.35,1
C569525,-9.55,2
C569526,-9.95,1
C569547,-7.5,1
C569548,-2.95,1
C569549,-16.5,1
C569552,-84.00000000000001,1
C569553,-7.9,2
C569554,-5.85,2
C569636,-145.95000000000002,19
C569644,-7.5,1
C569655,-139.13,31
C569663,-5.64,3
C569682,-50.980000000000004,4
C569733,-29.9,2
C569743,-2924.0,15
C569786,-7.95,1
C569829,-32.81,2
C569851,-21.57,6
C569891,-65.09,8
C569902,-7.9,1
C569908,-5.9,1
C569909,-12.75,2
C569911,-45.74,7
C569913,-4.95,1
C569916,-10.0,1
C569922,-3.75,1
C569938,-3.75,1
C569939,-4.95,1
C569940,-7.16,1
C569941,-15.0,1
C569942,-13.5,1
C569944,-30.230000000000004,5
C569945,-11.15,2
C569946,-34.0,1
C569949,-48.35,6
C569950,-2.95,1
C569951,-8.4,2
C569952,-4.16,1
C569953,-5.0,2
C569954,-6.2,2
C569955,-17.4,2
C569956,-17.700000000000003,1
C569957,-8.850000000000001,1
C569958,-10.0,1
C569959,-12.969999999999999,5
C569960,-5.83,2
C569961,-12.75,1
C569963,-34.0,2
C569964,-1.65,1
C569966,-11.45,2
C569967,-23.13,3
C569969,-4.15,1
C569970,-12.450000000000001,2
C569971,-12.81,3
C569972,-12.5,1
C569973,-8.850000000000001,1
C569974,-4.16,1
C569975,-63.75,4
C569976,-5.799999999999999,2
C569978,-25.200000000000003,1
C569979,-17.85,1
C569980,-14.35,2
C569981,-11.8,2
C569982,-218.72,1
C569984,-7.95,1
C569985,-765.15,36
C569986,-52.45,2
C569987,-77.84,2
C569988,-2.95,1
C569989,-1145.83,26
C569990,-99.60000000000001,1
C569991,-60.89999999999999,2
C569992,-79.19999999999999,1
C569993,-15.0,1
C569994,-477.72,13
C569995,-788.38,16
C569996,-76.71,7
C570004,-6.2,2
C570005,-3.95,1
C570006,-4.95,1
C570012,-57.459999999999994,5
C570066,-3.3,1
C570099,-110.1,24
C570122,-48.61,12
C570194,-25.479999999999997,2
C570199,-14.25,2
C570203,-35.81,11
C570207,-25.0,1
C570221,-577.16,30
C570274,-113.54999999999998,2
C570276,-14.850000000000001,1
C570278,-169.92000000000002,1
C570279,-24.0,1
C570283,-9.6,3
C570290,-559.52,25
C570291,-16.5,1
C570301,-682.05,1
C570331,-0.39,1
C570406,-11.6,2
C570447,-15.5,2
C570450,-5.1,1
C570460,-9.95,1
C570471,-11.25,1
C570476,-1.25,1
C570477,-9.95,1
C570478,-39.349999999999994,2
C570480,-16.5,1
C570483,-7.5,1
C570484,-40.50000000000001,2
C570486,-53.10000000000001,2
C570487,-411.92,1
C570490,-15.299999999999999,3
C570508,-23.4,1
C570515,-36.85000000000001,3
C570552,-2076.0,7
C570553,-4.15,1
C570556,-11816.64,12
C570573,-5.22,1
C570647,-179.0,1
C570655,-2.5,1
C570658,-15.0,2
C570683,-29.64,8
C570684,-23.1,3
C570686,-1.7,1
C570687,-10.45,2
C570692,-8.3,1
C570704,-18.0,1
C570708,-114.0,1
C570727,-1.45,1
C570775,-18.0,1
C570828,-593.1,39
C570831,-196.70000000000002,4
C570835,-14.450000000000001,1
C570845,-15.22,5
C570850,-102.0,1
C570853,-102.0,1
C570854,-102.0,1
C570867,-1579.51,101
C570889,-61.33,5
C570902,-37.35,5
C570958,-11.51,3
C570962,-1.25,1
C570963,-7.96,4
C570996,-19.56,2
C571003,-21.759999999999998,5
C571009,-60.45,2
C571014,-11.9,1
C571023,-16.25,3
C571029,-35.25,3
C571045,-19.799999999999997,1
C571051,-12.75,1
C571059,-48.33,6
C571066,-13.56,4
C571127,-60.839999999999996,1
C571186,-8.5,1
C571220,-599.5,1
C571233,-122.39999999999999,2
C571251,-17.0,1
C571262,-306.0,1
C571264,-24.9,2
C571285,-66.12,3
C571287,-8.5,1
C571316,-3.75,1
C571319,-0.95,1
C571320,-11.8,1
C571321,-1.7,1
C571325,-339.02,1
C571327,-283.02,1
C571329,-50.800000000000004,2
C571336,-3.75,1
C571346,-43.089999999999996,6
C571440,-495.98,1
C571466,-20.0,1
C571473,-3.18,1
C571499,-3528.3399999999997,15
C571507,-34.65,5
C571543,-24.900000000000002,1
C571619,-17.0,1
C571625,-4.41,1
C571634,-79.2,1
C571635,-3.9,2
C571637,-78.16000000000001,3
C571639,-120.58,1
C571678,-1.06,1
C571680,-1.06,1
C571695,-330.24,16
C571699,-7.95,1
C571707,-36.86,12
C571711,-13.899999999999999,2
C571750,-6068.0599999999995,2
C571814,-1.79,1
C571838,-44.599999999999994,2
C571854,-4.95,1
C571855,-12.75,1
C571856,-2.95,1
C571858,-12.450000000000001,1
C571859,-13.38,3
C571860,-36.14,7
C571861,-3.95,1
C571862,-24.75,1
C571893,-197.28,13
C571896,-2.5,1
C571897,-12.450000000000001,1
C571902,-16.85,3
C571907,-14.850000000000001,1
C571919,-29.88,1
C571925,-37.65,3
C571927,-2.95,1
C571928,-29.75,1
C572022,-9.9,1
C572027,-2.9,1
C572029,-17.85,1
C572059,-64.98,3
C572102,-11.95,1
C572109,-68.4,3
C572110,-21.56,2
C572111,-20.25,4
C572112,-3.75,1
C572113,-4.25,1
C572114,-6.65,3
C572115,-17.64,2
C572116,-7.83,2
C572117,-3.75,1
C572118,-10.7,2
C572119,-2.5,1
C572120,-54.900000000000006,9
C572187,-18.0,1
C572223,-15.0,1
C572226,-97.58,11
C572228,-134.8,4
C572275,-15.7,2
C572276,-8.3,1
C572299,-12.75,1
C572334,-2199.12,18
C572343,-2949.2799999999997,9
C572410,-464.9,3
C572428,-464.9,1
C572440,-27.9,5
C572449,-10.45,3
C572463,-75.65,3
C572469,-20.51,5
C572471,-2.1,1
C572473,-2.55,1
C572478,-5.640000000000001,2
C572479,-29.749999999999996,2
C572481,-122.1,9
C572482,-2.71,2
C572485,-31.1,2
C572486,-27.2,1
C572488,-38.449999999999996,3
C572489,-13.3,3
C572491,-20.9,4
C572492,-14.95,1
C572529,-60.18000000000001,3
C572530,-20.8,1
C572531,-1.66,1
C572532,-4.25,1
C572535,-12.5,1
C572538,-14.850000000000001,1
C572546,-6.25,1
C572551,-425.14,1
C572554,-38.160000000000004,1
C572556,-38.160000000000004,1
C572659,-80.0,1
C572722,-19.8,1
C572736,-19.9,2
C572747,-17.5,1
C572750,-9.95,1
C572754,-360.0,7
C572761,-30.55,4
C572831,-35.2,2
C572850,-16.2,2
C572855,-78.15,5
C572864,-12.75,1
C572916,-30.599999999999998,1
C572917,-13.9,1
C572927,-15.209999999999999,1
C572968,-27.75,1
C572989,-30.8,4
C572991,-46.05,4
C572993,-16.95,1
C572995,-4.95,1
C573010,-34.65,3
C573021,-97.89999999999999,3
C573024,-9.95,1
C573030,-19.85,3
C573031,-5.88,2
C573034,-24.75,2
C573037,-176.42999999999998,8
C573079,-8322.12,1
C573081,-23.27,1
C573084,-299.4,1
C573086,-5.34,2
C573092,-468.32,6
C573097,-39.9,3
C573098,-19.8,3
C573099,-11.9,1
C573101,-16.5,1
C573105,-2.55,1
C573147,-71.4,1
C573148,-19.95,1
C573172,-0.5,1
C573187,-8.5,1
C573219,-14.63,5
C573228,-8.98,4
C573244,-19.9,1
C573253,-3.95,1
C573257,-6.42,1
C573260,-1.45,1
C573268,-907.0,1
C573271,-3.9,1
C573283,-9.95,1
C573306,-16.9,2
C573321,-25.95,6
C573427,-53.64,1
C573471,-10.2,1
C573502,-76.30000000000001,8
C573541,-19.95,1
C573575,-606.0,1
C573750,-15.15,3
C573753,-0.85,1
C573754,-19.95,1
C573755,-1.6400000000000001,2
C573756,-55.349999999999994,4
C573759,-16.54,2
C573760,-19.8,2
C573761,-44.25000000000001,5
C573764,-13.66,4
C573765,-11.9,1
C573766,-0.85,1
C573767,-59.849999999999994,1
C573771,-19.95,1
C573779,-95.25,7
C573864,-13.61,5
C573869,-25.0,1
C573925,-7.68,2
C573929,-8.8,3
C573949,-47.400000000000006,3
C574003,-29.700000000000003,1
C574010,-10.35,3
C574019,-174.0,1
C574026,-2.47,2
C574027,-201.72,8
C574028,-16.65,2
C574030,-2.89,1
C574031,-5.5,1
C574057,-25.049999999999997,2
C574061,-51.0,1
C574065,-39.12,5
C574078,-16.75,2
C574083,-10.2,1
C574095,-18.340000000000003,6
C574137,-41.5,1
C574238,-63.13000000000001,3
C574248,-12.75,1
C574254,-64.11,1
C574259,-80.55,1
C574261,-68.26,6
C574268,-5.75,1
C574291,-92.8,5
C574318,-20.2,2
C574322,-262.79999999999995,1
C574337,-33.0,1
C574339,-19.8,1
C574344,-262.73,1
C574347,-21.65,2
C574350,-29.879999999999995,3
C574424,-9.25,3
C574443,-4.95,1
C574447,-80.0,1
C574472,-9.5,2
C574473,-116.56,8
C574483,-15.0,1
C574486,-26.5,2
C574487,-50.08,3
C574488,-6.25,1
C574489,-50.0,1
C574492,-3.75,1
C574493,-50.74,9
C574494,-7.95,1
C574496,-3.4,1
C574499,-8.7,2
C574500,-2.5,1
C574503,-3.2,2
C574504,-33.45,3
C574505,-20.51,5
C574507,-25.85,3
C574508,-13.75,1
C574510,-14.4,3
C574512,-62.400000000000006,1
C574515,-27.25,5
C574517,-7.68,2
C574522,-1.7,1
C574524,-35.56,7
C574525,-2.55,1
C574526,-5.9,1
C574527,-96.96000000000001,1
C574548,-2.95,1
C574558,-76.5,1
C574584,-1652.8,9
C574658,-12.54,7
C574712,-21.4,4
C574748,-435.0,3
C574753,-23.55,3
C574825,-43.25,2
C574828,-7.6499999999999995,1
C574850,-41.5,1
C574865,-15.0,1
C574872,-29.1,1
C574875,-24.41,2
C574876,-15.9,1
C574886,-3.75,1
C574894,-128.09,8
C574900,-20.75,1
C574912,-16.3,1
C574922,-913.0799999999999,15
C574946,-8.5,1
C574954,-37.57,4
C574955,-133.0,11
C574957,-10.4,1
C574999,-8.25,1
C575004,-66.0,2
C575013,-18.240000000000002,1
C575035,-15.28,6
C575042,-9.67,4
C575044,-35.400000000000006,1
C575047,-14.95,1
C575052,-1.65,1
C575055,-39.9,1
C575056,-39.95,1
C575058,-15.899999999999999,2
C575064,-42.01,6
C575065,-23.55,3
C575079,-18.75,3
C575081,-20.85,2
C575082,-125.4,10
C575142,-37.5,1
C575150,-69.85,7
C575155,-17.95,3
C575156,-33.35,3
C575157,-25.5,1
C575158,-8.5,1
C575159,-78.3,3
C575160,-14.09,3
C575161,-21.25,1
C575171,-4.95,1
C575172,-12.75,1
C575173,-5.95,1
C575174,-4.25,1
C575223,-1.65,1
C575224,-2506.0,14
C575257,-55.44,3
C575327,-15.9,1
C575341,-930.5999999999999,2
C575385,-18.55,3
C575511,-1.65,1
C575531,-17.0,1
C575537,-2.55,1
C575565,-11.5,1
C575572,-29.0,3
C575573,-6.3,2
C575575,-17.85,1
C575577,-8.850000000000001,1
C575578,-7.5,1
C575580,-9.95,1
C575585,-5.95,1
C575588,-9.899999999999999,1
C575590,-13.44,2
C575592,-33.0,2
C575606,-517.51,1
C575608,-51.19,5
C575616,-29.86,2
C575626,-7.03,2
C575630,-28.3,2
C575635,-973.4000000000001,2
C575638,-40.46,1
C575641,-26.099999999999998,1
C575648,-16.5,1
C575650,-3.75,1
C575651,-31.68,6
C575653,-17.31,3
C575662,-67.5,2
C575663,-1.69,1
C575664,-4.95,1
C575665,-4.95,1
C575666,-2.5,1
C575667,-2.1,1
C575669,-19.95,1
C575670,-2.55,1
C575672,-8.3,2
C575679,-20.0,1
C575746,-5.43,2
C575749,-4.5,2
C575752,-30.0,2
C575763,-3.75,1
C575777,-102.0,1
C575839,-37.949999999999996,2
C575841,-15.0,1
C575872,-97.14,1
C575879,-6.29,2
C575921,-119.60000000000001,1
C575940,-466.6,16
C575953,-14.850000000000001,2
C575962,-20.8,1
C575963,-8.5,1
C575980,-29.05,4
C576072,-9.9,1
C576108,-169.92000000000002,1
C576183,-39.599999999999994,2
C576194,-12.75,1
C576195,-4.95,1
C576197,-6.67,1
C576199,-30.0,3
C576216,-73.2,6
C576218,-183.0,1
C576223,-24.9,3
C576226,-8.2,2
C576227,-10.45,2
C576229,-8.67,1
C576230,-38.45,4
C576231,-13.95,3
C576232,-21.8,2
C576235,-12.450000000000001,1
C576240,-16.65,1
C576241,-24.910000000000004,3
C576242,-3.3,1
C576243,-5.949999999999999,3
C576244,-6.0,1
C576247,-9.15,4
C576248,-88.13000000000001,2
C576324,-23.1,5
C576325,-39.8,1
C576338,-1038.75,1
C576348,-8.2,2
C576350,-3.4,1
C576360,-12.48,1
C576363,-13.9,1
C576375,-13.3,3
C576393,-10.27,2
C576397,-29.849999999999998,1
C576401,-15.0,1
C576402,-7.62,1
C576409,-35.8,1
C576515,-16.5,1
C576561,-43.57,13
C576565,-39.9,1
C576576,-1.25,1
C576647,-2.5,2
C576670,-14.290000000000001,6
C576785,-64.0,5
C576788,-29.9,1
C576816,-18.0,1
C576831,-1301.0,7
C576850,-34.55,4
C576856,-12.5,1
C576858,-22.9,2
C576866,-12.75,1
C576868,-2.08,1
C576870,-7.5,1
C576871,-27.5,2
C576898,-130.0,1
C576903,-25.0,1
C576908,-9.9,2
C576918,-7.45,1
C576919,-27.450000000000003,2
C576921,-25.0,1
C576925,-13.049999999999999,2
C576968,-73.87,9
C576974,-11.05,2
C577040,-152.64000000000001,1
C577042,-18.75,2
C577066,-30.0,1
C577070,-40.0,1
C577073,-8.850000000000001,1
C577075,-4.95,1
C577081,-12.600000000000001,1
C577096,-17.85,1
C577131,-165.0,1
C577147,-19.35,3
C577149,-10.950000000000001,2
C577151,-57.51,2
C577153,-32.1,5
C577154,-29.75,1
C577159,-66.25,4
C577163,-39.0,1
C577164,-4.41,1
C577196,-107.25,6
C577227,-78.72,4
C577323,-12.75,1
C577327,-12.5,1
C577345,-39.6,1
C577349,-17.0,1
C577350,-24.15,3
C577351,-15.299999999999999,3
C577353,-4.0,1
C577354,-6.25,1
C577360,-15.0,1
C577362,-11.5,1
C577363,-8.67,1
C577364,-15.0,1
C577369,-5.9,1
C577375,-27.5,2
C577381,-6.9,2
C577383,-26.0,3
C577384,-6.4,1
C577385,-3.3,2
C577386,-6.25,1
C577388,-96.15,10
C577389,-12.5,1
C577390,-6.25,1
C577391,-16.14,2
C577392,-24.900000000000002,1
C577394,-18.55,4
C577395,-19.36,3
C577397,-32.65,3
C577398,-21.5,2
C577399,-4.95,1
C577481,-18.0,1
C577486,-7.25,1
C577509,-59.400000000000006,1
C577513,-30.25,3
C577547,-41.66,11
C577614,-72.0,1
C577683,-3.75,1
C577688,-7.95,1
C577692,-21.880000000000003,3
C577693,-16.85,2
C577722,-80.0,1
C577731,-11.7,1
C577737,-479.8,14
C577750,-13.35,2
C577752,-11.89,3
C577753,-44.400000000000006,1
C577775,-335.4,3
C577781,-17.85,1
C577786,-65.2,2
C577799,-33.2,1
C577815,-4.95,1
C577817,-12.9,2
C577819,-40.71,4
C577821,-10.2,2
C577828,-22.880000000000003,1
C577832,-175.92,11
C577839,-4.95,1
C577849,-30.700000000000003,3
C577889,-13.6,1
C577892,-3.25,1
C578003,-11.25,1
C578007,-13.580000000000002,4
C578039,-10.95,1
C578061,-5.9,1
C578062,-36.6,3
C578073,-31.680000000000003,2
C578076,-13.440000000000001,1
C578077,-51.0,1
C578090,-80.0,1
C578110,-11.700000000000001,3
C578122,-2.0,1
C578124,-30.55,12
C578131,-20.8,1
C578132,-0.85,1
C578136,-29.85,4
C578142,-9.9,1
C578144,-41.95,4
C578148,-1.65,1
C578164,-3.75,1
C578239,-26.33,1
C578257,-66.0,1
C578259,-457.2,1
C578269,-849.93,1
C578274,-30.81,5
C578276,-24.86,8
C578280,-11.1,5
C578282,-4.25,1
C578342,-4.15,1
C578355,-17.1,4
C578363,-2210.64,12
C578367,-66.28,4
C578368,-177.60000000000002,1
C578371,-136.85,23
C578377,-259.2,3
C578432,-2.55,1
C578669,-7.029999999999999,2
C578673,-16.95,1
C578743,-54.0,1
C578784,-7.6,1
C578803,-14.45,2
C578832,-303.96,23
C578932,-33.599999999999994,2
C578991,-5.9799999999999995,8
C579018,-7.0,1
C579090,-60.48,1
C579092,-17.369999999999997,2
C579127,-2.95,1
C579140,-19.21,5
C579169,-3.75,1
C579172,-65.4,1
C579178,-48.85,3
C579186,-19.9,1
C579192,-491.12,9
C579195,-987.14,1
C579266,-78.96000000000001,1
C579277,-32.0,1
C579347,-109.53999999999999,4
C579366,-9.72,1
C579415,-15.0,1
C579431,-15.0,1
C579438,-51.0,1
C579496,-5.9,1
C579502,-16.95,1
C579519,-17.4,1
C579521,-25.259999999999998,3
C579532,-57.8,2
C579547,-4.95,1
C579554,-10.030000000000001,2
C579562,-3.73,2
C579710,-13.0,1
C579739,-16.4,2
C579746,-13.950000000000001,1
C579748,-3.75,1
C579752,-6.359999999999999,2
C579753,-31.2,1
C579756,-12.45,2
C579758,-10.95,1
C579760,-2.9,1
C579764,-19.599999999999998,2
C579766,-16.65,1
C579776,-7.5,1
C579778,-9.95,1
C579780,-9.95,1
C579781,-32.650000000000006,2
C579782,-9.95,1
C579783,-17.700000000000003,1
C579785,-108.24999999999999,5
C579791,-83.2,1
C579864,-89.55,1
C579866,-41.0,1
C579869,-16.3,1
C579871,-1.65,1
C579876,-9.75,2
C579877,-11.17,4
C579878,-121.84,10
C579882,-14.849999999999998,2
C579883,-19.150000000000002,2
C579884,-20.53,1
C579886,-91.27,12
C579887,-20.45,3
C579889,-33.2,1
C579890,-3.77,3
C579891,-26.74,2
C579892,-16.6,1
C579893,-19.9,1
C579894,-17.68,3
C579895,-4.1,1
C579896,-8.3,1
C579897,-19.630000000000003,4
C579898,-1.8699999999999999,2
C579902,-34.150000000000006,4
C579903,-13.65,1
C579904,-57.3,3
C579905,-8.64,1
C579906,-1.65,1
C579908,-28.68,1
C579911,-11.65,2
C579912,-15.95,1
C579913,-3.95,1
C579914,-15.0,2
C579915,-7.5,1
C579918,-8.3,1
C579919,-8.5,1
C579923,-4.95,1
C579924,-3.75,1
C579925,-2.55,1
C579926,-25.4,8
C579928,-25.0,1
C579929,-30.81,5
C579930,-11.15,2
C579931,-16.5,1
C579932,-9.95,1
C579933,-12.75,1
C579934,-1.7,1
C579935,-23.700000000000003,1
C579944,-23.24,2
C579945,-11.700000000000001,4
C579948,-9.49,3
C579968,-3.3,2
C579970,-27.35,3
C579989,-14.5,2
C579992,-18.75,1
C580056,-2.55,1
C580072,-7.65,1
C580099,-20.8,1
C580131,-96.75,3
C580161,-36.0,1
C580165,-91.25,4
C580168,-8.3,4
C580171,-81.36,1
C580174,-62.5,1
C580179,-8.7,3
C580180,-23.14,3
C580263,-172.89,11
C580312,-64.7,6
C580313,-29.17,5
C580392,-35.400000000000006,1
C580507,-14.85,2
C580510,-1.25,1
C580522,-4.15,1
C580597,-5.59,2
C580641,-55.300000000000004,1
C580649,-2.95,1
C580686,-20.7,5
C580698,-15.0,1
C580701,-14.850000000000001,1
C580702,-238.0,1
C580703,-29.25,2
C580707,-9.899999999999999,1
C580708,-15.0,1
C580710,-8.2,2
C580711,-37.6,3
C580714,-14.9,2
C580726,-1100.44,1
C580740,-35.0,2
C580741,-14.11,2
C580747,-5.75,1
C580749,-10.2,2
C580751,-37.3,2
C580761,-18.4,3
C580762,-32.05,4
C580764,-70.80000000000001,2
C580766,-15.9,4
C580767,-2.08,1
C580768,-12.5,1
C580769,-3.75,1
C580770,-8.850000000000001,1
C580773,-41.6,1
C580805,-2.95,1
C580821,-7.25,1
C580826,-40.4,2
C580832,-116.92999999999999,8
C580886,-54.75,1
C580912,-61.199999999999996,1
C580913,-43.199999999999996,1
C580917,-5.25,3
C580918,-78.0,1
C580919,-98.51,10
C580954,-436.2,13
C580957,-4.5,1
C580966,-102.44999999999999,10
C580968,-381.95,15
C580970,-76.5,1
C580971,-664.86,3
C580989,-1.65,1
C581009,-125.0,1
C581012,-11.2,2
C581071,-2.08,1
C581100,-16.95,1
C581106,-3.75,1
C581117,-27.15,7
C581121,-12.75,1
C581124,-11.8,1
C581128,-6.24,1
C581145,-83.16,4
C581148,-44.78,6
C581162,-3.18,1
C581178,-14.899999999999999,2
C581228,-336.0,5
C581229,-269.96,11
C581235,-60.25,5
C581305,-16.45,2
C581316,-19.2,3
C581322,-3.8000000000000003,2
C581323,-4.25,1
C581330,-52.5,2
C581384,-6.9,1
C581390,-15.849999999999998,2
C581393,-12.75,1
C581409,-98.75,13
C581460,-4.85,2
C581462,-23.759999999999998,2
C581463,-15.9,1
C581464,-38.650000000000006,2
C581465,-27.25,4
C581466,-36.15,5
C581468,-25.68,2
C581470,-8.32,1
C581484,-168469.6,1
C581490,-32.53,2
C581499,-224.69,1
C581568,-54.75,1
C581569,-7.5,2
