Customer ID,Recency,Frequency,Monetary,R_Score,F_Score,M_Score,RFM_Score,Segment
12347,2,8,5633.32,4,3,4,11,Champions
12348,75,5,2019.4,3,3,3,9,Loyal Customers
12349,19,5,4404.54,4,3,4,11,Champions
12350,310,1,334.4,2,1,1,4,Lost
12351,375,1,300.93,2,1,1,4,Lost
12352,36,13,1889.21,3,4,3,10,Champions
12353,204,2,406.76,2,1,2,5,Needs Attention
12354,232,1,1079.4,2,1,3,6,Needs Attention
12355,214,2,947.61,2,1,3,6,Needs Attention
12356,23,6,6373.68,4,3,4,11,Champions
12357,33,3,18287.66,3,2,4,9,Loyal Customers
12358,2,5,3887.07,4,3,4,11,Champions
12359,8,14,8714.89,4,4,4,12,Champions
12360,52,9,4212.89,3,4,4,11,Champions
12361,287,4,511.25,2,2,2,6,Needs Attention
12362,3,14,5284.58,4,4,4,12,Champions
12363,110,2,552.0,2,1,2,5,Needs Attention
12364,8,4,1313.1,4,2,3,9,Loyal Customers
12365,291,3,320.69,2,2,1,5,Needs Attention
12366,634,1,500.24,1,1,2,4,Lost
12367,4,1,168.9,4,1,1,6,Recent but Low Value
12368,628,1,917.6999999999999,1,1,3,5,Needs Attention
12369,413,3,1791.15,1,2,3,6,Needs Attention
12370,51,7,4320.31,3,3,4,10,Champions
12371,45,5,4067.38,3,3,4,10,Champions
12372,72,3,1298.04,3,2,3,8,Loyal Customers
12373,311,3,1127.65,2,2,3,7,Needs Attention
12374,25,4,2989.2200000000003,3,2,4,9,Loyal Customers
12375,3,3,455.42,4,2,2,8,Loyal Customers
12376,390,2,503.15,1,1,2,4,Lost
12377,315,4,3426.32,2,2,4,8,Loyal Customers
12378,130,2,5416.32,2,1,4,7,Needs Attention
12379,82,5,1618.27,3,3,3,9,Loyal Customers
12380,22,15,7888.0,4,4,4,12,Champions
12381,5,6,1803.96,4,3,3,10,Champions
12383,185,6,1839.31,2,3,3,8,Loyal Customers
12384,29,3,566.16,3,2,2,7,Recent but Low Value
12385,379,2,1923.4,1,1,3,5,Needs Attention
12386,338,2,660.8,2,1,2,5,Needs Attention
12387,415,1,143.94,1,1,1,3,Lost
12388,16,8,3901.11,4,3,4,11,Champions
12389,403,3,1433.33,1,2,3,6,Needs Attention
12390,80,1,549.84,3,1,2,6,Recent but Low Value
12391,22,7,2747.82,4,3,4,11,Champions
12392,591,1,234.75000000000003,1,1,1,3,Lost
12393,72,7,2376.75,3,3,4,10,Champions
12394,64,2,1272.48,3,1,3,7,Recent but Low Value
12395,16,18,5046.92,4,4,4,12,Champions
12396,674,1,931.43,1,1,3,5,Needs Attention
12397,36,2,2409.9,3,1,4,8,Loyal Customers
12398,46,1,1635.6599999999999,3,1,3,7,Recent but Low Value
12399,119,7,1962.3,2,3,3,8,Loyal Customers
12400,414,1,205.25,1,1,1,3,Lost
12401,303,1,84.3,2,1,1,4,Lost
12402,323,7,1244.15,2,3,3,8,Loyal Customers
12403,50,3,1001.36,3,2,3,8,Loyal Customers
12404,682,1,63.24,1,1,1,3,Lost
12405,149,1,1710.39,2,1,3,6,Needs Attention
12406,22,7,6072.21,4,3,4,11,Champions
12407,50,5,1708.1200000000001,3,3,3,9,Loyal Customers
12408,33,14,4279.64,3,4,4,11,Champions
12409,79,13,23090.47,3,4,4,11,Champions
12410,301,4,1001.46,2,2,3,7,Needs Attention
12411,410,1,346.9,1,1,2,4,Lost
12412,75,8,2581.03,3,3,4,10,Champions
12413,67,6,935.5,3,3,3,9,Loyal Customers
12414,217,8,692.41,2,3,2,7,At Risk (Was Valuable)
12415,24,33,143269.29,4,4,4,12,Champions
12416,657,1,202.56,1,1,1,3,Lost
12417,3,27,6708.21,4,4,4,12,Champions
12418,113,5,2016.95,2,3,3,8,Loyal Customers
12419,386,2,503.01,1,1,2,4,Lost
12420,64,1,600.39,3,1,2,6,Recent but Low Value
12421,16,8,1092.83,4,3,3,10,Champions
12422,96,21,4119.35,2,4,4,10,Champions
12423,1,11,2612.19,4,4,4,12,Champions
12424,163,7,3289.78,2,3,4,9,Loyal Customers
12425,78,3,1680.81,3,2,3,8,Loyal Customers
12426,195,3,1311.41,2,2,3,7,Needs Attention
12427,12,5,1011.87,4,3,3,10,Champions
12428,26,12,7877.2,3,4,4,11,Champions
12429,9,9,7435.51,4,4,4,12,Champions
12430,43,1,256.4,3,1,1,5,Recent but Low Value
12431,36,33,10719.41,3,4,4,11,Champions
12432,43,5,5059.32,3,3,4,10,Champions
12433,1,11,20428.86,4,4,4,12,Champions
12434,85,5,1062.48,3,3,3,9,Loyal Customers
12435,80,6,13925.93,3,3,4,10,Champions
12436,100,1,509.01,2,1,2,5,Needs Attention
12437,2,47,12394.85,4,4,4,12,Champions
12438,14,2,2906.85,4,1,4,9,Loyal Customers
12439,683,3,1104.48,1,2,3,6,Needs Attention
12440,457,3,768.15,1,2,2,5,Needs Attention
12441,367,1,347.1,2,1,2,5,Needs Attention
12442,3,1,172.06,4,1,1,6,Recent but Low Value
12443,732,1,485.31,1,1,2,4,Lost
12444,21,5,5005.46,4,3,4,11,Champions
12445,22,3,426.48,4,2,2,8,Loyal Customers
12446,58,1,1002.3100000000001,3,1,3,7,Recent but Low Value
12447,243,1,476.49,2,1,2,5,Needs Attention
12448,44,1,449.45,3,1,2,6,Recent but Low Value
12449,22,6,4835.89,4,3,4,11,Champions
12450,156,7,666.95,2,3,2,7,At Risk (Was Valuable)
12451,11,10,12546.53,4,4,4,12,Champions
12452,17,3,428.57,4,2,2,8,Loyal Customers
12453,134,1,707.09,2,1,2,5,Needs Attention
12454,53,9,4292.71,3,4,4,11,Champions
12455,73,10,5879.95,3,4,4,11,Champions
12456,44,4,3153.89,3,2,4,9,Loyal Customers
12457,58,14,2472.31,3,4,4,11,Champions
12458,71,4,1777.49,3,2,3,8,Loyal Customers
12459,605,1,454.36,1,1,2,4,Lost
12460,456,1,326.65,1,1,1,3,Lost
12461,94,2,826.88,2,1,2,5,Needs Attention
12462,2,4,1124.01,4,2,3,9,Loyal Customers
12463,46,7,1303.63,3,3,3,9,Loyal Customers
12464,10,8,1212.05,4,3,3,10,Champions
12465,8,3,733.89,4,2,2,8,Loyal Customers
12466,682,1,56.73,1,1,1,3,Lost
12468,143,10,3624.55,2,4,4,10,Champions
12469,523,2,3070.54,1,1,4,6,Needs Attention
12470,690,1,211.95,1,1,1,3,Lost
12471,2,129,37948.61,4,4,4,12,Champions
12472,31,37,16956.69,3,4,4,11,Champions
12473,29,9,2848.23,3,4,4,11,Champions
12474,17,54,11966.45,4,4,4,12,Champions
12475,54,2,1149.64,3,1,3,7,Recent but Low Value
12476,1,38,13715.62,4,4,4,12,Champions
12477,23,12,20173.64,4,4,4,12,Champions
12478,4,1,680.99,4,1,2,7,Recent but Low Value
12479,4,3,477.3,4,2,2,8,Loyal Customers
12480,28,8,5435.1,3,3,4,10,Champions
12481,23,18,12217.03,4,4,4,12,Champions
12482,450,32,21893.53,1,4,4,9,Loyal Customers
12483,17,27,4846.87,4,4,4,12,Champions
12484,33,16,6303.85,3,4,4,11,Champions
12485,529,1,708.1,1,1,2,4,Lost
12486,432,1,1037.28,1,1,3,5,Needs Attention
12487,731,2,259.79999999999995,1,1,1,3,Lost
12488,10,3,1298.66,4,2,3,9,Loyal Customers
12489,336,1,334.93,2,1,1,4,Lost
12490,5,22,9818.64,4,4,4,12,Champions
12491,39,1,460.40000000000003,3,1,2,6,Recent but Low Value
12492,63,3,715.21,3,2,2,7,Recent but Low Value
12493,166,3,416.79,2,2,2,6,Needs Attention
12494,10,17,1743.52,4,4,3,11,Champions
12495,635,2,323.4,1,1,1,3,Lost
12496,620,2,54.09,1,1,1,3,Lost
12497,82,4,6211.75,3,2,4,9,Loyal Customers
12498,21,3,403.70000000000005,4,2,2,8,Loyal Customers
12499,560,1,393.72,1,1,2,4,Lost
12500,23,25,5872.31,4,4,4,12,Champions
12501,315,2,2089.68,2,1,3,6,Needs Attention
12502,96,5,3723.87,2,3,4,9,Loyal Customers
12504,18,6,411.0,4,3,2,9,Loyal Customers
12505,301,3,908.0,2,2,3,7,Needs Attention
12506,233,1,73.5,2,1,1,4,Lost
12507,134,5,1797.31,2,3,3,8,Loyal Customers
12508,26,2,398.27,3,1,2,6,Recent but Low Value
12509,284,1,176.5,2,1,1,4,Lost
12510,143,16,3689.33,2,4,4,10,Champions
12511,415,2,3065.77,1,1,4,6,Needs Attention
12512,66,2,138.03,3,1,1,5,Recent but Low Value
12513,85,2,586.79,3,1,2,6,Recent but Low Value
12514,267,2,1597.76,2,1,3,6,Needs Attention
12515,353,1,383.7,2,1,2,5,Needs Attention
12516,78,4,2648.62,3,2,4,9,Loyal Customers
12517,28,6,2464.89,3,3,4,10,Champions
12518,1,5,2056.89,4,3,3,10,Champions
12519,64,3,695.19,3,2,2,7,Recent but Low Value
12520,79,6,2582.51,3,3,4,10,Champions
12521,143,1,599.68,2,1,2,5,Needs Attention
12522,39,2,192.72,3,1,1,5,Recent but Low Value
12523,2,30,4220.85,4,4,4,12,Champions
12524,9,18,11091.36,4,4,4,12,Champions
12525,491,8,835.1800000000001,1,3,2,6,At Risk (Was Valuable)
12526,1,3,1316.66,4,2,3,9,Loyal Customers
12527,82,5,735.51,3,3,2,8,Loyal Customers
12528,9,8,1922.28,4,3,3,10,Champions
12529,523,2,311.78000000000003,1,1,1,3,Lost
12530,60,12,3689.86,3,4,4,11,Champions
12531,15,3,1899.05,4,2,3,9,Loyal Customers
12532,30,1,349.83000000000004,3,1,2,6,Recent but Low Value
12533,619,6,1149.99,1,3,3,7,At Risk (Was Valuable)
12534,131,1,1089.18,2,1,3,6,Needs Attention
12535,92,2,716.35,3,1,2,6,Recent but Low Value
12536,8,5,4106.82,4,3,4,11,Champions
12537,409,1,732.94,1,1,2,4,Lost
12538,29,2,640.45,3,1,2,6,Recent but Low Value
12539,22,8,9498.9,4,3,4,11,Champions
12540,20,36,22107.29,4,4,4,12,Champions
12541,30,3,981.18,3,2,3,8,Loyal Customers
12542,484,4,423.38,1,2,2,5,Needs Attention
12543,448,1,980.25,1,1,3,5,Needs Attention
12544,30,2,355.7,3,1,2,6,Recent but Low Value
12545,75,2,1000.39,3,1,3,7,Recent but Low Value
12546,47,3,1141.5,3,2,3,8,Loyal Customers
12547,198,3,383.58,2,2,2,6,Needs Attention
12548,166,1,95.19999999999999,2,1,1,4,Lost
12549,576,6,1575.68,1,3,3,7,At Risk (Was Valuable)
12550,79,1,964.83,3,1,3,7,Recent but Low Value
12551,358,1,168.0,2,1,1,4,Lost
12552,39,2,437.82,3,1,2,6,Recent but Low Value
12553,8,17,4548.82,4,4,4,12,Champions
12554,449,1,468.5,1,1,2,4,Lost
12555,682,1,129.23,1,1,1,3,Lost
12556,50,2,603.71,3,1,2,6,Recent but Low Value
12557,16,8,18716.14,4,3,4,11,Champions
12558,2,2,1.0658141036401503e-14,4,1,1,6,Recent but Low Value
12559,311,3,536.21,2,2,2,6,Needs Attention
12560,5,4,2101.39,4,2,3,9,Loyal Customers
12561,303,1,238.85,2,1,1,4,Lost
12562,8,9,4966.92,4,4,4,12,Champions
12563,409,1,249.24,1,1,1,3,Lost
12564,261,1,456.9,2,1,2,5,Needs Attention
12565,282,2,131.17,2,1,1,4,Lost
12566,73,2,346.7,3,1,2,6,Recent but Low Value
12567,23,17,13393.82,4,4,4,12,Champions
12568,645,1,70.0,1,1,1,3,Lost
12569,2,35,4064.9900000000002,4,4,4,12,Champions
12570,682,1,77.52,1,1,1,3,Lost
12571,40,2,519.61,3,1,2,6,Recent but Low Value
12572,9,3,1004.72,4,2,3,9,Loyal Customers
12573,227,5,717.41,2,3,2,7,At Risk (Was Valuable)
12574,316,1,218.45,2,1,1,4,Lost
12575,457,2,622.8199999999999,1,1,2,4,Lost
12576,36,11,2083.87,3,4,3,10,Champions
12577,35,9,1591.35,3,4,3,10,Champions
12578,21,7,4572.45,4,3,4,11,Champions
12579,73,3,410.72,3,2,2,7,Recent but Low Value
12580,247,2,1052.9,2,1,3,6,Needs Attention
12581,40,1,197.71,3,1,1,5,Recent but Low Value
12582,239,4,1980.4,2,2,3,7,Needs Attention
12583,3,31,14344.9,4,4,4,12,Champions
12584,4,18,1893.95,4,4,3,11,Champions
12585,234,4,1982.81,2,2,3,7,Needs Attention
12586,17,5,2028.67,4,3,3,10,Champions
12587,8,1,144.0,4,1,1,6,Recent but Low Value
12588,39,5,938.98,3,3,3,9,Loyal Customers
12589,29,11,3094.17,3,4,4,11,Champions
12590,190,5,9853.48,2,3,4,9,Loyal Customers
12591,317,3,1352.15,2,2,3,7,Needs Attention
12592,92,8,1152.62,3,3,3,9,Loyal Customers
12593,109,3,418.09999999999997,2,2,2,6,Needs Attention
12594,38,17,5044.51,3,4,4,11,Champions
12595,505,1,299.02,1,1,1,3,Lost
12596,51,2,618.27,3,1,2,6,Recent but Low Value
12597,19,5,3683.13,4,3,4,11,Champions
12598,10,15,4414.67,4,4,4,12,Champions
12599,29,13,2296.72,3,4,4,11,Champions
12600,29,26,4955.79,3,4,4,11,Champions
12601,190,7,673.76,2,3,2,7,At Risk (Was Valuable)
12602,59,1,153.12,3,1,1,5,Recent but Low Value
12603,22,1,739.1999999999999,4,1,2,7,Recent but Low Value
12604,79,2,254.18,3,1,1,5,Recent but Low Value
12605,365,5,1217.95,2,3,3,8,Loyal Customers
12606,682,1,21.0,1,1,1,3,Lost
12607,58,2,3.552713678800501e-15,3,1,1,5,Recent but Low Value
12608,405,1,415.79,1,1,2,4,Lost
12609,78,10,3417.86,3,4,4,11,Champions
12610,23,7,2057.99,4,3,3,10,Champions
12611,52,1,1193.32,3,1,3,7,Recent but Low Value
12612,58,2,643.59,3,1,2,6,Recent but Low Value
12613,31,13,6591.52,3,4,4,11,Champions
12614,278,1,315.6,2,1,1,4,Lost
12615,2,11,5564.88,4,4,4,12,Champions
12616,85,7,1045.35,3,3,3,9,Loyal Customers
12617,29,1,355.53,3,1,2,6,Recent but Low Value
12618,22,1,177.31,4,1,1,6,Recent but Low Value
12619,16,14,3354.95,4,4,4,12,Champions
12620,15,3,1339.41,4,2,3,9,Loyal Customers
12621,2,44,24579.31,4,4,4,12,Champions
12622,232,1,180.1,2,1,1,4,Lost
12623,276,9,3639.84,2,4,4,10,Champions
12624,106,2,641.13,2,1,2,5,Needs Attention
12625,212,5,5095.38,2,3,4,9,Loyal Customers
12626,23,13,6388.35,4,4,4,12,Champions
12627,11,7,4478.53,4,3,4,11,Champions
12628,4,4,769.61,4,2,2,8,Loyal Customers
12629,386,2,1558.22,1,1,3,5,Needs Attention
12630,10,2,1270.88,4,1,3,8,Loyal Customers
12631,57,7,3452.27,3,3,4,10,Champions
12632,521,4,738.88,1,2,2,5,Needs Attention
12633,59,10,5595.21,3,4,4,11,Champions
12634,536,2,490.0,1,1,2,4,Lost
12635,90,4,2930.41,3,2,4,9,Loyal Customers
12636,739,1,141.0,1,1,1,3,Lost
12637,67,14,8271.66,3,4,4,11,Champions
12638,33,2,921.49,3,1,3,7,Recent but Low Value
12639,239,3,1312.37,2,2,3,7,Needs Attention
12640,24,3,1174.58,4,2,3,9,Loyal Customers
12641,115,1,185.9,2,1,1,4,Lost
12642,25,3,1013.26,3,2,3,8,Loyal Customers
12643,128,14,7880.9,2,4,4,10,Champions
12644,130,6,1815.54,2,3,3,8,Loyal Customers
12645,34,10,3499.1,3,4,4,11,Champions
12646,5,2,1346.97,4,1,3,8,Loyal Customers
12647,22,45,17682.79,4,4,4,12,Champions
12648,155,5,1097.0,2,3,3,8,Loyal Customers
12649,107,10,2238.7,2,4,4,10,Champions
12650,3,1,314.44,4,1,1,6,Recent but Low Value
12651,335,5,365.3,2,3,2,7,At Risk (Was Valuable)
12652,322,3,1011.58,2,2,3,7,Needs Attention
12653,149,3,4160.83,2,2,4,8,Loyal Customers
12654,11,5,601.98,4,3,2,9,Loyal Customers
12655,424,1,261.35,1,1,1,3,Lost
12656,17,12,6320.78,4,4,4,12,Champions
12657,11,5,1152.06,4,3,3,10,Champions
12658,19,1,686.05,4,1,2,7,Recent but Low Value
12659,30,1,91.68,3,1,1,5,Recent but Low Value
12660,11,1,245.1,4,1,1,6,Recent but Low Value
12661,436,1,162.0,1,1,1,3,Lost
12662,1,22,6949.17,4,4,4,12,Champions
12663,625,3,204.0,1,2,1,4,Lost
12664,8,12,6052.04,4,4,4,12,Champions
12665,325,5,301.45,2,3,1,6,At Risk (Was Valuable)
12666,359,2,1020.98,2,1,3,6,Needs Attention
12667,58,1,620.13,3,1,2,6,Recent but Low Value
12668,7,12,11380.710000000001,4,4,4,12,Champions
12669,151,4,1607.73,2,2,3,7,Needs Attention
12670,10,8,3750.39,4,3,4,11,Champions
12671,606,1,2622.481,1,1,4,6,Needs Attention
12672,330,3,410.5,2,2,2,6,Needs Attention
12673,5,3,1230.02,4,2,3,9,Loyal Customers
12674,12,7,1919.31,4,3,3,10,Champions
12675,554,4,934.8,1,2,3,6,Needs Attention
12676,25,12,2773.09,3,4,4,11,Champions
12677,555,3,389.3,1,2,2,5,Needs Attention
12678,42,23,33851.13,3,4,4,11,Champions
12679,52,9,1058.67,3,4,3,10,Champions
12680,1,4,880.81,4,2,3,9,Loyal Customers
12681,15,56,30551.76,4,4,4,12,Champions
12682,4,53,23945.81,4,4,4,12,Champions
12683,4,27,12418.6,4,4,4,12,Champions
12684,8,7,2283.63,4,3,4,11,Champions
12685,28,6,2863.08,3,3,4,10,Champions
12686,372,1,178.28,2,1,1,4,Lost
12687,481,2,2138.91,1,1,3,5,Needs Attention
12688,114,1,4873.8099999999995,2,1,4,7,Needs Attention
12689,26,2,1247.61,3,1,3,7,Recent but Low Value
12690,206,1,389.01,2,1,2,5,Needs Attention
12691,28,7,1170.4,3,3,3,9,Loyal Customers
12692,637,1,110.95,1,1,1,3,Lost
12693,121,11,1640.42,2,4,3,9,Loyal Customers
12694,70,4,1839.45,3,2,3,8,Loyal Customers
12695,7,7,1407.1200000000001,4,3,3,10,Champions
12696,435,3,801.15,1,2,2,5,Needs Attention
12697,21,5,939.02,4,3,3,10,Champions
12698,590,1,339.75,1,1,1,3,Lost
12699,418,1,638.11,1,1,2,4,Lost
12700,8,6,4867.99,4,3,4,11,Champions
12701,80,6,2446.41,3,3,4,10,Champions
12702,20,1,219.0,4,1,1,6,Recent but Low Value
12703,64,7,892.18,3,3,3,9,Loyal Customers
12704,7,10,2220.84,4,4,3,11,Champions
12705,15,22,11554.0,4,4,4,12,Champions
12707,292,1,603.42,2,1,2,5,Needs Attention
12708,30,30,5118.16,3,4,4,11,Champions
12709,3,55,30312.61,4,4,4,12,Champions
12710,97,4,1130.57,2,2,3,7,Needs Attention
12711,612,2,1339.05,1,1,3,5,Needs Attention
12712,23,28,6979.66,4,4,4,12,Champions
12713,1,1,848.55,4,1,2,7,Recent but Low Value
12714,9,12,14093.71,4,4,4,12,Champions
12715,106,1,353.86,2,1,2,5,Needs Attention
12716,4,2,1053.49,4,1,3,8,Loyal Customers
12717,151,4,1258.91,2,2,3,7,Needs Attention
12718,71,1,238.25,3,1,1,5,Recent but Low Value
12719,5,3,608.1,4,2,2,8,Loyal Customers
12720,3,41,8047.88,4,4,4,12,Champions
12721,32,10,3906.68,3,4,4,11,Champions
12722,85,6,904.33,3,3,3,9,Loyal Customers
12723,4,5,725.07,4,3,2,9,Loyal Customers
12724,5,7,2317.52,4,3,4,11,Champions
12725,371,4,2694.56,2,2,4,8,Loyal Customers
12726,28,11,4014.6,3,4,4,11,Champions
12727,11,12,5646.53,4,4,4,12,Champions
12728,71,5,1070.17,3,3,3,9,Loyal Customers
12729,114,1,453.01,2,1,2,5,Needs Attention
12730,522,1,829.25,1,1,2,4,Lost
12731,24,19,25673.21,4,4,4,12,Champions
12732,180,1,236.26000000000002,2,1,1,4,Lost
12733,234,6,2326.82,2,3,4,9,Loyal Customers
12734,353,3,639.65,2,2,2,6,Needs Attention
12735,315,2,779.5699999999999,2,1,2,5,Needs Attention
12736,333,1,234.0,2,1,1,4,Lost
12737,499,2,3710.5,1,1,4,6,Needs Attention
12738,372,1,310.7,2,1,1,4,Lost
12739,78,4,2726.73,3,2,4,9,Loyal Customers
12740,64,1,427.6,3,1,2,6,Recent but Low Value
12741,529,2,406.07,1,1,2,4,Lost
12742,600,2,1185.02,1,1,3,5,Needs Attention
12743,134,2,546.43,2,1,2,5,Needs Attention
12744,52,14,13158.16,3,4,4,11,Champions
12745,487,3,925.41,1,2,3,6,Needs Attention
12746,528,3,230.85000000000002,1,2,1,4,Lost
12747,2,32,9164.59,4,4,4,12,Champions
12748,1,365,49970.13,4,4,4,12,Champions
12749,4,16,6328.49,4,4,4,12,Champions
12750,129,1,275.88,2,1,1,4,Lost
12751,445,1,268.27,1,1,1,3,Lost
12752,81,1,4366.78,3,1,4,8,Loyal Customers
12753,4,11,21024.01,4,4,4,12,Champions
12754,236,5,2949.12,2,3,4,9,Loyal Customers
12755,250,22,6406.349999999999,2,4,4,10,Champions
12756,87,1,112.07999999999998,3,1,1,5,Recent but Low Value
12757,16,19,4227.7,4,4,4,12,Champions
12758,117,8,9779.0,2,3,4,9,Loyal Customers
12759,52,8,5020.74,3,3,4,10,Champions
12760,456,1,347.8,1,1,2,4,Lost
12761,458,2,782.95,1,1,2,4,Lost
12762,8,2,1898.52,4,1,3,8,Loyal Customers
12763,138,2,814.16,2,1,2,5,Needs Attention
12764,317,1,1693.88,2,1,3,6,Needs Attention
12765,472,6,1404.58,1,3,3,7,At Risk (Was Valuable)
12766,4,11,10026.43,4,4,4,12,Champions
12767,376,1,949.82,2,1,3,6,Needs Attention
12768,432,2,3.552713678800501e-15,1,2,1,4,Lost
12769,239,1,1143.6,2,1,3,6,Needs Attention
12770,211,7,2975.95,2,3,4,9,Loyal Customers
12771,465,2,262.5,1,2,1,4,Lost
12772,60,1,892.47,3,1,3,7,Recent but Low Value
12773,564,2,1.7763568394002505e-15,1,2,1,4,Lost
12774,536,1,98.7,1,1,1,3,Lost
12775,17,8,1651.32,4,3,3,10,Champions
12776,668,1,55.5,1,1,1,3,Lost
12777,458,1,519.45,1,1,2,4,Lost
12778,20,10,1757.68,4,4,3,11,Champions
12779,21,21,6406.76,4,4,4,12,Champions
12780,599,1,337.4,1,1,1,3,Lost
12781,21,5,707.72,4,3,2,9,Loyal Customers
12782,5,14,4526.04,4,4,4,12,Champions
12783,2,8,1603.87,4,3,3,10,Champions
12784,9,3,1804.75,4,2,3,9,Loyal Customers
12785,3,5,1079.31,4,3,3,10,Champions
12786,610,1,728.5,1,1,2,4,Lost
12787,10,5,859.18,4,3,2,9,Loyal Customers
12788,463,4,444.9,1,2,2,5,Needs Attention
12789,65,3,273.35,3,2,1,6,Recent but Low Value
12790,192,3,563.45,2,2,2,6,Needs Attention
12791,374,8,777.75,2,3,2,7,At Risk (Was Valuable)
12792,257,3,813.88,2,2,2,6,Needs Attention
12793,335,3,1017.33,2,2,3,7,Needs Attention
12794,53,2,860.41,3,2,2,7,Recent but Low Value
12795,19,1,430.48,4,1,2,7,Recent but Low Value
12796,628,1,381.0,1,1,2,4,Lost
12797,360,6,725.46,2,3,2,7,At Risk (Was Valuable)
12798,10,4,8510.93,4,2,4,10,Champions
12799,529,1,219.35,1,1,1,3,Lost
12800,470,3,584.25,1,2,2,5,Needs Attention
12801,478,2,1031.87,1,2,3,6,Needs Attention
12802,184,9,2350.42,2,4,4,10,Champions
12803,393,1,1092.81,1,1,3,5,Needs Attention
12804,466,2,327.02,1,2,1,4,Lost
12805,382,4,1434.95,1,2,3,6,Needs Attention
12806,435,4,2878.96,1,2,4,7,Needs Attention
12807,383,3,269.95,1,2,1,4,Lost
12808,37,5,906.1,3,3,3,9,Loyal Customers
12809,168,8,1705.34,2,3,3,8,Loyal Customers
12810,535,2,534.99,1,2,2,5,Needs Attention
12811,261,5,1033.9,2,3,3,8,Loyal Customers
12812,45,1,229.64000000000001,3,1,1,5,Recent but Low Value
12813,502,3,1687.8,1,2,3,6,Needs Attention
12814,102,1,125.92,2,1,1,4,Lost
12815,148,2,1063.46,2,2,3,7,Needs Attention
12816,96,2,572.2,2,2,2,6,Needs Attention
12817,281,3,690.98,2,2,2,6,Needs Attention
12818,178,2,1517.88,2,2,3,7,Needs Attention
12819,458,1,540.52,1,1,2,4,Lost
12820,3,13,2647.94,4,4,4,12,Champions
12821,214,2,220.8,2,2,1,5,Needs Attention
12822,71,3,918.98,3,2,3,8,Loyal Customers
12823,75,18,6501.5,3,4,4,11,Champions
12824,60,1,397.12,3,1,2,6,Recent but Low Value
12825,521,2,518.63,1,2,2,5,Needs Attention
12826,3,15,2928.69,4,4,4,12,Champions
12827,6,3,430.15000000000003,4,2,2,8,Loyal Customers
12828,3,6,1018.71,4,3,3,10,Champions
12829,322,4,345.35,2,2,2,6,Needs Attention
12830,38,7,6748.4,3,3,4,10,Champions
12831,262,3,451.11,2,2,2,6,Needs Attention
12832,32,2,383.03,3,2,2,7,Recent but Low Value
12833,145,1,417.38,2,1,2,5,Needs Attention
12834,283,1,312.38,2,1,1,4,Lost
12835,418,49,6018.67,1,4,4,9,Loyal Customers
12836,59,17,6546.47,3,4,4,11,Champions
12837,173,2,688.41,2,2,2,6,Needs Attention
12838,34,12,3376.03,3,4,4,11,Champions
12839,3,31,9927.83,4,4,4,12,Champions
12840,144,11,4013.87,2,4,4,10,Champions
12841,5,42,7390.4800000000005,4,4,4,12,Champions
12842,70,4,1917.99,3,2,3,8,Loyal Customers
12843,66,34,6345.61,3,4,4,11,Champions
12844,29,4,648.6,3,2,2,7,Recent but Low Value
12845,267,4,354.09,2,2,2,6,Needs Attention
12846,682,1,15.58,1,1,1,3,Lost
12847,22,2,1636.8999999999999,4,2,3,9,Loyal Customers
12848,676,1,208.0,1,1,1,3,Lost
12849,31,6,3090.56,3,3,4,10,Champions
12850,446,1,330.0,1,1,1,3,Lost
12851,97,2,284.13,2,2,1,5,Needs Attention
12852,290,2,299.75,2,2,1,5,Needs Attention
12853,108,16,3728.5,2,4,4,10,Champions
12854,79,11,2922.37,3,4,4,11,Champions
12855,373,4,650.9399999999999,2,2,2,6,Needs Attention
12856,8,8,2162.68,4,3,3,10,Champions
12857,211,7,3684.25,2,3,4,9,Loyal Customers
12858,383,2,151.73,1,2,1,4,Lost
12859,459,1,575.1,1,1,2,4,Lost
12860,693,1,55.47,1,1,1,3,Lost
12861,620,1,68.25,1,1,1,3,Lost
12862,426,2,1008.3199999999999,1,2,3,6,Needs Attention
12863,52,7,2775.5499999999997,3,3,4,10,Champions
12864,138,2,299.57,2,2,1,5,Needs Attention
12865,26,5,3303.31,3,3,4,10,Champions
12866,283,3,1227.35,2,2,3,7,Needs Attention
12867,26,16,7862.69,3,4,4,11,Champions
12868,186,8,2247.06,2,3,4,9,Loyal Customers
12869,682,1,337.66999999999996,1,1,1,3,Lost
12870,366,4,1647.15,2,2,3,7,Needs Attention
12871,84,3,744.02,3,2,2,7,Recent but Low Value
12872,327,13,3678.34,2,4,4,10,Champions
12873,282,3,2027.3,2,2,3,7,Needs Attention
12874,385,3,933.42,1,2,3,6,Needs Attention
12875,143,5,1356.99,2,3,3,8,Loyal Customers
12876,58,5,4068.59,3,3,4,10,Champions
12877,4,20,2955.17,4,4,4,12,Champions
12878,18,3,841.64,4,2,2,8,Loyal Customers
12879,45,4,552.5699999999999,3,2,2,7,Recent but Low Value
12880,382,2,640.13,1,2,2,5,Needs Attention
12881,276,1,298.0,2,1,1,4,Lost
12882,9,2,1463.04,4,2,3,9,Loyal Customers
12883,25,4,703.47,3,2,2,7,Recent but Low Value
12884,88,1,309.05,3,1,1,5,Recent but Low Value
12885,63,4,1158.27,3,2,3,8,Loyal Customers
12886,68,3,1351.09,3,2,3,8,Loyal Customers
12887,384,1,222.4,1,1,1,3,Lost
12888,214,4,313.77,2,2,1,5,Needs Attention
12889,381,6,365.66,1,3,2,6,At Risk (Was Valuable)
12890,24,2,717.27,4,2,2,8,Loyal Customers
12891,186,12,819.5,2,4,2,8,Loyal Customers
12892,397,1,263.38,1,1,1,3,Lost
12893,31,1,188.14,3,1,1,5,Recent but Low Value
12894,575,1,157.35,1,1,1,3,Lost
12895,42,3,347.3,3,2,2,7,Recent but Low Value
12897,205,4,514.25,2,2,2,6,Needs Attention
12898,464,2,310.96000000000004,1,2,1,4,Lost
12899,414,1,366.4,1,1,2,4,Lost
12900,422,1,340.33,1,1,1,3,Lost
12901,9,36,16293.1,4,4,4,12,Champions
12902,265,1,138.68,2,1,1,4,Lost
12903,429,1,833.53,1,1,2,4,Lost
12904,18,2,509.58,4,2,2,8,Loyal Customers
12905,577,3,1011.82,1,2,3,6,Needs Attention
12906,12,5,2919.81,4,3,4,11,Champions
12907,396,3,440.36,1,2,2,5,Needs Attention
12908,59,7,1272.0,3,3,3,9,Loyal Customers
12909,40,13,3034.77,3,4,4,11,Champions
12910,23,14,5747.02,4,4,4,12,Champions
12911,552,1,1680.47,1,1,3,5,Needs Attention
12912,3,5,1662.3,4,3,3,10,Champions
12913,5,13,6700.860000000001,4,4,4,12,Champions
12914,401,1,223.98,1,1,1,3,Lost
12915,149,8,1084.85,2,3,3,8,Loyal Customers
12916,139,8,4630.22,2,3,4,9,Loyal Customers
12917,128,8,4329.5,2,3,4,9,Loyal Customers
12919,8,8,1301.44,4,3,3,10,Champions
12920,17,4,488.09000000000003,4,2,2,8,Loyal Customers
12921,4,103,34639.45,4,4,4,12,Champions
12922,161,1,405.38,2,1,2,5,Needs Attention
12923,64,3,789.87,3,2,2,7,Recent but Low Value
12924,88,14,2423.15,3,4,4,11,Champions
12925,5,3,729.3299999999999,4,2,2,8,Loyal Customers
12926,411,4,1548.46,1,2,3,6,Needs Attention
12927,395,1,197.31,1,1,1,3,Lost
12928,35,12,4304.89,3,4,4,11,Champions
12929,122,2,105.1,2,2,1,5,Needs Attention
12930,78,4,409.9,3,2,2,7,Recent but Low Value
12931,22,71,71299.67,4,4,4,12,Champions
12932,539,8,1698.56,1,3,3,7,At Risk (Was Valuable)
12933,24,11,1627.28,4,4,3,11,Champions
12934,737,1,181.65,1,1,1,3,Lost
12935,2,19,4182.01,4,4,4,12,Champions
12936,17,5,1012.9,4,3,3,10,Champions
12937,15,9,3097.61,4,4,4,12,Champions
12938,26,1,114.14,3,1,1,5,Recent but Low Value
12939,64,20,25264.8,3,4,4,11,Champions
12940,46,4,876.29,3,2,2,7,Recent but Low Value
12941,724,1,377.49,1,1,2,4,Lost
12942,131,3,942.65,2,2,3,7,Needs Attention
12943,301,4,489.0,2,2,2,6,Needs Attention
12944,36,2,604.51,3,2,2,7,Recent but Low Value
12945,288,2,900.11,2,2,3,7,Needs Attention
12946,437,1,324.45,1,1,1,3,Lost
12947,144,11,1711.33,2,4,3,9,Loyal Customers
12948,16,10,2306.18,4,4,4,12,Champions
12949,31,28,15391.0,3,4,4,11,Champions
12950,2,3,1843.0,4,2,3,9,Loyal Customers
12951,9,20,3164.42,4,4,4,12,Champions
12952,6,5,1382.8400000000001,4,3,3,10,Champions
12953,10,2,828.8100000000001,4,2,2,8,Loyal Customers
12954,639,1,162.45,1,1,1,3,Lost
12955,1,14,4734.26,4,4,4,12,Champions
12956,306,4,521.89,2,2,2,6,Needs Attention
12957,4,21,8628.42,4,4,4,12,Champions
12958,400,2,539.49,1,2,2,5,Needs Attention
12959,484,2,133.35,1,2,1,4,Lost
12960,414,4,1322.07,1,2,3,6,Needs Attention
12961,379,1,211.99,1,1,1,3,Lost
12962,7,2,266.39,4,2,1,7,Recent but Low Value
12963,8,14,3512.79,4,4,4,12,Champions
12964,437,1,132.24,1,1,1,3,Lost
12965,89,1,771.91,3,1,2,6,Recent but Low Value
12966,10,1,160.18,4,1,1,6,Recent but Low Value
12967,3,5,3840.77,4,3,4,11,Champions
12968,112,1,135.95,2,1,1,4,Lost
12969,603,1,122.45,1,1,1,3,Lost
12970,7,10,1524.97,4,4,3,11,Champions
12971,4,120,15482.74,4,4,4,12,Champions
12972,414,6,1115.95,1,3,3,7,At Risk (Was Valuable)
12973,414,1,385.55,1,1,2,4,Lost
12974,198,2,408.95,2,2,2,6,Needs Attention
12975,430,8,1993.99,1,3,3,7,At Risk (Was Valuable)
12976,212,8,3156.38,2,3,4,9,Loyal Customers
12977,156,4,517.63,2,2,2,6,Needs Attention
12978,385,6,2496.07,1,3,4,8,Loyal Customers
12979,729,2,479.53999999999996,1,2,2,5,Needs Attention
12980,156,26,15909.390000000001,2,4,4,10,Champions
12981,30,2,372.21999999999997,3,2,2,7,Recent but Low Value
12982,240,17,2562.12,2,4,4,10,Champions
12983,598,1,490.08000000000004,1,1,2,4,Lost
12984,19,1,97.5,4,1,1,6,Recent but Low Value
12985,1,3,1215.6200000000001,4,2,3,9,Loyal Customers
12986,403,12,1991.5900000000001,1,4,3,8,Loyal Customers
12987,74,6,1298.51,3,3,3,9,Loyal Customers
12988,292,1,535.32,2,1,2,5,Needs Attention
12989,3,39,12846.8,4,4,4,12,Champions
12990,31,7,955.5,3,3,3,9,Loyal Customers
12991,23,3,764.82,4,2,2,8,Loyal Customers
12992,725,1,93.35000000000001,1,1,1,3,Lost
12993,23,10,1191.26,4,4,3,11,Champions
12994,4,5,902.22,4,3,3,10,Champions
12995,78,2,200.72,3,2,1,6,Recent but Low Value
12996,376,1,355.5,2,1,2,5,Needs Attention
12997,22,16,2065.11,4,4,3,11,Champions
12998,493,4,897.38,1,2,3,6,Needs Attention
12999,196,3,455.88,2,2,2,6,Needs Attention
13000,107,5,965.0,2,3,3,8,Loyal Customers
13001,4,37,24136.05,4,4,4,12,Champions
13002,318,3,414.13,2,2,2,6,Needs Attention
13003,106,3,149.05,2,2,1,5,Needs Attention
13004,12,46,11143.99,4,4,4,12,Champions
13005,174,6,935.03,2,3,3,8,Loyal Customers
13006,56,1,81.57,3,1,1,5,Recent but Low Value
13007,580,1,175.25,1,1,1,3,Lost
13008,323,7,543.28,2,3,2,7,At Risk (Was Valuable)
13009,673,1,234.0,1,1,1,3,Lost
13010,374,2,330.12,2,2,1,5,Needs Attention
13011,372,1,101.10000000000001,2,1,1,4,Lost
13012,9,15,2591.1800000000003,4,4,4,12,Champions
13013,1,31,12601.82,4,4,4,12,Champions
13014,3,18,5220.83,4,4,4,12,Champions
13015,53,14,6465.72,3,4,4,11,Champions
13016,73,3,789.89,3,2,2,7,Recent but Low Value
13017,7,1,204.0,4,1,1,6,Recent but Low Value
13018,16,37,9742.81,4,4,4,12,Champions
13019,379,8,1212.95,1,3,3,7,At Risk (Was Valuable)
13020,548,5,606.96,1,3,2,6,At Risk (Was Valuable)
13021,4,24,4786.38,4,4,4,12,Champions
13022,430,1,65.3,1,1,1,3,Lost
13023,64,3,1449.03,3,2,3,8,Loyal Customers
13024,464,3,535.42,1,2,2,5,Needs Attention
13025,732,1,323.39,1,1,1,3,Lost
13026,1,13,1690.12,4,4,3,11,Champions
13027,114,23,17148.0,2,4,4,10,Champions
13028,23,3,659.68,4,2,2,8,Loyal Customers
13029,31,5,1927.3,3,3,3,9,Loyal Customers
13030,11,2,1227.22,4,2,3,9,Loyal Customers
13031,407,5,3419.27,1,3,4,8,Loyal Customers
13032,39,11,2817.59,3,4,4,11,Champions
13033,357,2,220.55,2,2,1,5,Needs Attention
13034,55,3,922.68,3,2,3,8,Loyal Customers
13035,58,4,1328.95,3,2,3,8,Loyal Customers
13036,685,1,307.1,1,1,1,3,Lost
13037,138,16,3842.55,2,4,4,10,Champions
13038,80,3,908.46,3,2,3,8,Loyal Customers
13039,584,4,1010.73,1,2,3,6,Needs Attention
13040,9,2,676.99,4,2,2,8,Loyal Customers
13041,451,4,799.13,1,3,2,6,At Risk (Was Valuable)
13042,584,4,1522.79,1,3,3,7,At Risk (Was Valuable)
13043,254,2,471.57,2,2,2,6,Needs Attention
13044,291,13,4824.2,2,4,4,10,Champions
13045,99,3,808.92,2,2,2,6,Needs Attention
13046,31,3,949.25,3,2,3,8,Loyal Customers
13047,32,42,8466.72,3,4,4,11,Champions
13048,14,13,4035.16,4,4,4,12,Champions
13049,64,5,1384.14,3,3,3,9,Loyal Customers
13050,9,57,11822.44,4,4,4,12,Champions
13051,579,2,155.8,1,2,1,4,Lost
13052,212,7,3168.53,2,3,4,9,Loyal Customers
13053,622,1,127.65,1,1,1,3,Lost
13055,64,6,2292.5099999999998,3,3,4,10,Champions
13056,551,1,209.48,1,1,1,3,Lost
13057,530,4,540.74,1,3,2,6,At Risk (Was Valuable)
13058,25,3,271.40000000000003,3,2,1,6,Recent but Low Value
13059,250,12,2272.62,2,4,4,10,Champions
13060,254,1,307.53,2,1,1,4,Lost
13061,72,1,248.61,3,1,1,5,Recent but Low Value
13062,191,1,346.98,2,1,2,5,Needs Attention
13063,481,1,188.4,1,1,1,3,Lost
13064,13,6,1680.74,4,3,3,10,Champions
13065,373,6,1255.96,2,3,3,8,Loyal Customers
13066,24,3,430.9,4,2,2,8,Loyal Customers
13067,82,3,508.51,3,2,2,7,Recent but Low Value
13068,10,2,344.0,4,2,2,8,Loyal Customers
13069,1,42,8747.47,4,4,4,12,Champions
13070,192,5,743.9,2,3,2,7,At Risk (Was Valuable)
13071,612,1,129.22,1,1,1,3,Lost
13072,267,1,177.15,2,1,1,4,Lost
13073,411,2,418.08,1,2,2,5,Needs Attention
13074,511,5,1362.8400000000001,1,3,3,7,At Risk (Was Valuable)
13075,130,1,919.61,2,1,3,6,Needs Attention
13076,458,1,135.4,1,1,1,3,Lost
13077,1,14,3040.17,4,4,4,12,Champions
13078,1,95,28883.83,4,4,4,12,Champions
13079,4,6,419.18,4,3,2,9,Loyal Customers
13080,179,5,260.83,2,3,1,6,At Risk (Was Valuable)
13081,1,44,58328.15,4,4,4,12,Champions
13082,126,25,7268.92,2,4,4,10,Champions
13083,4,3,395.43,4,2,2,8,Loyal Customers
13084,488,2,116.44999999999999,1,2,1,4,Lost
13085,158,10,1459.46,2,4,3,9,Loyal Customers
13086,383,1,439.33000000000004,1,1,2,4,Lost
13087,726,1,313.64,1,1,1,3,Lost
13088,417,1,236.11,1,1,1,3,Lost
13089,3,247,113214.19,4,4,4,12,Champions
13090,9,30,13771.28,4,4,4,12,Champions
13092,71,15,2007.33,3,4,3,10,Champions
13093,267,88,54073.729999999996,2,4,4,10,Champions
13094,21,17,2214.6600000000003,4,4,3,11,Champions
13095,71,1,74.39999999999999,3,1,1,5,Recent but Low Value
13096,394,1,419.70000000000005,1,1,2,4,Lost
13097,33,40,12861.73,3,4,4,11,Champions
13098,1,41,28658.88,4,4,4,12,Champions
13099,99,1,207.35999999999999,2,1,1,4,Lost
13101,234,4,695.4,2,3,2,7,At Risk (Was Valuable)
13102,1,42,11440.12,4,4,4,12,Champions
13103,40,3,709.64,3,2,2,7,Recent but Low Value
13104,3,9,1709.1,4,4,3,11,Champions
13105,436,1,72.0,1,1,1,3,Lost
13106,129,3,586.46,2,2,2,6,Needs Attention
13107,44,15,5109.62,3,4,4,11,Champions
13108,373,2,1098.52,2,2,3,7,Needs Attention
13109,3,7,1107.58,4,3,3,10,Champions
13110,31,14,2896.17,3,4,4,11,Champions
13111,719,1,321.88000000000005,1,1,1,3,Lost
13113,1,60,16600.25,4,4,4,12,Champions
13114,731,1,234.38,1,1,1,3,Lost
13115,9,23,5374.45,4,4,4,12,Champions
13116,117,2,485.19,2,2,2,6,Needs Attention
13117,22,19,2642.11,4,4,4,12,Champions
13118,20,12,2334.1,4,4,4,12,Champions
13119,669,1,134.9,1,1,1,3,Lost
13120,239,1,30.599999999999998,2,1,1,4,Lost
13121,269,2,254.73,2,2,1,5,Needs Attention
13122,94,2,922.39,2,2,3,7,Needs Attention
13123,473,2,506.75,1,2,2,5,Needs Attention
13124,90,4,4782.45,3,3,4,10,Champions
13125,524,1,158.57,1,1,1,3,Lost
13126,5,19,3902.47,4,4,4,12,Champions
13127,78,1,259.17,3,1,1,5,Recent but Low Value
13128,631,1,263.5,1,1,1,3,Lost
13129,452,2,233.25,1,2,1,4,Lost
13130,94,1,64.0,2,1,1,4,Lost
13131,23,8,3279.77,4,3,4,11,Champions
13132,262,1,77.3,2,1,1,4,Lost
13133,274,3,200.45000000000002,2,2,1,5,Needs Attention
13134,73,9,2422.28,3,4,4,11,Champions
13135,197,2,3371.45,2,2,4,8,Loyal Customers
13136,50,24,6077.8,3,4,4,11,Champions
13137,11,17,7667.37,4,4,4,12,Champions
13138,22,8,1454.49,4,3,3,10,Champions
13139,16,9,8193.83,4,4,4,12,Champions
13140,108,5,1215.68,2,3,3,8,Loyal Customers
13141,85,21,7536.63,3,4,4,11,Champions
13142,19,1,307.09,4,1,1,6,Recent but Low Value
13143,582,2,399.2,1,2,2,5,Needs Attention
13144,333,2,135.35,2,2,1,5,Needs Attention
13145,40,8,1419.77,3,3,3,9,Loyal Customers
13146,26,1,228.91,3,1,1,5,Recent but Low Value
13147,10,4,712.8000000000001,4,3,2,9,Loyal Customers
13148,29,36,8123.6,3,4,4,11,Champions
13149,14,4,1676.06,4,3,3,10,Champions
13150,471,4,435.02,1,3,2,6,At Risk (Was Valuable)
13151,203,5,2511.69,2,3,4,9,Loyal Customers
13152,417,9,2114.98,1,4,3,8,Loyal Customers
13153,6,1,486.22,4,1,2,7,Recent but Low Value
13154,144,5,997.4300000000001,2,3,3,8,Loyal Customers
13155,33,6,1750.18,3,3,3,9,Loyal Customers
13156,385,3,1586.54,1,2,3,6,Needs Attention
13157,49,10,5667.71,3,4,4,11,Champions
13158,95,5,1508.18,2,3,3,8,Loyal Customers
13159,9,5,1379.75,4,3,3,10,Champions
13160,22,1,91.8,4,1,1,6,Recent but Low Value
13161,313,2,478.88,2,2,2,6,Needs Attention
13162,122,19,9116.94,2,4,4,10,Champions
13164,569,3,297.46000000000004,1,2,1,4,Lost
13165,46,3,1451.16,3,2,3,8,Loyal Customers
13166,282,3,881.68,2,2,3,7,Needs Attention
13167,19,5,1125.15,4,3,3,10,Champions
13168,36,6,1866.26,3,3,3,9,Loyal Customers
13169,64,3,840.08,3,2,2,7,Recent but Low Value
13170,27,1,116.00999999999999,3,1,1,5,Recent but Low Value
13171,8,5,426.81,4,3,2,9,Loyal Customers
13172,400,1,69.6,1,1,1,3,Lost
13173,4,13,2620.5,4,4,4,12,Champions
13174,16,12,9494.84,4,4,4,12,Champions
13175,554,4,793.1,1,3,2,6,At Risk (Was Valuable)
13176,46,1,492.84,3,1,2,6,Recent but Low Value
13177,65,2,512.2,3,2,2,7,Recent but Low Value
13178,26,25,13997.89,3,4,4,11,Champions
13179,619,1,572.3100000000001,1,1,2,4,Lost
13180,607,1,86.10000000000001,1,1,1,3,Lost
13181,381,1,359.69,1,1,2,4,Lost
13182,45,1,121.18,3,1,1,5,Recent but Low Value
13183,8,18,7010.88,4,4,4,12,Champions
13184,15,12,1648.79,4,4,3,11,Champions
13185,268,1,71.4,2,1,1,4,Lost
13186,40,5,1539.69,3,3,3,9,Loyal Customers
13187,337,5,348.31,2,3,2,7,At Risk (Was Valuable)
13188,11,1,114.60000000000001,4,1,1,6,Recent but Low Value
13189,19,2,260.68,4,2,1,7,Recent but Low Value
13190,544,4,518.76,1,3,2,6,At Risk (Was Valuable)
13191,658,1,164.69,1,1,1,3,Lost
13192,95,8,2544.53,2,3,4,9,Loyal Customers
13193,61,1,117.88,3,1,1,5,Recent but Low Value
13194,136,2,472.78,2,2,2,6,Needs Attention
13195,414,1,172.38,1,1,1,3,Lost
13196,11,8,3059.64,4,3,4,11,Champions
13197,610,1,373.01000000000005,1,1,2,4,Lost
13198,10,12,4912.28,4,4,4,12,Champions
13199,4,69,16404.98,4,4,4,12,Champions
13200,19,4,870.09,4,3,2,9,Loyal Customers
13201,502,4,1240.6100000000001,1,3,3,7,At Risk (Was Valuable)
13202,379,8,1571.35,1,3,3,7,At Risk (Was Valuable)
13203,10,11,2630.55,4,4,4,12,Champions
13204,731,1,966.6600000000001,1,1,3,5,Needs Attention
13205,443,1,2803.2,1,1,4,6,Needs Attention
13206,400,15,8280.13,1,4,4,9,Loyal Customers
13207,15,4,535.86,4,3,2,9,Loyal Customers
13208,59,10,1970.5,3,4,3,10,Champions
13209,30,16,8438.06,3,4,4,11,Champions
13210,94,1,353.48,2,1,2,5,Needs Attention
13211,10,12,2706.87,4,4,4,12,Champions
13212,9,4,780.58,4,3,2,9,Loyal Customers
13213,57,14,3834.62,3,4,4,11,Champions
13214,418,7,3264.23,1,3,4,8,Loyal Customers
13215,402,1,81.6,1,1,1,3,Lost
13216,268,1,333.74,2,1,1,4,Lost
13217,122,6,266.12,2,3,1,6,At Risk (Was Valuable)
13218,127,1,62.63999999999999,2,1,1,4,Lost
13219,618,1,76.23,1,1,1,3,Lost
13220,78,5,1336.0900000000001,3,3,3,9,Loyal Customers
13221,240,2,847.41,2,2,2,6,Needs Attention
13222,577,1,88.5,1,1,1,3,Lost
13223,200,6,969.1200000000001,2,3,3,8,Loyal Customers
13224,60,3,2150.85,3,2,3,8,Loyal Customers
13225,3,17,15879.27,4,4,4,12,Champions
13226,273,2,312.46,2,2,1,5,Needs Attention
13227,202,1,257.7,2,1,1,4,Lost
13228,81,1,358.0,3,1,2,6,Recent but Low Value
13229,226,1,160.95,2,1,1,4,Lost
13230,4,31,6317.22,4,4,4,12,Champions
13232,13,7,1357.6,4,3,3,10,Champions
13233,74,4,1176.46,3,3,3,9,Loyal Customers
13234,673,2,356.95,1,2,2,5,Needs Attention
13235,212,2,101.17000000000007,2,2,1,5,Needs Attention
13236,25,3,727.27,3,2,2,7,Recent but Low Value
13237,388,1,643.0,1,1,2,4,Lost
13238,11,7,986.73,4,3,3,10,Champions
13239,262,6,1579.84,2,3,3,8,Loyal Customers
13240,96,9,1661.17,2,4,3,9,Loyal Customers
13241,412,1,115.58,1,1,1,3,Lost
13242,112,7,699.4,2,3,2,7,At Risk (Was Valuable)
13243,203,5,1278.04,2,3,3,8,Loyal Customers
13244,93,1,121.74000000000001,2,1,1,4,Lost
13245,51,2,989.22,3,2,3,8,Loyal Customers
13246,18,14,3277.68,4,4,4,12,Champions
13247,18,4,501.12,4,3,2,9,Loyal Customers
13248,125,2,465.68,2,2,2,6,Needs Attention
13249,92,9,1608.93,3,4,3,10,Champions
13250,453,3,248.54000000000002,1,2,1,4,Lost
13251,402,1,252.68,1,1,1,3,Lost
13252,394,3,341.3,1,2,2,5,Needs Attention
13253,157,4,2951.11,2,3,4,9,Loyal Customers
13254,376,1,51.410000000000004,2,1,1,4,Lost
13255,4,4,895.61,4,3,3,10,Champions
13257,428,3,117.95,1,2,1,4,Lost
13258,12,5,1035.18,4,3,3,10,Champions
13259,62,9,1433.38,3,4,3,10,Champions
13260,61,1,557.62,3,1,2,6,Recent but Low Value
13261,269,2,944.1,2,2,3,7,Needs Attention
13262,263,3,573.45,2,2,2,6,Needs Attention
13263,1,39,8704.69,4,4,4,12,Champions
13264,443,1,722.5600000000001,1,1,2,4,Lost
13265,53,5,2107.66,3,3,3,9,Loyal Customers
13266,11,30,5965.3,4,4,4,12,Champions
13267,3,50,9512.210000000001,4,4,4,12,Champions
13268,18,15,3167.64,4,4,4,12,Champions
13269,1,30,8861.39,4,4,4,12,Champions
13270,366,1,1180.0,2,1,3,6,Needs Attention
13271,37,2,178.26,3,2,1,6,Recent but Low Value
13272,31,2,276.56,3,2,1,6,Recent but Low Value
13273,113,1,138.98,2,1,1,4,Lost
13274,409,1,360.85,1,1,2,4,Lost
13275,384,2,241.66,1,2,1,4,Lost
13276,64,7,1918.56,3,3,3,9,Loyal Customers
13277,16,7,523.3,4,3,2,9,Loyal Customers
13278,41,5,1428.2,3,3,3,9,Loyal Customers
13279,64,2,126.30000000000001,3,2,1,6,Recent but Low Value
13280,122,8,2297.13,2,3,4,9,Loyal Customers
13281,437,3,306.45,1,2,1,4,Lost
13282,18,7,1228.89,4,3,3,10,Champions
13283,60,4,373.36,3,3,2,8,Loyal Customers
13284,323,2,196.15,2,2,1,5,Needs Attention
13285,23,6,3364.59,4,3,4,11,Champions
13286,600,1,734.91,1,1,2,4,Lost
13287,583,7,519.67,1,3,2,6,At Risk (Was Valuable)
13288,443,6,892.16,1,3,3,7,At Risk (Was Valuable)
13289,724,1,307.95,1,1,1,3,Lost
13291,156,11,3320.84,2,4,4,10,Champions
13292,39,6,987.79,3,3,3,9,Loyal Customers
13293,392,7,1180.34,1,3,3,7,At Risk (Was Valuable)
13294,190,3,1689.53,2,2,3,7,Needs Attention
13295,360,9,1058.02,2,4,3,9,Loyal Customers
13296,137,6,792.51,2,3,2,7,At Risk (Was Valuable)
13297,8,8,4352.67,4,3,4,11,Champions
13298,1,1,360.0,4,1,2,7,Recent but Low Value
13299,268,5,1173.3,2,3,3,8,Loyal Customers
13300,165,5,1267.21,2,3,3,8,Loyal Customers
13301,104,4,618.09,2,3,2,7,At Risk (Was Valuable)
13302,155,2,159.2,2,2,1,5,Needs Attention
13303,400,1,61.72,1,1,1,3,Lost
13304,351,7,1120.79,2,3,3,8,Loyal Customers
13305,4,16,3754.71,4,4,4,12,Champions
13306,430,1,53.65,1,1,1,3,Lost
13307,120,3,273.34,2,2,1,5,Needs Attention
13308,23,5,1652.47,4,3,3,10,Champions
13309,7,6,1706.3700000000001,4,3,3,10,Champions
13310,9,8,1492.8,4,3,3,10,Champions
13311,4,2,598.57,4,2,2,8,Loyal Customers
13312,451,1,124.75,1,1,1,3,Lost
13313,22,15,3423.27,4,4,4,12,Champions
13314,2,4,578.66,4,3,2,9,Loyal Customers
13315,689,1,310.26,1,1,1,3,Lost
13316,37,12,12906.93,3,4,4,11,Champions
13317,64,31,6068.531,3,4,4,11,Champions
13318,1,3,640.76,4,2,2,8,Loyal Customers
13319,5,78,21706.09,4,4,4,12,Champions
13320,70,9,2160.95,3,4,3,10,Champions
13321,72,2,567.36,3,2,2,7,Recent but Low Value
13322,17,1,199.48000000000002,4,1,1,6,Recent but Low Value
13323,3,5,787.85,4,3,2,9,Loyal Customers
13324,32,23,10421.369999999999,3,4,4,11,Champions
13325,82,1,675.3,3,1,2,6,Recent but Low Value
13326,432,1,281.76,1,1,1,3,Lost
13327,39,22,9741.03,3,4,4,11,Champions
13328,316,1,1308.48,2,1,3,6,Needs Attention
13329,32,14,4977.0199999999995,3,4,4,11,Champions
13330,93,6,2806.18,2,3,4,9,Loyal Customers
13331,402,1,262.4,1,1,1,3,Lost
13332,14,1,350.9,4,1,2,7,Recent but Low Value
13333,411,3,1015.74,1,2,3,6,Needs Attention
13334,82,6,6257.0,3,3,4,10,Champions
13336,77,1,795.12,3,1,2,6,Recent but Low Value
13337,519,2,1548.55,1,2,3,6,Needs Attention
13338,154,10,2223.62,2,4,3,9,Loyal Customers
13339,201,1,860.12,2,1,2,5,Needs Attention
13340,45,12,22100.56,3,4,4,11,Champions
13341,261,1,775.85,2,1,2,5,Needs Attention
13343,173,2,303.93,2,2,1,5,Needs Attention
13344,68,3,2543.72,3,2,4,9,Loyal Customers
13345,277,2,377.6,2,2,2,6,Needs Attention
13346,463,6,299.4,1,3,1,5,At Risk (Was Valuable)
13347,70,1,341.36,3,1,2,6,Recent but Low Value
13348,64,1,233.76,3,1,1,5,Recent but Low Value
13349,11,1,247.32,4,1,1,6,Recent but Low Value
13350,16,3,910.72,4,2,3,9,Loyal Customers
13351,66,1,373.94,3,1,2,6,Recent but Low Value
13352,8,2,389.28,4,2,2,8,Loyal Customers
13354,71,1,743.53,3,1,2,6,Recent but Low Value
13355,122,1,674.7,2,1,2,5,Needs Attention
13356,80,1,768.24,3,1,2,6,Recent but Low Value
13357,257,5,3838.36,2,3,4,9,Loyal Customers
13358,269,1,439.03,2,1,2,5,Needs Attention
13359,59,4,1001.96,3,3,3,9,Loyal Customers
13360,428,7,1464.1,1,3,3,7,At Risk (Was Valuable)
13361,472,2,1450.5,1,2,3,6,Needs Attention
13362,3,10,5357.57,4,4,4,12,Champions
13363,18,3,1723.86,4,2,3,9,Loyal Customers
13365,9,4,2164.32,4,3,3,10,Champions
13366,50,1,56.160000000000004,3,1,1,5,Recent but Low Value
13367,432,1,510.20000000000005,1,1,2,4,Lost
13368,257,5,1086.1,2,3,3,8,Loyal Customers
13369,354,2,572.03,2,2,2,6,Needs Attention
13370,366,2,1442.64,2,2,3,7,Needs Attention
13371,499,4,2271.46,1,3,4,8,Loyal Customers
13372,90,1,378.64,3,1,2,6,Recent but Low Value
13373,61,6,7587.1900000000005,3,3,4,10,Champions
13374,415,2,422.8,1,2,2,5,Needs Attention
13375,81,3,1786.48,3,2,3,8,Loyal Customers
13376,99,3,1019.76,2,2,3,7,Needs Attention
13377,397,4,1495.43,1,3,3,7,At Risk (Was Valuable)
13379,26,3,572.56,3,2,2,7,Recent but Low Value
13380,433,1,62.4,1,1,1,3,Lost
13381,21,15,8185.02,4,4,4,12,Champions
13382,281,5,1387.58,2,3,3,8,Loyal Customers
13383,544,1,305.28000000000003,1,1,1,3,Lost
13384,31,15,6635.09,3,4,4,11,Champions
13385,330,1,534.57,2,1,2,5,Needs Attention
13386,414,2,835.46,1,2,2,5,Needs Attention
13387,417,1,189.44,1,1,1,3,Lost
13388,121,4,1135.7,2,3,3,8,Loyal Customers
13389,11,3,797.96,4,2,2,8,Loyal Customers
13390,75,1,544.08,3,1,2,6,Recent but Low Value
13391,204,1,59.8,2,1,1,4,Lost
13392,677,1,91.14,1,1,1,3,Lost
13393,584,6,1105.85,1,3,3,7,At Risk (Was Valuable)
13394,2,24,6323.88,4,4,4,12,Champions
13395,185,3,1180.23,2,2,3,7,Needs Attention
13396,22,4,1325.29,4,3,3,10,Champions
13397,73,13,3094.11,3,4,4,11,Champions
13398,192,2,670.34,2,2,2,6,Needs Attention
13399,464,3,275.4,1,2,1,4,Lost
13400,574,2,300.93,1,2,1,4,Lost
13402,127,4,1535.13,2,3,3,8,Loyal Customers
13403,18,3,229.5,4,2,1,7,Recent but Low Value
13404,1,2,252.49,4,2,1,7,Recent but Low Value
13405,74,9,1196.561,3,4,3,10,Champions
13406,427,3,557.22,1,2,2,5,Needs Attention
13407,579,6,2111.89,1,3,3,7,At Risk (Was Valuable)
13408,2,135,50852.852,4,4,4,12,Champions
13410,9,12,2172.51,4,4,3,11,Champions
13411,107,1,213.55,2,1,1,4,Lost
13412,620,1,487.34999999999997,1,1,2,4,Lost
13413,640,8,345.8,1,3,2,6,At Risk (Was Valuable)
13414,134,7,2482.24,2,3,4,9,Loyal Customers
13415,473,5,681.92,1,3,2,6,At Risk (Was Valuable)
13416,44,3,940.8000000000001,3,2,3,8,Loyal Customers
13417,5,7,1593.89,4,3,3,10,Champions
13418,12,37,11916.16,4,4,4,12,Champions
13419,64,1,221.06,3,1,1,5,Recent but Low Value
13420,135,4,140.35,2,3,1,6,At Risk (Was Valuable)
13421,40,11,4088.82,3,4,4,11,Champions
13422,51,2,2601.55,3,2,4,9,Loyal Customers
13423,429,1,217.03,1,1,1,3,Lost
13424,444,2,557.92,1,2,2,5,Needs Attention
13425,108,8,3375.9300000000003,2,3,4,9,Loyal Customers
13426,1,24,8076.76,4,4,4,12,Champions
13427,19,6,1006.53,4,3,3,10,Champions
13428,10,3,499.98,4,2,2,8,Loyal Customers
13429,11,4,1006.8,4,3,3,10,Champions
13430,19,4,648.6899999999999,4,3,2,9,Loyal Customers
13431,67,9,3289.24,3,4,4,11,Champions
13432,571,2,439.1,1,2,2,5,Needs Attention
13433,437,5,656.87,1,3,2,6,At Risk (Was Valuable)
13434,74,5,1666.8600000000001,3,3,3,9,Loyal Customers
13435,5,11,4459.83,4,4,4,12,Champions
13436,2,1,196.89,4,1,1,6,Recent but Low Value
13437,14,7,3408.06,4,3,4,11,Champions
13438,547,1,46.5,1,1,1,3,Lost
13439,255,3,986.61,2,2,3,7,Needs Attention
13440,423,10,1213.95,1,4,3,8,Loyal Customers
13441,92,2,720.9,3,2,2,7,Recent but Low Value
13442,667,3,419.87,1,2,2,5,Needs Attention
13443,449,7,1247.71,1,3,3,7,At Risk (Was Valuable)
13444,374,2,631.6800000000001,2,2,2,6,Needs Attention
13445,626,1,241.89999999999998,1,1,1,3,Lost
13446,420,18,3608.86,1,4,4,9,Loyal Customers
13447,23,4,1104.23,4,3,3,10,Champions
13448,17,19,8447.75,4,4,4,12,Champions
13449,24,1,291.88,4,1,1,6,Recent but Low Value
13450,27,14,4117.54,3,4,4,11,Champions
13451,26,13,7119.97,3,4,4,11,Champions
13452,259,3,729.8,2,2,2,6,Needs Attention
13453,166,5,758.99,2,3,2,7,At Risk (Was Valuable)
13454,641,1,219.87,1,1,1,3,Lost
13455,25,11,2773.82,3,4,4,11,Champions
13456,18,7,1737.8200000000002,4,3,3,10,Champions
13457,689,4,143.27,1,3,1,5,At Risk (Was Valuable)
13458,7,24,11850.62,4,4,4,12,Champions
13459,625,2,1160.4099999999999,1,2,3,6,Needs Attention
13460,29,2,183.44,3,2,1,6,Recent but Low Value
13461,39,8,4138.5,3,3,4,10,Champions
13462,183,6,1145.6,2,3,3,8,Loyal Customers
13464,58,7,3083.89,3,3,4,10,Champions
13465,446,2,931.12,1,2,3,6,Needs Attention
13466,100,7,952.25,2,3,3,8,Loyal Customers
13467,11,2,1083.71,4,2,3,9,Loyal Customers
13468,2,87,13091.61,4,4,4,12,Champions
13469,653,1,82.4,1,1,1,3,Lost
13470,99,2,165.0,2,2,1,5,Needs Attention
13471,1,4,2531.58,4,3,4,11,Champions
13472,464,2,592.24,1,2,2,5,Needs Attention
13473,61,10,2410.98,3,4,4,11,Champions
13474,236,3,663.79,2,2,2,6,Needs Attention
13475,191,4,1431.78,2,3,3,8,Loyal Customers
13476,179,7,1915.77,2,3,3,8,Loyal Customers
13477,38,13,2821.12,3,4,4,11,Champions
13478,469,7,2068.03,1,3,3,7,At Risk (Was Valuable)
13479,198,7,808.5,2,3,2,7,At Risk (Was Valuable)
13480,417,2,627.82,1,2,2,5,Needs Attention
13481,46,14,3798.84,3,4,4,11,Champions
13482,232,2,336.09,2,2,1,5,Needs Attention
13483,66,1,140.34,3,1,1,5,Recent but Low Value
13484,241,4,767.32,2,3,2,7,At Risk (Was Valuable)
13485,233,15,2957.92,2,4,4,10,Champions
13486,78,3,1122.41,3,2,3,8,Loyal Customers
13487,58,5,846.87,3,3,2,8,Loyal Customers
13488,17,29,15513.73,4,4,4,12,Champions
13489,105,4,449.52,2,3,2,7,At Risk (Was Valuable)
13490,654,1,154.25,1,1,1,3,Lost
13491,52,27,4566.56,3,4,4,11,Champions
13492,136,3,1269.84,2,2,3,7,Needs Attention
13493,275,2,618.63,2,2,2,6,Needs Attention
13494,312,1,316.26000000000005,2,1,1,4,Lost
13495,8,13,5246.61,4,4,4,12,Champions
13496,11,3,617.93,4,2,2,8,Loyal Customers
13497,283,7,1266.33,2,3,3,8,Loyal Customers
13498,730,1,327.38,1,1,1,3,Lost
13499,18,7,1146.96,4,3,3,10,Champions
13500,23,5,1436.3,4,3,3,10,Champions
13501,243,5,2840.26,2,3,4,9,Loyal Customers
13502,17,6,774.6,4,3,2,9,Loyal Customers
13503,71,12,1793.54,3,4,3,10,Champions
13504,64,1,295.93,3,1,1,5,Recent but Low Value
13505,68,8,4282.88,3,3,4,10,Champions
13506,312,8,1609.65,2,3,3,8,Loyal Customers
13507,3,4,2479.16,4,3,4,11,Champions
13508,244,2,287.05,2,2,1,5,Needs Attention
13509,9,8,1114.72,4,3,3,10,Champions
13510,1,17,4488.39,4,4,4,12,Champions
13511,484,2,244.61,1,2,1,4,Lost
13512,261,4,713.39,2,3,2,7,At Risk (Was Valuable)
13513,127,4,796.99,2,3,2,7,At Risk (Was Valuable)
13514,74,4,815.9000000000001,3,3,2,8,Loyal Customers
13515,73,6,1265.82,3,3,3,9,Loyal Customers
13516,21,4,1685.26,4,3,3,10,Champions
13517,60,5,2109.07,3,3,3,9,Loyal Customers
13518,86,1,659.4399999999999,3,1,2,6,Recent but Low Value
13519,50,3,331.26,3,2,1,6,Recent but Low Value
13520,59,15,6680.65,3,4,4,11,Champions
13521,1,3,1093.65,4,2,3,9,Loyal Customers
13522,30,1,125.80000000000001,3,1,1,5,Recent but Low Value
13523,33,7,4892.02,3,3,4,10,Champions
13524,41,5,680.1800000000001,3,3,2,8,Loyal Customers
13525,15,2,628.78,4,2,2,8,Loyal Customers
13526,738,4,942.5999999999999,1,3,3,7,At Risk (Was Valuable)
13527,34,14,4650.04,3,4,4,11,Champions
13529,79,2,307.76,3,2,1,6,Recent but Low Value
13530,634,1,402.97999999999996,1,1,2,4,Lost
13531,205,6,1738.52,2,3,3,8,Loyal Customers
13532,34,1,210.31,3,1,1,5,Recent but Low Value
13533,183,3,270.79,2,2,1,5,Needs Attention
13534,2,60,7324.5,4,4,4,12,Champions
13535,403,1,89.5,1,1,1,3,Lost
13536,1,7,3448.29,4,3,4,11,Champions
13537,426,2,717.85,1,2,2,5,Needs Attention
13538,43,12,3112.73,3,4,4,11,Champions
13539,86,9,1531.26,3,4,3,10,Champions
13540,467,3,632.39,1,2,2,5,Needs Attention
13541,423,3,717.9,1,2,2,5,Needs Attention
13542,377,18,3970.77,1,4,4,9,Loyal Customers
13543,634,2,1439.6100000000001,1,2,3,6,Needs Attention
13544,40,7,820.5,3,3,2,8,Loyal Customers
13545,391,3,347.35,1,2,2,5,Needs Attention
13546,12,5,1092.14,4,3,3,10,Champions
13547,408,1,175.53,1,1,1,3,Lost
13548,96,3,908.99,2,2,3,7,Needs Attention
13549,26,9,1003.72,3,4,3,10,Champions
13550,383,1,349.51,1,1,2,4,Lost
13551,319,2,244.2,2,2,1,5,Needs Attention
13552,66,32,6618.63,3,4,4,11,Champions
13553,675,1,517.8,1,1,2,4,Lost
13554,380,10,1556.3899999999999,1,4,3,8,Loyal Customers
13555,74,16,8906.34,3,4,4,11,Champions
13556,429,2,200.82,1,2,1,4,Lost
13557,28,16,2980.08,3,4,4,11,Champions
13558,6,4,605.06,4,3,2,9,Loyal Customers
13559,513,2,990.0,1,2,3,6,Needs Attention
13560,7,1,174.37,4,1,1,6,Recent but Low Value
13561,216,11,1820.72,2,4,3,9,Loyal Customers
13562,82,8,4838.18,3,3,4,10,Champions
13563,84,2,777.53,3,2,2,7,Recent but Low Value
13564,144,54,15786.720000000001,2,4,4,10,Champions
13565,19,3,414.8,4,2,2,8,Loyal Customers
13566,41,5,1708.1200000000001,3,3,3,9,Loyal Customers
13567,428,5,1078.59,1,3,3,7,At Risk (Was Valuable)
13568,173,1,192.85,2,1,1,4,Lost
13569,17,4,893.78,4,3,3,10,Champions
13570,243,1,239.49,2,1,1,4,Lost
13571,13,26,4546.54,4,4,4,12,Champions
13572,206,1,1384.25,2,1,3,6,Needs Attention
13573,50,6,916.47,3,3,3,9,Loyal Customers
13574,411,1,421.25,1,1,2,4,Lost
13575,23,5,732.0699999999999,4,3,2,9,Loyal Customers
13576,10,32,11516.15,4,4,4,12,Champions
13577,25,14,3346.62,3,4,4,11,Champions
13578,409,1,147.66,1,1,1,3,Lost
13579,15,6,1535.84,4,3,3,10,Champions
13580,406,1,107.75,1,1,1,3,Lost
13581,309,2,280.53000000000003,2,2,1,5,Needs Attention
13582,390,2,241.68,1,2,1,4,Lost
13583,156,2,1445.031,2,2,3,7,Needs Attention
13584,307,5,347.15,2,3,2,7,At Risk (Was Valuable)
13585,531,4,674.46,1,3,2,6,At Risk (Was Valuable)
13586,541,1,131.53,1,1,1,3,Lost
13587,32,6,1308.1,3,3,3,9,Loyal Customers
13588,16,13,2445.12,4,4,4,12,Champions
13589,15,6,1120.74,4,3,3,10,Champions
13590,11,21,6298.29,4,4,4,12,Champions
13591,65,8,2081.19,3,3,3,9,Loyal Customers
13592,36,4,247.95999999999998,3,3,1,7,Recent but Low Value
13593,108,16,5475.21,2,4,4,10,Champions
13594,53,3,508.42,3,2,2,7,Recent but Low Value
13595,517,3,818.22,1,2,2,5,Needs Attention
13596,6,2,697.04,4,2,2,8,Loyal Customers
13597,388,3,372.21,1,2,2,5,Needs Attention
13598,47,6,776.84,3,3,2,8,Loyal Customers
13599,1,52,9790.34,4,4,4,12,Champions
13600,312,2,518.42,2,2,2,6,Needs Attention
13601,45,4,1185.14,3,3,3,9,Loyal Customers
13602,65,4,1025.17,3,3,3,9,Loyal Customers
13603,26,1,164.34,3,1,1,5,Recent but Low Value
13604,652,2,713.39,1,2,2,5,Needs Attention
13605,387,2,522.67,1,2,2,5,Needs Attention
13606,29,3,280.53999999999996,3,2,1,6,Recent but Low Value
13607,40,3,1060.6100000000001,3,2,3,8,Loyal Customers
13608,541,1,236.2,1,1,1,3,Lost
13609,593,1,167.35,1,1,1,3,Lost
13610,12,17,2144.13,4,4,3,11,Champions
13611,89,14,3281.03,3,4,4,11,Champions
13612,518,2,777.79,1,2,2,5,Needs Attention
13613,453,5,1039.8500000000001,1,3,3,7,At Risk (Was Valuable)
13614,24,6,2359.19,4,3,4,11,Champions
13615,313,12,6212.2300000000005,2,4,4,10,Champions
13616,568,2,288.1,1,2,1,4,Lost
13617,40,9,1263.8,3,4,3,10,Champions
13618,174,1,177.34,2,1,1,4,Lost
13619,545,2,231.69,1,2,1,4,Lost
13620,528,1,112.34,1,1,1,3,Lost
13621,117,1,213.85,2,1,1,4,Lost
13622,689,2,651.45,1,2,2,5,Needs Attention
13623,31,15,2446.36,3,4,4,11,Champions
13624,381,2,427.18,1,2,2,5,Needs Attention
13625,597,1,301.26,1,1,1,3,Lost
13626,253,3,689.49,2,2,2,6,Needs Attention
13627,59,10,2217.55,3,4,3,10,Champions
13628,676,1,310.14,1,1,1,3,Lost
13629,23,19,13370.86,4,4,4,12,Champions
13630,5,11,1995.68,4,4,3,11,Champions
13631,100,12,3021.77,2,4,4,10,Champions
13632,25,10,3634.7000000000003,3,4,4,11,Champions
13634,33,17,4519.55,3,4,4,11,Champions
13635,68,6,2948.22,3,3,4,10,Champions
13636,37,6,941.62,3,3,3,9,Loyal Customers
13637,52,3,810.5,3,2,2,7,Recent but Low Value
13638,16,1,122.64,4,1,1,6,Recent but Low Value
13639,74,2,1346.27,3,2,3,8,Loyal Customers
13640,611,1,405.0,1,1,2,4,Lost
13641,641,7,921.82,1,3,3,7,At Risk (Was Valuable)
13642,216,5,501.97,2,3,2,7,At Risk (Was Valuable)
13643,31,15,2112.17,3,4,3,10,Champions
13644,9,5,2597.52,4,3,4,11,Champions
13645,120,1,252.1,2,1,1,4,Lost
13646,400,3,323.3,1,2,1,4,Lost
13647,10,9,3063.78,4,4,4,12,Champions
13648,400,11,1679.01,1,4,3,8,Loyal Customers
13649,257,6,1678.88,2,3,3,8,Loyal Customers
13650,17,16,3098.5,4,4,4,12,Champions
13651,35,4,208.95,3,3,1,7,Recent but Low Value
13652,46,5,2570.85,3,3,4,10,Champions
13653,488,1,152.2,1,1,1,3,Lost
13654,43,11,6308.0,3,4,4,11,Champions
13655,114,8,2259.3,2,3,4,9,Loyal Customers
13656,165,7,1053.35,2,3,3,8,Loyal Customers
13657,11,2,382.14,4,2,2,8,Loyal Customers
13658,10,13,5772.07,4,4,4,12,Champions
13659,197,17,4716.63,2,4,4,10,Champions
13660,396,2,303.69,1,2,1,4,Lost
13661,603,1,325.24,1,1,1,3,Lost
13662,86,17,2183.13,3,4,3,10,Champions
13663,179,6,2013.6100000000001,2,3,3,8,Loyal Customers
13665,386,3,1711.6599999999999,1,2,3,6,Needs Attention
13666,60,5,127.89999999999999,3,3,1,7,Recent but Low Value
13667,149,1,305.02,2,1,1,4,Lost
13668,3,47,12749.14,4,4,4,12,Champions
13669,51,3,413.55,3,2,2,7,Recent but Low Value
13670,75,1,349.7,3,1,2,6,Recent but Low Value
13671,395,1,194.95,1,1,1,3,Lost
13672,301,7,162.07000000000002,2,3,1,6,At Risk (Was Valuable)
13673,19,2,396.92,4,2,2,8,Loyal Customers
13674,430,2,215.88,1,2,1,4,Lost
13675,151,2,486.82000000000005,2,2,2,6,Needs Attention
13676,539,3,153.15,1,2,1,4,Lost
13677,405,2,556.1899999999999,1,2,2,5,Needs Attention
13678,152,1,232.6,2,1,1,4,Lost
13679,494,3,281.26,1,2,1,4,Lost
13680,1,13,9915.56,4,4,4,12,Champions
13681,18,4,827.83,4,3,2,9,Loyal Customers
13682,187,1,59.5,2,1,1,4,Lost
13683,458,1,258.6,1,1,1,3,Lost
13684,286,6,546.52,2,3,2,7,At Risk (Was Valuable)
13685,3,7,3119.44,4,3,4,11,Champions
13686,183,3,409.04,2,2,2,6,Needs Attention
13687,438,1,11880.84,1,1,4,6,Needs Attention
13688,635,1,375.5,1,1,2,4,Lost
13689,63,2,1259.5,3,2,3,8,Loyal Customers
13690,59,1,172.25,3,1,1,5,Recent but Low Value
13691,396,1,212.78,1,1,1,3,Lost
13692,25,8,3016.4500000000003,3,3,4,10,Champions
13693,325,13,1948.32,2,4,3,9,Loyal Customers
13694,4,164,190825.52,4,4,4,12,Champions
13695,31,16,2770.73,3,4,4,11,Champions
13696,422,4,2008.7,1,3,3,7,At Risk (Was Valuable)
13697,39,1,151.29999999999998,3,1,1,5,Recent but Low Value
13698,597,2,465.53000000000003,1,2,2,5,Needs Attention
13699,155,3,711.4,2,2,2,6,Needs Attention
13700,26,14,2586.21,3,4,4,11,Champions
13701,437,2,159.55,1,2,1,4,Lost
13702,446,1,135.18,1,1,1,3,Lost
13703,318,3,99.5,2,2,1,5,Needs Attention
13704,5,10,2295.31,4,4,4,12,Champions
13705,8,7,2035.33,4,3,3,10,Champions
13706,303,2,631.17,2,2,2,6,Needs Attention
13707,267,5,3365.86,2,3,4,9,Loyal Customers
13708,271,1,296.88,2,1,1,4,Lost
13709,4,22,7512.81,4,4,4,12,Champions
13710,32,3,509.52,3,2,2,7,Recent but Low Value
13711,219,15,1632.6100000000001,2,4,3,9,Loyal Customers
13712,247,2,766.42,2,2,2,6,Needs Attention
13713,408,3,743.26,1,2,2,5,Needs Attention
13714,465,1,161.35,1,1,1,3,Lost
13715,281,21,8438.34,2,4,4,10,Champions
13716,269,1,138.28,2,1,1,4,Lost
13717,32,11,1748.05,3,4,3,10,Champions
13718,246,2,306.55,2,2,1,5,Needs Attention
13719,15,11,2815.25,4,4,4,12,Champions
13720,117,4,799.9,2,3,2,7,At Risk (Was Valuable)
13721,36,2,741.54,3,2,2,7,Recent but Low Value
13722,120,11,5629.16,2,4,4,10,Champions
13723,217,6,1209.2,2,3,3,8,Loyal Customers
13724,637,1,213.01,1,1,1,3,Lost
13725,50,11,1809.81,3,4,3,10,Champions
13726,39,2,1079.6599999999999,3,2,3,8,Loyal Customers
13727,29,9,1067.3,3,4,3,10,Champions
13728,37,16,2855.17,3,4,4,11,Champions
13729,436,5,676.4300000000001,1,3,2,6,At Risk (Was Valuable)
13730,136,2,752.6,2,2,2,6,Needs Attention
13731,219,2,610.59,2,2,2,6,Needs Attention
13732,28,1,491.86,3,1,2,6,Recent but Low Value
13733,411,3,484.53000000000003,1,2,2,5,Needs Attention
13734,509,6,3451.2900000000004,1,3,4,8,Loyal Customers
13735,25,22,9472.81,3,4,4,11,Champions
13736,5,12,2715.01,4,4,4,12,Champions
13737,200,1,339.59999999999997,2,1,1,4,Lost
13738,396,1,440.93,1,1,2,4,Lost
13739,18,2,292.2,4,2,1,7,Recent but Low Value
13740,241,5,1597.77,2,3,3,8,Loyal Customers
13741,72,4,666.33,3,3,2,8,Loyal Customers
13742,17,14,3102.42,4,4,4,12,Champions
13743,3,8,1340.1499999999999,4,3,3,10,Champions
13744,95,2,1156.36,2,2,3,7,Needs Attention
13745,151,4,761.27,2,3,2,7,At Risk (Was Valuable)
13746,414,1,176.69,1,1,1,3,Lost
13747,374,2,249.39999999999998,2,2,1,5,Needs Attention
13748,96,9,2268.35,2,4,4,10,Champions
13750,54,13,3563.6,3,4,4,11,Champions
13751,288,1,296.25,2,1,1,4,Lost
13752,124,7,1590.73,2,3,3,8,Loyal Customers
13753,288,4,2094.57,2,3,3,8,Loyal Customers
13754,152,3,447.05,2,2,2,6,Needs Attention
13755,4,10,2154.68,4,4,3,11,Champions
13756,2,25,9147.2,4,4,4,12,Champions
13757,675,1,195.55,1,1,1,3,Lost
13758,12,19,9263.14,4,4,4,12,Champions
13759,33,2,659.4100000000001,3,2,2,7,Recent but Low Value
13760,54,6,1358.6399999999999,3,3,3,9,Loyal Customers
13761,50,6,1952.17,3,3,3,9,Loyal Customers
13762,204,6,2165.76,2,3,3,8,Loyal Customers
13763,63,6,5181.99,3,3,4,10,Champions
13764,71,6,2953.26,3,3,4,10,Champions
13765,653,1,352.821,1,1,2,4,Lost
13766,495,1,190.35,1,1,1,3,Lost
13767,2,96,35115.68,4,4,4,12,Champions
13768,564,8,758.07,1,3,2,6,At Risk (Was Valuable)
13769,2,29,5766.63,4,4,4,12,Champions
13770,422,4,785.37,1,3,2,6,At Risk (Was Valuable)
13771,64,10,5726.07,3,4,4,11,Champions
13772,34,9,3094.72,3,4,4,11,Champions
13773,397,2,301.54,1,2,1,4,Lost
13774,82,1,345.0,3,1,2,6,Recent but Low Value
13775,591,1,1049.66,1,1,3,5,Needs Attention
13777,1,73,56016.57,4,4,4,12,Champions
13778,103,5,1116.54,2,3,3,8,Loyal Customers
13779,516,1,161.13,1,1,1,3,Lost
13780,7,3,735.82,4,2,2,8,Loyal Customers
13781,251,4,770.88,2,3,2,7,At Risk (Was Valuable)
13782,13,14,1785.77,4,4,3,11,Champions
13783,488,4,1542.09,1,3,3,7,At Risk (Was Valuable)
13784,10,15,2897.18,4,4,4,12,Champions
13785,429,4,542.49,1,3,2,6,At Risk (Was Valuable)
13786,367,8,2736.41,2,3,4,9,Loyal Customers
13787,76,9,1173.7,3,4,3,10,Champions
13788,505,1,3.75,1,1,1,3,Lost
13789,388,1,239.45999999999998,1,1,1,3,Lost
13790,4,1,348.8,4,1,2,7,Recent but Low Value
13791,43,3,1047.68,3,2,3,8,Loyal Customers
13792,66,3,383.95,3,2,2,7,Recent but Low Value
13793,647,1,96.0,1,1,1,3,Lost
13794,547,1,126.03,1,1,1,3,Lost
13795,388,4,836.3,1,3,2,6,At Risk (Was Valuable)
13796,499,1,289.7,1,1,1,3,Lost
13797,437,4,1168.45,1,3,3,7,At Risk (Was Valuable)
13798,1,125,73573.47,4,4,4,12,Champions
13799,117,13,2039.82,2,4,3,9,Loyal Customers
13800,310,3,1679.56,2,2,3,7,Needs Attention
13801,67,1,324.8,3,1,1,5,Recent but Low Value
13802,138,24,25491.56,2,4,4,10,Champions
13803,255,4,1319.1100000000001,2,3,3,8,Loyal Customers
13804,31,9,3208.52,3,4,4,11,Champions
13805,52,2,924.6,3,2,3,8,Loyal Customers
13806,64,1,256.38,3,1,1,5,Recent but Low Value
13807,367,4,509.9,2,3,2,7,At Risk (Was Valuable)
13808,6,5,1747.66,4,3,3,10,Champions
13809,305,3,679.7,2,2,2,6,Needs Attention
13810,29,4,899.51,3,3,3,9,Loyal Customers
13811,184,4,591.75,2,3,2,7,At Risk (Was Valuable)
13812,42,3,539.0,3,2,2,7,Recent but Low Value
13813,40,12,2686.42,3,4,4,11,Champions
13814,56,5,2239.07,3,3,4,10,Champions
13815,22,10,7285.79,4,4,4,12,Champions
13816,24,4,555.04,4,3,2,9,Loyal Customers
13817,29,2,382.98,3,2,2,7,Recent but Low Value
13818,430,1,61.28,1,1,1,3,Lost
13819,302,7,2631.1,2,3,4,9,Loyal Customers
13820,418,5,640.4,1,3,2,6,At Risk (Was Valuable)
13821,145,7,1387.03,2,3,3,8,Loyal Customers
13822,6,2,632.0,4,2,2,8,Loyal Customers
13823,19,8,3358.55,4,3,4,11,Champions
13824,33,14,3273.36,3,4,4,11,Champions
13825,622,2,255.59,1,2,1,4,Lost
13826,158,2,174.65,2,2,1,5,Needs Attention
13827,58,3,412.05,3,2,2,7,Recent but Low Value
13828,22,1,209.49,4,1,1,6,Recent but Low Value
13830,574,2,135.95000000000002,1,2,1,4,Lost
13831,16,20,7009.18,4,4,4,12,Champions
13832,18,3,602.4399999999999,4,2,2,8,Loyal Customers
13833,159,2,701.36,2,2,2,6,Needs Attention
13834,577,3,247.89,1,2,1,4,Lost
13835,25,8,1044.82,3,3,3,9,Loyal Customers
13836,399,3,602.52,1,2,2,5,Needs Attention
13837,212,2,271.24,2,2,1,5,Needs Attention
13838,6,10,1966.09,4,4,3,11,Champions
13839,486,1,139.95000000000002,1,1,1,3,Lost
13840,416,1,651.4,1,1,2,4,Lost
13841,253,1,85.0,2,1,1,4,Lost
13842,59,19,5604.96,3,4,4,11,Champions
13843,381,1,319.75,1,1,1,3,Lost
13844,11,1,361.62,4,1,2,7,Recent but Low Value
13845,65,1,312.98,3,1,1,5,Recent but Low Value
13846,25,5,1290.34,3,3,3,9,Loyal Customers
13847,720,1,310.72,1,1,1,3,Lost
13848,92,8,3335.0,3,3,4,10,Champions
13849,52,6,3443.8,3,3,4,10,Champions
13850,88,2,1586.81,3,2,3,8,Loyal Customers
13851,96,9,4516.76,2,4,4,10,Champions
13852,607,2,170.45000000000002,1,2,1,4,Lost
13853,9,2,1056.94,4,2,3,9,Loyal Customers
13854,9,45,12158.21,4,4,4,12,Champions
13855,501,5,1253.94,1,3,3,7,At Risk (Was Valuable)
13856,169,15,1058.88,2,4,3,9,Loyal Customers
13857,393,7,997.11,1,3,3,7,At Risk (Was Valuable)
13858,57,1,216.17,3,1,1,5,Recent but Low Value
13859,326,2,515.86,2,2,2,6,Needs Attention
13860,1,6,1240.0,4,3,3,10,Champions
13861,429,3,251.31,1,2,1,4,Lost
13862,18,11,2534.04,4,4,4,12,Champions
13863,245,6,1217.63,2,3,3,8,Loyal Customers
13864,387,1,662.4000000000001,1,1,2,4,Lost
13865,58,4,501.56,3,3,2,8,Loyal Customers
13866,74,1,145.67000000000002,3,1,1,5,Recent but Low Value
13867,31,3,1015.29,3,2,3,8,Loyal Customers
13868,7,2,3192.54,4,2,4,10,Champions
13869,123,10,8111.57,2,4,4,10,Champions
13870,2,18,5689.84,4,4,4,12,Champions
13871,23,21,7804.95,4,4,4,12,Champions
13872,513,6,891.32,1,3,3,7,At Risk (Was Valuable)
13873,120,9,1031.02,2,4,3,9,Loyal Customers
13874,358,10,1989.2,2,4,3,9,Loyal Customers
13875,54,14,4814.37,3,4,4,11,Champions
13876,64,1,122.7,3,1,1,5,Recent but Low Value
13877,86,5,446.33,3,3,2,8,Loyal Customers
13878,55,4,2473.06,3,3,4,10,Champions
13879,646,1,395.5,1,1,2,4,Lost
13880,21,17,4391.66,4,4,4,12,Champions
13881,4,51,44392.5,4,4,4,12,Champions
13882,3,6,1131.28,4,3,3,10,Champions
13883,1,26,6342.74,4,4,4,12,Champions
13884,7,14,1852.38,4,4,3,11,Champions
13885,189,2,506.8,2,2,2,6,Needs Attention
13886,71,1,243.56,3,1,1,5,Recent but Low Value
13887,204,1,349.55,2,1,2,5,Needs Attention
13888,120,7,2169.05,2,3,3,8,Loyal Customers
13889,93,8,1855.73,2,3,3,8,Loyal Customers
13890,1,22,2858.73,4,4,4,12,Champions
13891,378,3,863.5600000000001,1,2,2,5,Needs Attention
13892,27,6,1267.6499999999999,3,3,3,9,Loyal Customers
13893,298,1,821.1,2,1,2,5,Needs Attention
13894,22,5,535.97,4,3,2,9,Loyal Customers
13895,21,8,3923.62,4,3,4,11,Champions
13896,626,1,388.55,1,1,2,4,Lost
13897,50,3,1160.72,3,2,3,8,Loyal Customers
13898,326,2,686.4,2,2,2,6,Needs Attention
13899,16,2,388.52,4,2,2,8,Loyal Customers
13900,183,7,1608.09,2,3,3,8,Loyal Customers
13901,72,20,5599.34,3,4,4,11,Champions
13902,632,8,30411.26,1,3,4,8,Loyal Customers
13903,400,1,165.45000000000002,1,1,1,3,Lost
13904,37,2,332.64,3,2,1,6,Recent but Low Value
13905,571,3,244.45,1,2,1,4,Lost
13906,409,1,42.0,1,1,1,3,Lost
13907,692,1,136.8,1,1,1,3,Lost
13908,80,5,2347.05,3,3,4,10,Champions
13909,423,2,286.6,1,2,1,4,Lost
13911,57,22,4200.04,3,4,4,11,Champions
13912,424,1,124.95,1,1,1,3,Lost
13913,507,1,42.22,1,1,1,3,Lost
13914,4,3,613.95,4,2,2,8,Loyal Customers
13915,394,2,31.200000000000003,1,2,1,4,Lost
13916,464,5,1260.51,1,3,3,7,At Risk (Was Valuable)
13917,50,2,272.04,3,2,1,6,Recent but Low Value
13918,50,2,1212.8400000000001,3,2,3,8,Loyal Customers
13919,53,5,1326.03,3,3,3,9,Loyal Customers
13920,432,5,1734.88,1,3,3,7,At Risk (Was Valuable)
13921,399,5,720.75,1,3,2,6,At Risk (Was Valuable)
13922,352,5,824.7,2,3,2,7,At Risk (Was Valuable)
13923,54,1,351.13,3,1,2,6,Recent but Low Value
13924,2,11,1682.08,4,4,3,11,Champions
13925,36,6,616.65,3,3,2,8,Loyal Customers
13926,23,1,223.85000000000002,4,1,1,6,Recent but Low Value
13927,75,3,689.96,3,2,2,7,Recent but Low Value
13928,11,4,464.57,4,3,2,9,Loyal Customers
13929,169,14,3318.1,2,4,4,10,Champions
13930,58,2,337.34,3,2,1,6,Recent but Low Value
13931,86,12,5250.78,3,4,4,11,Champions
13932,295,1,307.4,2,1,1,4,Lost
13933,109,2,608.7900000000001,2,2,2,6,Needs Attention
13934,264,1,922.1,2,1,3,6,Needs Attention
13935,597,3,6116.92,1,2,4,7,Needs Attention
13936,171,4,924.36,2,3,3,8,Loyal Customers
13937,169,3,867.38,2,2,2,6,Needs Attention
13938,35,1,71.66,3,1,1,5,Recent but Low Value
13939,23,10,1533.66,4,4,3,11,Champions
13940,17,4,839.14,4,3,2,9,Loyal Customers
13941,22,17,10846.15,4,4,4,12,Champions
13942,535,1,320.0,1,1,1,3,Lost
13943,578,1,246.54,1,1,1,3,Lost
13944,653,1,200.43,1,1,1,3,Lost
13945,395,2,854.15,1,2,2,5,Needs Attention
13946,79,7,1745.43,3,3,3,9,Loyal Customers
13947,65,1,90.6,3,1,1,5,Recent but Low Value
13948,361,5,536.86,2,3,2,7,At Risk (Was Valuable)
13949,3,6,2427.32,4,3,4,11,Champions
13950,11,5,728.56,4,3,2,9,Loyal Customers
13951,176,3,674.45,2,2,2,6,Needs Attention
13952,211,17,12790.891,2,4,4,10,Champions
13953,7,12,6640.68,4,4,4,12,Champions
13954,2,3,378.59,4,2,2,8,Loyal Customers
13955,154,3,545.17,2,2,2,6,Needs Attention
13956,5,5,1026.42,4,3,3,10,Champions
13957,418,3,458.25,1,2,2,5,Needs Attention
13958,372,12,4402.33,2,4,4,10,Champions
13959,79,6,1076.18,3,3,3,9,Loyal Customers
13960,21,2,230.22,4,2,1,7,Recent but Low Value
13961,385,2,498.7,1,2,2,5,Needs Attention
13962,22,3,362.8,4,2,2,8,Loyal Customers
13963,308,18,2899.62,2,4,4,10,Champions
13964,387,3,421.9,1,2,2,5,Needs Attention
13965,455,5,777.6600000000001,1,3,2,6,At Risk (Was Valuable)
13966,435,1,390.86,1,1,2,4,Lost
13967,146,2,166.3,2,2,1,5,Needs Attention
13968,423,1,123.66,1,1,1,3,Lost
13969,7,39,13212.77,4,4,4,12,Champions
13970,386,2,846.55,1,2,2,5,Needs Attention
13971,9,18,4593.83,4,4,4,12,Champions
13972,71,2,190.25,3,2,1,6,Recent but Low Value
13973,287,1,264.7,2,1,1,4,Lost
13974,49,4,663.52,3,3,2,8,Loyal Customers
13975,31,14,5327.29,3,4,4,11,Champions
13976,207,4,1192.36,2,3,3,8,Loyal Customers
13977,411,1,519.8100000000001,1,1,2,4,Lost
13978,15,2,196.79000000000002,4,2,1,7,Recent but Low Value
13979,73,11,3326.83,3,4,4,11,Champions
13980,60,9,753.12,3,4,2,9,Loyal Customers
13981,401,2,327.39,1,2,1,4,Lost
13982,39,13,4418.79,3,4,4,11,Champions
13983,30,30,6993.41,3,4,4,11,Champions
13984,27,13,1616.1200000000001,3,4,3,10,Champions
13985,4,24,9982.31,4,4,4,12,Champions
13986,17,1,320.46,4,1,1,6,Recent but Low Value
13987,380,2,682.54,1,2,2,5,Needs Attention
13988,20,11,4708.64,4,4,4,12,Champions
13989,66,5,2026.06,3,3,3,9,Loyal Customers
13990,213,1,311.3,2,1,1,4,Lost
13991,12,7,850.63,4,3,2,9,Loyal Customers
13992,30,3,219.5,3,2,1,6,Recent but Low Value
13993,32,24,6690.36,3,4,4,11,Champions
13994,4,6,2313.14,4,3,4,11,Champions
13995,15,18,3836.26,4,4,4,12,Champions
13996,386,2,895.76,1,2,3,6,Needs Attention
13997,519,3,382.31,1,2,2,5,Needs Attention
13998,447,3,566.7,1,2,2,5,Needs Attention
13999,10,36,9438.01,4,4,4,12,Champions
14000,206,8,1877.5900000000001,2,3,3,8,Loyal Customers
14001,46,10,4517.34,3,4,4,11,Champions
14002,134,2,529.73,2,2,2,6,Needs Attention
14003,733,1,209.41,1,1,1,3,Lost
14004,43,11,6258.45,3,4,4,11,Champions
14005,10,5,2874.72,4,3,4,11,Champions
14006,116,7,2196.67,2,3,3,8,Loyal Customers
14007,513,1,79.48,1,1,1,3,Lost
14008,375,2,493.74,2,2,2,6,Needs Attention
14009,198,4,1090.23,2,3,3,8,Loyal Customers
14010,565,3,288.09999999999997,1,2,1,4,Lost
14011,480,3,451.91999999999996,1,2,2,5,Needs Attention
14012,278,1,328.8,2,1,1,4,Lost
14013,110,6,1006.22,2,3,3,8,Loyal Customers
14014,77,3,1948.21,3,2,3,8,Loyal Customers
14015,53,1,917.34,3,1,3,7,Recent but Low Value
14016,154,13,11379.71,2,4,4,10,Champions
14017,571,1,229.75,1,1,1,3,Lost
14018,645,1,367.15000000000003,1,1,2,4,Lost
14019,47,4,1398.96,3,3,3,9,Loyal Customers
14020,17,5,1213.26,4,3,3,10,Champions
14021,155,7,1716.58,2,3,3,8,Loyal Customers
14022,225,2,792.15,2,2,2,6,Needs Attention
14023,7,2,584.07,4,2,2,8,Loyal Customers
14024,122,3,645.74,2,2,2,6,Needs Attention
14025,465,10,3969.1,1,4,4,9,Loyal Customers
14026,471,2,713.11,1,2,2,5,Needs Attention
14027,61,1,104.82,3,1,1,5,Recent but Low Value
14028,499,5,3175.5,1,3,4,8,Loyal Customers
14029,63,2,467.66,3,2,2,7,Recent but Low Value
14030,18,22,8145.59,4,4,4,12,Champions
14031,7,55,38025.97,4,4,4,12,Champions
14032,2,25,4786.07,4,4,4,12,Champions
14033,555,1,109.44,1,1,1,3,Lost
14034,22,4,512.02,4,3,2,9,Loyal Customers
14035,29,11,2852.47,3,4,4,11,Champions
14036,285,1,626.65,2,1,2,5,Needs Attention
14037,176,7,755.95,2,3,2,7,At Risk (Was Valuable)
14038,78,8,3000.93,3,3,4,10,Champions
14039,33,2,267.28000000000003,3,2,1,6,Recent but Low Value
14040,41,42,12457.84,3,4,4,11,Champions
14041,266,1,141.41,2,1,1,4,Lost
14042,725,1,431.98,1,1,2,4,Lost
14043,491,3,301.3,1,2,1,4,Lost
14044,27,11,3106.15,3,4,4,11,Champions
14045,109,19,9660.63,2,4,4,10,Champions
14046,284,1,154.99,2,1,1,4,Lost
14047,9,19,4158.7300000000005,4,4,4,12,Champions
14048,277,4,713.89,2,3,2,7,At Risk (Was Valuable)
14049,17,18,13064.03,4,4,4,12,Champions
14050,32,2,746.36,3,2,2,7,Recent but Low Value
14051,1,42,22104.5,4,4,4,12,Champions
14052,20,2,480.81,4,2,2,8,Loyal Customers
14053,124,4,572.3,2,3,2,7,At Risk (Was Valuable)
14054,65,1,92.46,3,1,1,5,Recent but Low Value
14055,106,3,1520.96,2,2,3,7,Needs Attention
14056,1,29,8124.4,4,4,4,12,Champions
14057,24,23,8338.28,4,4,4,12,Champions
14058,463,2,469.19,1,2,2,5,Needs Attention
14059,267,1,183.6,2,1,1,4,Lost
14060,5,32,9503.14,4,4,4,12,Champions
14061,507,3,917.4300000000001,1,2,3,6,Needs Attention
14062,10,27,25434.83,4,4,4,12,Champions
14064,29,21,3039.75,3,4,4,11,Champions
14065,389,4,889.37,1,3,3,7,At Risk (Was Valuable)
14066,267,1,152.55,2,1,1,4,Lost
14067,64,2,374.7,3,2,2,7,Recent but Low Value
14068,320,5,1504.97,2,3,3,8,Loyal Customers
14069,515,2,230.06,1,2,1,4,Lost
14070,685,1,326.55,1,1,1,3,Lost
14071,4,9,1307.41,4,4,3,11,Champions
14072,667,1,390.85,1,1,2,4,Lost
14073,21,2,139.54,4,2,1,7,Recent but Low Value
14074,623,1,219.39999999999998,1,1,1,3,Lost
14075,5,6,1734.87,4,3,3,10,Champions
14076,129,1,122.47,2,1,1,4,Lost
14077,41,6,615.0799999999999,3,3,2,8,Loyal Customers
14078,102,9,1692.6299999999999,2,4,3,9,Loyal Customers
14079,125,2,618.73,2,2,2,6,Needs Attention
14080,33,6,1075.73,3,3,3,9,Loyal Customers
14081,267,16,5250.05,2,4,4,10,Champions
14082,365,2,413.36,2,2,2,6,Needs Attention
14083,4,11,1407.26,4,4,3,11,Champions
14084,512,1,150.5,1,1,1,3,Lost
14085,2,34,10092.22,4,4,4,12,Champions
14086,463,1,39.95,1,1,1,3,Lost
14087,3,5,803.47,4,3,2,9,Loyal Customers
14088,10,20,62400.02,4,4,4,12,Champions
14089,57,1,161.0,3,1,1,5,Recent but Low Value
14090,325,1,76.32000000000001,2,1,1,4,Lost
14091,654,2,9530.08,1,2,4,7,Needs Attention
14092,8,27,7209.74,4,4,4,12,Champions
14093,12,1,442.85,4,1,2,7,Recent but Low Value
14094,440,2,334.27,1,2,1,4,Lost
14095,723,1,2.95,1,1,1,3,Lost
14096,4,34,57120.909999999996,4,4,4,12,Champions
14097,481,2,422.85999999999996,1,2,2,5,Needs Attention
14098,37,1,147.35,3,1,1,5,Recent but Low Value
14099,16,22,5700.51,4,4,4,12,Champions
14100,138,1,194.9,2,1,1,4,Lost
14101,74,14,9942.13,3,4,4,11,Champions
14102,5,8,1314.73,4,3,3,10,Champions
14104,155,5,771.5799999999999,2,3,2,7,At Risk (Was Valuable)
14105,85,9,5703.9800000000005,3,4,4,11,Champions
14106,737,1,214.79999999999998,1,1,1,3,Lost
14107,52,13,4853.7,3,4,4,11,Champions
14108,31,5,1041.21,3,3,3,9,Loyal Customers
14109,23,2,80.2,4,2,1,7,Recent but Low Value
14110,4,35,12957.6,4,4,4,12,Champions
14111,14,5,688.6,4,3,2,9,Loyal Customers
14112,23,27,5524.51,4,4,4,12,Champions
14113,4,31,6156.75,4,4,4,12,Champions
14114,274,7,1364.09,2,3,3,8,Loyal Customers
14115,502,2,622.6700000000001,1,2,2,5,Needs Attention
14116,20,5,1382.74,4,3,3,10,Champions
14117,144,1,90.0,2,1,1,4,Lost
14118,429,1,458.45,1,1,2,4,Lost
14119,354,3,163.47,2,2,1,5,Needs Attention
14121,4,6,2740.3,4,3,4,11,Champions
14122,395,5,309.77,1,3,1,5,At Risk (Was Valuable)
14123,733,1,436.18,1,1,2,4,Lost
14124,84,1,419.58000000000004,3,1,2,6,Recent but Low Value
14125,11,3,2740.43,4,2,4,10,Champions
14126,8,5,1109.96,4,3,3,10,Champions
14127,123,6,1900.0800000000002,2,3,3,8,Loyal Customers
14128,61,4,909.36,3,3,3,9,Loyal Customers
14129,2,9,2591.34,4,4,4,12,Champions
14130,319,4,1882.67,2,3,3,8,Loyal Customers
14131,649,1,187.87,1,1,1,3,Lost
14132,2,12,3580.13,4,4,4,12,Champions
14133,130,6,895.8399999999999,2,3,3,8,Loyal Customers
14134,383,15,11123.35,1,4,4,9,Loyal Customers
14135,2,25,9605.05,4,4,4,12,Champions
14136,401,7,1553.96,1,3,3,7,At Risk (Was Valuable)
14137,682,2,294.1,1,2,1,4,Lost
14138,2,2,982.3800000000001,4,2,3,9,Loyal Customers
14139,46,4,1086.8,3,3,3,9,Loyal Customers
14140,4,3,920.05,4,2,3,9,Loyal Customers
14141,3,6,879.0300000000001,4,3,3,10,Champions
14142,373,4,967.75,2,3,3,8,Loyal Customers
14143,134,1,115.8,2,1,1,4,Lost
14144,486,1,30.599999999999998,1,1,1,3,Lost
14145,47,8,7006.05,3,3,4,10,Champions
14146,9,13,8208.87,4,4,4,12,Champions
14147,49,12,2019.3,3,4,3,10,Champions
14148,234,2,466.29,2,2,2,6,Needs Attention
14149,213,3,259.43,2,2,1,5,Needs Attention
14150,36,2,658.64,3,2,2,7,Recent but Low Value
14151,673,3,666.7,1,2,2,5,Needs Attention
14152,75,9,1975.44,3,4,3,10,Champions
14153,483,1,233.4,1,1,1,3,Lost
14154,239,10,6263.6,2,4,4,10,Champions
14155,266,1,118.75,2,1,1,4,Lost
14156,10,202,296564.69,4,4,4,12,Champions
14157,20,6,970.33,4,3,3,10,Champions
14158,40,1,507.66,3,1,2,6,Recent but Low Value
14159,20,25,7571.88,4,4,4,12,Champions
14160,610,7,8421.47,1,3,4,8,Loyal Customers
14161,216,7,3318.88,2,3,4,9,Loyal Customers
14162,174,2,289.36,2,2,1,5,Needs Attention
14163,87,5,2594.62,3,3,4,10,Champions
14164,71,2,1631.77,3,2,3,8,Loyal Customers
14165,276,1,122.53999999999999,2,1,1,4,Lost
14166,505,2,256.85,1,2,1,4,Lost
14167,39,8,1296.49,3,3,3,9,Loyal Customers
14168,421,3,305.9,1,2,1,4,Lost
14169,431,2,624.4300000000001,1,2,2,5,Needs Attention
14170,375,3,597.33,2,2,2,6,Needs Attention
14171,98,2,498.79,2,2,2,6,Needs Attention
14172,605,4,389.97,1,3,2,6,At Risk (Was Valuable)
14173,11,7,566.95,4,3,2,9,Loyal Customers
14174,33,1,134.46,3,1,1,5,Recent but Low Value
14175,51,17,7350.44,3,4,4,11,Champions
14176,297,6,913.11,2,3,3,8,Loyal Customers
14177,85,14,2224.39,3,4,3,10,Champions
14178,9,7,1620.93,4,3,3,10,Champions
14179,41,2,719.78,3,2,2,7,Recent but Low Value
14180,11,42,6110.75,4,4,4,12,Champions
14181,411,2,310.55,1,2,1,4,Lost
14182,444,5,660.07,1,3,2,6,At Risk (Was Valuable)
14183,411,2,286.29,1,2,1,4,Lost
14184,67,1,452.89,3,1,2,6,Recent but Low Value
14185,331,1,197.65,2,1,1,4,Lost
14186,427,5,1550.63,1,3,3,7,At Risk (Was Valuable)
14187,474,1,123.5,1,1,1,3,Lost
14188,9,10,2018.91,4,4,3,11,Champions
14189,2,25,5764.62,4,4,4,12,Champions
14190,666,1,79.9,1,1,1,3,Lost
14191,2,17,4713.41,4,4,4,12,Champions
14192,388,1,293.74,1,1,1,3,Lost
14193,68,3,1210.19,3,2,3,8,Loyal Customers
14194,5,54,18442.87,4,4,4,12,Champions
14195,202,10,2381.24,2,4,4,10,Champions
14196,107,1,335.52,2,1,1,4,Lost
14197,411,1,390.05,1,1,2,4,Lost
14198,4,13,1527.58,4,4,3,11,Champions
14199,218,6,916.4999999999999,2,3,3,8,Loyal Customers
14200,617,1,379.2,1,1,2,4,Lost
14201,60,12,1134.14,3,4,3,10,Champions
14202,381,3,847.76,1,2,2,5,Needs Attention
14203,397,1,339.34,1,1,1,3,Lost
14204,2,4,1062.96,4,3,3,10,Champions
14205,11,12,1908.38,4,4,3,11,Champions
14206,239,5,1145.21,2,3,3,8,Loyal Customers
14207,688,1,157.8,1,1,1,3,Lost
14208,95,2,567.05,2,2,2,6,Needs Attention
14209,11,19,4937.37,4,4,4,12,Champions
14210,91,21,5814.320000000001,3,4,4,11,Champions
14211,53,26,4301.69,3,4,4,11,Champions
14212,90,2,2190.14,3,2,3,8,Loyal Customers
14214,31,7,1000.23,3,3,3,9,Loyal Customers
14215,12,10,3404.53,4,4,4,12,Champions
14216,3,6,2142.39,4,3,3,10,Champions
14217,2,33,3206.87,4,4,4,12,Champions
14218,43,1,169.48000000000002,3,1,1,5,Recent but Low Value
14219,4,3,633.83,4,2,2,8,Loyal Customers
14220,247,4,1515.0,2,3,3,8,Loyal Customers
14221,42,19,6506.59,3,4,4,11,Champions
14222,177,1,683.17,2,1,2,5,Needs Attention
14223,92,4,975.23,3,3,3,9,Loyal Customers
14224,110,9,1897.9,2,4,3,9,Loyal Customers
14225,435,5,2015.12,1,3,3,7,At Risk (Was Valuable)
14226,29,9,2967.78,3,4,4,11,Champions
14227,26,22,6327.31,3,4,4,11,Champions
14228,438,3,745.5,1,2,2,5,Needs Attention
14229,52,11,2468.99,3,4,4,11,Champions
14230,436,3,979.8000000000001,1,2,3,6,Needs Attention
14231,179,6,1131.97,2,3,3,8,Loyal Customers
14232,32,8,2043.93,3,3,3,9,Loyal Customers
14233,44,10,2766.96,3,4,4,11,Champions
14234,22,4,775.46,4,3,2,9,Loyal Customers
14235,10,10,4666.99,4,4,4,12,Champions
14236,81,7,1732.74,3,3,3,9,Loyal Customers
14237,373,3,627.04,2,2,2,6,Needs Attention
14238,326,3,434.23,2,2,2,6,Needs Attention
14239,43,24,4203.72,3,4,4,11,Champions
14240,30,3,1247.49,3,2,3,8,Loyal Customers
14241,184,2,333.70000000000005,2,2,1,5,Needs Attention
14242,235,2,280.55,2,2,1,5,Needs Attention
14243,9,23,7365.36,4,4,4,12,Champions
14244,659,2,354.82,1,2,2,5,Needs Attention
14245,176,5,1677.48,2,3,3,8,Loyal Customers
14246,111,3,1474.06,2,2,3,7,Needs Attention
14247,278,6,769.71,2,3,2,7,At Risk (Was Valuable)
14248,318,3,1032.95,2,2,3,7,Needs Attention
14249,411,12,5625.461,1,4,4,9,Loyal Customers
14250,7,3,1904.05,4,2,3,9,Loyal Customers
14251,2,5,2879.7000000000003,4,3,4,11,Champions
14252,381,1,350.99,1,1,2,4,Lost
14253,493,2,363.40000000000003,1,2,2,5,Needs Attention
14254,433,1,601.03,1,1,2,4,Lost
14256,254,9,2397.34,2,4,4,10,Champions
14257,51,10,5942.0,3,4,4,11,Champions
14258,9,32,31027.35,4,4,4,12,Champions
14259,142,1,120.0,2,1,1,4,Lost
14260,471,3,824.28,1,2,2,5,Needs Attention
14261,51,2,1163.45,3,2,3,8,Loyal Customers
14262,8,8,2618.23,4,3,4,11,Champions
14263,423,1,322.93,1,1,1,3,Lost
14264,155,8,1461.3600000000001,2,3,3,8,Loyal Customers
14265,109,4,1373.35,2,3,3,8,Loyal Customers
14266,428,1,40.56,1,1,1,3,Lost
14267,151,9,1259.19,2,4,3,9,Loyal Customers
14268,471,1,354.85,1,1,2,4,Lost
14269,435,2,261.68,1,2,1,4,Lost
14270,332,1,492.65000000000003,2,1,2,5,Needs Attention
14271,226,2,219.13,2,2,1,5,Needs Attention
14272,74,4,920.81,3,3,3,9,Loyal Customers
14273,51,4,559.97,3,3,2,8,Loyal Customers
14274,686,1,256.6,1,1,1,3,Lost
14275,396,6,1189.3799999999999,1,3,3,7,At Risk (Was Valuable)
14276,88,13,1929.32,3,4,3,10,Champions
14277,15,14,4324.47,4,4,4,12,Champions
14278,410,1,205.83,1,1,1,3,Lost
14279,521,2,191.86,1,2,1,4,Lost
14280,197,1,134.04,2,1,1,4,Lost
14281,408,1,245.15,1,1,1,3,Lost
14282,3,26,7844.66,4,4,4,12,Champions
14283,463,4,628.4399999999999,1,3,2,6,At Risk (Was Valuable)
14284,31,4,1282.85,3,3,3,9,Loyal Customers
14285,21,9,3158.64,4,4,4,12,Champions
14286,24,12,8396.7,4,4,4,12,Champions
14287,8,4,151.23000000000002,4,3,1,8,Loyal Customers
14288,212,2,413.85,2,2,2,6,Needs Attention
14289,9,6,911.26,4,3,3,10,Champions
14290,11,14,4208.93,4,4,4,12,Champions
14291,2,25,7844.4,4,4,4,12,Champions
14292,8,27,8887.9,4,4,4,12,Champions
14293,3,10,3174.33,4,4,4,12,Champions
14294,407,1,375.34,1,1,2,4,Lost
14295,40,8,2316.06,3,3,4,10,Champions
14296,414,3,448.45,1,2,2,5,Needs Attention
14297,18,6,1284.06,4,3,3,10,Champions
14298,3,84,90489.31,4,4,4,12,Champions
14299,8,41,12827.77,4,4,4,12,Champions
14300,19,1,43.2,4,1,1,6,Recent but Low Value
14301,108,7,1956.23,2,3,3,8,Loyal Customers
14302,431,3,742.9000000000001,1,2,2,5,Needs Attention
14303,407,2,277.94,1,2,1,4,Lost
14304,223,5,1523.81,2,3,3,8,Loyal Customers
14305,71,5,1803.76,3,3,3,9,Loyal Customers
14306,51,7,3141.5,3,3,4,10,Champions
14307,89,11,5063.08,3,4,4,11,Champions
14309,8,12,3747.96,4,4,4,12,Champions
14310,433,1,492.1,1,1,2,4,Lost
14311,225,3,435.90000000000003,2,2,2,6,Needs Attention
14312,47,11,3090.29,3,4,4,11,Champions
14314,107,3,221.9,2,2,1,5,Needs Attention
14315,21,10,3168.72,4,4,4,12,Champions
14316,422,6,1355.34,1,3,3,7,At Risk (Was Valuable)
14317,65,1,508.58000000000004,3,1,2,6,Recent but Low Value
14318,460,1,158.02,1,1,1,3,Lost
14319,424,2,476.95000000000005,1,2,2,5,Needs Attention
14320,207,7,1204.1200000000001,2,3,3,8,Loyal Customers
14321,11,8,2198.58,4,3,3,10,Champions
14322,427,6,384.3,1,3,2,6,At Risk (Was Valuable)
14323,115,4,574.26,2,3,2,7,At Risk (Was Valuable)
14324,410,2,701.61,1,2,2,5,Needs Attention
14325,570,1,245.48000000000002,1,1,1,3,Lost
14326,235,4,923.98,2,3,3,8,Loyal Customers
14327,163,6,1894.93,2,3,3,8,Loyal Customers
14329,9,28,9735.52,4,4,4,12,Champions
14330,624,1,200.63,1,1,1,3,Lost
14331,124,2,462.65999999999997,2,2,2,6,Needs Attention
14332,23,5,1943.51,4,3,3,10,Champions
14333,64,2,351.45,3,2,2,7,Recent but Low Value
14334,17,14,4292.98,4,4,4,12,Champions
14335,16,2,468.26,4,2,2,8,Loyal Customers
14336,17,4,1614.91,4,3,3,10,Champions
14338,158,5,894.1,2,3,3,8,Loyal Customers
14339,235,5,600.66,2,3,2,7,At Risk (Was Valuable)
14340,219,1,134.7,2,1,1,4,Lost
14341,45,20,4443.47,3,4,4,11,Champions
14342,21,9,842.74,4,4,2,10,Champions
14343,421,4,1088.91,1,3,3,7,At Risk (Was Valuable)
14344,127,20,3333.7000000000003,2,4,4,10,Champions
14345,39,1,108.97999999999999,3,1,1,5,Recent but Low Value
14346,121,5,2315.75,2,3,4,9,Loyal Customers
14347,737,1,82.6,1,1,1,3,Lost
14348,260,1,409.57,2,1,2,5,Needs Attention
14349,10,1,133.5,4,1,1,6,Recent but Low Value
14350,271,4,947.8,2,3,3,8,Loyal Customers
14351,165,1,51.0,2,1,1,4,Lost
14352,157,4,1078.96,2,3,3,8,Loyal Customers
14353,215,3,376.5,2,2,2,6,Needs Attention
14354,6,2,163.62,4,2,1,7,Recent but Low Value
14355,366,3,1014.45,2,2,3,7,Needs Attention
14356,60,4,666.9399999999999,3,3,2,8,Loyal Customers
14357,43,1,225.77,3,1,1,5,Recent but Low Value
14358,389,3,384.29999999999995,1,2,2,5,Needs Attention
14359,19,6,882.58,4,3,3,10,Champions
14360,32,4,2128.23,3,3,3,9,Loyal Customers
14361,579,1,214.70999999999998,1,1,1,3,Lost
14362,22,1,161.2,4,1,1,6,Recent but Low Value
14363,402,2,227.47000000000003,1,2,1,4,Lost
14364,109,8,3717.35,2,3,4,9,Loyal Customers
14365,395,2,634.68,1,2,2,5,Needs Attention
14366,525,1,136.0,1,1,1,3,Lost
14367,8,19,9167.82,4,4,4,12,Champions
14368,320,1,155.0,2,1,1,4,Lost
14369,642,2,469.13,1,2,2,5,Needs Attention
14370,451,9,1092.13,1,4,3,8,Loyal Customers
14371,295,1,100.5,2,1,1,4,Lost
14372,443,3,830.1800000000001,1,2,2,5,Needs Attention
14373,358,1,76.55,2,1,1,4,Lost
14374,541,1,108.0,1,1,1,3,Lost
14375,185,3,1132.99,2,2,3,7,Needs Attention
14376,683,1,215.46,1,1,1,3,Lost
14377,191,2,617.05,2,2,2,6,Needs Attention
14378,622,1,131.25,1,1,1,3,Lost
14379,44,4,1268.91,3,3,3,9,Loyal Customers
14381,52,2,631.34,3,2,2,7,Recent but Low Value
14382,26,3,1240.85,3,2,3,8,Loyal Customers
14383,38,3,1247.69,3,2,3,8,Loyal Customers
14384,501,1,58.5,1,1,1,3,Lost
14385,9,3,202.11,4,2,1,7,Recent but Low Value
14386,297,1,142.4,2,1,1,4,Lost
14387,33,3,1770.56,3,2,3,8,Loyal Customers
14388,9,20,6589.3,4,4,4,12,Champions
14389,9,11,1821.07,4,4,3,11,Champions
14390,10,18,6323.33,4,4,4,12,Champions
14391,577,1,135.6,1,1,1,3,Lost
14392,432,1,266.4,1,1,1,3,Lost
14393,218,1,67.95,2,1,1,4,Lost
14394,565,1,93.8,1,1,1,3,Lost
14395,2,24,8160.81,4,4,4,12,Champions
14396,65,7,2121.93,3,3,3,9,Loyal Customers
14397,1,23,2556.68,4,4,4,12,Champions
14398,401,2,707.79,1,2,2,5,Needs Attention
14399,394,9,2098.16,1,4,3,8,Loyal Customers
14400,141,5,1703.0,2,3,3,8,Loyal Customers
14401,4,25,6703.4,4,4,4,12,Champions
14402,652,1,285.6,1,1,1,3,Lost
14403,130,9,1822.76,2,4,3,9,Loyal Customers
14404,34,15,2800.11,3,4,4,11,Champions
14405,387,1,195.0,1,1,1,3,Lost
14406,119,1,156.75,2,1,1,4,Lost
14407,107,9,2111.08,2,4,3,9,Loyal Customers
14408,11,11,4109.77,4,4,4,12,Champions
14409,71,10,3453.69,3,4,4,11,Champions
14410,16,17,2122.37,4,4,3,11,Champions
14411,311,1,1063.0,2,1,3,6,Needs Attention
14412,35,4,1417.49,3,3,3,9,Loyal Customers
14413,362,4,770.37,2,3,2,7,At Risk (Was Valuable)
14414,92,9,2387.48,3,4,4,11,Champions
14415,1,32,11915.13,4,4,4,12,Champions
14416,22,2,490.22,4,2,2,8,Loyal Customers
14417,388,1,604.2,1,1,2,4,Lost
14418,4,3,1937.25,4,2,3,9,Loyal Customers
14419,11,7,1260.91,4,3,3,10,Champions
14420,85,7,1627.72,3,3,3,9,Loyal Customers
14421,57,7,2456.62,3,3,4,10,Champions
14422,1,21,10200.92,4,4,4,12,Champions
14423,218,4,914.9599999999999,2,3,3,8,Loyal Customers
14424,18,1,322.08,4,1,1,6,Recent but Low Value
14425,427,5,635.89,1,3,2,6,At Risk (Was Valuable)
14426,19,27,11103.97,4,4,4,12,Champions
14427,50,4,1263.52,3,3,3,9,Loyal Customers
14428,7,7,1230.14,4,3,3,10,Champions
14429,404,1,516.28,1,1,2,4,Lost
14430,512,5,956.4000000000001,1,3,3,7,At Risk (Was Valuable)
14431,299,5,2541.6,2,3,4,9,Loyal Customers
14432,10,6,2255.51,4,3,4,11,Champions
14433,466,1,289.6,1,1,1,3,Lost
14434,22,6,1372.8,4,3,3,10,Champions
14435,502,1,90.42,1,1,1,3,Lost
14436,99,2,271.70000000000005,2,2,1,5,Needs Attention
14437,143,7,829.94,2,3,2,7,At Risk (Was Valuable)
14438,306,1,131.9,2,1,1,4,Lost
14439,320,5,9443.04,2,3,4,9,Loyal Customers
14440,8,15,6526.83,4,4,4,12,Champions
14441,1,19,4361.59,4,4,4,12,Champions
14442,2,12,5272.02,4,4,4,12,Champions
14443,54,8,2351.58,3,3,4,10,Champions
14444,456,1,132.04,1,1,1,3,Lost
14445,456,1,221.65,1,1,1,3,Lost
14446,1,5,1241.31,4,3,3,10,Champions
14447,19,6,1711.73,4,3,3,10,Champions
14448,9,2,375.35,4,2,2,8,Loyal Customers
14449,19,8,2482.8,4,3,4,11,Champions
14450,181,7,1128.44,2,3,3,8,Loyal Customers
14451,60,18,3265.59,3,4,4,11,Champions
14452,11,4,665.59,4,3,2,9,Loyal Customers
14453,190,1,119.93,2,1,1,4,Lost
14454,376,6,970.7,2,3,3,8,Loyal Customers
14455,432,5,594.86,1,3,2,6,At Risk (Was Valuable)
14456,5,14,3047.63,4,4,4,12,Champions
14457,311,1,113.64,2,1,1,4,Lost
14458,381,1,237.42,1,1,1,3,Lost
14459,155,3,5339.1410000000005,2,2,4,8,Loyal Customers
14460,110,12,919.6,2,4,3,9,Loyal Customers
14461,148,14,6697.6,2,4,4,10,Champions
14462,64,16,2231.89,3,4,3,10,Champions
14463,98,4,786.5699999999999,2,3,2,7,At Risk (Was Valuable)
14464,568,2,111.0,1,2,1,4,Lost
14465,247,11,3946.03,2,4,4,10,Champions
14466,29,13,4646.9,3,4,4,11,Champions
14467,18,12,2220.9900000000002,4,4,3,11,Champions
14468,734,1,204.24,1,1,1,3,Lost
14469,416,4,2112.21,1,3,3,7,At Risk (Was Valuable)
14470,12,3,712.04,4,2,2,8,Loyal Customers
14471,591,2,400.95,1,2,2,5,Needs Attention
14472,104,9,2228.22,2,4,3,9,Loyal Customers
14473,74,2,234.34000000000003,3,2,1,6,Recent but Low Value
14474,43,3,1268.1299999999999,3,2,3,8,Loyal Customers
14475,72,7,1025.1200000000001,3,3,3,9,Loyal Customers
14476,257,1,215.7,2,1,1,4,Lost
14477,20,10,1960.61,4,4,3,11,Champions
14478,382,4,1276.66,1,3,3,7,At Risk (Was Valuable)
14479,254,4,1299.11,2,3,3,8,Loyal Customers
14480,11,5,1295.27,4,3,3,10,Champions
14481,165,6,1935.32,2,3,3,8,Loyal Customers
14482,18,14,4192.25,4,4,4,12,Champions
14483,150,3,249.2,2,2,1,5,Needs Attention
14484,50,4,1070.98,3,3,3,9,Loyal Customers
14485,39,1,165.75,3,1,1,5,Recent but Low Value
14486,512,2,175.5,1,2,1,4,Lost
14487,27,8,1428.11,3,3,3,9,Loyal Customers
14488,51,2,1047.43,3,2,3,8,Loyal Customers
14489,207,4,1574.93,2,3,3,8,Loyal Customers
14490,406,2,1273.47,1,2,3,6,Needs Attention
14491,175,2,468.13,2,2,2,6,Needs Attention
14492,430,10,1574.3600000000001,1,4,3,8,Loyal Customers
14493,7,14,5036.05,4,4,4,12,Champions
14494,26,3,401.46,3,2,2,7,Recent but Low Value
14495,51,4,166.3,3,3,1,7,Recent but Low Value
14496,312,10,2645.88,2,4,4,10,Champions
14497,301,3,679.16,2,2,2,6,Needs Attention
14498,43,10,3911.27,3,4,4,11,Champions
14499,26,10,2120.62,3,4,3,10,Champions
14500,88,3,356.85,3,2,2,7,Recent but Low Value
14501,64,3,190.31,3,2,1,6,Recent but Low Value
14502,20,14,2351.02,4,4,4,12,Champions
14503,3,6,3543.26,4,3,4,11,Champions
14504,47,4,673.26,3,3,2,8,Loyal Customers
14505,17,27,11718.8,4,4,4,12,Champions
14506,17,7,3290.67,4,3,4,11,Champions
14507,24,14,3172.4900000000002,4,4,4,12,Champions
14508,22,6,856.09,4,3,2,9,Loyal Customers
14509,534,1,110.95,1,1,1,3,Lost
14510,376,4,991.98,2,3,3,8,Loyal Customers
14511,11,6,1267.4099999999999,4,3,3,10,Champions
14512,188,7,1223.47,2,3,3,8,Loyal Customers
14513,101,7,770.9100000000001,2,3,2,7,At Risk (Was Valuable)
14514,61,10,4594.7300000000005,3,4,4,11,Champions
14515,18,15,3718.9,4,4,4,12,Champions
14516,516,1,163.92,1,1,1,3,Lost
14517,33,2,330.45,3,2,1,6,Recent but Low Value
14518,64,1,174.37,3,1,1,5,Recent but Low Value
14519,684,2,206.09,1,2,1,4,Lost
14520,2,2,270.6,4,2,1,7,Recent but Low Value
14521,477,2,167.65,1,2,1,4,Lost
14522,24,8,1758.6200000000001,4,3,3,10,Champions
14523,108,1,241.09,2,1,1,4,Lost
14524,32,13,2933.71,3,4,4,11,Champions
14525,9,21,8129.8099999999995,4,4,4,12,Champions
14526,389,1,262.4,1,1,1,3,Lost
14527,3,190,25774.54,4,4,4,12,Champions
14528,37,1,364.21999999999997,3,1,2,6,Recent but Low Value
14529,60,3,620.04,3,2,2,7,Recent but Low Value
14530,26,19,6077.15,3,4,4,11,Champions
14531,480,1,376.34,1,1,2,4,Lost
14532,236,12,3846.4300000000003,2,4,4,10,Champions
14533,25,15,3185.12,3,4,4,11,Champions
14534,3,38,5786.42,4,4,4,12,Champions
14535,59,11,5872.63,3,4,4,11,Champions
14536,260,1,171.8,2,1,1,4,Lost
14537,58,3,635.45,3,2,2,7,Recent but Low Value
14538,65,5,1370.8400000000001,3,3,3,9,Loyal Customers
14539,16,2,537.48,4,2,2,8,Loyal Customers
14540,10,12,3785.44,4,4,4,12,Champions
14541,59,14,2499.68,3,4,4,11,Champions
14542,186,1,103.25,2,1,1,4,Lost
14543,4,50,12194.01,4,4,4,12,Champions
14544,24,3,2982.43,4,2,4,10,Champions
14545,674,1,349.25,1,1,2,4,Lost
14546,4,20,5001.03,4,4,4,12,Champions
14547,4,9,3986.7400000000002,4,4,4,12,Champions
14548,151,9,2627.49,2,4,4,10,Champions
14549,311,4,916.5500000000001,2,3,3,8,Loyal Customers
14550,11,4,1353.31,4,3,3,10,Champions
14551,18,9,858.59,4,4,2,10,Champions
14552,152,3,511.28000000000003,2,2,2,6,Needs Attention
14553,19,10,1816.04,4,4,3,11,Champions
14554,10,4,2381.04,4,3,4,11,Champions
14555,57,7,2306.48,3,3,4,10,Champions
14556,596,3,835.34,1,2,2,5,Needs Attention
14558,653,5,614.1,1,3,2,6,At Risk (Was Valuable)
14559,390,1,75.6,1,1,1,3,Lost
14560,7,46,6050.44,4,4,4,12,Champions
14561,76,3,1080.76,3,2,3,8,Loyal Customers
14562,4,30,6363.85,4,4,4,12,Champions
14563,510,2,679.44,1,2,2,5,Needs Attention
14564,427,5,2519.32,1,3,4,8,Loyal Customers
14565,96,7,3833.87,2,3,4,9,Loyal Customers
14566,111,4,4092.0,2,3,4,9,Loyal Customers
14567,35,3,1524.46,3,2,3,8,Loyal Customers
14568,424,2,909.5,1,2,3,6,Needs Attention
14569,1,4,598.98,4,3,2,9,Loyal Customers
14570,281,3,613.75,2,2,2,6,Needs Attention
14571,425,1,161.65,1,1,1,3,Lost
14572,3,15,5573.28,4,4,4,12,Champions
14573,180,17,2571.72,2,4,4,10,Champions
14574,733,1,143.70000000000002,1,1,1,3,Lost
14575,488,1,460.71,1,1,2,4,Lost
14576,372,1,70.80000000000001,2,1,1,4,Lost
14577,13,7,1374.25,4,3,3,10,Champions
14578,3,1,168.63,4,1,1,6,Recent but Low Value
14579,432,1,105.56,1,1,1,3,Lost
14580,518,1,14.850000000000001,1,1,1,3,Lost
14581,17,2,433.8,4,2,2,8,Loyal Customers
14582,41,1,114.11,3,1,1,5,Recent but Low Value
14583,6,8,1781.03,4,3,3,10,Champions
14584,169,9,1734.91,2,4,3,9,Loyal Customers
14585,50,5,1143.27,3,3,3,9,Loyal Customers
14586,227,3,134.16,2,2,1,5,Needs Attention
14587,19,10,1598.24,4,4,3,11,Champions
14588,578,1,135.39,1,1,1,3,Lost
14589,372,1,79.5,2,1,1,4,Lost
14590,425,28,2884.29,1,4,4,9,Loyal Customers
14591,15,4,1447.14,4,3,3,10,Champions
14592,35,3,570.46,3,2,2,7,Recent but Low Value
14593,22,18,3615.17,4,4,4,12,Champions
14594,7,2,634.83,4,2,2,8,Loyal Customers
14595,20,8,2164.45,4,3,3,10,Champions
14596,627,1,229.47,1,1,1,3,Lost
14597,11,6,2201.54,4,3,3,10,Champions
14598,44,3,221.97,3,2,1,6,Recent but Low Value
14599,390,2,474.54,1,2,2,5,Needs Attention
14600,306,2,865.1700000000001,2,2,2,6,Needs Attention
14601,11,1,213.96,4,1,1,6,Recent but Low Value
14602,656,1,205.35999999999999,1,1,1,3,Lost
14603,275,1,660.0,2,1,2,5,Needs Attention
14604,633,1,143.85999999999999,1,1,1,3,Lost
14605,374,4,937.16,2,3,3,8,Loyal Customers
14606,1,259,30094.38,4,4,4,12,Champions
14607,16,27,18745.56,4,4,4,12,Champions
14608,4,12,3273.44,4,4,4,12,Champions
14609,72,11,1366.2,3,4,3,10,Champions
14610,396,2,24.35,1,2,1,4,Lost
14611,439,3,599.38,1,2,2,5,Needs Attention
14612,415,1,877.7,1,1,3,5,Needs Attention
14613,680,1,76.32000000000001,1,1,1,3,Lost
14614,386,1,295.13,1,1,1,3,Lost
14615,394,6,934.26,1,3,3,7,At Risk (Was Valuable)
14616,243,5,527.78,2,3,2,7,At Risk (Was Valuable)
14617,403,2,190.47000000000003,1,2,1,4,Lost
14618,9,9,1295.67,4,4,3,11,Champions
14619,239,3,1276.31,2,2,3,7,Needs Attention
14620,204,3,393.28000000000003,2,2,2,6,Needs Attention
14621,1,16,2878.27,4,4,4,12,Champions
14622,185,1,320.58000000000004,2,1,1,4,Lost
14623,32,12,2030.83,3,4,3,10,Champions
14624,57,6,814.07,3,3,2,8,Loyal Customers
14625,185,18,4391.53,2,4,4,10,Champions
14626,9,15,5374.77,4,4,4,12,Champions
14627,312,3,406.40000000000003,2,2,2,6,Needs Attention
14628,91,5,1998.0,3,3,3,9,Loyal Customers
14629,4,3,939.21,4,2,3,9,Loyal Customers
14630,484,1,338.65,1,1,1,3,Lost
14631,51,7,2023.17,3,3,3,9,Loyal Customers
14632,263,1,114.56,2,1,1,4,Lost
14633,266,1,344.90000000000003,2,1,2,5,Needs Attention
14634,438,7,1971.82,1,3,3,7,At Risk (Was Valuable)
14635,454,1,215.22,1,1,1,3,Lost
14636,36,2,609.85,3,2,2,7,Recent but Low Value
14637,677,1,106.67999999999999,1,1,1,3,Lost
14638,51,1,443.6,3,1,2,6,Recent but Low Value
14639,52,11,4946.81,3,4,4,11,Champions
14640,16,16,3464.03,4,4,4,12,Champions
14641,22,1,110.46,4,1,1,6,Recent but Low Value
14642,59,1,96.12,3,1,1,5,Recent but Low Value
14643,170,6,1654.69,2,3,3,8,Loyal Customers
14644,9,12,2077.47,4,4,3,11,Champions
14645,157,4,840.24,2,3,2,7,At Risk (Was Valuable)
14646,2,164,523342.07,4,4,4,12,Champions
14647,201,2,519.97,2,2,2,6,Needs Attention
14648,404,19,4458.21,1,4,4,9,Loyal Customers
14649,5,11,3754.16,4,4,4,12,Champions
14650,589,1,62.5,1,1,1,3,Lost
14651,67,9,2034.1200000000001,3,4,3,10,Champions
14652,77,1,114.18,3,1,1,5,Recent but Low Value
14653,1,12,3614.54,4,4,4,12,Champions
14654,738,1,246.86,1,1,1,3,Lost
14655,4,12,3829.23,4,4,4,12,Champions
14656,169,5,814.65,2,3,2,7,At Risk (Was Valuable)
14657,18,7,1450.92,4,3,3,10,Champions
14658,5,2,247.15,4,2,1,7,Recent but Low Value
14659,9,12,2456.53,4,4,4,12,Champions
14660,87,2,285.74,3,2,1,6,Recent but Low Value
14661,27,1,107.95,3,1,1,5,Recent but Low Value
14662,29,7,1416.33,3,3,3,9,Loyal Customers
14663,430,2,490.6,1,2,2,5,Needs Attention
14664,20,2,637.89,4,2,2,8,Loyal Customers
14665,61,9,2172.33,3,4,3,10,Champions
14666,24,1,195.25,4,1,1,6,Recent but Low Value
14667,11,61,21720.59,4,4,4,12,Champions
14668,445,1,111.63,1,1,1,3,Lost
14669,242,7,3243.93,2,3,4,9,Loyal Customers
14670,280,3,602.0,2,2,2,6,Needs Attention
14671,549,2,1127.45,1,2,3,6,Needs Attention
14672,235,4,1113.14,2,3,3,8,Loyal Customers
14673,3,7,3410.81,4,3,4,11,Champions
14674,509,1,173.66,1,1,1,3,Lost
14675,16,2,1066.9,4,2,3,9,Loyal Customers
14676,31,16,8285.49,3,4,4,11,Champions
14677,593,1,184.91,1,1,1,3,Lost
14678,571,2,386.44,1,2,2,5,Needs Attention
14679,372,5,1270.3999999999999,2,3,3,8,Loyal Customers
14680,25,87,54801.34,3,4,4,11,Champions
14681,71,6,875.1500000000001,3,3,2,8,Loyal Customers
14682,188,6,1514.81,2,3,3,8,Loyal Customers
14683,588,1,146.56,1,1,1,3,Lost
14684,26,6,1468.55,3,3,3,9,Loyal Customers
14685,576,13,4324.31,1,4,4,9,Loyal Customers
14686,414,6,877.88,1,3,3,7,At Risk (Was Valuable)
14687,107,3,1402.06,2,2,3,7,Needs Attention
14688,8,34,7190.08,4,4,4,12,Champions
14689,209,1,112.8,2,1,1,4,Lost
14690,44,5,781.24,3,3,2,8,Loyal Customers
14691,31,5,2114.33,3,3,3,9,Loyal Customers
14692,137,13,1735.59,2,4,3,9,Loyal Customers
14693,265,8,1139.86,2,3,3,8,Loyal Customers
14694,617,1,244.31,1,1,1,3,Lost
14695,519,4,1552.57,1,3,3,7,At Risk (Was Valuable)
14696,4,10,2758.67,4,4,4,12,Champions
14697,218,2,188.60999999999999,2,2,1,5,Needs Attention
14698,2,5,1250.76,4,3,3,10,Champions
14699,214,4,702.6,2,3,2,7,At Risk (Was Valuable)
14700,32,5,3116.26,3,3,4,10,Champions
14701,11,18,4498.94,4,4,4,12,Champions
14702,1,32,6695.72,4,4,4,12,Champions
14703,15,1,318.17,4,1,1,6,Recent but Low Value
14704,11,11,1813.57,4,4,3,11,Champions
14705,199,1,179.0,2,1,1,4,Lost
14706,619,1,390.69,1,1,2,4,Lost
14707,436,2,139.2,1,2,1,4,Lost
14708,3,6,2182.58,4,3,3,10,Champions
14709,15,27,8866.48,4,4,4,12,Champions
14710,14,13,1922.59,4,4,3,11,Champions
14711,10,12,2838.2,4,4,4,12,Champions
14712,29,4,1328.0700000000002,3,3,3,9,Loyal Customers
14713,9,25,5372.47,4,4,4,12,Champions
14714,24,7,896.4,4,3,3,10,Champions
14715,25,8,1840.45,3,3,3,9,Loyal Customers
14716,43,3,565.45,3,2,2,7,Recent but Low Value
14717,733,2,72.8,1,2,1,4,Lost
14718,410,1,226.42,1,1,1,3,Lost
14719,2,6,1592.18,4,3,3,10,Champions
14720,6,3,663.81,4,2,2,8,Loyal Customers
14721,379,1,115.77,1,1,1,3,Lost
14722,147,3,513.37,2,2,2,6,Needs Attention
14723,10,11,2093.06,4,4,3,11,Champions
14724,590,1,345.25,1,1,2,4,Lost
14725,25,5,1264.84,3,3,3,9,Loyal Customers
14726,655,1,124.75,1,1,1,3,Lost
14727,274,4,291.13,2,3,1,6,At Risk (Was Valuable)
14728,413,1,190.58,1,1,1,3,Lost
14729,374,3,907.38,2,2,3,7,Needs Attention
14730,1,8,2005.06,4,3,3,10,Champions
14731,47,3,380.02,3,2,2,7,Recent but Low Value
14732,8,24,5447.52,4,4,4,12,Champions
14733,9,18,16050.6,4,4,4,12,Champions
14734,416,5,1045.47,1,3,3,7,At Risk (Was Valuable)
14735,4,59,11909.710000000001,4,4,4,12,Champions
14736,485,2,401.08,1,2,2,5,Needs Attention
14737,4,4,3554.17,4,3,4,11,Champions
14738,39,12,1763.64,3,4,3,10,Champions
14739,2,28,12269.57,4,4,4,12,Champions
14740,191,13,4068.86,2,4,4,10,Champions
14741,12,7,1897.59,4,3,3,10,Champions
14742,435,1,579.85,1,1,2,4,Lost
14743,593,1,50.48,1,1,1,3,Lost
14744,16,17,3821.02,4,4,4,12,Champions
14745,113,17,2491.46,2,4,4,10,Champions
14746,406,4,593.5,1,3,2,6,At Risk (Was Valuable)
14747,248,2,294.3,2,2,1,5,Needs Attention
14748,29,16,2672.25,3,4,4,11,Champions
14749,480,1,310.15,1,1,1,3,Lost
14750,736,1,112.03,1,1,1,3,Lost
14751,684,2,126.45,1,2,1,4,Lost
14752,44,1,389.64,3,1,2,6,Recent but Low Value
14753,87,2,869.51,3,2,2,7,Recent but Low Value
14754,45,7,1546.28,3,3,3,9,Loyal Customers
14755,10,30,9851.45,4,4,4,12,Champions
14756,15,4,2613.46,4,3,4,11,Champions
14757,75,1,420.5,3,1,2,6,Recent but Low Value
14758,145,7,2864.97,2,3,4,9,Loyal Customers
14759,5,3,1625.97,4,2,3,9,Loyal Customers
14760,294,2,53.8,2,2,1,5,Needs Attention
14761,59,3,447.92,3,2,2,7,Recent but Low Value
14762,264,2,417.57,2,2,2,6,Needs Attention
14764,44,2,250.55,3,2,1,6,Recent but Low Value
14765,29,3,254.11,3,2,1,6,Recent but Low Value
14766,8,14,6431.9800000000005,4,4,4,12,Champions
14767,474,1,382.81,1,1,2,4,Lost
14768,17,3,139.5,4,2,1,7,Recent but Low Value
14769,3,21,15696.67,4,4,4,12,Champions
14770,232,9,3624.89,2,4,4,10,Champions
14771,606,3,579.92,1,2,2,5,Needs Attention
14772,112,1,139.26,2,1,1,4,Lost
14773,589,2,125.7,1,2,1,4,Lost
14774,529,1,241.45,1,1,1,3,Lost
14775,58,3,1418.46,3,2,3,8,Loyal Customers
14776,51,19,3339.02,3,4,4,11,Champions
14777,4,4,239.26,4,3,1,8,Loyal Customers
14778,127,2,730.86,2,2,2,6,Needs Attention
14779,281,3,386.15,2,2,2,6,Needs Attention
14780,55,2,447.68,3,2,2,7,Recent but Low Value
14782,320,1,200.10000000000002,2,1,1,4,Lost
14783,655,2,305.35,1,2,1,4,Lost
14784,26,3,449.93,3,2,2,7,Recent but Low Value
14785,10,2,77.4,4,2,1,7,Recent but Low Value
14786,550,1,90.96,1,1,1,3,Lost
14787,471,1,110.65,1,1,1,3,Lost
14788,7,3,1156.32,4,2,3,9,Loyal Customers
14789,29,1,197.64,3,1,1,5,Recent but Low Value
14790,17,10,2526.62,4,4,4,12,Champions
14791,607,1,303.63,1,1,1,3,Lost
14793,4,3,611.0500000000001,4,2,2,8,Loyal Customers
14794,3,13,1889.15,4,4,3,11,Champions
14795,166,1,131.45000000000002,2,1,1,4,Lost
14796,1,39,10691.12,4,4,4,12,Champions
14797,507,1,300.31,1,1,1,3,Lost
14798,53,9,715.11,3,4,2,9,Loyal Customers
14799,51,2,338.15,3,2,1,6,Recent but Low Value
14800,48,23,7415.59,3,4,4,11,Champions
14801,61,1,193.14,3,1,1,5,Recent but Low Value
14803,162,3,845.55,2,2,2,6,Needs Attention
14804,9,1,353.27,4,1,2,7,Recent but Low Value
14805,15,7,1104.64,4,3,3,10,Champions
14806,75,2,303.43,3,2,1,6,Recent but Low Value
14807,391,2,519.29,1,2,2,5,Needs Attention
14808,40,15,2175.37,3,4,3,10,Champions
14809,621,2,686.76,1,2,2,5,Needs Attention
14810,41,13,2537.02,3,4,4,11,Champions
14811,387,1,170.5,1,1,1,3,Lost
14812,599,1,185.8,1,1,1,3,Lost
14813,370,4,1090.87,2,3,3,8,Loyal Customers
14814,581,1,160.46,1,1,1,3,Lost
14815,37,2,778.5,3,2,2,7,Recent but Low Value
14816,197,1,271.85,2,1,1,4,Lost
14817,200,9,3889.21,2,4,4,10,Champions
14818,74,6,1170.41,3,3,3,9,Loyal Customers
14819,64,4,470.16,3,3,2,8,Loyal Customers
14820,21,9,1274.76,4,4,3,11,Champions
14821,367,7,1286.45,2,3,3,8,Loyal Customers
14822,485,1,157.70000000000002,1,1,1,3,Lost
14823,180,3,321.43,2,2,1,5,Needs Attention
14824,10,12,3952.51,4,4,4,12,Champions
14825,4,27,4886.28,4,4,4,12,Champions
14826,582,2,385.2,1,2,2,5,Needs Attention
14828,197,14,9803.460000000001,2,4,4,10,Champions
14829,29,9,1639.94,3,4,3,10,Champions
14830,53,1,197.13,3,1,1,5,Recent but Low Value
14831,574,7,1623.97,1,3,3,7,At Risk (Was Valuable)
14833,499,1,94.8,1,1,1,3,Lost
14834,18,9,2184.21,4,4,3,11,Champions
14835,527,3,293.09999999999997,1,2,1,4,Lost
14836,10,3,102.44999999999999,4,2,1,7,Recent but Low Value
14837,90,12,3445.82,3,4,4,11,Champions
14838,423,2,773.6700000000001,1,2,2,5,Needs Attention
14839,418,3,915.28,1,2,3,6,Needs Attention
14840,268,3,340.21,2,2,1,5,Needs Attention
14841,53,14,7163.0,3,4,4,11,Champions
14842,35,8,2456.8,3,3,4,10,Champions
14843,437,1,211.79999999999998,1,1,1,3,Lost
14844,64,12,6688.43,3,4,4,11,Champions
14845,600,1,150.0,1,1,1,3,Lost
14846,423,2,406.79999999999995,1,2,2,5,Needs Attention
14847,149,4,1320.6,2,3,3,8,Loyal Customers
14848,405,1,310.56,1,1,1,3,Lost
14849,22,50,15542.44,4,4,4,12,Champions
14850,312,9,1575.21,2,4,3,9,Loyal Customers
14851,23,3,829.4100000000001,4,2,2,8,Loyal Customers
14852,58,21,6123.63,3,4,4,11,Champions
14853,9,7,1351.37,4,3,3,10,Champions
14854,78,14,4302.17,3,4,4,11,Champions
14855,119,7,6520.3,2,3,4,9,Loyal Customers
14856,36,3,1311.3799999999999,3,2,3,8,Loyal Customers
14857,60,10,3578.931,3,4,4,11,Champions
14858,506,1,180.75,1,1,1,3,Lost
14859,13,6,1703.94,4,3,3,10,Champions
14860,9,2,168.62,4,2,1,7,Recent but Low Value
14861,52,14,1318.4,3,4,3,10,Champions
14862,26,2,841.1999999999999,3,2,2,7,Recent but Low Value
14863,29,1,266.76,3,1,1,5,Recent but Low Value
14865,7,4,129.72,4,3,1,8,Loyal Customers
14866,11,20,20657.77,4,4,4,12,Champions
14867,186,19,2901.46,2,4,4,10,Champions
14868,3,13,4170.06,4,4,4,12,Champions
14869,4,9,2776.8,4,4,4,12,Champions
14870,262,9,1794.6000000000001,2,4,3,9,Loyal Customers
14871,3,9,1258.97,4,4,3,11,Champions
14872,481,4,802.6800000000001,1,3,2,6,At Risk (Was Valuable)
14873,210,2,854.13,2,2,2,6,Needs Attention
14874,535,1,116.18,1,1,1,3,Lost
14875,9,7,2841.55,4,3,4,11,Champions
14876,521,2,256.7,1,2,1,4,Lost
14877,418,2,437.0,1,2,2,5,Needs Attention
14878,13,28,3812.2200000000003,4,4,4,12,Champions
14879,685,1,185.06,1,1,1,3,Lost
14880,77,3,706.19,3,2,2,7,Recent but Low Value
14881,20,1,255.4,4,1,1,6,Recent but Low Value
14882,27,15,3426.55,3,4,4,11,Champions
14883,19,7,756.64,4,3,2,9,Loyal Customers
14884,669,1,120.6,1,1,1,3,Lost
14885,132,4,1496.12,2,3,3,8,Loyal Customers
14886,253,1,364.8,2,1,2,5,Needs Attention
14887,79,1,1862.0,3,1,3,7,Recent but Low Value
14888,207,1,369.2,2,1,2,5,Needs Attention
14889,336,1,135.9,2,1,1,4,Lost
14890,254,3,817.25,2,2,2,6,Needs Attention
14891,148,4,1106.73,2,3,3,8,Loyal Customers
14892,691,1,202.35000000000002,1,1,1,3,Lost
14893,10,6,1782.26,4,3,3,10,Champions
14894,85,5,1412.21,3,3,3,9,Loyal Customers
14895,8,48,24488.82,4,4,4,12,Champions
14896,205,10,1973.47,2,4,3,9,Loyal Customers
14897,8,9,3100.7400000000002,4,4,4,12,Champions
14898,23,18,3356.86,4,4,4,12,Champions
14899,395,1,1384.88,1,1,3,5,Needs Attention
14900,522,1,13.919999999999998,1,1,1,3,Lost
14901,11,13,2277.05,4,4,4,12,Champions
14902,21,5,1000.27,4,3,3,10,Champions
14903,21,10,2744.48,4,4,4,12,Champions
14904,2,4,1640.64,4,3,3,10,Champions
14905,154,10,1939.69,2,4,3,9,Loyal Customers
14907,3,23,6094.6900000000005,4,4,4,12,Champions
14908,74,2,381.9,3,2,2,7,Recent but Low Value
14909,428,5,1380.98,1,3,3,7,At Risk (Was Valuable)
14910,3,7,389.86,4,3,2,9,Loyal Customers
14911,1,510,270248.53,4,4,4,12,Champions
14912,17,11,748.5799999999998,4,4,2,10,Champions
14913,36,8,4073.13,3,3,4,10,Champions
14915,86,13,1752.65,3,4,3,10,Champions
14916,71,11,2888.21,3,4,4,11,Champions
14917,597,2,1123.75,1,2,3,6,Needs Attention
14918,116,9,5955.81,2,4,4,10,Champions
14919,539,1,359.35,1,1,2,4,Lost
14920,213,3,1607.17,2,2,3,7,Needs Attention
14921,30,2,1316.07,3,2,3,8,Loyal Customers
14922,394,2,843.74,1,2,2,5,Needs Attention
14923,51,1,749.1,3,1,2,6,Recent but Low Value
14924,246,3,931.01,2,2,3,7,Needs Attention
14926,382,3,337.65,1,2,1,4,Lost
14927,397,1,308.2,1,1,1,3,Lost
14928,619,2,204.46,1,2,1,4,Lost
14929,32,2,836.69,3,2,2,7,Recent but Low Value
14930,109,9,5136.64,2,4,4,10,Champions
14931,5,6,964.6800000000001,4,3,3,10,Champions
14932,366,2,1029.66,2,2,3,7,Needs Attention
14933,444,5,885.0,1,3,3,7,At Risk (Was Valuable)
14934,73,9,2444.1,3,4,4,11,Champions
14935,297,2,2849.83,2,2,4,8,Loyal Customers
14936,9,14,12378.46,4,4,4,12,Champions
14937,57,4,1617.63,3,3,3,9,Loyal Customers
14938,502,4,2289.43,1,3,4,8,Loyal Customers
14940,418,2,531.49,1,2,2,5,Needs Attention
14941,579,1,182.1,1,1,1,3,Lost
14942,402,5,706.56,1,3,2,6,At Risk (Was Valuable)
14943,663,1,107.62,1,1,1,3,Lost
14944,30,24,9674.92,3,4,4,11,Champions
14945,414,1,179.4,1,1,1,3,Lost
14946,14,1,100.9,4,1,1,6,Recent but Low Value
14947,72,6,1049.79,3,3,3,9,Loyal Customers
14948,23,7,1066.57,4,3,3,10,Champions
14949,460,6,498.55,1,3,2,6,At Risk (Was Valuable)
14950,9,2,361.25,4,2,2,8,Loyal Customers
14951,79,1,311.69,3,1,1,5,Recent but Low Value
14952,46,43,17244.25,3,4,4,11,Champions
14953,25,5,1005.37,3,3,3,9,Loyal Customers
14954,12,2,503.44,4,2,2,8,Loyal Customers
14955,733,1,163.77,1,1,1,3,Lost
14956,421,1,1325.0,1,1,3,5,Needs Attention
14957,253,2,333.29,2,2,1,5,Needs Attention
14958,147,6,957.9399999999999,2,3,3,8,Loyal Customers
14959,59,5,684.97,3,3,2,8,Loyal Customers
14960,8,2,221.27,4,2,1,7,Recent but Low Value
14961,11,28,16328.9,4,4,4,12,Champions
14962,271,4,366.91,2,3,2,7,At Risk (Was Valuable)
14963,10,13,3158.63,4,4,4,12,Champions
14964,247,1,206.21,2,1,1,4,Lost
14965,96,2,599.0,2,2,2,6,Needs Attention
14966,15,6,1115.8400000000001,4,3,3,10,Champions
14967,50,7,1680.52,3,3,3,9,Loyal Customers
14968,30,2,504.99,3,2,2,7,Recent but Low Value
14969,704,1,906.23,1,1,3,5,Needs Attention
14970,68,16,3593.4,3,4,4,11,Champions
14971,35,3,1116.57,3,2,3,8,Loyal Customers
14972,128,2,145.07,2,2,1,5,Needs Attention
14973,107,3,1314.45,2,2,3,7,Needs Attention
14974,37,1,114.39,3,1,1,5,Recent but Low Value
14975,57,2,472.39,3,2,2,7,Recent but Low Value
14976,57,8,765.86,3,3,2,8,Loyal Customers
14977,726,1,31.929999999999996,1,1,1,3,Lost
14978,72,12,3106.34,3,4,4,11,Champions
14979,735,1,439.46,1,1,2,4,Lost
14980,737,1,150.68,1,1,1,3,Lost
14981,246,3,313.52,2,2,1,5,Needs Attention
14982,572,1,237.78,1,1,1,3,Lost
14983,689,1,183.20000000000002,1,1,1,3,Lost
14984,19,6,1271.41,4,3,3,10,Champions
14985,198,2,296.75,2,2,1,5,Needs Attention
14986,376,2,566.9,2,2,2,6,Needs Attention
14987,16,9,1632.25,4,4,3,11,Champions
14988,212,7,2066.6,2,3,3,8,Loyal Customers
14989,662,1,342.4,1,1,2,4,Lost
14990,612,2,305.42,1,2,1,4,Lost
14991,430,1,314.67,1,1,1,3,Lost
14992,442,1,210.5,1,1,1,3,Lost
14993,564,1,36.13,1,1,1,3,Lost
14994,382,8,886.33,1,3,3,7,At Risk (Was Valuable)
14995,39,2,233.23000000000002,3,2,1,6,Recent but Low Value
14996,481,2,442.28999999999996,1,2,2,5,Needs Attention
14997,46,5,771.38,3,3,2,8,Loyal Customers
14998,170,4,770.73,2,3,2,7,At Risk (Was Valuable)
14999,593,1,129.48000000000002,1,1,1,3,Lost
15000,48,1,490.52,3,1,2,6,Recent but Low Value
15001,394,2,230.85999999999999,1,2,1,4,Lost
15002,116,9,4817.28,2,4,4,10,Champions
15003,473,7,1055.7,1,3,3,7,At Risk (Was Valuable)
15004,147,1,1246.32,2,1,3,6,Needs Attention
15005,16,76,13763.27,4,4,4,12,Champions
15006,51,2,825.14,3,2,2,7,Recent but Low Value
15007,159,1,156.91,2,1,1,4,Lost
15008,480,2,360.0,1,2,2,5,Needs Attention
15009,12,3,1261.78,4,2,3,9,Loyal Customers
15010,36,1,308.94,3,1,1,5,Recent but Low Value
15011,396,2,416.6,1,2,2,5,Needs Attention
15012,54,3,860.62,3,2,2,7,Recent but Low Value
15013,488,10,1641.3,1,4,3,8,Loyal Customers
15014,43,2,260.17,3,2,1,6,Recent but Low Value
15015,501,20,2275.82,1,4,4,9,Loyal Customers
15016,173,6,622.3,2,3,2,7,At Risk (Was Valuable)
15017,34,1,125.58,3,1,1,5,Recent but Low Value
15018,39,4,567.51,3,3,2,8,Loyal Customers
15019,267,1,266.0,2,1,1,4,Lost
15020,379,1,203.42,1,1,1,3,Lost
15021,9,17,2689.59,4,4,4,12,Champions
15022,12,5,1186.09,4,3,3,10,Champions
15023,3,23,12092.19,4,4,4,12,Champions
15024,10,16,4075.51,4,4,4,12,Champions
15025,33,2,1013.09,3,2,3,8,Loyal Customers
15026,80,5,1061.61,3,3,3,9,Loyal Customers
15027,31,13,2974.04,3,4,4,11,Champions
15028,8,6,1157.71,4,3,3,10,Champions
15029,618,2,362.15,1,2,2,5,Needs Attention
15030,72,9,1964.66,3,4,3,10,Champions
15031,4,16,2857.37,4,4,4,12,Champions
15032,256,10,13285.65,2,4,4,10,Champions
15033,5,11,2571.02,4,4,4,12,Champions
15034,16,17,8282.45,4,4,4,12,Champions
15035,90,1,252.73000000000002,3,1,1,5,Recent but Low Value
15036,72,3,465.55,3,2,2,7,Recent but Low Value
15037,376,2,402.51,2,2,2,6,Needs Attention
15038,43,10,1269.96,3,4,3,10,Champions
15039,10,107,39742.99,4,4,4,12,Champions
15040,542,1,7.49,1,1,1,3,Lost
15041,170,2,294.02,2,2,1,5,Needs Attention
15042,199,2,315.45,2,2,1,5,Needs Attention
15043,31,6,2873.7999999999997,3,3,4,10,Champions
15044,19,47,15841.53,4,4,4,12,Champions
15045,152,3,633.66,2,2,2,6,Needs Attention
15046,9,28,7583.38,4,4,4,12,Champions
15047,270,1,343.62,2,1,2,5,Needs Attention
15048,65,5,479.27,3,3,2,8,Loyal Customers
15049,274,1,121.17000000000002,2,1,1,4,Lost
15050,25,7,4138.87,3,3,4,10,Champions
15051,23,10,3920.16,4,4,4,12,Champions
15052,319,1,215.78,2,1,1,4,Lost
15053,5,3,697.79,4,2,2,8,Loyal Customers
15054,12,2,302.1,4,2,1,7,Recent but Low Value
15055,475,3,560.07,1,2,2,5,Needs Attention
15056,520,1,133.45,1,1,1,3,Lost
15057,275,6,3184.56,2,3,4,9,Loyal Customers
15058,25,17,3377.18,3,4,4,11,Champions
15059,41,27,3427.62,3,4,4,11,Champions
15060,8,4,303.09,4,3,1,8,Loyal Customers
15061,4,138,136391.48,4,4,4,12,Champions
15062,71,8,2585.62,3,3,4,10,Champions
15063,213,1,370.79999999999995,2,1,2,5,Needs Attention
15064,410,4,1254.41,1,3,3,7,At Risk (Was Valuable)
15065,38,7,3304.71,3,3,4,10,Champions
15066,32,2,760.59,3,2,2,7,Recent but Low Value
15067,78,6,3865.13,3,3,4,10,Champions
15068,46,4,1176.85,3,3,3,9,Loyal Customers
15069,179,1,1109.53,2,1,3,6,Needs Attention
15070,373,3,843.25,2,2,2,6,Needs Attention
15071,94,4,1455.56,2,3,3,8,Loyal Customers
15072,479,1,187.51999999999998,1,1,1,3,Lost
15073,10,9,2357.04,4,4,4,12,Champions
15074,105,3,1566.33,2,2,3,7,Needs Attention
15075,78,1,773.03,3,1,2,6,Recent but Low Value
15076,173,5,1425.84,2,3,3,8,Loyal Customers
15077,456,4,2423.88,1,3,4,8,Loyal Customers
15078,7,64,17576.52,4,4,4,12,Champions
15079,213,17,3686.75,2,4,4,10,Champions
15080,428,2,546.25,1,2,2,5,Needs Attention
15081,22,13,1948.27,4,4,3,11,Champions
15082,669,1,93.35000000000001,1,1,1,3,Lost
15083,257,1,88.2,2,1,1,4,Lost
15084,380,2,965.2,1,2,3,6,Needs Attention
15085,730,1,347.54,1,1,2,4,Lost
15086,565,2,218.53,1,2,1,4,Lost
15087,282,1,306.94,2,1,1,4,Lost
15088,21,3,1140.27,4,2,3,9,Loyal Customers
15089,10,6,2420.84,4,3,4,11,Champions
15090,308,1,381.32,2,1,2,5,Needs Attention
15091,54,6,1023.11,3,3,3,9,Loyal Customers
15092,215,4,773.16,2,3,2,7,At Risk (Was Valuable)
15093,18,34,13657.880000000001,4,4,4,12,Champions
15094,463,2,83.0,1,2,1,4,Lost
15095,104,11,3135.74,2,4,4,10,Champions
15096,43,1,219.39000000000001,3,1,1,5,Recent but Low Value
15097,4,5,587.05,4,3,2,9,Loyal Customers
15098,182,5,649.5,2,3,2,7,At Risk (Was Valuable)
15099,84,1,410.48,3,1,2,6,Recent but Low Value
15100,330,14,2319.5,2,4,4,10,Champions
15101,9,11,1303.49,4,4,3,11,Champions
15102,531,2,554.67,1,2,2,5,Needs Attention
15103,31,2,703.36,3,2,2,7,Recent but Low Value
15104,167,3,1002.54,2,2,3,7,Needs Attention
15105,18,9,3094.91,4,4,4,12,Champions
15106,18,7,1407.73,4,3,3,10,Champions
15107,311,12,856.26,2,4,2,8,Loyal Customers
15108,142,5,1291.75,2,3,3,8,Loyal Customers
15109,241,4,961.9,2,3,3,8,Loyal Customers
15110,24,9,1480.0,4,4,3,11,Champions
15111,29,5,2730.87,3,3,4,10,Champions
15112,611,1,209.4,1,1,1,3,Lost
15113,10,4,3439.41,4,3,4,11,Champions
15114,30,12,3400.12,3,4,4,11,Champions
15115,18,3,528.1,4,2,2,8,Loyal Customers
15116,18,4,1352.75,4,3,3,10,Champions
15117,15,9,2484.32,4,4,4,12,Champions
15118,134,1,244.8,2,1,1,4,Lost
15119,246,1,266.4,2,1,1,4,Lost
15120,130,2,343.82,2,2,2,6,Needs Attention
15121,50,2,457.72,3,2,2,7,Recent but Low Value
15122,85,16,4461.42,3,4,4,11,Champions
15123,7,5,4656.17,4,3,4,11,Champions
15124,23,4,450.82,4,3,2,9,Loyal Customers
15125,25,36,16124.33,3,4,4,11,Champions
15126,537,2,449.49,1,2,2,5,Needs Attention
15127,66,2,711.5,3,2,2,7,Recent but Low Value
15128,60,9,1732.22,3,4,3,10,Champions
15129,50,23,6860.18,3,4,4,11,Champions
15130,170,1,330.11,2,1,1,4,Lost
15131,395,1,80.28,1,1,1,3,Lost
15132,18,5,977.9300000000001,4,3,3,10,Champions
15133,128,5,1806.9,2,3,3,8,Loyal Customers
15134,15,10,1596.29,4,4,3,11,Champions
15135,233,3,293.78,2,2,1,5,Needs Attention
15136,3,5,1282.45,4,3,3,10,Champions
15137,521,5,747.55,1,3,2,6,At Risk (Was Valuable)
15138,385,2,486.59000000000003,1,2,2,5,Needs Attention
15139,240,2,178.96,2,2,1,5,Needs Attention
15140,52,9,3239.44,3,4,4,11,Champions
15141,458,9,1378.31,1,4,3,8,Loyal Customers
15142,46,7,2608.97,3,3,4,10,Champions
15143,226,2,563.63,2,2,2,6,Needs Attention
15144,8,33,12006.51,4,4,4,12,Champions
15145,4,4,1194.73,4,3,3,10,Champions
15146,165,3,1313.66,2,2,3,7,Needs Attention
15147,219,2,608.65,2,2,2,6,Needs Attention
15148,11,1,301.29,4,1,1,6,Recent but Low Value
15149,134,5,1554.6100000000001,2,3,3,8,Loyal Customers
15150,17,14,8990.58,4,4,4,12,Champions
15151,423,2,2085.61,1,2,3,6,Needs Attention
15152,10,18,5197.97,4,4,4,12,Champions
15153,31,1,329.25,3,1,1,5,Recent but Low Value
15154,74,4,1332.26,3,3,3,9,Loyal Customers
15155,383,1,383.96999999999997,1,1,2,4,Lost
15156,1,3,961.49,4,2,3,9,Loyal Customers
15157,4,7,2587.54,4,3,4,11,Champions
15158,45,3,437.66,3,2,2,7,Recent but Low Value
15159,2,38,22049.4,4,4,4,12,Champions
15160,357,4,589.27,2,3,2,7,At Risk (Was Valuable)
15161,388,1,119.92,1,1,1,3,Lost
15162,729,2,241.5,1,2,1,4,Lost
15163,18,2,304.47,4,2,1,7,Recent but Low Value
15164,69,10,2052.02,3,4,3,10,Champions
15165,373,1,975.5,2,1,3,6,Needs Attention
15166,468,1,167.16,1,1,1,3,Lost
15167,321,5,1659.67,2,3,3,8,Loyal Customers
15168,26,1,106.56,3,1,1,5,Recent but Low Value
15169,382,2,569.22,1,2,2,5,Needs Attention
15170,407,1,81.15,1,1,1,3,Lost
15171,325,2,1034.5,2,2,3,7,Needs Attention
15172,9,5,1624.05,4,3,3,10,Champions
15173,381,8,1399.26,1,3,3,7,At Risk (Was Valuable)
15174,323,2,481.46,2,2,2,6,Needs Attention
15175,72,1,224.14,3,1,1,5,Recent but Low Value
15176,597,2,985.09,1,2,3,6,Needs Attention
15177,426,1,948.93,1,1,3,5,Needs Attention
15178,260,1,40.5,2,1,1,4,Lost
15179,18,17,7426.82,4,4,4,12,Champions
15180,367,3,904.4300000000001,2,2,3,7,Needs Attention
15181,66,8,948.4499999999999,3,3,3,9,Loyal Customers
15182,154,14,2942.752,2,4,4,10,Champions
15183,548,4,637.03,1,3,2,6,At Risk (Was Valuable)
15184,29,4,689.95,3,3,2,8,Loyal Customers
15185,70,1,310.62,3,1,1,5,Recent but Low Value
15186,14,5,1403.2,4,3,3,10,Champions
15187,2,18,4670.08,4,4,4,12,Champions
15188,725,1,310.43,1,1,1,3,Lost
15189,1,58,17101.13,4,4,4,12,Champions
15190,434,1,834.4399999999999,1,1,2,4,Lost
15191,463,3,588.05,1,2,2,5,Needs Attention
15192,120,5,1981.39,2,3,3,8,Loyal Customers
15193,61,1,499.32,3,1,2,6,Recent but Low Value
15194,3,39,12187.68,4,4,4,12,Champions
15195,3,1,3861.0,4,1,4,9,Loyal Customers
15196,433,2,316.25,1,2,1,4,Lost
15197,9,10,1427.84,4,4,3,11,Champions
15198,92,6,559.45,3,3,2,8,Loyal Customers
15199,59,10,3122.4,3,4,4,11,Champions
15200,495,1,549.05,1,1,2,4,Lost
15201,79,14,1525.9,3,4,3,10,Champions
15203,26,15,4400.18,3,4,4,11,Champions
15204,357,1,316.58,2,1,1,4,Lost
15205,85,3,648.8299999999999,3,2,2,7,Recent but Low Value
15206,10,4,420.29999999999995,4,3,2,9,Loyal Customers
15207,410,5,653.77,1,3,2,6,At Risk (Was Valuable)
15208,1,7,968.02,4,3,3,10,Champions
15209,730,1,178.98000000000002,1,1,1,3,Lost
15210,225,3,1176.19,2,2,3,7,Needs Attention
15211,60,2,1277.48,3,2,3,8,Loyal Customers
15212,239,3,195.42999999999998,2,2,1,5,Needs Attention
15213,319,3,325.05,2,2,1,5,Needs Attention
15214,2,8,1661.44,4,3,3,10,Champions
15215,45,11,1496.46,3,4,3,10,Champions
15216,88,2,486.09,3,2,2,7,Recent but Low Value
15217,563,1,426.24,1,1,2,4,Lost
15218,11,25,11456.0,4,4,4,12,Champions
15219,176,2,685.45,2,2,2,6,Needs Attention
15220,52,7,1758.92,3,3,3,9,Loyal Customers
15221,366,7,1816.1000000000001,2,3,3,8,Loyal Customers
15222,319,17,3415.66,2,4,4,10,Champions
15223,226,6,1117.1,2,3,3,8,Loyal Customers
15224,358,8,837.26,2,3,2,7,At Risk (Was Valuable)
15225,234,1,409.40000000000003,2,1,2,5,Needs Attention
15226,311,1,154.41,2,1,1,4,Lost
15227,37,9,2488.4900000000002,3,4,4,11,Champions
15228,66,7,5570.5199999999995,3,3,4,10,Champions
15229,586,1,160.5,1,1,1,3,Lost
15230,239,2,429.6,2,2,2,6,Needs Attention
15231,596,2,228.35999999999999,1,2,1,4,Lost
15232,113,2,612.06,2,2,2,6,Needs Attention
15233,401,1,59.400000000000006,1,1,1,3,Lost
15234,277,1,197.0,2,1,1,4,Lost
15235,218,16,2937.81,2,4,4,10,Champions
15236,299,1,321.05,2,1,1,4,Lost
15237,2,4,1412.32,4,3,3,10,Champions
15238,29,5,1056.54,3,3,3,9,Loyal Customers
15239,10,3,764.34,4,2,2,8,Loyal Customers
15240,45,20,4315.0,3,4,4,11,Champions
15241,67,12,3032.31,3,4,4,11,Champions
15242,422,1,302.04,1,1,1,3,Lost
15243,74,2,927.2800000000001,3,2,3,8,Loyal Customers
15244,65,4,850.1800000000001,3,3,2,8,Loyal Customers
15245,134,8,4610.84,2,3,4,9,Loyal Customers
15246,238,3,780.4,2,2,2,6,Needs Attention
15247,122,4,967.11,2,3,3,8,Loyal Customers
15248,411,4,1865.03,1,3,3,7,At Risk (Was Valuable)
15249,32,21,9147.15,3,4,4,11,Champions
15250,641,1,60.0,1,1,1,3,Lost
15251,9,31,20095.6,4,4,4,12,Champions
15252,36,7,2053.06,3,3,3,9,Loyal Customers
15253,16,12,2033.29,4,4,3,11,Champions
15254,127,4,1073.4,2,3,3,8,Loyal Customers
15255,67,11,3670.77,3,4,4,11,Champions
15256,149,2,170.4,2,2,1,5,Needs Attention
15257,281,3,600.9,2,2,2,6,Needs Attention
15258,169,2,623.16,2,2,2,6,Needs Attention
15259,513,4,1182.3799999999999,1,3,3,7,At Risk (Was Valuable)
15260,100,30,9098.38,2,4,4,10,Champions
15261,135,4,1508.0,2,3,3,8,Loyal Customers
15262,324,3,418.82,2,2,2,6,Needs Attention
15263,107,1,156.51,2,1,1,4,Lost
15264,64,3,844.2,3,2,2,7,Recent but Low Value
15265,151,4,3345.64,2,3,4,9,Loyal Customers
15266,338,6,841.7,2,3,2,7,At Risk (Was Valuable)
15267,22,5,1717.36,4,3,3,10,Champions
15268,479,4,941.2500000000001,1,3,3,7,At Risk (Was Valuable)
15269,24,3,1225.3600000000001,4,2,3,9,Loyal Customers
15270,16,31,7193.99,4,4,4,12,Champions
15271,7,26,4639.29,4,4,4,12,Champions
15272,57,6,2085.48,3,3,3,9,Loyal Customers
15273,600,1,228.96,1,1,1,3,Lost
15274,4,2,716.57,4,2,2,8,Loyal Customers
15275,31,2,609.19,3,2,2,7,Recent but Low Value
15276,66,5,631.03,3,3,2,8,Loyal Customers
15277,47,2,476.34,3,2,2,7,Recent but Low Value
15278,562,4,496.15999999999997,1,3,2,6,At Risk (Was Valuable)
15279,355,7,1541.74,2,3,3,8,Loyal Customers
15280,172,3,406.21999999999997,2,2,2,6,Needs Attention
15281,59,22,8317.62,3,4,4,11,Champions
15282,570,1,348.59,1,1,2,4,Lost
15283,390,4,135.43,1,3,1,5,At Risk (Was Valuable)
15284,500,1,24.75,1,1,1,3,Lost
15285,408,1,94.92,1,1,1,3,Lost
15286,50,1,240.55,3,1,1,5,Recent but Low Value
15287,22,6,854.58,4,3,2,9,Loyal Customers
15288,43,10,3883.13,3,4,4,11,Champions
15289,29,7,1570.71,3,3,3,9,Loyal Customers
15290,5,30,10355.58,4,4,4,12,Champions
15291,26,53,13451.24,3,4,4,11,Champions
15292,201,1,180.94,2,1,1,4,Lost
15293,666,1,247.5,1,1,1,3,Lost
15294,400,2,222.3,1,2,1,4,Lost
15295,654,1,217.23999999999998,1,1,1,3,Lost
15296,44,20,10223.93,3,4,4,11,Champions
15297,10,4,635.04,4,3,2,9,Loyal Customers
15298,2,29,8356.03,4,4,4,12,Champions
15299,67,15,7243.62,3,4,4,11,Champions
15300,64,1,496.44,3,1,2,6,Recent but Low Value
15301,51,19,7561.21,3,4,4,11,Champions
15302,722,2,291.05,1,2,1,4,Lost
15303,290,4,1178.78,2,3,3,8,Loyal Customers
15304,61,11,905.45,3,4,3,10,Champions
15305,555,1,93.6,1,1,1,3,Lost
15306,64,10,3480.98,3,4,4,11,Champions
15307,96,1,205.3,2,1,1,4,Lost
15308,271,2,302.27,2,2,1,5,Needs Attention
15309,611,10,715.53,1,4,2,7,At Risk (Was Valuable)
15310,479,1,1634.64,1,1,3,5,Needs Attention
15311,1,270,113513.07,4,4,4,12,Champions
15312,75,14,2916.4900000000002,3,4,4,11,Champions
15313,110,1,52.0,2,1,1,4,Lost
15314,199,4,800.65,2,3,2,7,At Risk (Was Valuable)
15315,64,3,551.54,3,2,2,7,Recent but Low Value
15316,327,1,165.0,2,1,1,4,Lost
15317,677,2,112.05000000000001,1,2,1,4,Lost
15318,4,1,312.62,4,1,1,6,Recent but Low Value
15319,284,1,204.5,2,1,1,4,Lost
15320,44,1,267.13,3,1,1,5,Recent but Low Value
15321,49,18,6560.650000000001,3,4,4,11,Champions
15322,64,3,1314.15,3,2,3,8,Loyal Customers
15323,533,4,320.9,1,3,1,5,At Risk (Was Valuable)
15324,701,1,140.22000000000003,1,1,1,3,Lost
15325,104,9,1596.81,2,4,3,9,Loyal Customers
15326,334,10,1529.82,2,4,3,9,Loyal Customers
15327,53,1,208.75,3,1,1,5,Recent but Low Value
15328,408,1,107.24,1,1,1,3,Lost
15329,35,20,2742.98,3,4,4,11,Champions
15330,32,2,714.96,3,2,2,7,Recent but Low Value
15331,500,4,755.41,1,3,2,6,At Risk (Was Valuable)
15332,366,6,6553.74,2,3,4,9,Loyal Customers
15333,208,1,1028.56,2,1,3,6,Needs Attention
15334,157,3,351.67,2,2,2,6,Needs Attention
15335,54,1,173.97,3,1,1,5,Recent but Low Value
15336,402,1,240.5,1,1,1,3,Lost
15337,403,2,344.72,1,2,2,5,Needs Attention
15338,677,1,283.43,1,1,1,3,Lost
15339,66,11,1634.09,3,4,3,10,Champions
15340,562,1,105.5,1,1,1,3,Lost
15341,81,3,2401.02,3,2,4,9,Loyal Customers
15342,116,2,391.76,2,2,2,6,Needs Attention
15343,87,1,364.5,3,1,2,6,Recent but Low Value
15344,1,5,476.58,4,3,2,9,Loyal Customers
15345,35,2,367.69,3,2,2,7,Recent but Low Value
15346,333,4,591.65,2,3,2,7,At Risk (Was Valuable)
15347,366,6,1333.9,2,3,3,8,Loyal Customers
15348,72,1,158.04,3,1,1,5,Recent but Low Value
15349,158,2,473.81,2,2,2,6,Needs Attention
15350,373,2,663.25,2,2,2,6,Needs Attention
15351,12,15,3615.18,4,4,4,12,Champions
15352,549,1,114.95,1,1,1,3,Lost
15353,255,8,3154.05,2,3,4,9,Loyal Customers
15355,29,2,277.05,3,2,1,6,Recent but Low Value
15356,31,13,3464.95,3,4,4,11,Champions
15358,5,55,16837.35,4,4,4,12,Champions
15359,555,9,162.6,1,4,1,6,At Risk (Was Valuable)
15360,40,1,427.93,3,1,2,6,Recent but Low Value
15361,362,4,689.07,2,3,2,7,At Risk (Was Valuable)
15362,449,2,613.08,1,2,2,5,Needs Attention
15363,241,3,996.16,2,2,3,7,Needs Attention
15364,96,2,913.19,2,2,3,7,Needs Attention
15365,26,15,3573.26,3,4,4,11,Champions
15366,75,7,2389.08,3,3,4,10,Champions
15367,57,13,5005.7300000000005,3,4,4,11,Champions
15368,21,2,722.74,4,2,2,8,Loyal Customers
15369,144,13,1713.39,2,4,3,9,Loyal Customers
15370,41,9,3713.51,3,4,4,11,Champions
15371,662,1,59.400000000000006,1,1,1,3,Lost
15372,137,10,5954.42,2,4,4,10,Champions
15373,8,18,3218.59,4,4,4,12,Champions
15374,129,2,307.32,2,2,1,5,Needs Attention
15375,690,1,60.959999999999994,1,1,1,3,Lost
15376,40,3,1233.3600000000001,3,2,3,8,Loyal Customers
15377,383,5,1179.95,1,3,3,7,At Risk (Was Valuable)
15378,463,2,246.5,1,2,1,4,Lost
15379,169,9,4806.4400000000005,2,4,4,10,Champions
15380,9,13,3422.2000000000003,4,4,4,12,Champions
15381,214,6,1887.62,2,3,3,8,Loyal Customers
15382,15,20,13646.5,4,4,4,12,Champions
15384,170,5,2014.49,2,3,3,8,Loyal Customers
15385,40,3,942.08,3,2,3,8,Loyal Customers
15386,186,1,394.14,2,1,2,5,Needs Attention
15387,492,1,468.65,1,1,2,4,Lost
15388,270,1,140.54,2,1,1,4,Lost
15389,172,5,2733.8,2,3,4,9,Loyal Customers
15390,396,2,1216.66,1,2,3,6,Needs Attention
15391,571,2,282.92,1,2,1,4,Lost
15392,5,8,2891.82,4,3,4,11,Champions
15393,16,5,891.34,4,3,3,10,Champions
15394,10,13,5251.4,4,4,4,12,Champions
15395,326,1,107.45,2,1,1,4,Lost
15396,113,2,796.38,2,2,2,6,Needs Attention
15397,290,1,94.0,2,1,1,4,Lost
15398,16,3,1339.63,4,2,3,9,Loyal Customers
15399,1,3,815.77,4,2,2,8,Loyal Customers
15400,92,9,1252.8,3,4,3,10,Champions
15401,452,2,216.95000000000002,1,2,1,4,Lost
15402,149,7,1816.64,2,3,3,8,Loyal Customers
15403,492,2,170.88,1,2,1,4,Lost
15404,376,1,257.06,2,1,1,4,Lost
15405,189,2,659.84,2,2,2,6,Needs Attention
15406,18,6,891.77,4,3,3,10,Champions
15407,34,4,1056.44,3,3,3,9,Loyal Customers
15408,264,1,267.18,2,1,1,4,Lost
15409,702,2,117.2,1,2,1,4,Lost
15410,84,10,4685.72,3,4,4,11,Champions
15411,26,5,1346.38,3,3,3,9,Loyal Customers
15412,171,1,190.53,2,1,1,4,Lost
15414,10,3,774.9000000000001,4,2,2,8,Loyal Customers
15415,313,1,572.8100000000001,2,1,2,5,Needs Attention
15416,65,9,4554.65,3,4,4,11,Champions
15417,85,1,508.8,3,1,2,6,Recent but Low Value
15418,425,2,452.32,1,2,2,5,Needs Attention
15419,25,1,135.86,3,1,1,5,Recent but Low Value
15420,434,6,743.0,1,3,2,6,At Risk (Was Valuable)
15421,59,10,3805.34,3,4,4,11,Champions
15422,323,8,1615.02,2,3,3,8,Loyal Customers
15423,38,4,219.14,3,3,1,7,Recent but Low Value
15424,254,3,597.78,2,2,2,6,Needs Attention
15425,400,4,1944.57,1,3,3,7,At Risk (Was Valuable)
15426,19,11,2592.95,4,4,4,12,Champions
15427,33,3,1483.14,3,2,3,8,Loyal Customers
15428,15,4,762.75,4,3,2,9,Loyal Customers
15429,27,3,364.90000000000003,3,2,2,7,Recent but Low Value
15430,468,3,903.75,1,2,3,6,Needs Attention
15431,503,1,153.24,1,1,1,3,Lost
15432,23,4,301.26,4,3,1,8,Loyal Customers
15433,79,3,417.87,3,2,2,7,Recent but Low Value
15434,8,13,2517.11,4,4,4,12,Champions
15435,22,1,149.29,4,1,1,6,Recent but Low Value
15436,12,3,1122.53,4,2,3,9,Loyal Customers
15437,262,2,393.45,2,2,2,6,Needs Attention
15438,131,1,156.57999999999998,2,1,1,4,Lost
15439,405,4,1269.05,1,3,3,7,At Risk (Was Valuable)
15440,55,3,383.68,3,2,2,7,Recent but Low Value
15441,396,3,1254.21,1,2,3,6,Needs Attention
15442,249,1,594.0,2,1,2,5,Needs Attention
15443,2,16,5116.14,4,4,4,12,Champions
15444,9,2,1418.26,4,2,3,9,Loyal Customers
15445,264,2,284.5,2,2,1,5,Needs Attention
15446,377,5,398.85,1,3,2,6,At Risk (Was Valuable)
15447,331,6,484.93,2,3,2,7,At Risk (Was Valuable)
15448,313,2,788.81,2,2,2,6,Needs Attention
15449,26,5,971.22,3,3,3,9,Loyal Customers
15450,30,1,429.84,3,1,2,6,Recent but Low Value
15451,434,2,233.21,1,2,1,4,Lost
15452,30,6,1799.1100000000001,3,3,3,9,Loyal Customers
15453,2,7,1388.37,4,3,3,10,Champions
15454,362,2,307.69,2,2,1,5,Needs Attention
15455,598,1,38.25,1,1,1,3,Lost
15456,283,10,2119.27,2,4,3,9,Loyal Customers
15457,262,1,237.07,2,1,1,4,Lost
15458,25,2,370.43999999999994,3,2,2,7,Recent but Low Value
15459,417,2,202.82999999999998,1,2,1,4,Lost
15460,354,1,216.76,2,1,1,4,Lost
15461,461,3,391.29999999999995,1,2,2,5,Needs Attention
15462,94,4,737.05,2,3,2,7,At Risk (Was Valuable)
15463,29,1,126.14,3,1,1,5,Recent but Low Value
15464,338,1,1048.85,2,1,3,6,Needs Attention
15465,20,39,12226.15,4,4,4,12,Champions
15466,85,4,1571.01,3,3,3,9,Loyal Customers
15467,9,4,511.88,4,3,2,9,Loyal Customers
15468,35,7,1387.48,3,3,3,9,Loyal Customers
15469,43,6,834.4,3,3,2,8,Loyal Customers
15470,576,1,63.419999999999995,1,1,1,3,Lost
15471,2,3,1316.56,4,2,3,9,Loyal Customers
15472,113,1,371.56,2,1,2,5,Needs Attention
15473,14,11,1740.0,4,4,3,11,Champions
15474,596,1,163.1,1,1,1,3,Lost
15475,77,1,454.10999999999996,3,1,2,6,Recent but Low Value
15476,380,5,2180.28,1,3,3,7,At Risk (Was Valuable)
15477,650,1,368.4,1,1,2,4,Lost
15478,40,3,2024.98,3,2,3,8,Loyal Customers
15479,733,1,147.4,1,1,1,3,Lost
15480,116,7,3592.25,2,3,4,9,Loyal Customers
15481,401,1,1993.34,1,1,3,5,Needs Attention
15482,16,24,8107.83,4,4,4,12,Champions
15483,161,10,862.2,2,4,2,8,Loyal Customers
15484,1,7,4624.8,4,3,4,11,Champions
15485,30,8,5624.51,3,3,4,10,Champions
15486,527,1,102.0,1,1,1,3,Lost
15487,680,1,231.32,1,1,1,3,Lost
15488,93,5,431.92,2,3,2,7,At Risk (Was Valuable)
15489,23,12,2327.36,4,4,4,12,Champions
15490,430,2,188.1,1,2,1,4,Lost
15491,95,7,3090.85,2,3,4,9,Loyal Customers
15492,28,2,659.4599999999999,3,2,2,7,Recent but Low Value
15493,33,11,4280.43,3,4,4,11,Champions
15494,21,6,3770.95,4,3,4,11,Champions
15495,379,1,246.5,1,1,1,3,Lost
15496,631,1,146.14000000000001,1,1,1,3,Lost
15497,18,11,8643.46,4,4,4,12,Champions
15498,1,55,23860.81,4,4,4,12,Champions
15499,724,1,161.6,1,1,1,3,Lost
15500,8,4,1131.56,4,3,3,10,Champions
15501,405,2,402.5,1,2,2,5,Needs Attention
15502,16,27,8673.53,4,4,4,12,Champions
15503,363,2,267.15,2,2,1,5,Needs Attention
15504,81,5,413.9,3,3,2,8,Loyal Customers
15505,53,7,3497.14,3,3,4,10,Champions
15506,23,6,2040.03,4,3,3,10,Champions
15507,172,1,492.36,2,1,2,5,Needs Attention
15508,189,6,1000.27,2,3,3,8,Loyal Customers
15509,380,1,166.51,1,1,1,3,Lost
15510,331,1,250.0,2,1,1,4,Lost
15511,12,5,909.23,4,3,3,10,Champions
15512,156,4,331.58,2,3,1,6,At Risk (Was Valuable)
15513,31,41,27264.45,3,4,4,11,Champions
15514,12,20,5422.28,4,4,4,12,Champions
15515,387,1,171.81,1,1,1,3,Lost
15516,45,3,62.43,3,2,1,6,Recent but Low Value
15517,233,1,267.03,2,1,1,4,Lost
15518,64,23,4103.78,3,4,4,11,Champions
15519,383,2,344.61,1,2,2,5,Needs Attention
15520,2,1,343.5,4,1,2,7,Recent but Low Value
15521,36,24,6674.44,3,4,4,11,Champions
15522,33,2,398.84,3,2,2,7,Recent but Low Value
15523,84,18,17220.04,3,4,4,11,Champions
15524,25,2,591.4,3,2,2,7,Recent but Low Value
15525,2,5,1280.8,4,3,3,10,Champions
15526,33,2,148.44,3,2,1,6,Recent but Low Value
15527,19,31,5041.78,4,4,4,12,Champions
15528,254,1,229.33,2,1,1,4,Lost
15529,23,13,5084.5,4,4,4,12,Champions
15530,22,5,1813.72,4,3,3,10,Champions
15531,8,2,2007.44,4,2,3,9,Loyal Customers
15532,25,12,3708.05,3,4,4,11,Champions
15533,19,5,746.92,4,3,2,9,Loyal Customers
15534,726,1,162.25,1,1,1,3,Lost
15535,173,10,985.82,2,4,3,9,Loyal Customers
15536,409,1,259.09,1,1,1,3,Lost
15537,163,1,110.92,2,1,1,4,Lost
15538,538,11,3027.15,1,4,4,9,Loyal Customers
15539,7,1,538.46,4,1,2,7,Recent but Low Value
15540,11,2,460.68,4,2,2,8,Loyal Customers
15541,114,1,85.13000000000001,2,1,1,4,Lost
15542,512,4,895.9,1,3,3,7,At Risk (Was Valuable)
15543,288,2,242.84,2,2,1,5,Needs Attention
15544,9,26,8134.12,4,4,4,12,Champions
15545,54,2,428.05,3,2,2,7,Recent but Low Value
15546,607,3,539.5500000000001,1,2,2,5,Needs Attention
15547,7,28,10140.89,4,4,4,12,Champions
15548,596,1,158.09,1,1,1,3,Lost
15549,77,9,2308.46,3,4,4,11,Champions
15550,4,14,1995.6,4,4,3,11,Champions
15551,37,9,1659.28,3,4,3,10,Champions
15552,217,2,252.52,2,2,1,5,Needs Attention
15553,60,1,437.23,3,1,2,6,Recent but Low Value
15554,278,1,217.2,2,1,1,4,Lost
15555,12,46,11744.08,4,4,4,12,Champions
15556,24,1,279.77,4,1,1,6,Recent but Low Value
15557,29,1,473.65000000000003,3,1,2,6,Recent but Low Value
15558,639,2,143.32999999999998,1,2,1,4,Lost
15559,568,1,1109.4,1,1,3,5,Needs Attention
15560,398,2,153.52,1,2,1,4,Lost
15561,12,9,1856.54,4,4,3,11,Champions
15562,352,3,673.3800000000001,2,2,2,6,Needs Attention
15563,9,11,2781.21,4,4,4,12,Champions
15564,463,2,70.74000000000001,1,2,1,4,Lost
15565,50,2,173.16,3,2,1,6,Recent but Low Value
15566,393,2,227.87,1,2,1,4,Lost
15567,19,1,186.01,4,1,1,6,Recent but Low Value
15568,3,3,758.29,4,2,2,8,Loyal Customers
15569,104,10,3586.35,2,4,4,10,Champions
15570,7,27,9246.99,4,4,4,12,Champions
15571,12,14,4051.63,4,4,4,12,Champions
15572,5,10,4068.67,4,4,4,12,Champions
15573,32,5,1207.18,3,3,3,9,Loyal Customers
15574,178,7,1476.7,2,3,3,8,Loyal Customers
15575,620,1,30.1,1,1,1,3,Lost
15576,38,1,940.6700000000001,3,1,3,7,Recent but Low Value
15577,151,5,397.98,2,3,2,7,At Risk (Was Valuable)
15578,162,1,127.1,2,1,1,4,Lost
15579,69,7,1267.25,3,3,3,9,Loyal Customers
15580,377,14,1221.95,1,4,3,8,Loyal Customers
15581,121,43,5797.780000000001,2,4,4,10,Champions
15582,25,3,682.9100000000001,3,2,2,7,Recent but Low Value
15583,376,1,107.86,2,1,1,4,Lost
15584,24,7,1275.0,4,3,3,10,Champions
15585,177,1,455.3,2,1,2,5,Needs Attention
15586,591,4,1128.66,1,3,3,7,At Risk (Was Valuable)
15587,50,7,1522.0800000000002,3,3,3,9,Loyal Customers
15588,678,1,579.6,1,1,2,4,Lost
15589,253,4,456.58,2,3,2,7,At Risk (Was Valuable)
15590,289,6,1466.41,2,3,3,8,Loyal Customers
15591,583,3,217.9,1,2,1,4,Lost
15592,47,1,388.58,3,1,2,6,Recent but Low Value
15593,71,1,199.8,3,1,1,5,Recent but Low Value
15594,16,6,1767.53,4,3,3,10,Champions
15595,488,1,357.6,1,1,2,4,Lost
15596,101,16,3023.59,2,4,4,10,Champions
15597,30,3,554.52,3,2,2,7,Recent but Low Value
15598,35,4,543.02,3,3,2,8,Loyal Customers
15599,27,3,1250.06,3,2,3,8,Loyal Customers
15600,428,5,1178.71,1,3,3,7,At Risk (Was Valuable)
15601,11,35,14919.220000000001,4,4,4,12,Champions
15602,8,25,2975.9700000000003,4,4,4,12,Champions
15603,79,3,74.73,3,2,1,6,Recent but Low Value
15604,52,1,216.39,3,1,1,5,Recent but Low Value
15605,36,10,1933.4,3,4,3,10,Champions
15606,57,19,4733.47,3,4,4,11,Champions
15607,337,13,1578.57,2,4,3,9,Loyal Customers
15608,28,5,1785.98,3,3,3,9,Loyal Customers
15609,183,2,270.03000000000003,2,2,1,5,Needs Attention
15610,52,1,112.46000000000001,3,1,1,5,Recent but Low Value
15611,10,32,2858.37,4,4,4,12,Champions
15612,36,2,195.15,3,2,1,6,Recent but Low Value
15613,610,1,433.71999999999997,1,1,2,4,Lost
15614,428,7,3008.86,1,3,4,8,Loyal Customers
15615,10,54,21282.07,4,4,4,12,Champions
15616,438,1,317.11,1,1,1,3,Lost
15617,396,3,828.5500000000001,1,2,2,5,Needs Attention
15618,33,5,747.031,3,3,2,8,Loyal Customers
15619,11,1,336.40000000000003,4,1,1,6,Recent but Low Value
15620,50,8,1909.93,3,3,3,9,Loyal Customers
15621,4,6,1158.77,4,3,3,10,Champions
15622,3,30,7318.08,4,4,4,12,Champions
15623,141,8,2437.05,2,3,4,9,Loyal Customers
15624,117,4,588.13,2,3,2,7,At Risk (Was Valuable)
15625,100,14,3203.25,2,4,4,10,Champions
15626,75,4,1049.37,3,3,3,9,Loyal Customers
15627,457,2,566.9,1,2,2,5,Needs Attention
15628,5,21,5603.360000000001,4,4,4,12,Champions
15629,450,4,2240.9,1,3,4,8,Loyal Customers
15630,45,4,1475.45,3,3,3,9,Loyal Customers
15631,642,1,596.67,1,1,2,4,Lost
15632,16,10,3147.31,4,4,4,12,Champions
15633,509,18,4173.41,1,4,4,9,Loyal Customers
15634,17,2,554.65,4,2,2,8,Loyal Customers
15635,396,1,100.35,1,1,1,3,Lost
15636,90,4,1444.58,3,3,3,9,Loyal Customers
15637,53,5,797.59,3,3,2,8,Loyal Customers
15638,301,9,2137.2,2,4,3,9,Loyal Customers
15639,134,5,1028.33,2,3,3,8,Loyal Customers
15640,4,34,23835.41,4,4,4,12,Champions
15641,105,12,5345.55,2,4,4,10,Champions
15642,730,1,105.78000000000002,1,1,1,3,Lost
15643,179,6,647.4,2,3,2,7,At Risk (Was Valuable)
15644,166,4,813.0,2,3,2,7,At Risk (Was Valuable)
15645,19,4,1042.57,4,3,3,10,Champions
15646,158,6,952.11,2,3,3,8,Loyal Customers
15647,415,1,169.0,1,1,1,3,Lost
15648,204,4,599.9,2,3,2,7,At Risk (Was Valuable)
15649,336,4,2170.35,2,3,3,8,Loyal Customers
15650,515,3,539.03,1,2,2,5,Needs Attention
15651,37,5,1259.06,3,3,3,9,Loyal Customers
15652,91,6,1411.84,3,3,3,9,Loyal Customers
15653,93,2,877.4399999999999,2,2,3,7,Needs Attention
15654,9,2,922.53,4,2,3,9,Loyal Customers
15655,233,2,511.32,2,2,2,6,Needs Attention
15656,45,4,748.5,3,3,2,8,Loyal Customers
15657,23,1,30.0,4,1,1,6,Recent but Low Value
15658,190,13,2270.34,2,4,4,10,Champions
15659,44,3,532.49,3,2,2,7,Recent but Low Value
15660,25,18,2764.14,3,4,4,11,Champions
15661,317,8,1215.95,2,3,3,8,Loyal Customers
15662,661,2,283.73,1,2,1,4,Lost
15663,106,1,138.14,2,1,1,4,Lost
15664,51,7,1212.35,3,3,3,9,Loyal Customers
15665,168,5,4015.12,2,3,4,9,Loyal Customers
15666,472,2,632.9399999999999,1,2,2,5,Needs Attention
15667,40,1,301.32,3,1,1,5,Recent but Low Value
15668,218,1,76.32000000000001,2,1,1,4,Lost
15669,40,5,677.69,3,3,2,8,Loyal Customers
15670,297,3,315.2,2,2,1,5,Needs Attention
15671,19,10,2635.4900000000002,4,4,4,12,Champions
15672,725,1,45.300000000000004,1,1,1,3,Lost
15673,88,10,6409.84,3,4,4,11,Champions
15674,73,18,6217.85,3,4,4,11,Champions
15675,81,4,542.04,3,3,2,8,Loyal Customers
15676,9,5,3324.09,4,3,4,11,Champions
15677,49,3,1305.63,3,2,3,8,Loyal Customers
15678,53,3,1893.89,3,2,3,8,Loyal Customers
15679,24,4,781.28,4,3,2,9,Loyal Customers
15680,9,12,4464.4800000000005,4,4,4,12,Champions
15681,18,16,2480.2,4,4,4,12,Champions
15682,599,3,316.99,1,2,1,4,Lost
15683,117,2,524.54,2,2,2,6,Needs Attention
15684,547,6,147.8,1,3,1,5,At Risk (Was Valuable)
15685,450,1,55.980000000000004,1,1,1,3,Lost
15686,420,1,90.0,1,1,1,3,Lost
15687,9,11,2981.5,4,4,4,12,Champions
15688,419,1,190.57,1,1,1,3,Lost
15689,120,3,521.03,2,2,2,6,Needs Attention
15690,4,2,239.76,4,2,1,7,Recent but Low Value
15691,252,5,511.8,2,3,2,7,At Risk (Was Valuable)
15692,28,1,191.04,3,1,1,5,Recent but Low Value
15693,659,1,37.5,1,1,1,3,Lost
15694,1,29,10566.46,4,4,4,12,Champions
15695,267,4,1131.04,2,3,3,8,Loyal Customers
15696,33,21,3757.4700000000003,3,4,4,11,Champions
15697,690,1,246.75,1,1,1,3,Lost
15698,624,1,46.2,1,1,1,3,Lost
15699,18,1,309.65,4,1,1,6,Recent but Low Value
15700,172,3,664.03,2,2,2,6,Needs Attention
15701,2,4,1542.14,4,3,3,10,Champions
15702,476,2,140.39000000000001,1,2,1,4,Lost
15703,265,1,211.5,2,1,1,4,Lost
15704,140,8,3744.1800000000003,2,3,4,9,Loyal Customers
15705,201,1,143.1,2,1,1,4,Lost
15706,60,7,1001.8100000000001,3,3,3,9,Loyal Customers
15707,35,4,945.58,3,3,3,9,Loyal Customers
15708,41,14,4323.9800000000005,3,4,4,11,Champions
15709,284,2,327.85,2,2,1,5,Needs Attention
15710,417,1,898.87,1,1,3,5,Needs Attention
15711,557,2,420.25,1,2,2,5,Needs Attention
15712,9,13,3467.46,4,4,4,12,Champions
15713,143,6,985.99,2,3,3,8,Loyal Customers
15714,12,5,784.8100000000001,4,3,2,9,Loyal Customers
15715,556,5,658.02,1,3,2,6,At Risk (Was Valuable)
15716,146,11,3056.81,2,4,4,10,Champions
15717,234,5,607.0,2,3,2,7,At Risk (Was Valuable)
15718,540,1,293.79,1,1,1,3,Lost
15719,33,39,10134.36,3,4,4,11,Champions
15720,24,2,741.92,4,2,2,8,Loyal Customers
15721,12,1,507.08,4,1,2,7,Recent but Low Value
15722,36,15,5120.05,3,4,4,11,Champions
15723,365,4,947.65,2,3,3,8,Loyal Customers
15724,201,5,299.8,2,3,1,6,At Risk (Was Valuable)
15725,15,1,415.25,4,1,2,7,Recent but Low Value
15726,390,1,321.91,1,1,1,3,Lost
15727,17,15,9445.51,4,4,4,12,Champions
15728,49,3,409.80000000000007,3,2,2,7,Recent but Low Value
15729,198,5,154.70000000000002,2,3,1,6,At Risk (Was Valuable)
15730,66,7,1708.18,3,3,3,9,Loyal Customers
15731,554,1,125.3,1,1,1,3,Lost
15732,212,12,1637.52,2,4,3,9,Loyal Customers
15733,283,1,162.3,2,1,1,4,Lost
15734,115,4,2263.3,2,3,4,9,Loyal Customers
15735,421,1,327.68,1,1,1,3,Lost
15736,430,3,1717.27,1,2,3,6,Needs Attention
15737,15,12,1121.21,4,4,3,11,Champions
15738,19,45,13342.12,4,4,4,12,Champions
15739,66,1,449.12,3,1,2,6,Recent but Low Value
15740,49,1,154.88,3,1,1,5,Recent but Low Value
15741,458,2,208.62,1,2,1,4,Lost
15742,619,1,156.87,1,1,1,3,Lost
15743,16,4,784.46,4,3,2,9,Loyal Customers
15744,78,1,34.8,3,1,1,5,Recent but Low Value
15745,9,6,1071.24,4,3,3,10,Champions
15746,134,2,182.96,2,2,1,5,Needs Attention
15747,13,10,2560.66,4,4,4,12,Champions
15748,40,3,614.7600000000001,3,2,2,7,Recent but Low Value
15749,235,4,21535.9,2,3,4,9,Loyal Customers
15750,3,24,6692.551,4,4,4,12,Champions
15751,461,14,1318.84,1,4,3,8,Loyal Customers
15752,40,10,4199.09,3,4,4,11,Champions
15753,305,1,79.2,2,1,1,4,Lost
15754,51,12,3001.86,3,4,4,11,Champions
15755,1,20,5936.95,4,4,4,12,Champions
15756,61,4,532.96,3,3,2,8,Loyal Customers
15757,66,6,2940.36,3,3,4,10,Champions
15758,25,1,205.25,3,1,1,5,Recent but Low Value
15759,218,10,810.98,2,4,2,8,Loyal Customers
15761,443,1,143.05,1,1,1,3,Lost
15762,65,2,583.75,3,2,2,7,Recent but Low Value
15763,32,3,1048.67,3,2,3,8,Loyal Customers
15764,81,14,4453.28,3,4,4,11,Champions
15765,667,1,370.63,1,1,2,4,Lost
15766,64,4,799.66,3,3,2,8,Loyal Customers
15768,116,36,15559.46,2,4,4,10,Champions
15769,7,51,84269.38,4,4,4,12,Champions
15770,613,1,321.45,1,1,1,3,Lost
15771,604,3,1006.54,1,2,3,6,Needs Attention
15772,418,1,280.88,1,1,1,3,Lost
15773,6,2,774.52,4,2,2,8,Loyal Customers
15774,69,7,1324.2,3,3,3,9,Loyal Customers
15775,245,2,150.5,2,2,1,5,Needs Attention
15776,133,1,241.62,2,1,1,4,Lost
15777,241,9,1732.1599999999999,2,4,3,9,Loyal Customers
15778,431,1,307.95,1,1,1,3,Lost
15779,463,2,124.08000000000001,1,2,1,4,Lost
15780,184,3,475.28000000000003,2,2,2,6,Needs Attention
15781,25,4,333.56,3,3,1,7,Recent but Low Value
15782,10,6,3985.65,4,3,4,11,Champions
15783,11,1,246.3,4,1,1,6,Recent but Low Value
15784,468,2,848.3299999999999,1,2,2,5,Needs Attention
15785,30,26,5825.33,3,4,4,11,Champions
15786,44,9,8392.85,3,4,4,11,Champions
15787,26,3,948.05,3,2,3,8,Loyal Customers
15788,501,2,215.53,1,2,1,4,Lost
15789,358,7,1932.01,2,3,3,8,Loyal Customers
15790,10,1,220.85,4,1,1,6,Recent but Low Value
15791,44,9,3541.79,3,4,4,11,Champions
15792,400,2,933.84,1,2,3,6,Needs Attention
15793,9,9,2382.92,4,4,4,12,Champions
15794,736,2,777.0,1,2,2,5,Needs Attention
15795,150,8,1979.8700000000001,2,3,3,8,Loyal Customers
15796,1,22,5019.95,4,4,4,12,Champions
15797,113,6,2821.08,2,3,4,9,Loyal Customers
15798,493,3,1535.37,1,2,3,6,Needs Attention
15799,76,4,1424.29,3,3,3,9,Loyal Customers
15800,107,7,1242.58,2,3,3,8,Loyal Customers
15801,46,4,1042.19,3,3,3,9,Loyal Customers
15803,51,4,1929.66,3,3,3,9,Loyal Customers
15804,1,19,3848.55,4,4,4,12,Champions
15805,23,40,9708.92,4,4,4,12,Champions
15806,46,3,784.58,3,2,2,7,Recent but Low Value
15807,50,6,1807.57,3,3,3,9,Loyal Customers
15808,306,24,18248.83,2,4,4,10,Champions
15809,36,9,862.88,3,4,2,9,Loyal Customers
15810,79,13,2724.8,3,4,4,11,Champions
15811,17,10,3843.2200000000003,4,4,4,12,Champions
15812,107,13,5186.17,2,4,4,10,Champions
15813,208,2,1303.9099999999999,2,2,3,7,Needs Attention
15814,3,8,2531.84,4,3,4,11,Champions
15815,64,5,2100.6,3,3,3,9,Loyal Customers
15816,542,3,93.3,1,2,1,4,Lost
15817,421,3,2766.4,1,2,4,7,Needs Attention
15818,588,1,340.5,1,1,1,3,Lost
15819,49,11,3911.28,3,4,4,11,Champions
15820,320,1,206.98,2,1,1,4,Lost
15821,44,2,570.96,3,2,2,7,Recent but Low Value
15822,3,8,1777.91,4,3,3,10,Champions
15823,337,6,3033.86,2,3,4,9,Loyal Customers
15824,453,2,890.94,1,2,3,6,Needs Attention
15825,172,1,532.94,2,1,2,5,Needs Attention
15826,51,6,2583.13,3,3,4,10,Champions
15827,73,42,3430.96,3,4,4,11,Champions
15828,375,1,1108.82,2,1,3,6,Needs Attention
15829,99,2,636.14,2,2,2,6,Needs Attention
15830,29,2,547.7,3,2,2,7,Recent but Low Value
15831,58,4,747.76,3,3,2,8,Loyal Customers
15832,254,1,836.79,2,1,2,5,Needs Attention
15833,738,1,80.4,1,1,1,3,Lost
15834,70,9,3600.29,3,4,4,11,Champions
15835,44,4,954.09,3,3,3,9,Loyal Customers
15836,45,2,117.47,3,2,1,6,Recent but Low Value
15837,65,2,777.01,3,2,2,7,Recent but Low Value
15838,11,38,73404.11,4,4,4,12,Champions
15839,25,5,1020.74,3,3,3,9,Loyal Customers
15840,59,3,345.66,3,2,2,7,Recent but Low Value
15841,64,12,2716.5,3,4,4,11,Champions
15842,388,3,528.75,1,2,2,5,Needs Attention
15843,304,1,118.95000000000002,2,1,1,4,Lost
15844,46,1,130.73999999999998,3,1,1,5,Recent but Low Value
15845,18,14,4273.65,4,4,4,12,Champions
15846,385,1,107.01,1,1,1,3,Lost
15847,38,5,822.57,3,3,2,8,Loyal Customers
15848,622,1,139.94,1,1,1,3,Lost
15850,19,6,1058.72,4,3,3,10,Champions
15851,527,1,109.73,1,1,1,3,Lost
15852,187,3,257.26,2,2,1,5,Needs Attention
15853,52,1,110.8,3,1,1,5,Recent but Low Value
15854,4,21,5583.81,4,4,4,12,Champions
15855,137,6,1052.72,2,3,3,8,Loyal Customers
15856,4,58,33817.44,4,4,4,12,Champions
15857,19,2,570.48,4,2,2,8,Loyal Customers
15858,16,15,3917.87,4,4,4,12,Champions
15859,432,1,438.46,1,1,2,4,Lost
15860,41,17,2505.21,3,4,4,11,Champions
15861,12,15,4217.99,4,4,4,12,Champions
15862,8,13,2928.29,4,4,4,12,Champions
15863,26,5,358.7,3,3,2,8,Loyal Customers
15864,22,9,2014.22,4,4,3,11,Champions
15865,41,5,2248.92,3,3,4,10,Champions
15866,101,1,230.53,2,1,1,4,Lost
15867,5,35,8974.85,4,4,4,12,Champions
15868,583,1,94.53,1,1,1,3,Lost
15869,277,3,323.65999999999997,2,2,1,5,Needs Attention
15870,33,4,862.61,3,3,2,8,Loyal Customers
15871,437,1,33.099999999999994,1,1,1,3,Lost
15872,15,4,795.68,4,3,2,9,Loyal Customers
15873,493,5,138.23999999999998,1,3,1,5,At Risk (Was Valuable)
15874,63,25,11135.0,3,4,4,11,Champions
15875,646,1,111.72,1,1,1,3,Lost
15876,409,2,1449.1399999999999,1,2,3,6,Needs Attention
15877,2,3,440.78,4,2,2,8,Loyal Customers
15878,562,2,330.77,1,2,1,4,Lost
15879,404,4,1157.3,1,3,3,7,At Risk (Was Valuable)
15880,369,2,626.5600000000001,2,2,2,6,Needs Attention
15881,312,8,438.24,2,3,2,7,At Risk (Was Valuable)
15882,199,10,1448.91,2,4,3,9,Loyal Customers
15883,2,2,396.48,4,2,2,8,Loyal Customers
15884,432,3,243.75000000000003,1,2,1,4,Lost
15885,93,20,1737.57,2,4,3,9,Loyal Customers
15886,60,4,1052.8700000000001,3,3,3,9,Loyal Customers
15887,407,3,1027.15,1,2,3,6,Needs Attention
15888,80,4,402.12,3,3,2,8,Loyal Customers
15889,157,9,1795.83,2,4,3,9,Loyal Customers
15890,395,5,535.65,1,3,2,6,At Risk (Was Valuable)
15891,227,1,524.52,2,1,2,5,Needs Attention
15892,669,1,128.2,1,1,1,3,Lost
15893,482,1,305.28000000000003,1,1,1,3,Lost
15894,253,2,420.29,2,2,2,6,Needs Attention
15895,150,1,179.17,2,1,1,4,Lost
15897,194,2,222.05,2,2,1,5,Needs Attention
15898,1,29,5534.36,4,4,4,12,Champions
15899,369,1,112.5,2,1,1,4,Lost
15900,24,5,890.5,4,3,3,10,Champions
15901,17,9,684.23,4,4,2,10,Champions
15902,380,1,145.01,1,1,1,3,Lost
15903,10,15,8859.82,4,4,4,12,Champions
15904,8,1,164.68,4,1,1,6,Recent but Low Value
15905,543,1,114.69,1,1,1,3,Lost
15906,20,12,2467.89,4,4,4,12,Champions
15907,4,3,967.45,4,2,3,9,Loyal Customers
15908,491,2,764.57,1,2,2,5,Needs Attention
15909,174,1,191.94,2,1,1,4,Lost
15910,1,15,2681.8,4,4,4,12,Champions
15911,448,10,1401.55,1,4,3,8,Loyal Customers
15912,178,9,1074.7,2,4,3,9,Loyal Customers
15913,534,1,6.300000000000001,1,1,1,3,Lost
15914,378,2,205.99,1,2,1,4,Lost
15915,402,1,429.21,1,1,2,4,Lost
15916,16,17,3277.67,4,4,4,12,Champions
15917,248,5,560.63,2,3,2,7,At Risk (Was Valuable)
15918,191,3,582.88,2,2,2,6,Needs Attention
15919,20,2,910.61,4,2,3,9,Loyal Customers
15920,154,9,571.64,2,4,2,8,Loyal Customers
15921,173,4,802.11,2,3,2,7,At Risk (Was Valuable)
15922,372,2,727.2,2,2,2,6,Needs Attention
15923,373,1,254.16,2,1,1,4,Lost
15924,731,1,102.82,1,1,1,3,Lost
15925,194,1,207.15,2,1,1,4,Lost
15926,542,1,134.44,1,1,1,3,Lost
15927,647,1,123.39,1,1,1,3,Lost
15928,656,1,293.53,1,1,1,3,Lost
15929,644,1,594.0,1,1,2,4,Lost
15930,67,1,426.63,3,1,2,6,Recent but Low Value
15931,428,1,239.9,1,1,1,3,Lost
15932,4,11,2461.85,4,4,4,12,Champions
15933,21,3,1107.46,4,2,3,9,Loyal Customers
15934,418,2,2190.66,1,2,3,6,Needs Attention
15935,239,3,108.03999999999999,2,2,1,5,Needs Attention
15936,379,2,282.79,1,2,1,4,Lost
15937,64,1,145.35,3,1,1,5,Recent but Low Value
15938,112,9,734.81,2,4,2,8,Loyal Customers
15939,90,17,9047.64,3,4,4,11,Champions
15941,513,2,230.6,1,2,1,4,Lost
15942,134,1,337.44,2,1,1,4,Lost
15943,650,2,271.28999999999996,1,2,1,4,Lost
15944,277,4,2164.24,2,3,3,8,Loyal Customers
15945,365,4,827.27,2,3,2,7,At Risk (Was Valuable)
15946,503,3,2304.18,1,2,4,7,Needs Attention
15947,83,1,1708.24,3,1,3,7,Recent but Low Value
15948,8,3,1509.0900000000001,4,2,3,9,Loyal Customers
15949,17,2,364.72,4,2,2,8,Loyal Customers
15950,2,13,6938.51,4,4,4,12,Champions
15951,1,4,974.52,4,3,3,10,Champions
15952,34,4,806.57,3,3,2,8,Loyal Customers
15953,15,21,3524.7,4,4,4,12,Champions
15954,589,1,190.75,1,1,1,3,Lost
15955,24,25,8622.61,4,4,4,12,Champions
15956,551,2,617.6,1,2,2,5,Needs Attention
15957,32,3,930.1,3,2,3,8,Loyal Customers
15958,74,4,492.99,3,3,2,8,Loyal Customers
15959,682,3,579.49,1,2,2,5,Needs Attention
15960,374,5,394.0,2,3,2,7,At Risk (Was Valuable)
15961,379,1,451.28999999999996,1,1,2,4,Lost
15962,449,1,295.83,1,1,1,3,Lost
15963,20,2,470.76,4,2,2,8,Loyal Customers
15964,663,1,272.96000000000004,1,1,1,3,Lost
15965,17,14,2999.34,4,4,4,12,Champions
15966,444,2,399.58,1,2,2,5,Needs Attention
15967,23,13,3019.2,4,4,4,12,Champions
15968,388,1,418.05,1,1,2,4,Lost
15969,3,6,1043.85,4,3,3,10,Champions
15970,304,2,1017.32,2,2,3,7,Needs Attention
15971,18,20,4930.43,4,4,4,12,Champions
15972,456,5,1810.27,1,3,3,7,At Risk (Was Valuable)
15973,236,5,780.39,2,3,2,7,At Risk (Was Valuable)
15974,39,8,3429.55,3,3,4,10,Champions
15975,84,1,371.01,3,1,2,6,Recent but Low Value
15976,165,6,1746.6399999999999,2,3,3,8,Loyal Customers
15977,17,2,1054.73,4,2,3,9,Loyal Customers
15978,77,5,3272.62,3,3,4,10,Champions
15979,603,1,329.22,1,1,1,3,Lost
15980,89,9,6546.28,3,4,4,11,Champions
15981,25,27,9268.07,3,4,4,11,Champions
15982,605,1,324.51,1,1,1,3,Lost
15983,22,8,3958.8199999999997,4,3,4,11,Champions
15984,3,32,8671.12,4,4,4,12,Champions
15985,123,8,2610.28,2,3,4,9,Loyal Customers
15986,30,2,354.42,3,2,2,7,Recent but Low Value
15987,12,8,1682.13,4,3,3,10,Champions
15988,19,3,770.09,4,2,2,8,Loyal Customers
15989,376,2,372.51,2,2,2,6,Needs Attention
15990,44,7,2010.05,3,3,3,9,Loyal Customers
15991,534,1,150.55,1,1,1,3,Lost
15992,4,3,896.6,4,2,3,9,Loyal Customers
15993,9,10,2756.82,4,4,4,12,Champions
15994,55,5,1198.84,3,3,3,9,Loyal Customers
15995,414,1,696.19,1,1,2,4,Lost
15996,88,8,1671.0,3,3,3,9,Loyal Customers
15998,37,21,8220.39,3,4,4,11,Champions
15999,736,1,20.4,1,1,1,3,Lost
16000,3,3,12393.7,4,2,4,10,Champions
16001,381,2,519.06,1,2,2,5,Needs Attention
16002,625,1,169.21,1,1,1,3,Lost
16003,30,10,5613.83,3,4,4,11,Champions
16004,475,5,2146.39,1,3,3,7,At Risk (Was Valuable)
16005,12,11,2403.77,4,4,4,12,Champions
16006,211,2,347.17,2,2,2,6,Needs Attention
16007,48,7,3075.14,3,3,4,10,Champions
16008,24,15,5384.13,4,4,4,12,Champions
16009,22,4,992.71,4,3,3,10,Champions
16010,246,12,1722.1100000000001,2,4,3,9,Loyal Customers
16011,8,30,5867.01,4,4,4,12,Champions
16012,35,5,2989.79,3,3,4,10,Champions
16013,4,94,52788.92,4,4,4,12,Champions
16014,36,6,1121.02,3,3,3,9,Loyal Customers
16015,4,4,690.54,4,3,2,9,Loyal Customers
16016,3,14,2495.04,4,4,4,12,Champions
16017,47,5,1553.83,3,3,3,9,Loyal Customers
16018,39,4,698.13,3,3,2,8,Loyal Customers
16019,2,35,16640.15,4,4,4,12,Champions
16020,17,3,851.01,4,2,2,8,Loyal Customers
16021,395,2,532.25,1,2,2,5,Needs Attention
16022,260,1,628.28,2,1,2,5,Needs Attention
16023,46,3,719.81,3,2,2,7,Recent but Low Value
16024,12,3,484.2,4,2,2,8,Loyal Customers
16025,30,1,439.65999999999997,3,1,2,6,Recent but Low Value
16026,43,1,236.09,3,1,1,5,Recent but Low Value
16027,92,18,1799.8400000000001,3,4,3,10,Champions
16028,596,1,82.2,1,1,1,3,Lost
16029,39,125,91800.91,3,4,4,11,Champions
16030,310,1,331.24,2,1,1,4,Lost
16031,92,2,548.94,3,2,2,7,Recent but Low Value
16032,456,6,1970.45,1,3,3,7,At Risk (Was Valuable)
16033,6,36,10692.39,4,4,4,12,Champions
16034,196,7,925.77,2,3,3,8,Loyal Customers
16035,560,1,217.73,1,1,1,3,Lost
16036,87,4,2556.84,3,3,4,10,Champions
16037,270,7,1489.44,2,3,3,8,Loyal Customers
16038,8,4,454.33000000000004,4,3,2,9,Loyal Customers
16039,424,3,449.65,1,2,2,5,Needs Attention
16040,65,8,2383.7000000000003,3,3,4,10,Champions
16041,31,3,3166.4,3,2,4,9,Loyal Customers
16042,22,11,2153.0,4,4,3,11,Champions
16043,38,8,1856.5900000000001,3,3,3,9,Loyal Customers
16044,435,1,340.84000000000003,1,1,2,4,Lost
16045,120,9,3187.03,2,4,4,10,Champions
16046,562,1,235.78,1,1,1,3,Lost
16047,682,1,107.14,1,1,1,3,Lost
16048,86,6,1056.53,3,3,3,9,Loyal Customers
16049,40,6,1899.68,3,3,3,9,Loyal Customers
16050,174,3,300.7,2,2,1,5,Needs Attention
16051,682,1,188.44,1,1,1,3,Lost
16052,54,1,362.06,3,1,2,6,Recent but Low Value
16053,33,8,3606.14,3,3,4,10,Champions
16054,145,7,2090.68,2,3,3,8,Loyal Customers
16055,221,1,134.8,2,1,1,4,Lost
16056,45,1,664.85,3,1,2,6,Recent but Low Value
16057,4,17,3202.07,4,4,4,12,Champions
16058,406,1,62.7,1,1,1,3,Lost
16059,66,12,3217.77,3,4,4,11,Champions
16060,401,3,541.95,1,2,2,5,Needs Attention
16061,269,3,44.95,2,2,1,5,Needs Attention
16062,10,8,2863.45,4,3,4,11,Champions
16063,260,1,335.32,2,1,1,4,Lost
16064,725,1,111.0,1,1,1,3,Lost
16065,365,10,2365.62,2,4,4,10,Champions
16066,17,5,1521.87,4,3,3,10,Champions
16067,563,6,3026.19,1,3,4,8,Loyal Customers
16068,594,1,122.93,1,1,1,3,Lost
16069,418,1,457.7,1,1,2,4,Lost
16070,22,2,852.15,4,2,2,8,Loyal Customers
16071,45,4,1076.8,3,3,3,9,Loyal Customers
16072,288,4,4328.89,2,3,4,9,Loyal Customers
16073,292,2,94.35,2,2,1,5,Needs Attention
16074,390,1,265.25,1,1,1,3,Lost
16075,503,3,726.98,1,2,2,5,Needs Attention
16076,3,11,2173.53,4,4,3,11,Champions
16077,574,2,600.0,1,2,2,5,Needs Attention
16078,284,2,362.99,2,2,2,6,Needs Attention
16079,17,3,1352.0,4,2,3,9,Loyal Customers
16080,82,6,472.9,3,3,2,8,Loyal Customers
16081,56,8,4460.18,3,3,4,10,Champions
16082,670,1,106.75,1,1,1,3,Lost
16083,101,4,2351.42,2,3,4,9,Loyal Customers
16084,299,1,436.18,2,1,2,5,Needs Attention
16085,23,13,2337.73,4,4,4,12,Champions
16086,59,11,2862.91,3,4,4,11,Champions
16087,389,5,1739.92,1,3,3,7,At Risk (Was Valuable)
16088,576,2,1437.43,1,2,3,6,Needs Attention
16089,386,2,271.44,1,2,1,4,Lost
16090,624,1,205.91,1,1,1,3,Lost
16091,155,2,315.06,2,2,1,5,Needs Attention
16092,99,10,1515.49,2,4,3,9,Loyal Customers
16093,107,1,17.0,2,1,1,4,Lost
16094,12,19,3599.16,4,4,4,12,Champions
16095,456,1,447.05,1,1,2,4,Lost
16096,264,4,1584.97,2,3,3,8,Loyal Customers
16097,240,1,185.04999999999998,2,1,1,4,Lost
16098,88,14,4448.1,3,4,4,11,Champions
16099,50,8,1568.25,3,3,3,9,Loyal Customers
16100,463,1,582.64,1,1,2,4,Lost
16101,9,7,3167.42,4,3,4,11,Champions
16102,42,3,1842.14,3,2,3,8,Loyal Customers
16103,7,27,6002.76,4,4,4,12,Champions
16104,62,11,2515.36,3,4,4,11,Champions
16105,249,5,2386.19,2,3,4,9,Loyal Customers
16106,66,1,108.38,3,1,1,5,Recent but Low Value
16107,18,7,3204.1600000000003,4,3,4,11,Champions
16108,85,8,2171.93,3,3,3,9,Loyal Customers
16109,219,4,923.58,2,3,3,8,Loyal Customers
16110,45,4,1819.27,3,3,3,9,Loyal Customers
16111,428,1,562.48,1,1,2,4,Lost
16112,143,4,195.73999999999998,2,3,1,6,At Risk (Was Valuable)
16113,183,1,161.38,2,1,1,4,Lost
16114,171,1,135.75000000000003,2,1,1,4,Lost
16115,10,12,2575.14,4,4,4,12,Champions
16116,206,2,592.88,2,2,2,6,Needs Attention
16117,190,4,650.05,2,3,2,7,At Risk (Was Valuable)
16118,393,5,4255.43,1,3,4,8,Loyal Customers
16119,8,8,1720.81,4,3,3,10,Champions
16120,59,7,3041.91,3,3,4,10,Champions
16121,57,6,1457.19,3,3,3,9,Loyal Customers
16122,73,6,1001.34,3,3,3,9,Loyal Customers
16123,52,1,307.78,3,1,1,5,Recent but Low Value
16124,316,6,1709.39,2,3,3,8,Loyal Customers
16125,367,14,4587.65,2,4,4,10,Champions
16126,29,15,14646.800000000001,3,4,4,11,Champions
16127,39,2,801.31,3,2,2,7,Recent but Low Value
16128,18,14,3748.4,4,4,4,12,Champions
16129,407,3,1396.05,1,2,3,6,Needs Attention
16130,422,4,987.48,1,3,3,7,At Risk (Was Valuable)
16131,52,15,9866.27,3,4,4,11,Champions
16132,544,2,664.1999999999999,1,2,2,5,Needs Attention
16133,4,78,22228.88,4,4,4,12,Champions
16134,22,7,2119.99,4,3,3,10,Champions
16135,263,2,819.45,2,2,2,6,Needs Attention
16136,60,5,921.08,3,3,3,9,Loyal Customers
16137,680,1,422.7,1,1,2,4,Lost
16138,368,4,894.45,2,3,3,8,Loyal Customers
16139,19,5,1111.15,4,3,3,10,Champions
16140,53,5,1536.19,3,3,3,9,Loyal Customers
16141,88,2,955.94,3,2,3,8,Loyal Customers
16142,250,1,535.34,2,1,2,5,Needs Attention
16143,3,16,4866.88,4,4,4,12,Champions
16144,247,1,175.2,2,1,1,4,Lost
16145,9,29,6693.6,4,4,4,12,Champions
16146,157,4,946.38,2,3,3,8,Loyal Customers
16147,134,7,2367.02,2,3,4,9,Loyal Customers
16148,296,4,370.37,2,3,2,7,At Risk (Was Valuable)
16149,5,3,422.22,4,2,2,8,Loyal Customers
16150,39,20,4154.69,3,4,4,11,Champions
16152,269,1,1829.04,2,1,3,6,Needs Attention
16153,50,13,5037.51,3,4,4,11,Champions
16155,382,6,781.05,1,3,2,6,At Risk (Was Valuable)
16156,9,26,5933.59,4,4,4,12,Champions
16157,16,4,644.24,4,3,2,9,Loyal Customers
16158,522,10,611.32,1,4,2,7,At Risk (Was Valuable)
16159,282,5,1230.29,2,3,3,8,Loyal Customers
16160,64,4,1009.4499999999999,3,3,3,9,Loyal Customers
16161,2,57,12448.960000000001,4,4,4,12,Champions
16162,252,1,37.4,2,1,1,4,Lost
16163,225,14,2263.63,2,4,4,10,Champions
16164,17,4,802.53,4,3,2,9,Loyal Customers
16165,505,1,79.9,1,1,1,3,Lost
16166,428,4,327.48,1,3,1,5,At Risk (Was Valuable)
16167,414,6,1149.8700000000001,1,3,3,7,At Risk (Was Valuable)
16168,11,73,10539.08,4,4,4,12,Champions
16169,8,4,1822.97,4,3,3,10,Champions
16170,51,25,6813.67,3,4,4,11,Champions
16171,59,1,73.2,3,1,1,5,Recent but Low Value
16172,95,8,1884.55,2,4,3,9,Loyal Customers
16173,16,7,1406.57,4,3,3,10,Champions
16174,126,7,2246.75,2,3,4,9,Loyal Customers
16175,94,7,1836.44,2,3,3,8,Loyal Customers
16176,421,7,1964.04,1,3,3,7,At Risk (Was Valuable)
16177,50,12,2141.61,3,4,3,10,Champions
16178,138,2,612.6,2,2,2,6,Needs Attention
16179,61,1,215.83,3,1,1,5,Recent but Low Value
16180,100,16,16170.27,2,4,4,10,Champions
16181,73,1,305.54,3,1,1,5,Recent but Low Value
16182,72,9,9971.65,3,4,4,11,Champions
16183,67,4,1077.81,3,3,3,9,Loyal Customers
16184,64,7,1155.54,3,3,3,9,Loyal Customers
16185,17,3,644.72,4,2,2,8,Loyal Customers
16186,23,30,8983.91,4,4,4,12,Champions
16187,32,17,6841.24,3,4,4,11,Champions
16188,45,6,1077.71,3,3,3,9,Loyal Customers
16189,16,2,215.48,4,2,1,7,Recent but Low Value
16190,40,8,2723.55,3,4,4,11,Champions
16191,3,40,15162.12,4,4,4,12,Champions
16192,736,1,351.3,1,1,2,4,Lost
16193,237,2,630.43,2,2,2,6,Needs Attention
16194,375,1,308.59999999999997,2,1,1,4,Lost
16195,723,1,323.25,1,1,1,3,Lost
16196,489,1,93.3,1,1,1,3,Lost
16197,469,9,2016.71,1,4,3,8,Loyal Customers
16198,75,2,1030.0410000000002,3,2,3,8,Loyal Customers
16199,392,7,942.75,1,3,3,7,At Risk (Was Valuable)
16200,4,13,5629.95,4,4,4,12,Champions
16201,3,6,2070.17,4,3,3,10,Champions
16202,361,11,2467.04,2,4,4,10,Champions
16203,59,7,1110.79,3,3,3,9,Loyal Customers
16204,23,4,939.24,4,3,3,10,Champions
16205,31,7,1830.61,3,3,3,9,Loyal Customers
16206,55,14,2597.37,3,4,4,11,Champions
16207,25,1,394.38,3,1,2,6,Recent but Low Value
16208,45,10,3440.45,3,4,4,11,Champions
16209,89,9,4146.78,3,4,4,11,Champions
16210,2,37,38304.06,4,4,4,12,Champions
16211,81,4,1086.34,3,3,3,9,Loyal Customers
16212,19,5,1284.56,4,3,3,10,Champions
16213,79,1,159.0,3,1,1,5,Recent but Low Value
16214,171,4,2038.25,2,3,3,8,Loyal Customers
16215,81,1,242.35,3,1,1,5,Recent but Low Value
16216,267,1,914.9300000000001,2,1,3,6,Needs Attention
16217,235,4,259.39000000000004,2,3,1,6,At Risk (Was Valuable)
16218,30,19,4343.6,3,4,4,11,Champions
16219,501,1,40.8,1,1,1,3,Lost
16221,37,10,2229.0099999999998,3,4,3,10,Champions
16222,318,2,1345.22,2,2,3,7,Needs Attention
16223,375,2,1102.3500000000001,2,2,3,7,Needs Attention
16224,57,5,1616.54,3,3,3,9,Loyal Customers
16225,45,18,2821.9100000000003,3,4,4,11,Champions
16226,203,5,672.1700000000001,2,3,2,7,At Risk (Was Valuable)
16227,219,6,948.82,2,3,3,8,Loyal Customers
16228,374,4,886.1600000000001,2,3,3,8,Loyal Customers
16229,87,7,2835.36,3,3,4,10,Champions
16230,190,2,542.03,2,2,2,6,Needs Attention
16231,379,4,1078.22,1,3,3,7,At Risk (Was Valuable)
16232,33,10,2692.02,3,4,4,11,Champions
16233,71,12,1818.71,3,4,3,10,Champions
16234,474,4,312.78,1,3,1,5,At Risk (Was Valuable)
16235,41,11,1990.6100000000001,3,4,3,10,Champions
16236,78,1,432.2,3,1,2,6,Recent but Low Value
16237,437,1,136.65,1,1,1,3,Lost
16238,423,1,63.66,1,1,1,3,Lost
16239,57,7,1450.9,3,3,3,9,Loyal Customers
16240,8,5,3693.81,4,3,4,11,Champions
16241,10,16,4329.31,4,4,4,12,Champions
16242,8,18,7433.3,4,4,4,12,Champions
16243,34,2,409.1,3,2,2,7,Recent but Low Value
16244,212,2,2579.38,2,2,4,8,Loyal Customers
16245,24,5,1352.3600000000001,4,3,3,10,Champions
16246,460,2,827.25,1,2,2,5,Needs Attention
16247,170,1,114.56,2,1,1,4,Lost
16248,62,1,152.94,3,1,1,5,Recent but Low Value
16249,53,5,1800.07,3,3,3,9,Loyal Customers
16250,261,3,791.38,2,2,2,6,Needs Attention
16251,512,1,128.31,1,1,1,3,Lost
16253,32,9,7276.91,3,4,4,11,Champions
16254,378,3,985.14,1,2,3,6,Needs Attention
16255,17,19,4834.39,4,4,4,12,Champions
16256,258,4,1609.57,2,3,3,8,Loyal Customers
16257,177,1,46.95,2,1,1,4,Lost
16258,45,16,11833.52,3,4,4,11,Champions
16259,410,3,361.94,1,2,2,5,Needs Attention
16260,51,1,1035.45,3,1,3,7,Recent but Low Value
16261,17,6,1059.45,4,3,3,10,Champions
16262,361,3,677.78,2,2,2,6,Needs Attention
16263,423,1,351.01,1,1,2,4,Lost
16264,438,2,837.53,1,2,2,5,Needs Attention
16265,9,15,6893.62,4,4,4,12,Champions
16266,74,14,1757.95,3,4,3,10,Champions
16267,591,1,186.66,1,1,1,3,Lost
16268,71,2,667.65,3,2,2,7,Recent but Low Value
16269,428,2,714.59,1,2,2,5,Needs Attention
16270,353,1,1141.24,2,1,3,6,Needs Attention
16271,3,11,3457.07,4,4,4,12,Champions
16272,117,1,411.7,2,1,2,5,Needs Attention
16273,648,2,336.03999999999996,1,2,1,4,Lost
16274,373,1,715.9,2,1,2,5,Needs Attention
16275,197,3,2151.11,2,2,3,7,Needs Attention
16276,177,3,2629.3900000000003,2,2,4,8,Loyal Customers
16277,734,1,188.69,1,1,1,3,Lost
16278,23,7,1056.59,4,3,3,10,Champions
16279,21,10,5692.18,4,4,4,12,Champions
16280,725,1,238.05,1,1,1,3,Lost
16281,72,4,3416.52,3,3,4,10,Champions
16282,340,3,1307.58,2,2,3,7,Needs Attention
16283,6,12,4311.37,4,4,4,12,Champions
16284,31,3,1029.77,3,2,3,8,Loyal Customers
16285,646,1,176.9,1,1,1,3,Lost
16286,477,4,263.65,1,3,1,5,At Risk (Was Valuable)
16287,170,5,1006.98,2,3,3,8,Loyal Customers
16288,470,1,129.85,1,1,1,3,Lost
16289,462,2,98.81,1,2,1,4,Lost
16290,465,4,2069.3,1,3,3,7,At Risk (Was Valuable)
16291,682,1,117.72,1,1,1,3,Lost
16292,117,9,1171.46,2,4,3,9,Loyal Customers
16293,9,19,4632.2,4,4,4,12,Champions
16294,477,1,126.05000000000001,1,1,1,3,Lost
16295,10,4,1328.55,4,3,3,10,Champions
16296,626,6,1245.97,1,3,3,7,At Risk (Was Valuable)
16297,213,4,275.4,2,3,1,6,At Risk (Was Valuable)
16298,23,9,1080.0,4,4,3,11,Champions
16299,473,2,178.65,1,2,1,4,Lost
16300,430,3,1392.43,1,2,3,6,Needs Attention
16301,737,1,107.33,1,1,1,3,Lost
16302,108,2,212.82,2,2,1,5,Needs Attention
16303,26,9,7823.72,3,4,4,11,Champions
16304,695,1,381.66,1,1,2,4,Lost
16305,139,1,361.21999999999997,2,1,2,5,Needs Attention
16306,214,10,1162.82,2,4,3,9,Loyal Customers
16307,429,3,1194.92,1,2,3,6,Needs Attention
16308,38,7,5120.0,3,3,4,10,Champions
16309,92,3,686.67,3,2,2,7,Recent but Low Value
16310,414,2,460.08,1,2,2,5,Needs Attention
16311,18,2,616.26,4,2,2,8,Loyal Customers
16312,432,1,171.15,1,1,1,3,Lost
16313,3,2,274.15000000000003,4,2,1,7,Recent but Low Value
16314,390,3,1491.4,1,2,3,6,Needs Attention
16315,331,2,402.71,2,2,2,6,Needs Attention
16316,64,19,5533.31,3,4,4,11,Champions
16317,120,6,2179.76,2,3,3,8,Loyal Customers
16318,35,1,328.15,3,1,1,5,Recent but Low Value
16319,218,1,404.40000000000003,2,1,2,5,Needs Attention
16320,172,8,4428.849999999999,2,4,4,10,Champions
16321,72,10,265.5,3,4,1,8,Loyal Customers
16322,1,2,326.75,4,2,1,7,Recent but Low Value
16323,196,2,353.66,2,2,2,6,Needs Attention
16324,128,3,428.68,2,2,2,6,Needs Attention
16325,44,17,3463.84,3,4,4,11,Champions
16326,6,26,4706.99,4,4,4,12,Champions
16327,14,20,10705.52,4,4,4,12,Champions
16328,563,1,310.83,1,1,1,3,Lost
16329,428,4,1703.07,1,3,3,7,At Risk (Was Valuable)
16330,18,8,624.63,4,4,2,10,Champions
16331,432,6,2037.7,1,3,3,7,At Risk (Was Valuable)
16332,28,13,1989.97,3,4,3,10,Champions
16333,8,22,26626.8,4,4,4,12,Champions
16334,492,1,277.48,1,1,1,3,Lost
16335,552,8,2747.0,1,4,4,9,Loyal Customers
16336,421,4,3517.69,1,3,4,8,Loyal Customers
16337,37,1,151.05,3,1,1,5,Recent but Low Value
16338,157,1,214.79999999999998,2,1,1,4,Lost
16339,284,1,109.95,2,1,1,4,Lost
16340,107,3,1526.06,2,2,3,7,Needs Attention
16341,25,10,3832.29,3,4,4,11,Champions
16342,75,4,322.41,3,3,1,7,Recent but Low Value
16343,16,3,687.0699999999999,4,2,2,8,Loyal Customers
16344,158,4,842.42,2,3,2,7,At Risk (Was Valuable)
16345,44,2,1198.74,3,2,3,8,Loyal Customers
16346,385,1,224.51,1,1,1,3,Lost
16347,11,13,3482.01,4,4,4,12,Champions
16348,32,8,1798.22,3,4,3,10,Champions
16349,291,1,53.5,2,1,1,4,Lost
16350,21,12,2206.49,4,4,3,11,Champions
16351,333,18,3279.13,2,4,4,10,Champions
16352,18,2,494.44,4,2,2,8,Loyal Customers
16353,4,41,9985.93,4,4,4,12,Champions
16354,63,5,1129.51,3,3,3,9,Loyal Customers
16355,374,2,349.2,2,2,2,6,Needs Attention
16356,198,7,414.42,2,3,2,7,At Risk (Was Valuable)
16357,33,4,868.37,3,3,2,8,Loyal Customers
16358,1,6,2917.1,4,3,4,11,Champions
16359,7,20,2379.4,4,4,4,12,Champions
16360,5,8,3411.69,4,4,4,12,Champions
16361,10,4,896.66,4,3,3,10,Champions
16362,32,11,841.74,3,4,2,9,Loyal Customers
16363,53,1,109.36000000000001,3,1,1,5,Recent but Low Value
16364,12,2,707.04,4,2,2,8,Loyal Customers
16365,18,16,3296.7999999999997,4,4,4,12,Champions
16366,19,4,1548.1299999999999,4,3,3,10,Champions
16367,37,3,1362.4,3,2,3,8,Loyal Customers
16368,2,3,640.21,4,2,2,8,Loyal Customers
16369,18,7,2664.81,4,3,4,11,Champions
16370,82,4,1320.56,3,3,3,9,Loyal Customers
16371,449,1,157.2,1,1,1,3,Lost
16372,33,6,1298.61,3,3,3,9,Loyal Customers
16373,382,2,309.49,1,2,1,4,Lost
16374,66,5,1771.45,3,3,3,9,Loyal Customers
16375,470,2,104.0,1,2,1,4,Lost
16376,9,3,977.52,4,2,3,9,Loyal Customers
16377,267,2,1308.48,2,2,3,7,Needs Attention
16378,247,3,362.95,2,2,2,6,Needs Attention
16379,4,5,2131.9,4,3,3,10,Champions
16380,61,1,1780.59,3,1,3,7,Recent but Low Value
16381,396,2,258.7,1,2,1,4,Lost
16382,408,2,353.1,1,2,2,5,Needs Attention
16383,75,9,2910.84,3,4,4,11,Champions
16384,90,4,1358.95,3,3,3,9,Loyal Customers
16385,60,5,1030.61,3,3,3,9,Loyal Customers
16386,29,3,1102.59,3,2,3,8,Loyal Customers
16387,323,5,918.55,2,3,3,8,Loyal Customers
16388,654,1,186.05,1,1,1,3,Lost
16389,53,5,1362.27,3,3,3,9,Loyal Customers
16390,537,3,467.5,1,2,2,5,Needs Attention
16391,401,4,1103.61,1,3,3,7,At Risk (Was Valuable)
16392,270,3,763.05,2,2,2,6,Needs Attention
16393,2,30,5456.5,4,4,4,12,Champions
16394,50,9,1412.06,3,4,3,10,Champions
16395,61,17,3458.95,3,4,4,11,Champions
16396,473,3,102.69999999999999,1,2,1,4,Lost
16397,628,1,127.88,1,1,1,3,Lost
16398,145,4,1631.15,2,3,3,8,Loyal Customers
16399,19,3,641.82,4,2,2,8,Loyal Customers
16400,95,9,3159.44,2,4,4,10,Champions
16401,1,39,6628.99,4,4,4,12,Champions
16402,265,2,511.4,2,2,2,6,Needs Attention
16403,302,2,161.04999999999998,2,2,1,5,Needs Attention
16404,70,2,430.3,3,2,2,7,Recent but Low Value
16405,302,2,167.25,2,2,1,5,Needs Attention
16406,19,4,533.98,4,3,2,9,Loyal Customers
16407,13,14,2821.65,4,4,4,12,Champions
16408,591,1,231.93,1,1,1,3,Lost
16409,36,12,5709.04,3,4,4,11,Champions
16410,734,1,130.32,1,1,1,3,Lost
16411,19,4,910.1899999999999,4,3,3,10,Champions
16412,54,5,647.23,3,3,2,8,Loyal Customers
16413,57,2,528.98,3,2,2,7,Recent but Low Value
16414,22,5,559.71,4,3,2,9,Loyal Customers
16415,44,3,719.44,3,2,2,7,Recent but Low Value
16416,27,10,2948.47,3,4,4,11,Champions
16417,493,1,35.7,1,1,1,3,Lost
16418,45,5,1101.94,3,3,3,9,Loyal Customers
16419,113,9,1474.67,2,4,3,9,Loyal Customers
16420,396,1,75.0,1,1,1,3,Lost
16421,376,3,526.27,2,2,2,6,Needs Attention
16422,17,146,61110.54,4,4,4,12,Champions
16423,25,1,346.12,3,1,2,6,Recent but Low Value
16424,191,3,392.06,2,2,2,6,Needs Attention
16425,302,1,302.7,2,1,1,4,Lost
16426,2,10,1908.25,4,4,3,11,Champions
16427,263,2,241.06,2,2,1,5,Needs Attention
16428,81,4,657.33,3,3,2,8,Loyal Customers
16429,106,1,284.55,2,1,1,4,Lost
16430,57,7,1117.94,3,3,3,9,Loyal Customers
16431,213,3,642.81,2,2,2,6,Needs Attention
16432,64,1,287.4,3,1,1,5,Recent but Low Value
16433,28,2,384.52,3,2,2,7,Recent but Low Value
16434,29,13,2727.04,3,4,4,11,Champions
16435,512,3,1011.5699999999999,1,2,3,6,Needs Attention
16436,668,4,242.04,1,3,1,5,At Risk (Was Valuable)
16437,381,2,301.25,1,2,1,4,Lost
16438,6,5,798.35,4,3,2,9,Loyal Customers
16439,722,1,310.70000000000005,1,1,1,3,Lost
16440,8,6,3856.9700000000003,4,3,4,11,Champions
16441,67,6,1023.48,3,3,3,9,Loyal Customers
16442,2,5,899.47,4,3,3,10,Champions
16443,521,1,162.24,1,1,1,3,Lost
16444,46,20,3582.38,3,4,4,11,Champions
16445,34,4,602.73,3,3,2,8,Loyal Customers
16447,136,3,775.14,2,2,2,6,Needs Attention
16448,198,2,367.87,2,2,2,6,Needs Attention
16449,191,3,674.69,2,2,2,6,Needs Attention
16450,150,4,1475.73,2,3,3,8,Loyal Customers
16451,88,4,1009.4,3,3,3,9,Loyal Customers
16452,631,2,332.17,1,2,1,4,Lost
16453,531,2,251.71,1,2,1,4,Lost
16454,45,8,1.9000000000000004,3,4,1,8,Loyal Customers
16455,64,13,4306.72,3,4,4,11,Champions
16456,99,14,6185.41,2,4,4,10,Champions
16457,218,1,208.36,2,1,1,4,Lost
16458,3,30,5715.34,4,4,4,12,Champions
16459,730,1,71.78999999999999,1,1,1,3,Lost
16460,28,3,814.72,3,2,2,7,Recent but Low Value
16461,178,3,1615.22,2,2,3,7,Needs Attention
16462,64,4,102.0,3,3,1,7,Recent but Low Value
16463,21,7,1383.7,4,3,3,10,Champions
16464,20,3,1314.68,4,2,3,9,Loyal Customers
16465,414,3,726.34,1,2,2,5,Needs Attention
16466,34,16,3713.59,3,4,4,11,Champions
16467,509,8,2862.4,1,4,4,9,Loyal Customers
16468,74,3,787.52,3,2,2,7,Recent but Low Value
16469,24,5,828.91,4,3,2,9,Loyal Customers
16470,52,12,2453.65,3,4,4,11,Champions
16471,275,6,1186.18,2,3,3,8,Loyal Customers
16472,434,2,789.6,1,2,2,5,Needs Attention
16473,165,5,469.58,2,3,2,7,At Risk (Was Valuable)
16474,7,11,1811.47,4,4,3,11,Champions
16475,88,4,544.3,3,3,2,8,Loyal Customers
16476,417,3,337.0,1,2,1,4,Lost
16477,64,11,4320.02,3,4,4,11,Champions
16478,25,3,331.0,3,2,1,6,Recent but Low Value
16479,10,2,300.83,4,2,1,7,Recent but Low Value
16480,76,1,769.29,3,1,2,6,Recent but Low Value
16481,660,3,428.23,1,2,2,5,Needs Attention
16482,16,1,220.62,4,1,1,6,Recent but Low Value
16483,192,1,139.35,2,1,1,4,Lost
16484,174,3,379.4,2,2,2,6,Needs Attention
16485,77,7,2137.68,3,3,3,9,Loyal Customers
16486,538,1,134.36,1,1,1,3,Lost
16487,577,2,209.4,1,2,1,4,Lost
16488,33,4,492.2,3,3,2,8,Loyal Customers
16489,380,2,303.7,1,2,1,4,Lost
16490,430,2,179.16000000000003,1,2,1,4,Lost
16491,47,3,1524.31,3,2,3,8,Loyal Customers
16492,541,1,385.56,1,1,2,4,Lost
16493,73,9,2110.12,3,4,3,10,Champions
16494,297,1,826.53,2,1,2,5,Needs Attention
16495,3,3,684.41,4,2,2,8,Loyal Customers
16496,9,7,2293.47,4,3,4,11,Champions
16497,50,23,6695.28,3,4,4,11,Champions
16498,161,3,86.12,2,2,1,5,Needs Attention
16499,360,13,2491.7400000000002,2,4,4,10,Champions
16500,5,10,835.96,4,4,2,10,Champions
16501,383,1,1237.23,1,1,3,5,Needs Attention
16502,620,2,266.5,1,2,1,4,Lost
16503,107,13,3597.89,2,4,4,10,Champions
16504,25,1,484.38,3,1,2,6,Recent but Low Value
16505,32,1,777.6,3,1,2,6,Recent but Low Value
16506,20,2,90.30000000000001,4,2,1,7,Recent but Low Value
16507,572,1,152.76,1,1,1,3,Lost
16508,630,1,248.8,1,1,1,3,Lost
16509,297,1,363.7,2,1,2,5,Needs Attention
16510,372,6,2100.0,2,3,3,8,Loyal Customers
16511,22,6,1819.02,4,3,3,10,Champions
16513,5,4,874.59,4,3,2,9,Loyal Customers
16515,52,10,3216.3,3,4,4,11,Champions
16516,30,1,101.69999999999999,3,1,1,5,Recent but Low Value
16517,277,1,162.7,2,1,1,4,Lost
16518,61,6,938.27,3,3,3,9,Loyal Customers
16519,25,4,556.26,3,3,2,8,Loyal Customers
16520,186,8,2465.92,2,4,4,10,Champions
16521,415,3,1148.01,1,2,3,6,Needs Attention
16522,436,2,433.36,1,2,2,5,Needs Attention
16523,2,39,11760.54,4,4,4,12,Champions
16524,446,2,308.14,1,2,1,4,Lost
16525,2,54,23350.74,4,4,4,12,Champions
16526,172,2,717.21,2,2,2,6,Needs Attention
16527,81,2,1272.44,3,2,3,8,Loyal Customers
16528,4,1,244.41,4,1,1,6,Recent but Low Value
16529,190,4,2012.0,2,3,3,8,Loyal Customers
16530,668,1,48.349999999999994,1,1,1,3,Lost
16531,22,12,2263.58,4,4,4,12,Champions
16532,18,5,8756.64,4,3,4,11,Champions
16533,19,5,1026.94,4,3,3,10,Champions
16534,642,1,635.9,1,1,2,4,Lost
16535,5,3,1001.59,4,2,3,9,Loyal Customers
16536,107,2,539.02,2,2,2,6,Needs Attention
16537,641,1,23.35,1,1,1,3,Lost
16538,541,3,399.62,1,2,2,5,Needs Attention
16539,3,10,3732.01,4,4,4,12,Champions
16540,414,1,226.70000000000002,1,1,1,3,Lost
16541,735,2,419.78,1,2,2,5,Needs Attention
16542,54,2,257.32,3,2,1,6,Recent but Low Value
16543,583,2,277.80999999999995,1,2,1,4,Lost
16544,520,6,110.3,1,3,1,5,At Risk (Was Valuable)
16545,165,2,689.82,2,2,2,6,Needs Attention
16546,291,7,3837.36,2,3,4,9,Loyal Customers
16547,546,1,111.71,1,1,1,3,Lost
16548,599,1,30.15,1,1,1,3,Lost
16549,10,37,13159.64,4,4,4,12,Champions
16550,109,29,9169.32,2,4,4,10,Champions
16551,96,7,2237.12,2,3,4,9,Loyal Customers
16552,243,2,475.02000000000004,2,2,2,6,Needs Attention
16553,163,36,16555.87,2,4,4,10,Champions
16554,3,18,2407.17,4,4,4,12,Champions
16555,35,10,285.89,3,4,1,8,Loyal Customers
16556,67,24,7610.2300000000005,3,4,4,11,Champions
16557,24,2,281.85,4,2,1,7,Recent but Low Value
16558,1,47,13718.960000000001,4,4,4,12,Champions
16559,397,1,185.20000000000002,1,1,1,3,Lost
16560,21,10,3010.73,4,4,4,12,Champions
16561,6,2,511.12,4,2,2,8,Loyal Customers
16562,477,1,223.85999999999999,1,1,1,3,Lost
16563,54,7,4412.56,3,3,4,10,Champions
16564,569,1,87.8,1,1,1,3,Lost
16565,364,5,700.45,2,3,2,7,At Risk (Was Valuable)
16566,15,6,614.01,4,3,2,9,Loyal Customers
16567,194,2,865.6,2,2,2,6,Needs Attention
16568,428,2,1020.9000000000001,1,2,3,6,Needs Attention
16569,3,5,1455.23,4,3,3,10,Champions
16570,9,31,6841.82,4,4,4,12,Champions
16571,3,17,4025.05,4,4,4,12,Champions
16572,127,4,999.7,2,3,3,8,Loyal Customers
16573,74,4,648.41,3,3,2,8,Loyal Customers
16574,71,3,1301.78,3,2,3,8,Loyal Customers
16576,410,5,513.1700000000001,1,3,2,6,At Risk (Was Valuable)
16577,667,1,380.0,1,1,2,4,Lost
16578,626,1,156.6,1,1,1,3,Lost
16579,365,2,233.85,2,2,1,5,Needs Attention
16581,155,2,70.44,2,2,1,5,Needs Attention
16582,113,1,313.62,2,1,1,4,Lost
16583,374,2,531.4,2,2,2,6,Needs Attention
16584,80,7,3085.4700000000003,3,3,4,10,Champions
16585,594,2,341.59,1,2,2,5,Needs Attention
16586,249,3,1462.78,2,2,3,7,Needs Attention
16587,232,1,225.15,2,1,1,4,Lost
16588,386,4,1361.28,1,3,3,7,At Risk (Was Valuable)
16589,71,4,612.36,3,3,2,8,Loyal Customers
16590,381,3,563.6,1,2,2,5,Needs Attention
16591,69,1,213.5,3,1,1,5,Recent but Low Value
16592,4,34,7624.46,4,4,4,12,Champions
16593,51,9,1051.24,3,4,3,10,Champions
16594,75,1,181.09,3,1,1,5,Recent but Low Value
16595,61,5,1810.18,3,3,3,9,Loyal Customers
16596,16,4,579.63,4,3,2,9,Loyal Customers
16597,4,1,90.04,4,1,1,6,Recent but Low Value
16598,277,2,140.7,2,2,1,5,Needs Attention
16599,386,1,172.8,1,1,1,3,Lost
16600,4,16,2093.56,4,4,3,11,Champions
16601,41,3,684.25,3,2,2,7,Recent but Low Value
16602,31,5,711.63,3,3,2,8,Loyal Customers
16603,75,2,482.47,3,2,2,7,Recent but Low Value
16604,548,3,326.25,1,2,1,4,Lost
16605,724,1,60.48,1,1,1,3,Lost
16606,404,2,357.66,1,2,2,5,Needs Attention
16607,18,29,5375.18,4,4,4,12,Champions
16608,454,2,1288.72,1,2,3,6,Needs Attention
16609,15,9,5450.96,4,4,4,12,Champions
16610,219,1,75.66,2,1,1,4,Lost
16611,186,7,1776.63,2,3,3,8,Loyal Customers
16612,33,10,3243.48,3,4,4,11,Champions
16613,70,1,618.59,3,1,2,6,Recent but Low Value
16614,183,3,1179.79,2,2,3,7,Needs Attention
16615,569,2,264.5,1,2,1,4,Lost
16616,15,2,500.42,4,2,2,8,Loyal Customers
16617,236,1,151.85,2,1,1,4,Lost
16618,31,6,2630.64,3,3,4,10,Champions
16619,254,5,1916.53,2,3,3,8,Loyal Customers
16620,4,6,1758.93,4,3,3,10,Champions
16621,52,4,813.48,3,3,2,8,Loyal Customers
16622,542,2,205.6,1,2,1,4,Lost
16623,246,5,1002.49,2,3,3,8,Loyal Customers
16624,81,2,810.5699999999999,3,2,2,7,Recent but Low Value
16625,275,6,1651.08,2,3,3,8,Loyal Customers
16626,1,20,4379.65,4,4,4,12,Champions
16627,79,1,322.8,3,1,1,5,Recent but Low Value
16628,30,8,2313.09,3,4,4,11,Champions
16629,74,2,417.73,3,2,2,7,Recent but Low Value
16630,407,2,104.30000000000001,1,2,1,4,Lost
16631,482,8,1867.02,1,4,3,8,Loyal Customers
16632,486,2,406.4,1,2,2,5,Needs Attention
16633,17,7,2878.15,4,3,4,11,Champions
16634,223,10,1363.1,2,4,3,9,Loyal Customers
16635,407,1,473.0,1,1,2,4,Lost
16636,438,4,3802.04,1,3,4,8,Loyal Customers
16637,32,5,1124.59,3,3,3,9,Loyal Customers
16638,23,16,2426.28,4,4,4,12,Champions
16639,25,5,1659.85,3,3,3,9,Loyal Customers
16640,398,1,179.4,1,1,1,3,Lost
16641,106,2,554.5,2,2,2,6,Needs Attention
16642,5,5,1051.46,4,3,3,10,Champions
16643,246,3,915.5600000000001,2,2,3,7,Needs Attention
16644,178,2,833.78,2,2,2,6,Needs Attention
16645,736,1,160.39,1,1,1,3,Lost
16646,444,2,675.05,1,2,2,5,Needs Attention
16647,170,4,541.9,2,3,2,7,At Risk (Was Valuable)
16648,39,4,653.0,3,3,2,8,Loyal Customers
16649,520,1,306.58000000000004,1,1,1,3,Lost
16650,72,7,1916.11,3,3,3,9,Loyal Customers
16651,587,1,136.2,1,1,1,3,Lost
16652,54,24,17312.83,3,4,4,11,Champions
16653,16,3,1166.92,4,2,3,9,Loyal Customers
16654,141,9,1705.17,2,4,3,9,Loyal Customers
16655,18,14,6513.27,4,4,4,12,Champions
16656,22,44,16307.72,4,4,4,12,Champions
16657,10,4,933.62,4,3,3,10,Champions
16658,368,9,696.72,2,4,2,8,Loyal Customers
16659,189,1,39.12,2,1,1,4,Lost
16660,16,8,1422.35,4,4,3,11,Champions
16661,540,5,842.1800000000001,1,3,2,6,At Risk (Was Valuable)
16662,394,1,163.8,1,1,1,3,Lost
16663,729,1,165.0,1,1,1,3,Lost
16664,569,1,109.2,1,1,1,3,Lost
16665,362,1,135.39999999999998,2,1,1,4,Lost
16666,19,2,225.94,4,2,1,7,Recent but Low Value
16667,68,2,570.13,3,2,2,7,Recent but Low Value
16668,15,13,862.42,4,4,2,10,Champions
16669,24,5,226.14000000000001,4,3,1,8,Loyal Customers
16670,17,33,7786.66,4,4,4,12,Champions
16671,28,3,1692.27,3,2,3,8,Loyal Customers
16672,2,23,8093.59,4,4,4,12,Champions
16673,679,1,188.83,1,1,1,3,Lost
16674,55,2,319.61,3,2,1,6,Recent but Low Value
16675,442,2,608.86,1,2,2,5,Needs Attention
16676,34,7,2328.5,3,3,4,10,Champions
16677,393,3,849.77,1,2,2,5,Needs Attention
16678,3,17,3013.83,4,4,4,12,Champions
16679,366,3,793.06,2,2,2,6,Needs Attention
16680,43,3,821.45,3,2,2,7,Recent but Low Value
16681,73,7,1921.84,3,3,3,9,Loyal Customers
16682,5,5,1028.0,4,3,3,10,Champions
16683,529,2,309.35,1,2,1,4,Lost
16684,4,65,141502.25,4,4,4,12,Champions
16685,61,2,324.24,3,2,1,6,Recent but Low Value
16686,47,18,5051.57,3,4,4,11,Champions
16687,391,1,157.63,1,1,1,3,Lost
16688,1,4,1260.86,4,3,3,10,Champions
16689,76,3,303.26,3,2,1,6,Recent but Low Value
16690,44,5,336.08,3,3,1,7,Recent but Low Value
16691,418,2,178.83,1,2,1,4,Lost
16692,256,4,1914.6999999999998,2,3,3,8,Loyal Customers
16693,69,5,1199.46,3,3,3,9,Loyal Customers
16694,723,1,98.30000000000001,1,1,1,3,Lost
16695,562,2,193.15,1,2,1,4,Lost
16696,135,4,657.9000000000001,2,3,2,7,At Risk (Was Valuable)
16697,241,1,112.75,2,1,1,4,Lost
16698,227,2,1998.0,2,2,3,7,Needs Attention
16699,380,8,964.9,1,4,3,8,Loyal Customers
16700,9,31,9084.06,4,4,4,12,Champions
16701,9,34,9614.59,4,4,4,12,Champions
16702,415,5,1100.8799999999999,1,3,3,7,At Risk (Was Valuable)
16704,618,2,695.66,1,2,2,5,Needs Attention
16705,1,61,42653.141,4,4,4,12,Champions
16706,37,3,531.35,3,2,2,7,Recent but Low Value
16707,400,4,551.11,1,3,2,6,At Risk (Was Valuable)
16708,46,1,656.63,3,1,2,6,Recent but Low Value
16709,85,14,9087.460000000001,3,4,4,11,Champions
16710,19,23,6336.34,4,4,4,12,Champions
16711,3,10,2751.48,4,4,4,12,Champions
16712,9,13,4266.99,4,4,4,12,Champions
16713,19,41,14380.54,4,4,4,12,Champions
16714,219,7,1254.71,2,3,3,8,Loyal Customers
16715,78,2,625.52,3,2,2,7,Recent but Low Value
16716,267,4,1568.2800000000002,2,3,3,8,Loyal Customers
16717,9,20,6309.96,4,4,4,12,Champions
16718,369,5,3647.53,2,3,4,9,Loyal Customers
16719,15,17,3828.55,4,4,4,12,Champions
16720,26,4,593.43,3,3,2,8,Loyal Customers
16721,262,1,292.47,2,1,1,4,Lost
16722,17,26,8967.83,4,4,4,12,Champions
16723,91,4,1301.63,3,3,3,9,Loyal Customers
16724,405,1,147.35,1,1,1,3,Lost
16725,302,16,1870.71,2,4,3,9,Loyal Customers
16726,26,7,2088.41,3,3,3,9,Loyal Customers
16727,364,4,1437.42,2,3,3,8,Loyal Customers
16728,46,4,1054.67,3,3,3,9,Loyal Customers
16729,36,26,7076.28,3,4,4,11,Champions
16730,52,4,702.79,3,3,2,8,Loyal Customers
16731,648,1,174.05,1,1,1,3,Lost
16732,32,9,3966.79,3,4,4,11,Champions
16733,530,1,259.68,1,1,1,3,Lost
16734,52,3,650.51,3,2,2,7,Recent but Low Value
16735,79,22,5632.01,3,4,4,11,Champions
16736,506,8,2904.51,1,4,4,9,Loyal Customers
16737,53,2,835.1999999999999,3,2,2,7,Recent but Low Value
16738,298,1,3.75,2,1,1,4,Lost
16739,172,4,772.23,2,3,2,7,At Risk (Was Valuable)
16740,395,1,236.81,1,1,1,3,Lost
16741,625,1,173.06,1,1,1,3,Lost
16742,47,15,2387.71,3,4,4,11,Champions
16743,29,15,4207.01,3,4,4,11,Champions
16744,11,7,1304.76,4,3,3,10,Champions
16745,87,18,7170.7,3,4,4,11,Champions
16746,5,46,18031.85,4,4,4,12,Champions
16747,25,4,826.96,3,3,2,8,Loyal Customers
16748,18,15,3632.29,4,4,4,12,Champions
16749,591,2,4387.08,1,2,4,7,Needs Attention
16750,45,5,623.93,3,3,2,8,Loyal Customers
16751,31,1,1764.72,3,1,3,7,Recent but Low Value
16752,373,1,415.0,2,1,2,5,Needs Attention
16753,58,1,223.92000000000002,3,1,1,5,Recent but Low Value
16754,372,35,56560.58,2,4,4,10,Champions
16755,114,10,2882.03,2,4,4,10,Champions
16756,215,9,1287.42,2,4,3,9,Loyal Customers
16757,319,2,270.48,2,2,1,5,Needs Attention
16758,65,1,369.34000000000003,3,1,2,6,Recent but Low Value
16759,8,4,772.84,4,3,2,9,Loyal Customers
16760,430,1,228.0,1,1,1,3,Lost
16761,97,1,316.62,2,1,1,4,Lost
16762,20,3,1501.38,4,2,3,9,Loyal Customers
16763,185,3,947.75,2,2,3,7,Needs Attention
16764,4,18,2758.25,4,4,4,12,Champions
16765,294,2,454.75,2,2,2,6,Needs Attention
16766,273,2,1145.6,2,2,3,7,Needs Attention
16767,31,16,7971.8,3,4,4,11,Champions
16768,48,14,1647.07,3,4,3,10,Champions
16769,260,4,1141.75,2,3,3,8,Loyal Customers
16770,58,11,1900.03,3,4,3,10,Champions
16771,33,10,3967.6,3,4,4,11,Champions
16772,417,5,2785.6,1,3,4,8,Loyal Customers
16773,57,3,421.24,3,2,2,7,Recent but Low Value
16774,68,9,1587.85,3,4,3,10,Champions
16775,10,17,2975.29,4,4,4,12,Champions
16776,60,2,619.85,3,2,2,7,Recent but Low Value
16777,80,6,1277.01,3,3,3,9,Loyal Customers
16778,74,2,245.94,3,2,1,6,Recent but Low Value
16779,2,62,32981.61,4,4,4,12,Champions
16780,100,3,605.55,2,2,2,6,Needs Attention
16781,365,3,901.05,2,2,3,7,Needs Attention
16782,10,50,10348.960000000001,4,4,4,12,Champions
16783,437,1,391.95,1,1,2,4,Lost
16784,20,5,896.53,4,3,3,10,Champions
16785,410,1,533.78,1,1,2,4,Lost
16786,394,1,51.839999999999996,1,1,1,3,Lost
16787,398,4,1035.43,1,3,3,7,At Risk (Was Valuable)
16788,123,5,1950.3,2,3,3,8,Loyal Customers
16789,8,1,80.8,4,1,1,6,Recent but Low Value
16790,4,8,1520.1200000000001,4,4,3,11,Champions
16791,29,18,3946.12,3,4,4,11,Champions
16792,282,5,623.46,2,3,2,7,At Risk (Was Valuable)
16793,57,1,243.84,3,1,1,5,Recent but Low Value
16794,1,17,2069.71,4,4,3,11,Champions
16795,365,5,2465.19,2,3,4,9,Loyal Customers
16796,89,1,305.62,3,1,1,5,Recent but Low Value
16797,393,9,1786.77,1,4,3,8,Loyal Customers
16798,554,4,837.56,1,3,2,6,At Risk (Was Valuable)
16799,432,3,491.03000000000003,1,2,2,5,Needs Attention
16800,11,1,1201.49,4,1,3,8,Loyal Customers
16801,163,5,867.83,2,3,2,7,At Risk (Was Valuable)
16802,679,2,582.61,1,2,2,5,Needs Attention
16803,65,1,332.3,3,1,1,5,Recent but Low Value
16804,23,3,536.99,4,2,2,8,Loyal Customers
16805,174,5,1097.24,2,3,3,8,Loyal Customers
16806,103,4,801.49,2,3,2,7,At Risk (Was Valuable)
16807,143,8,2064.88,2,4,3,9,Loyal Customers
16808,99,2,288.42,2,2,1,5,Needs Attention
16809,23,10,1725.48,4,4,3,11,Champions
16810,192,4,786.14,2,3,2,7,At Risk (Was Valuable)
16811,5,2,547.07,4,2,2,8,Loyal Customers
16812,361,5,2216.8,2,3,3,8,Loyal Customers
16813,8,10,1692.98,4,4,3,11,Champions
16814,14,37,12491.210000000001,4,4,4,12,Champions
16815,454,2,410.97,1,2,2,5,Needs Attention
16816,103,4,417.06,2,3,2,7,At Risk (Was Valuable)
16817,3,18,2594.55,4,4,4,12,Champions
16818,11,13,3317.97,4,4,4,12,Champions
16819,465,2,182.59,1,2,1,4,Lost
16820,96,1,497.61,2,1,2,5,Needs Attention
16821,382,1,113.35,1,1,1,3,Lost
16822,664,3,144.84,1,2,1,4,Lost
16823,227,8,2253.14,2,4,4,10,Champions
16824,16,3,686.24,4,2,2,8,Loyal Customers
16825,39,5,1826.89,3,3,3,9,Loyal Customers
16826,51,1,341.7,3,1,2,6,Recent but Low Value
16827,393,5,392.13,1,3,2,6,At Risk (Was Valuable)
16828,93,2,128.5,2,2,1,5,Needs Attention
16829,157,2,513.32,2,2,2,6,Needs Attention
16830,39,5,1183.7,3,3,3,9,Loyal Customers
16831,565,1,91.8,1,1,1,3,Lost
16832,184,5,417.61,2,3,2,7,At Risk (Was Valuable)
16833,1,6,2409.04,4,3,4,11,Champions
16834,228,2,898.96,2,2,3,7,Needs Attention
16835,128,10,1471.51,2,4,3,9,Loyal Customers
16836,40,4,782.37,3,3,2,8,Loyal Customers
16837,31,12,3167.73,3,4,4,11,Champions
16838,197,6,1126.66,2,3,3,8,Loyal Customers
16839,9,51,20968.27,4,4,4,12,Champions
16840,603,3,126.71000000000001,1,2,1,4,Lost
16841,37,14,3841.16,3,4,4,11,Champions
16842,64,4,1260.44,3,3,3,9,Loyal Customers
16843,43,38,19528.78,3,4,4,11,Champions
16844,563,2,614.34,1,2,2,5,Needs Attention
16845,618,1,253.88,1,1,1,3,Lost
16846,50,3,842.41,3,2,2,7,Recent but Low Value
16847,43,2,614.89,3,2,2,7,Recent but Low Value
16848,53,4,1411.62,3,3,3,9,Loyal Customers
16849,187,1,124.57,2,1,1,4,Lost
16850,334,1,332.41,2,1,1,4,Lost
16851,4,3,342.45,4,2,2,8,Loyal Customers
16852,10,2,144.91000000000003,4,2,1,7,Recent but Low Value
16854,417,2,1408.96,1,2,3,6,Needs Attention
16855,24,2,328.4,4,2,1,7,Recent but Low Value
16856,15,3,358.49,4,2,2,8,Loyal Customers
16857,443,1,352.8,1,1,2,4,Lost
16858,366,16,4431.63,2,4,4,10,Champions
16859,106,10,1657.74,2,4,3,9,Loyal Customers
16860,453,4,1593.67,1,3,3,7,At Risk (Was Valuable)
16861,60,6,902.37,3,3,3,9,Loyal Customers
16862,547,4,662.33,1,3,2,6,At Risk (Was Valuable)
16863,29,5,977.07,3,3,3,9,Loyal Customers
16864,434,2,409.25,1,2,2,5,Needs Attention
16865,402,1,130.95,1,1,1,3,Lost
16866,141,3,207.73999999999998,2,2,1,5,Needs Attention
16867,690,1,76.74000000000001,1,1,1,3,Lost
16868,394,3,393.39,1,2,2,5,Needs Attention
16869,23,5,805.62,4,3,2,9,Loyal Customers
16870,469,1,450.15999999999997,1,1,2,4,Lost
16871,22,7,2761.4900000000002,4,3,4,11,Champions
16872,77,6,1213.13,3,3,3,9,Loyal Customers
16873,5,17,14547.03,4,4,4,12,Champions
16874,379,1,217.74,1,1,1,3,Lost
16875,64,20,4053.2,3,4,4,11,Champions
16876,404,1,136.01,1,1,1,3,Lost
16877,12,6,853.72,4,3,2,9,Loyal Customers
16880,31,8,1840.86,3,4,3,10,Champions
16881,67,1,432.0,3,1,2,6,Recent but Low Value
16882,67,3,705.12,3,2,2,7,Recent but Low Value
16883,187,20,2386.64,2,4,4,10,Champions
16884,38,4,1073.92,3,3,3,9,Loyal Customers
16885,15,4,710.74,4,3,2,9,Loyal Customers
16887,35,3,660.72,3,2,2,7,Recent but Low Value
16888,401,3,437.15,1,2,2,5,Needs Attention
16889,195,6,2530.9,2,3,4,9,Loyal Customers
16890,477,3,285.41,1,2,1,4,Lost
16891,2,11,2056.82,4,4,3,11,Champions
16892,1,9,733.4,4,4,2,10,Champions
16893,367,2,401.77,2,2,2,6,Needs Attention
16894,502,5,1282.36,1,3,3,7,At Risk (Was Valuable)
16895,65,5,1121.42,3,3,3,9,Loyal Customers
16896,555,1,103.95,1,1,1,3,Lost
16897,299,3,213.03,2,2,1,5,Needs Attention
16898,26,6,887.67,3,3,3,9,Loyal Customers
16899,8,8,1721.02,4,4,3,11,Champions
16900,12,5,187.6900000000001,4,3,1,8,Loyal Customers
16901,729,1,204.26,1,1,1,3,Lost
16902,116,1,1706.88,2,1,3,6,Needs Attention
16903,29,4,1029.98,3,3,3,9,Loyal Customers
16904,4,21,5132.37,4,4,4,12,Champions
16905,5,20,5004.5,4,4,4,12,Champions
16906,82,7,1448.8,3,3,3,9,Loyal Customers
16907,29,9,1707.9,3,4,3,10,Champions
16908,722,2,153.59,1,2,1,4,Lost
16909,64,2,364.14,3,2,2,7,Recent but Low Value
16910,4,8,1510.06,4,4,3,11,Champions
16911,627,3,251.35,1,2,1,4,Lost
16912,23,18,4433.6,4,4,4,12,Champions
16913,290,3,423.90999999999997,2,2,2,6,Needs Attention
16914,36,1,208.46,3,1,1,5,Recent but Low Value
16915,9,11,1543.18,4,4,3,11,Champions
16916,24,4,1123.4,4,3,3,10,Champions
16917,277,3,1848.88,2,2,3,7,Needs Attention
16918,50,19,3138.06,3,4,4,11,Champions
16919,156,28,5053.81,2,4,4,10,Champions
16920,411,1,355.45,1,1,2,4,Lost
16921,61,3,446.67,3,2,2,7,Recent but Low Value
16922,573,1,611.08,1,1,2,4,Lost
16923,12,41,12793.380000000001,4,4,4,12,Champions
16924,21,4,739.5,4,3,2,9,Loyal Customers
16925,540,1,125.65,1,1,1,3,Lost
16926,371,6,1410.4,2,3,3,8,Loyal Customers
16927,116,3,543.05,2,2,2,6,Needs Attention
16928,80,33,3993.58,3,4,4,11,Champions
16929,4,7,1295.39,4,3,3,10,Champions
16930,26,3,380.55,3,2,2,7,Recent but Low Value
16931,5,23,5233.62,4,4,4,12,Champions
16932,53,3,440.71,3,2,2,7,Recent but Low Value
16933,1,16,3099.6,4,4,4,12,Champions
16934,55,7,2090.7400000000002,3,3,3,9,Loyal Customers
16935,382,3,535.1,1,2,2,5,Needs Attention
16936,26,2,551.17,3,2,2,7,Recent but Low Value
16937,499,1,202.1,1,1,1,3,Lost
16938,9,10,6209.93,4,4,4,12,Champions
16939,489,3,449.0,1,2,2,5,Needs Attention
16940,52,11,6245.41,3,4,4,11,Champions
16941,612,1,33.0,1,1,1,3,Lost
16942,13,10,1894.11,4,4,3,11,Champions
16943,212,7,816.73,2,3,2,7,At Risk (Was Valuable)
16944,610,1,101.36,1,1,1,3,Lost
16945,22,35,8530.66,4,4,4,12,Champions
16946,383,6,1199.54,1,3,3,7,At Risk (Was Valuable)
16947,236,10,896.73,2,4,3,9,Loyal Customers
16948,139,7,868.77,2,3,2,7,At Risk (Was Valuable)
16949,4,7,1161.27,4,3,3,10,Champions
16950,57,12,3725.19,3,4,4,11,Champions
16951,123,4,1262.75,2,3,3,8,Loyal Customers
16952,109,5,798.78,2,3,2,7,At Risk (Was Valuable)
16953,30,1,20.8,3,1,1,5,Recent but Low Value
16954,1,21,6037.33,4,4,4,12,Champions
16955,185,9,1261.16,2,4,3,9,Loyal Customers
16956,9,2,292.34,4,2,1,7,Recent but Low Value
16957,239,2,416.64,2,2,2,6,Needs Attention
16958,435,1,809.44,1,1,2,4,Lost
16959,87,1,117.35000000000001,3,1,1,5,Recent but Low Value
16960,39,9,2021.98,3,4,3,10,Champions
16961,116,6,773.01,2,3,2,7,At Risk (Was Valuable)
16962,410,1,251.04,1,1,1,3,Lost
16963,187,1,110.55000000000001,2,1,1,4,Lost
16964,733,2,207.85,1,2,1,4,Lost
16965,227,1,201.19,2,1,1,4,Lost
16966,8,10,2148.47,4,4,3,11,Champions
16967,189,1,319.02,2,1,1,4,Lost
16968,4,2,439.43,4,2,2,8,Loyal Customers
16969,39,3,650.41,3,2,2,7,Recent but Low Value
16970,626,1,71.4,1,1,1,3,Lost
16971,3,2,232.20999999999998,4,2,1,7,Recent but Low Value
16972,383,2,786.25,1,2,2,5,Needs Attention
16973,386,1,127.0,1,1,1,3,Lost
16974,523,2,365.5,1,2,2,5,Needs Attention
16975,414,5,902.4200000000001,1,3,3,7,At Risk (Was Valuable)
16976,267,1,251.51999999999998,2,1,1,4,Lost
16977,395,4,496.0,1,3,2,6,At Risk (Was Valuable)
16978,78,3,768.88,3,2,2,7,Recent but Low Value
16979,4,12,2787.09,4,4,4,12,Champions
16980,255,3,1473.3300000000002,2,2,3,7,Needs Attention
16982,61,1,384.06,3,1,2,6,Recent but Low Value
16983,13,12,3699.17,4,4,4,12,Champions
16984,78,19,10599.42,3,4,4,11,Champions
16985,17,26,10545.76,4,4,4,12,Champions
16986,30,11,4888.75,3,4,4,11,Champions
16987,3,12,2524.0,4,4,4,12,Champions
16988,5,2,382.67,4,2,2,8,Loyal Customers
16989,7,6,1133.25,4,3,3,10,Champions
16990,219,2,344.0,2,2,2,6,Needs Attention
16991,421,1,1041.21,1,1,3,5,Needs Attention
16992,11,15,5460.1,4,4,4,12,Champions
16993,463,3,1688.15,1,2,3,6,Needs Attention
16996,30,13,2044.16,3,4,3,10,Champions
16997,288,3,702.0,2,2,2,6,Needs Attention
16998,150,7,394.02000000000004,2,3,2,7,At Risk (Was Valuable)
16999,23,2,484.82,4,2,2,8,Loyal Customers
17000,396,2,406.3,1,2,2,5,Needs Attention
17001,1,19,6640.8,4,4,4,12,Champions
17002,73,8,2565.6,3,4,4,11,Champions
17003,402,4,830.16,1,3,2,6,At Risk (Was Valuable)
17004,46,4,2425.16,3,3,4,10,Champions
17005,471,3,732.41,1,2,2,5,Needs Attention
17006,5,8,1636.32,4,4,3,11,Champions
17007,51,8,1107.6,3,4,3,10,Champions
17008,429,1,81.36,1,1,1,3,Lost
17009,551,1,242.06,1,1,1,3,Lost
17010,17,2,185.46,4,2,1,7,Recent but Low Value
17011,30,4,536.7,3,3,2,8,Loyal Customers
17012,725,1,384.16,1,1,2,4,Lost
17014,8,4,565.58,4,3,2,9,Loyal Customers
17015,29,3,1842.56,3,2,3,8,Loyal Customers
17016,577,1,552.4,1,1,2,4,Lost
17017,3,41,8087.41,4,4,4,12,Champions
17018,41,6,2287.7,3,3,4,10,Champions
17019,11,13,3951.5,4,4,4,12,Champions
17020,542,2,935.62,1,2,3,6,Needs Attention
17021,442,6,1182.22,1,3,3,7,At Risk (Was Valuable)
17022,31,2,260.0,3,2,1,6,Recent but Low Value
17023,417,3,800.18,1,2,2,5,Needs Attention
17024,45,3,95.85,3,2,1,6,Recent but Low Value
17025,61,5,1510.6399999999999,3,3,3,9,Loyal Customers
17026,185,3,208.98,2,2,1,5,Needs Attention
17027,79,10,1285.41,3,4,3,10,Champions
17028,581,3,1593.83,1,2,3,6,Needs Attention
17029,111,7,2137.3,2,3,3,8,Loyal Customers
17030,64,1,146.87,3,1,1,5,Recent but Low Value
17031,12,6,2773.85,4,3,4,11,Champions
17032,442,13,2150.06,1,4,3,8,Loyal Customers
17033,86,4,1332.79,3,3,3,9,Loyal Customers
17034,16,7,1239.32,4,3,3,10,Champions
17035,246,5,568.39,2,3,2,7,At Risk (Was Valuable)
17036,383,1,176.9,1,1,1,3,Lost
17037,78,2,1253.22,3,2,3,8,Loyal Customers
17038,30,2,743.17,3,2,2,7,Recent but Low Value
17039,604,1,1954.99,1,1,3,5,Needs Attention
17040,138,2,463.25,2,2,2,6,Needs Attention
17041,27,7,1670.48,3,3,3,9,Loyal Customers
17042,3,5,1044.3799999999999,4,3,3,10,Champions
17043,32,8,2616.55,3,4,4,11,Champions
17044,9,16,11867.6,4,4,4,12,Champions
17045,113,5,827.6800000000001,2,3,2,7,At Risk (Was Valuable)
17046,157,5,1906.07,2,3,3,8,Loyal Customers
17047,85,6,2289.23,3,3,4,10,Champions
17048,115,11,1991.45,2,4,3,9,Loyal Customers
17049,3,25,9593.78,4,4,4,12,Champions
17050,96,12,4391.66,2,4,4,10,Champions
17051,194,4,714.39,2,3,2,7,At Risk (Was Valuable)
17052,28,1,413.75,3,1,2,6,Recent but Low Value
17053,129,2,496.38,2,2,2,6,Needs Attention
17054,28,6,1353.83,3,3,3,9,Loyal Customers
17055,446,1,239.55,1,1,1,3,Lost
17056,738,1,128.60000000000002,1,1,1,3,Lost
17057,596,1,294.74,1,1,1,3,Lost
17058,82,3,1179.89,3,2,3,8,Loyal Customers
17059,30,10,5584.83,3,4,4,11,Champions
17060,266,1,234.24,2,1,1,4,Lost
17061,74,12,5116.13,3,4,4,11,Champions
17062,314,7,1204.32,2,3,3,8,Loyal Customers
17063,9,23,3576.88,4,4,4,12,Champions
17064,59,3,859.35,3,2,2,7,Recent but Low Value
17065,143,3,82.35,2,2,1,5,Needs Attention
17066,726,1,228.34,1,1,1,3,Lost
17067,725,3,454.54,1,2,2,5,Needs Attention
17068,12,49,9126.43,4,4,4,12,Champions
17069,28,21,5718.4,3,4,4,11,Champions
17070,114,2,445.32,2,2,2,6,Needs Attention
17071,9,20,3738.45,4,4,4,12,Champions
17072,625,1,282.05,1,1,1,3,Lost
17073,18,4,1446.09,4,3,3,10,Champions
17074,563,1,203.05,1,1,1,3,Lost
17075,18,11,2221.38,4,4,3,11,Champions
17076,36,6,1242.75,3,3,3,9,Loyal Customers
17077,578,1,306.0,1,1,1,3,Lost
17078,36,2,378.2,3,2,2,7,Recent but Low Value
17079,78,1,118.80000000000001,3,1,1,5,Recent but Low Value
17080,22,8,955.41,4,4,3,11,Champions
17081,25,6,964.39,3,3,3,9,Loyal Customers
17082,33,6,4732.03,3,3,4,10,Champions
17083,109,11,4035.08,2,4,4,10,Champions
17084,35,4,5199.72,3,3,4,10,Champions
17085,123,32,7757.41,2,4,4,10,Champions
17086,7,6,2050.08,4,3,3,10,Champions
17087,738,1,221.53,1,1,1,3,Lost
17088,28,4,1991.01,3,3,3,9,Loyal Customers
17089,386,1,128.45,1,1,1,3,Lost
17090,4,15,3055.94,4,4,4,12,Champions
17091,3,23,7777.5,4,4,4,12,Champions
17092,50,14,5563.31,3,4,4,11,Champions
17093,593,1,235.88,1,1,1,3,Lost
17094,318,3,370.40000000000003,2,2,2,6,Needs Attention
17095,22,12,2312.59,4,4,4,12,Champions
17096,9,17,3690.83,4,4,4,12,Champions
17097,2,10,1323.95,4,4,3,11,Champions
17098,382,3,591.0699999999999,1,2,2,5,Needs Attention
17099,533,1,582.17,1,1,2,4,Lost
17100,18,2,971.74,4,2,3,9,Loyal Customers
17101,10,7,2507.05,4,3,4,11,Champions
17102,262,1,25.5,2,1,1,4,Lost
17103,722,1,424.3,1,1,2,4,Lost
17104,424,1,474.03,1,1,2,4,Lost
17105,159,2,665.78,2,2,2,6,Needs Attention
17106,389,1,491.23,1,1,2,4,Lost
17107,33,13,15616.82,3,4,4,11,Champions
17108,664,1,174.95,1,1,1,3,Lost
17109,29,10,1280.1,3,4,3,10,Champions
17110,165,3,510.7,2,2,2,6,Needs Attention
17111,47,2,476.58,3,2,2,7,Recent but Low Value
17112,503,1,205.17,1,1,1,3,Lost
17113,505,8,2109.16,1,4,3,8,Loyal Customers
17114,6,10,747.22,4,4,2,10,Champions
17115,8,13,2616.29,4,4,4,12,Champions
17116,648,1,389.78,1,1,2,4,Lost
17117,288,1,116.19999999999999,2,1,1,4,Lost
17118,318,1,157.02,2,1,1,4,Lost
17119,3,3,593.61,4,2,2,8,Loyal Customers
17120,233,1,307.46,2,1,1,4,Lost
17121,403,1,314.74,1,1,1,3,Lost
17122,119,4,570.5,2,3,2,7,At Risk (Was Valuable)
17123,162,3,977.17,2,2,3,7,Needs Attention
17124,185,1,298.89,2,1,1,4,Lost
17125,50,1,259.35,3,1,1,5,Recent but Low Value
17126,152,11,2057.54,2,4,3,9,Loyal Customers
17127,429,5,1155.0300000000002,1,3,3,7,At Risk (Was Valuable)
17128,335,1,157.09,2,1,1,4,Lost
17129,520,1,31.85,1,1,1,3,Lost
17131,5,5,2463.17,4,3,4,11,Champions
17132,452,2,1272.8,1,2,3,6,Needs Attention
17133,16,13,12972.09,4,4,4,12,Champions
17134,107,3,637.1,2,2,2,6,Needs Attention
17135,16,11,1943.24,4,4,3,11,Champions
17136,662,1,231.68,1,1,1,3,Lost
17137,416,6,1133.63,1,3,3,7,At Risk (Was Valuable)
17138,276,7,4417.27,2,3,4,9,Loyal Customers
17139,16,29,19491.61,4,4,4,12,Champions
17140,247,1,465.32,2,1,2,5,Needs Attention
17141,418,4,754.33,1,3,2,6,At Risk (Was Valuable)
17142,239,4,1283.75,2,3,3,8,Loyal Customers
17143,417,2,924.11,1,2,3,6,Needs Attention
17144,1,2,984.57,4,2,3,9,Loyal Customers
17145,465,7,3014.64,1,3,4,8,Loyal Customers
17146,106,16,5795.99,2,4,4,10,Champions
17147,23,16,3069.15,4,4,4,12,Champions
17148,52,1,124.88,3,1,1,5,Recent but Low Value
17149,451,1,143.10000000000002,1,1,1,3,Lost
17150,377,6,1375.65,1,3,3,7,At Risk (Was Valuable)
17151,735,1,231.90000000000003,1,1,1,3,Lost
17152,195,5,1830.5,2,3,3,8,Loyal Customers
17153,24,1,213.78,4,1,1,6,Recent but Low Value
17154,75,1,329.34,3,1,1,5,Recent but Low Value
17155,18,7,892.46,4,3,3,10,Champions
17156,484,2,572.07,1,2,2,5,Needs Attention
17157,8,20,5139.45,4,4,4,12,Champions
17158,32,6,1962.3,3,3,3,9,Loyal Customers
17159,22,6,2095.44,4,3,3,10,Champions
17160,31,18,10201.36,3,4,4,11,Champions
17161,444,1,856.01,1,1,2,4,Lost
17162,29,11,1707.21,3,4,3,10,Champions
17163,22,4,699.78,4,3,2,9,Loyal Customers
17164,33,8,2466.4,3,4,4,11,Champions
17165,284,8,1783.63,2,4,3,9,Loyal Customers
17166,39,3,189.49,3,2,1,6,Recent but Low Value
17167,380,3,867.11,1,2,2,5,Needs Attention
17168,499,1,400.2,1,1,2,4,Lost
17169,50,6,1129.8799999999999,3,3,3,9,Loyal Customers
17170,374,3,118.98,2,2,1,5,Needs Attention
17171,289,2,384.59,2,2,2,6,Needs Attention
17172,75,6,910.99,3,3,3,9,Loyal Customers
17173,5,9,3755.65,4,4,4,12,Champions
17174,218,1,59.9,2,1,1,4,Lost
17175,44,5,1430.94,3,3,3,9,Loyal Customers
17176,202,3,902.3199999999999,2,2,3,7,Needs Attention
17177,505,1,119.5,1,1,1,3,Lost
17178,731,1,436.71,1,1,2,4,Lost
17179,178,6,1507.26,2,3,3,8,Loyal Customers
17180,56,14,2236.33,3,4,4,11,Champions
17181,57,3,465.37,3,2,2,7,Recent but Low Value
17182,423,2,321.3,1,2,1,4,Lost
17183,8,8,3286.9100000000003,4,4,4,12,Champions
17184,569,2,198.41000000000003,1,2,1,4,Lost
17185,592,3,229.46,1,2,1,4,Lost
17186,47,2,144.0,3,2,1,6,Recent but Low Value
17187,227,2,467.71,2,2,2,6,Needs Attention
17188,11,17,4361.83,4,4,4,12,Champions
17189,106,5,957.63,2,3,3,8,Loyal Customers
17190,59,8,1548.04,3,4,3,10,Champions
17191,28,16,4810.55,3,4,4,11,Champions
17192,536,1,77.83,1,1,1,3,Lost
17193,36,12,2254.6,3,4,4,11,Champions
17194,274,3,812.5,2,2,2,6,Needs Attention
17195,655,1,562.98,1,1,2,4,Lost
17196,428,1,352.9,1,1,2,4,Lost
17197,30,1,1013.01,3,1,3,7,Recent but Low Value
17198,24,3,1213.88,4,2,3,9,Loyal Customers
17199,582,1,145.12,1,1,1,3,Lost
17200,387,4,356.71,1,3,2,6,At Risk (Was Valuable)
17201,54,5,1226.44,3,3,3,9,Loyal Customers
17202,421,1,160.65,1,1,1,3,Lost
17203,36,10,5575.88,3,4,4,11,Champions
17204,169,15,5263.69,2,4,4,10,Champions
17205,54,3,999.35,3,2,3,8,Loyal Customers
17206,53,1,204.24,3,1,1,5,Recent but Low Value
17207,652,1,303.21999999999997,1,1,1,3,Lost
17208,396,1,115.35,1,1,1,3,Lost
17209,649,3,611.6,1,2,2,5,Needs Attention
17210,393,1,253.37,1,1,1,3,Lost
17211,27,15,4002.1,3,4,4,11,Champions
17212,253,3,794.41,2,2,2,6,Needs Attention
17213,40,20,5078.93,3,4,4,11,Champions
17214,60,7,984.12,3,3,3,9,Loyal Customers
17215,464,1,186.15,1,1,1,3,Lost
17216,554,1,65.05,1,1,1,3,Lost
17217,234,2,218.0,2,2,1,5,Needs Attention
17218,4,18,4192.68,4,4,4,12,Champions
17219,32,2,259.13,3,2,1,6,Recent but Low Value
17220,24,21,4481.75,4,4,4,12,Champions
17221,7,5,978.52,4,3,3,10,Champions
17222,65,6,1605.01,3,3,3,9,Loyal Customers
17223,310,3,873.53,2,2,2,6,Needs Attention
17224,501,1,100.86,1,1,1,3,Lost
17225,582,1,131.15,1,1,1,3,Lost
17226,309,3,900.12,2,2,3,7,Needs Attention
17227,19,12,2022.03,4,4,3,11,Champions
17228,16,13,3177.24,4,4,4,12,Champions
17229,96,2,318.76,2,2,1,5,Needs Attention
17230,264,23,9695.91,2,4,4,10,Champions
17231,12,35,7091.07,4,4,4,12,Champions
17232,3,2,421.52,4,2,2,8,Loyal Customers
17233,35,3,560.86,3,2,2,7,Recent but Low Value
17234,183,1,149.89000000000001,2,1,1,4,Lost
17235,25,8,1904.8799999999999,3,4,3,10,Champions
17236,13,12,1929.26,4,4,3,11,Champions
17237,11,4,1002.08,4,3,3,10,Champions
17238,3,32,7783.1,4,4,4,12,Champions
17239,313,6,1174.15,2,3,3,8,Loyal Customers
17240,596,1,130.6,1,1,1,3,Lost
17241,385,12,2744.14,1,4,4,9,Loyal Customers
17242,108,5,2889.28,2,3,4,9,Loyal Customers
17243,1,80,20709.21,4,4,4,12,Champions
17244,53,5,1826.04,3,3,3,9,Loyal Customers
17245,205,2,371.63,2,2,2,6,Needs Attention
17246,547,2,38.92,1,2,1,4,Lost
17247,15,1,282.19,4,1,1,6,Recent but Low Value
17248,120,2,546.16,2,2,2,6,Needs Attention
17249,429,1,68.03,1,1,1,3,Lost
17250,4,2,384.52,4,2,2,8,Loyal Customers
17251,363,4,803.73,2,3,2,7,At Risk (Was Valuable)
17252,117,2,353.86,2,2,2,6,Needs Attention
17253,18,1,178.26,4,1,1,6,Recent but Low Value
17254,5,3,470.73,4,2,2,8,Loyal Customers
17255,41,4,799.13,3,3,2,8,Loyal Customers
17256,107,5,498.93,2,3,2,7,At Risk (Was Valuable)
17257,436,2,192.73,1,2,1,4,Lost
17258,397,2,417.3,1,2,2,5,Needs Attention
17259,148,6,1889.34,2,3,3,8,Loyal Customers
17260,411,1,120.95,1,1,1,3,Lost
17261,510,1,230.44,1,1,1,3,Lost
17262,52,11,2757.62,3,4,4,11,Champions
17263,208,1,63.440000000000005,2,1,1,4,Lost
17264,424,1,279.59,1,1,1,3,Lost
17265,139,2,562.9,2,2,2,6,Needs Attention
17266,2,5,517.73,4,3,2,9,Loyal Customers
17267,127,2,317.62,2,2,1,5,Needs Attention
17268,108,11,1733.8899999999999,2,4,3,9,Loyal Customers
17269,386,1,537.46,1,1,2,4,Lost
17270,469,2,604.4,1,2,2,5,Needs Attention
17271,736,1,210.39,1,1,1,3,Lost
17272,42,5,2144.53,3,3,3,9,Loyal Customers
17273,424,1,141.12,1,1,1,3,Lost
17274,35,2,577.38,3,2,2,7,Recent but Low Value
17275,383,1,114.52,1,1,1,3,Lost
17276,400,2,451.34000000000003,1,2,2,5,Needs Attention
17277,228,2,1065.3500000000001,2,2,3,7,Needs Attention
17278,241,2,271.24,2,2,1,5,Needs Attention
17279,58,1,187.82999999999998,3,1,1,5,Recent but Low Value
17280,438,1,118.85999999999999,1,1,1,3,Lost
17281,374,6,797.8499999999999,2,3,2,7,At Risk (Was Valuable)
17282,130,5,2339.66,2,3,4,9,Loyal Customers
17283,379,1,188.46,1,1,1,3,Lost
17284,60,11,2328.22,3,4,4,11,Champions
17285,628,2,428.34,1,2,2,5,Needs Attention
17286,22,3,395.48,4,2,2,8,Loyal Customers
17287,26,23,4095.71,3,4,4,11,Champions
17288,9,11,2499.98,4,4,4,12,Champions
17289,32,11,2069.89,3,4,3,10,Champions
17290,4,8,1501.44,4,4,3,11,Champions
17291,308,1,550.8000000000001,2,1,2,5,Needs Attention
17292,472,2,271.75,1,2,1,4,Lost
17293,8,17,3774.23,4,4,4,12,Champions
17294,669,2,467.78999999999996,1,2,2,5,Needs Attention
17295,29,3,556.95,3,2,2,7,Recent but Low Value
17296,730,1,338.13,1,1,1,3,Lost
17297,17,1,131.78,4,1,1,6,Recent but Low Value
17298,101,6,952.52,2,3,3,8,Loyal Customers
17299,12,6,1016.08,4,3,3,10,Champions
17300,391,2,393.64,1,2,2,5,Needs Attention
17301,21,2,330.43,4,2,1,7,Recent but Low Value
17302,15,6,1119.93,4,3,3,10,Champions
17303,361,1,250.04,2,1,1,4,Lost
17304,534,1,111.5,1,1,1,3,Lost
17305,649,1,2135.46,1,1,3,5,Needs Attention
17306,11,23,9751.77,4,4,4,12,Champions
17307,365,15,3225.67,2,4,4,10,Champions
17308,393,2,4511.76,1,2,4,7,Needs Attention
17309,95,3,330.59000000000003,2,2,1,5,Needs Attention
17310,387,2,1025.1,1,2,3,6,Needs Attention
17311,78,7,3490.66,3,3,4,10,Champions
17312,139,3,644.3,2,2,2,6,Needs Attention
17313,18,2,2288.13,4,2,4,10,Champions
17314,25,22,4514.7,3,4,4,11,Champions
17315,1,49,9558.55,4,4,4,12,Champions
17316,420,1,124.45,1,1,1,3,Lost
17317,46,5,2524.02,3,3,4,10,Champions
17318,725,1,164.28,1,1,1,3,Lost
17319,669,1,29.1,1,1,1,3,Lost
17320,100,6,2895.77,2,3,4,9,Loyal Customers
17321,8,6,1741.18,4,3,3,10,Champions
17322,376,7,900.64,2,3,3,8,Loyal Customers
17323,15,14,1553.51,4,4,3,11,Champions
17324,18,13,2148.87,4,4,3,11,Champions
17325,280,3,609.5699999999999,2,2,2,6,Needs Attention
17326,408,2,321.95,1,2,1,4,Lost
17327,410,2,152.35,1,2,1,4,Lost
17328,673,1,104.7,1,1,1,3,Lost
17329,14,5,1004.4300000000001,4,3,3,10,Champions
17330,23,4,423.8,4,3,2,9,Loyal Customers
17331,124,1,175.2,2,1,1,4,Lost
17332,528,5,838.27,1,3,2,6,At Risk (Was Valuable)
17333,86,1,494.25,3,1,2,6,Recent but Low Value
17334,301,4,634.73,2,3,2,7,At Risk (Was Valuable)
17335,384,2,508.0,1,2,2,5,Needs Attention
17336,472,1,81.12,1,1,1,3,Lost
17337,151,7,1944.32,2,3,3,8,Loyal Customers
17338,17,20,12036.57,4,4,4,12,Champions
17339,94,4,303.36,2,3,1,6,At Risk (Was Valuable)
17340,9,30,21411.64,4,4,4,12,Champions
17341,157,5,1889.83,2,3,3,8,Loyal Customers
17342,374,7,1155.8400000000001,2,3,3,8,Loyal Customers
17343,355,6,1259.94,2,3,3,8,Loyal Customers
17344,46,3,454.61,3,2,2,7,Recent but Low Value
17345,15,12,1484.3799999999999,4,4,3,11,Champions
17346,4,27,5258.02,4,4,4,12,Champions
17347,86,1,228.96,3,1,1,5,Recent but Low Value
17348,15,9,2476.41,4,4,4,12,Champions
17349,179,5,852.25,2,3,2,7,At Risk (Was Valuable)
17350,8,8,1876.161,4,4,3,11,Champions
17351,36,12,1988.23,3,4,3,10,Champions
17352,696,1,36.25,1,1,1,3,Lost
17353,129,7,3155.55,2,3,4,9,Loyal Customers
17354,51,4,3143.46,3,3,4,10,Champions
17355,386,1,285.11,1,1,1,3,Lost
17356,312,5,946.47,2,3,3,8,Loyal Customers
17357,24,2,388.14,4,2,2,8,Loyal Customers
17358,303,5,866.05,2,3,2,7,At Risk (Was Valuable)
17359,11,2,284.46,4,2,1,7,Recent but Low Value
17360,17,7,1201.43,4,3,3,10,Champions
17361,49,5,880.64,3,3,3,9,Loyal Customers
17362,239,8,1010.54,2,4,3,9,Loyal Customers
17363,395,3,940.86,1,2,3,6,Needs Attention
17364,1,31,11684.55,4,4,4,12,Champions
17365,13,16,8205.83,4,4,4,12,Champions
17366,392,3,1094.59,1,2,3,6,Needs Attention
17367,238,1,168.4,2,1,1,4,Lost
17368,23,16,2213.24,4,4,3,11,Champions
17369,456,1,979.1999999999999,1,1,3,5,Needs Attention
17370,73,4,446.18,3,3,2,8,Loyal Customers
17371,17,6,662.55,4,3,2,9,Loyal Customers
17372,41,31,4325.43,3,4,4,11,Champions
17373,40,7,1167.5,3,3,3,9,Loyal Customers
17374,219,4,711.21,2,3,2,7,At Risk (Was Valuable)
17375,190,5,632.95,2,3,2,7,At Risk (Was Valuable)
17376,71,4,453.64,3,3,2,8,Loyal Customers
17377,24,91,17851.41,4,4,4,12,Champions
17379,11,1,404.66,4,1,2,7,Recent but Low Value
17380,434,4,643.75,1,3,2,6,At Risk (Was Valuable)
17381,9,39,39999.19,4,4,4,12,Champions
17382,65,8,902.28,3,4,3,10,Champions
17383,4,2,309.99,4,2,1,7,Recent but Low Value
17384,19,3,507.55,4,2,2,8,Loyal Customers
17385,15,1,261.11,4,1,1,6,Recent but Low Value
17386,8,7,2812.77,4,3,4,11,Champions
17387,20,2,784.11,4,2,2,8,Loyal Customers
17388,78,11,2691.57,3,4,4,11,Champions
17389,1,77,54587.03,4,4,4,12,Champions
17390,421,1,149.3,1,1,1,3,Lost
17391,164,2,508.8,2,2,2,6,Needs Attention
17392,307,3,626.56,2,2,2,6,Needs Attention
17393,411,2,381.15,1,2,2,5,Needs Attention
17394,219,1,203.86999999999998,2,1,1,4,Lost
17395,508,1,97.5,1,1,1,3,Lost
17396,39,16,8529.6,3,4,4,11,Champions
17397,22,3,1233.18,4,2,3,9,Loyal Customers
17398,115,3,653.38,2,2,2,6,Needs Attention
17400,126,8,4677.05,2,4,4,10,Champions
17401,541,1,114.85,1,1,1,3,Lost
17402,5,26,5047.08,4,4,4,12,Champions
17403,36,2,400.57,3,2,2,7,Recent but Low Value
17404,4,28,46006.82,4,4,4,12,Champions
17405,1,5,967.22,4,3,3,10,Champions
17406,330,18,4592.1,2,4,4,10,Champions
17407,412,1,552.9,1,1,2,4,Lost
17408,163,4,164.89000000000001,2,3,1,6,At Risk (Was Valuable)
17409,185,10,7793.51,2,4,4,10,Champions
17410,16,5,1214.72,4,3,3,10,Champions
17411,12,9,1286.53,4,4,3,11,Champions
17412,3,19,4384.98,4,4,4,12,Champions
17413,405,2,560.14,1,2,2,5,Needs Attention
17414,44,6,2249.52,3,3,4,10,Champions
17415,80,1,507.84,3,1,2,6,Recent but Low Value
17416,30,25,17221.47,3,4,4,11,Champions
17417,549,1,164.18,1,1,1,3,Lost
17418,42,3,670.0600000000001,3,2,2,7,Recent but Low Value
17419,11,20,6474.92,4,4,4,12,Champions
17420,50,8,1074.53,3,4,3,10,Champions
17421,386,3,1059.41,1,2,3,6,Needs Attention
17422,16,20,3341.65,4,4,4,12,Champions
17423,45,5,1084.17,3,3,3,9,Loyal Customers
17425,19,2,759.17,4,2,2,8,Loyal Customers
17426,4,17,7606.37,4,4,4,12,Champions
17427,72,1,100.8,3,1,1,5,Recent but Low Value
17428,1,51,31238.06,4,4,4,12,Champions
17429,121,7,1342.16,2,3,3,8,Loyal Customers
17430,33,4,735.17,3,3,2,8,Loyal Customers
17431,313,1,403.3,2,1,2,5,Needs Attention
17432,18,9,1751.39,4,4,3,11,Champions
17433,88,2,569.96,3,2,2,7,Recent but Low Value
17434,2,9,2333.42,4,4,4,12,Champions
17435,411,1,331.35,1,1,1,3,Lost
17436,2,7,521.31,4,3,2,9,Loyal Customers
17437,530,1,373.17,1,1,2,4,Lost
17438,247,6,1412.6200000000001,2,3,3,8,Loyal Customers
17439,656,1,325.74,1,1,1,3,Lost
17440,148,6,314.26,2,3,1,6,At Risk (Was Valuable)
17441,732,1,293.35,1,1,1,3,Lost
17442,29,23,4500.7,3,4,4,11,Champions
17443,220,1,534.24,2,1,2,5,Needs Attention
17444,148,3,2940.04,2,2,4,8,Loyal Customers
17446,177,2,120.9,2,2,1,5,Needs Attention
17447,40,2,541.53,3,2,2,7,Recent but Low Value
17448,145,54,10192.73,2,4,4,10,Champions
17449,2,14,4935.15,4,4,4,12,Champions
17450,8,61,233579.38999999998,4,4,4,12,Champions
17451,1,10,1648.95,4,4,3,11,Champions
17453,18,2,486.71999999999997,4,2,2,8,Loyal Customers
17454,192,11,1532.64,2,4,3,9,Loyal Customers
17455,204,1,131.7,2,1,1,4,Lost
17456,365,2,1225.42,2,2,3,7,Needs Attention
17457,127,18,5799.01,2,4,4,10,Champions
17458,15,2,529.58,4,2,2,8,Loyal Customers
17459,43,2,657.3,3,2,2,7,Recent but Low Value
17460,79,21,2007.4,3,4,3,10,Champions
17461,23,3,757.46,4,2,2,8,Loyal Customers
17462,51,3,662.94,3,2,2,7,Recent but Low Value
17463,16,9,2537.91,4,4,4,12,Champions
17464,158,4,879.74,2,3,3,8,Loyal Customers
17465,426,9,2533.64,1,4,4,9,Loyal Customers
17466,10,2,763.28,4,2,2,8,Loyal Customers
17467,395,1,102.6,1,1,1,3,Lost
17468,10,3,194.8,4,2,1,7,Recent but Low Value
17469,16,22,4958.34,4,4,4,12,Champions
17470,45,11,2804.87,3,4,4,11,Champions
17471,475,1,321.65000000000003,1,1,1,3,Lost
17472,191,4,935.1,2,3,3,8,Loyal Customers
17473,401,3,592.15,1,2,2,5,Needs Attention
17474,600,1,1047.0,1,1,3,5,Needs Attention
17475,79,1,194.37,3,1,1,5,Recent but Low Value
17476,393,4,446.51,1,3,2,6,At Risk (Was Valuable)
17477,613,5,1079.0,1,3,3,7,At Risk (Was Valuable)
17478,408,2,1272.8,1,2,3,6,Needs Attention
17479,633,1,389.26000000000005,1,1,2,4,Lost
17480,74,3,896.72,3,2,3,8,Loyal Customers
17481,4,5,1249.34,4,3,3,10,Champions
17482,487,2,778.19,1,2,2,5,Needs Attention
17483,65,4,591.73,3,3,2,8,Loyal Customers
17484,576,2,209.57,1,2,1,4,Lost
17486,261,1,396.87,2,1,2,5,Needs Attention
17487,728,1,160.55,1,1,1,3,Lost
17488,641,1,336.5,1,1,1,3,Lost
17489,59,2,376.64,3,2,2,7,Recent but Low Value
17490,1,13,2585.06,4,4,4,12,Champions
17491,1,18,5964.12,4,4,4,12,Champions
17492,248,3,1122.42,2,2,3,7,Needs Attention
17493,385,1,100.91000000000001,1,1,1,3,Lost
17494,502,1,54.699999999999996,1,1,1,3,Lost
17495,8,4,759.07,4,3,2,9,Loyal Customers
17496,359,5,1385.89,2,3,3,8,Loyal Customers
17497,390,2,287.25,1,2,1,4,Lost
17498,76,1,272.22,3,1,1,5,Recent but Low Value
17499,290,3,1296.84,2,2,3,7,Needs Attention
17500,17,3,1138.0,4,2,3,9,Loyal Customers
17501,221,2,288.6,2,2,1,5,Needs Attention
17502,9,4,689.1,4,3,2,9,Loyal Customers
17503,3,2,558.96,4,2,2,8,Loyal Customers
17504,206,19,9313.37,2,4,4,10,Champions
17505,162,5,2435.48,2,3,4,9,Loyal Customers
17506,70,2,294.29,3,2,1,6,Recent but Low Value
17507,262,2,605.58,2,2,2,6,Needs Attention
17508,281,9,4546.78,2,4,4,10,Champions
17509,58,11,6100.74,3,4,4,11,Champions
17510,25,2,514.56,3,2,2,7,Recent but Low Value
17511,3,85,171885.98,4,4,4,12,Champions
17512,29,20,5432.27,3,4,4,11,Champions
17513,72,3,1158.8,3,2,3,8,Loyal Customers
17514,128,2,542.83,2,2,2,6,Needs Attention
17515,31,9,1617.46,3,4,3,10,Champions
17516,15,6,957.55,4,3,3,10,Champions
17517,309,1,153.94,2,1,1,4,Lost
17518,426,2,329.42,1,2,1,4,Lost
17519,17,17,5102.8,4,4,4,12,Champions
17520,54,1,546.81,3,1,2,6,Recent but Low Value
17521,24,6,1276.81,4,3,3,10,Champions
17522,2,5,1070.71,4,3,3,10,Champions
17523,11,4,652.74,4,3,2,9,Loyal Customers
17524,361,4,508.9,2,3,2,7,At Risk (Was Valuable)
17525,360,3,1161.9,2,2,3,7,Needs Attention
17526,1,16,3676.84,4,4,4,12,Champions
17527,54,6,888.86,3,3,3,9,Loyal Customers
17528,1,11,3540.1,4,4,4,12,Champions
17529,610,2,1240.25,1,2,3,6,Needs Attention
17530,1,13,3140.56,4,4,4,12,Champions
17531,121,9,1191.22,2,4,3,9,Loyal Customers
17532,386,1,65.34,1,1,1,3,Lost
17533,435,1,34.8,1,1,1,3,Lost
17534,54,5,1668.83,3,3,3,9,Loyal Customers
17535,280,1,164.4,2,1,1,4,Lost
17536,177,3,364.83,2,2,2,6,Needs Attention
17537,30,2,897.62,3,2,3,8,Loyal Customers
17538,26,1,98.42,3,1,1,5,Recent but Low Value
17539,617,7,1047.07,1,3,3,7,At Risk (Was Valuable)
17540,9,7,1582.1000000000001,4,3,3,10,Champions
17541,510,1,124.46,1,1,1,3,Lost
17542,270,3,341.7,2,2,2,6,Needs Attention
17543,550,1,120.05,1,1,1,3,Lost
17544,390,3,960.69,1,2,3,6,Needs Attention
17545,43,6,1448.54,3,3,3,9,Loyal Customers
17547,372,4,680.5500000000001,2,3,2,7,At Risk (Was Valuable)
17548,218,6,345.0,2,3,2,7,At Risk (Was Valuable)
17549,24,2,148.86,4,2,1,7,Recent but Low Value
17550,197,10,2206.54,2,4,3,9,Loyal Customers
17551,359,1,306.84,2,1,1,4,Lost
17552,43,16,3039.2,3,4,4,11,Champions
17553,130,4,3757.6,2,3,4,9,Loyal Customers
17554,1,5,1952.45,4,3,3,10,Champions
17555,20,5,1057.74,4,3,3,10,Champions
17556,206,2,300.67,2,2,1,5,Needs Attention
17557,14,4,575.46,4,3,2,9,Loyal Customers
17558,393,1,259.17,1,1,1,3,Lost
17559,513,1,167.62,1,1,1,3,Lost
17560,95,9,1895.8,2,4,3,9,Loyal Customers
17561,19,4,722.34,4,3,2,9,Loyal Customers
17562,14,8,1107.38,4,4,3,11,Champions
17563,578,5,309.28000000000003,1,3,1,5,At Risk (Was Valuable)
17564,24,3,454.01,4,2,2,8,Loyal Customers
17565,587,1,131.83,1,1,1,3,Lost
17566,8,2,901.21,4,2,3,9,Loyal Customers
17567,7,11,5037.11,4,4,4,12,Champions
17568,633,1,382.79,1,1,2,4,Lost
17569,332,1,344.14,2,1,2,5,Needs Attention
17571,50,5,1703.75,3,3,3,9,Loyal Customers
17572,71,10,723.01,3,4,2,9,Loyal Customers
17573,29,4,362.9,3,3,2,8,Loyal Customers
17574,243,1,185.65,2,1,1,4,Lost
17575,667,1,171.7,1,1,1,3,Lost
17576,8,45,8885.66,4,4,4,12,Champions
17577,645,2,348.75,1,2,2,5,Needs Attention
17578,191,10,1003.73,2,4,3,9,Loyal Customers
17579,5,5,744.58,4,3,2,9,Loyal Customers
17580,253,5,545.27,2,3,2,7,At Risk (Was Valuable)
17581,1,53,18247.47,4,4,4,12,Champions
17582,236,6,1433.7,2,3,3,8,Loyal Customers
17583,560,1,135.95,1,1,1,3,Lost
17584,7,7,5294.42,4,3,4,11,Champions
17585,109,7,2093.3,2,3,3,8,Loyal Customers
17586,619,1,167.4,1,1,1,3,Lost
17587,628,1,181.66,1,1,1,3,Lost
17588,100,9,2901.65,2,4,4,10,Champions
17589,60,21,13904.82,3,4,4,11,Champions
17590,2,3,1479.22,4,2,3,9,Loyal Customers
17591,73,9,2765.7200000000003,3,4,4,11,Champions
17593,4,15,8044.0,4,4,4,12,Champions
17594,85,4,2497.88,3,3,4,10,Champions
17595,12,2,388.79,4,2,2,8,Loyal Customers
17596,23,14,4907.32,4,4,4,12,Champions
17597,214,7,3425.29,2,3,4,9,Loyal Customers
17598,381,1,409.98,1,1,2,4,Lost
17599,465,3,44.55,1,2,1,4,Lost
17600,18,1,161.67000000000002,4,1,1,6,Recent but Low Value
17601,239,2,421.48,2,2,2,6,Needs Attention
17602,2,18,7337.43,4,4,4,12,Champions
17603,50,11,120.01000000000002,3,4,1,8,Loyal Customers
17604,217,6,945.9300000000001,2,3,3,8,Loyal Customers
17605,590,1,160.75,1,1,1,3,Lost
17606,737,1,87.30000000000001,1,1,1,3,Lost
17607,376,1,333.81,2,1,1,4,Lost
17608,33,4,498.53,3,3,2,8,Loyal Customers
17609,41,14,1758.99,3,4,3,10,Champions
17610,540,8,1427.84,1,4,3,8,Loyal Customers
17611,4,35,8205.38,4,4,4,12,Champions
17612,53,32,5156.14,3,4,4,11,Champions
17613,23,17,4509.37,4,4,4,12,Champions
17614,57,1,390.07,3,1,2,6,Recent but Low Value
17615,130,7,725.7,2,3,2,7,At Risk (Was Valuable)
17616,174,4,1060.8,2,3,3,8,Loyal Customers
17617,559,2,237.28,1,2,1,4,Lost
17618,6,13,4047.94,4,4,4,12,Champions
17619,312,1,218.52,2,1,1,4,Lost
17620,60,1,81.44,3,1,1,5,Recent but Low Value
17621,21,8,3029.32,4,4,4,12,Champions
17622,597,3,1125.17,1,2,3,6,Needs Attention
17623,33,7,2383.67,3,3,4,10,Champions
17624,15,4,1568.63,4,3,3,10,Champions
17625,18,8,6067.8,4,4,4,12,Champions
17626,603,1,254.0,1,1,1,3,Lost
17627,479,2,285.11,1,2,1,4,Lost
17628,81,1,75.75,3,1,1,5,Recent but Low Value
17629,6,11,2425.52,4,4,4,12,Champions
17630,170,2,503.59999999999997,2,2,2,6,Needs Attention
17631,2,7,998.49,4,3,3,10,Champions
17633,31,9,1974.89,3,4,3,10,Champions
17634,36,9,2361.9700000000003,3,4,4,11,Champions
17635,424,4,1256.83,1,3,3,7,At Risk (Was Valuable)
17636,9,2,265.93,4,2,1,7,Recent but Low Value
17637,31,2,547.0600000000001,3,2,2,7,Recent but Low Value
17638,647,2,842.4,1,2,2,5,Needs Attention
17639,276,6,615.17,2,3,2,7,At Risk (Was Valuable)
17640,87,8,3107.59,3,4,4,11,Champions
17642,120,5,1824.49,2,3,3,8,Loyal Customers
17643,373,2,541.25,2,2,2,6,Needs Attention
17644,1,28,5864.54,4,4,4,12,Champions
17646,219,16,4094.1600000000003,2,4,4,10,Champions
17647,65,3,331.65999999999997,3,2,1,6,Recent but Low Value
17648,61,6,2208.42,3,3,3,9,Loyal Customers
17649,135,5,1542.44,2,3,3,8,Loyal Customers
17650,21,1,166.08,4,1,1,6,Recent but Low Value
17651,12,22,5632.59,4,4,4,12,Champions
17652,25,18,4737.13,3,4,4,11,Champions
17653,29,5,1175.88,3,3,3,9,Loyal Customers
17654,277,1,117.55,2,1,1,4,Lost
17655,11,10,3585.28,4,4,4,12,Champions
17656,73,5,1674.69,3,3,3,9,Loyal Customers
17657,430,1,126.0,1,1,1,3,Lost
17658,11,3,485.88,4,2,2,8,Loyal Customers
17659,4,17,3784.13,4,4,4,12,Champions
17660,141,2,359.47,2,2,2,6,Needs Attention
17662,662,2,412.92,1,2,2,5,Needs Attention
17663,26,23,5081.04,3,4,4,11,Champions
17664,19,4,1166.23,4,3,3,10,Champions
17665,493,1,563.1,1,1,2,4,Lost
17666,4,5,2047.8,4,3,3,10,Champions
17667,66,12,3883.8,3,4,4,11,Champions
17668,1,2,347.75,4,2,2,8,Loyal Customers
17669,43,10,6142.35,3,4,4,11,Champions
17670,228,1,205.7,2,1,1,4,Lost
17671,16,7,2114.71,4,3,3,10,Champions
17672,44,9,5707.08,3,4,4,11,Champions
17673,1,15,4216.33,4,4,4,12,Champions
17674,74,2,851.7,3,2,2,7,Recent but Low Value
17675,1,90,37605.840000000004,4,4,4,12,Champions
17676,4,13,2722.52,4,4,4,12,Champions
17677,2,91,35866.63,4,4,4,12,Champions
17678,264,3,579.81,2,2,2,6,Needs Attention
17679,53,11,3166.56,3,4,4,11,Champions
17680,24,4,462.5,4,3,2,9,Loyal Customers
17681,597,6,529.6,1,3,2,6,At Risk (Was Valuable)
17682,10,12,4441.78,4,4,4,12,Champions
17683,386,3,819.01,1,2,2,5,Needs Attention
17684,44,1,239.41,3,1,1,5,Recent but Low Value
17685,17,14,5928.17,4,4,4,12,Champions
17686,7,9,8296.81,4,4,4,12,Champions
17687,421,1,432.68,1,1,2,4,Lost
17688,375,2,286.5,2,2,1,5,Needs Attention
17689,388,2,317.08,1,2,1,4,Lost
17690,30,21,7438.6,3,4,4,11,Champions
17691,358,5,769.85,2,3,2,7,At Risk (Was Valuable)
17692,127,14,2962.4,2,4,4,10,Champions
17693,136,3,187.02,2,2,1,5,Needs Attention
17694,142,3,1695.97,2,2,3,7,Needs Attention
17695,132,6,1720.54,2,3,3,8,Loyal Customers
17696,38,48,7380.89,3,4,4,11,Champions
17697,236,1,338.95,2,1,1,4,Lost
17698,261,1,154.95,2,1,1,4,Lost
17699,477,2,442.0,1,2,2,5,Needs Attention
17700,17,17,6630.87,4,4,4,12,Champions
17701,253,1,417.95,2,1,2,5,Needs Attention
17702,30,9,2911.79,3,4,4,11,Champions
17703,35,4,1094.84,3,3,3,9,Loyal Customers
17704,169,2,885.19,2,2,3,7,Needs Attention
17705,3,12,2041.5,4,4,3,11,Champions
17706,4,43,19543.9,4,4,4,12,Champions
17707,185,9,605.0500000000001,2,4,2,8,Loyal Customers
17708,188,4,887.9300000000001,2,3,3,8,Loyal Customers
17709,170,5,671.01,2,3,2,7,At Risk (Was Valuable)
17710,424,1,293.5,1,1,1,3,Lost
17711,11,2,385.1,4,2,2,8,Loyal Customers
17712,45,1,522.91,3,1,2,6,Recent but Low Value
17713,382,4,1198.09,1,3,3,7,At Risk (Was Valuable)
17714,321,9,1376.58,2,4,3,9,Loyal Customers
17715,201,2,489.59999999999997,2,2,2,6,Needs Attention
17716,23,27,15671.32,4,4,4,12,Champions
17717,421,1,376.92,1,1,2,4,Lost
17718,232,3,386.98,2,2,2,6,Needs Attention
17719,38,18,5367.8,3,4,4,11,Champions
17720,26,12,2715.06,3,4,4,11,Champions
17721,659,1,307.21000000000004,1,1,1,3,Lost
17722,96,7,4386.96,2,3,4,9,Loyal Customers
17723,127,7,3378.4000000000005,2,3,4,9,Loyal Customers
17724,58,4,995.6500000000001,3,3,3,9,Loyal Customers
17725,16,14,3371.13,4,4,4,12,Champions
17726,395,8,1089.56,1,4,3,8,Loyal Customers
17727,9,2,1042.55,4,2,3,9,Loyal Customers
17728,4,8,3861.13,4,4,4,12,Champions
17729,596,1,438.65000000000003,1,1,2,4,Lost
17730,3,23,7757.35,4,4,4,12,Champions
17731,79,7,1347.08,3,3,3,9,Loyal Customers
17732,373,10,2448.14,2,4,4,10,Champions
17733,39,2,692.19,3,2,2,7,Recent but Low Value
17734,54,6,1442.32,3,3,3,9,Loyal Customers
17735,2,29,17162.58,4,4,4,12,Champions
17736,9,4,337.49,4,3,1,8,Loyal Customers
17737,9,2,168.24,4,2,1,7,Recent but Low Value
17738,19,15,4145.36,4,4,4,12,Champions
17739,12,20,7718.14,4,4,4,12,Champions
17740,389,6,426.9,1,3,2,6,At Risk (Was Valuable)
17741,407,2,101.1,1,2,1,4,Lost
17742,113,11,2098.48,2,4,3,9,Loyal Customers
17743,442,2,208.85,1,2,1,4,Lost
17744,4,8,2617.82,4,4,4,12,Champions
17745,478,2,600.34,1,2,2,5,Needs Attention
17746,235,7,873.4300000000001,2,3,2,7,At Risk (Was Valuable)
17747,100,2,64.65,2,2,1,5,Needs Attention
17748,527,1,358.15,1,1,2,4,Lost
17749,178,3,1026.18,2,2,3,7,Needs Attention
17750,5,9,1797.57,4,4,3,11,Champions
17751,421,1,157.85999999999999,1,1,1,3,Lost
17752,359,1,80.64,2,1,1,4,Lost
17753,464,5,388.06,1,3,2,6,At Risk (Was Valuable)
17754,1,16,4509.39,4,4,4,12,Champions
17756,376,3,733.7,2,2,2,6,Needs Attention
17757,1,60,9342.84,4,4,4,12,Champions
17758,19,12,5012.53,4,4,4,12,Champions
17759,17,5,1276.91,4,3,3,10,Champions
17760,22,7,911.68,4,3,3,10,Champions
17761,33,1,712.78,3,1,2,6,Recent but Low Value
17762,456,1,129.75,1,1,1,3,Lost
17763,263,5,51.15,2,3,1,6,At Risk (Was Valuable)
17764,51,5,1623.64,3,3,3,9,Loyal Customers
17765,159,4,530.8,2,3,2,7,At Risk (Was Valuable)
17766,381,2,299.61,1,2,1,4,Lost
17767,15,2,413.05,4,2,2,8,Loyal Customers
17768,8,8,3504.56,4,4,4,12,Champions
17769,13,21,6994.66,4,4,4,12,Champions
17770,199,5,1143.27,2,3,3,8,Loyal Customers
17771,57,4,387.41,3,3,2,8,Loyal Customers
17772,11,3,384.77,4,2,2,8,Loyal Customers
17773,514,2,585.27,1,2,2,5,Needs Attention
17774,97,13,2945.7,2,4,4,10,Champions
17775,255,1,56.4,2,1,1,4,Lost
17776,387,3,331.81,1,2,1,4,Lost
17777,25,3,665.86,3,2,2,7,Recent but Low Value
17778,662,1,197.70000000000002,1,1,1,3,Lost
17779,21,5,642.17,4,3,2,9,Loyal Customers
17780,667,3,352.91,1,2,2,5,Needs Attention
17781,159,2,188.02,2,2,1,5,Needs Attention
17782,383,2,679.02,1,2,2,5,Needs Attention
17783,72,3,379.91,3,2,2,7,Recent but Low Value
17784,550,1,112.86,1,1,1,3,Lost
17785,53,3,403.38,3,2,2,7,Recent but Low Value
17786,85,2,278.74,3,2,1,6,Recent but Low Value
17787,153,4,2601.4700000000003,2,3,4,9,Loyal Customers
17788,74,2,1117.9,3,2,3,8,Loyal Customers
17789,281,2,397.15,2,2,2,6,Needs Attention
17790,27,20,2783.61,3,4,4,11,Champions
17791,30,1,106.1,3,1,1,5,Recent but Low Value
17792,467,2,370.05,1,2,2,5,Needs Attention
17793,25,1,323.04,3,1,1,5,Recent but Low Value
17794,687,2,147.3,1,2,1,4,Lost
17795,180,2,350.39,2,2,2,6,Needs Attention
17796,40,7,1361.99,3,3,3,9,Loyal Customers
17797,22,8,1985.87,4,4,3,11,Champions
17798,582,1,183.09,1,1,1,3,Lost
17799,22,23,6216.74,4,4,4,12,Champions
17800,37,9,1199.01,3,4,3,10,Champions
17801,451,4,795.78,1,3,2,6,At Risk (Was Valuable)
17802,82,16,4915.84,3,4,4,11,Champions
17803,392,1,184.66,1,1,1,3,Lost
17804,376,4,380.13,2,3,2,7,At Risk (Was Valuable)
17805,74,2,927.03,3,2,3,8,Loyal Customers
17806,11,1,546.04,4,1,2,7,Recent but Low Value
17807,395,3,437.87,1,2,2,5,Needs Attention
17808,549,4,262.64,1,3,1,5,At Risk (Was Valuable)
17809,16,24,10498.85,4,4,4,12,Champions
17810,669,3,344.86,1,2,2,5,Needs Attention
17811,4,60,9448.53,4,4,4,12,Champions
17812,13,7,1165.8899999999999,4,3,3,10,Champions
17813,14,7,1714.6,4,3,3,10,Champions
17814,375,2,1617.32,2,2,3,7,Needs Attention
17815,393,1,591.96,1,1,2,4,Lost
17816,37,6,112.32,3,3,1,7,Recent but Low Value
17817,4,7,801.15,4,3,2,9,Loyal Customers
17818,738,1,130.18,1,1,1,3,Lost
17819,72,13,6568.719999999999,3,4,4,11,Champions
17820,191,3,159.51,2,2,1,5,Needs Attention
17821,406,1,334.62,1,1,1,3,Lost
17822,420,5,2188.5,1,3,3,7,At Risk (Was Valuable)
17823,421,2,494.25,1,2,2,5,Needs Attention
17824,51,1,298.4,3,1,1,5,Recent but Low Value
17825,599,4,731.96,1,3,2,6,At Risk (Was Valuable)
17826,374,1,134.59,2,1,1,4,Lost
17827,5,7,2381.3,4,3,4,11,Champions
17828,9,9,1599.97,4,4,3,11,Champions
17829,299,6,4680.42,2,3,4,9,Loyal Customers
17830,2,3,398.7,4,2,2,8,Loyal Customers
17831,33,1,35.400000000000006,3,1,1,5,Recent but Low Value
17832,50,1,155.37,3,1,1,5,Recent but Low Value
17833,723,1,342.36,1,1,2,4,Lost
17834,415,2,730.47,1,2,2,5,Needs Attention
17835,3,3,350.64,4,2,2,8,Loyal Customers
17836,47,1,110.21000000000001,3,1,1,5,Recent but Low Value
17837,42,10,1560.53,3,4,3,10,Champions
17838,27,15,6239.55,3,4,4,11,Champions
17839,42,1,338.8,3,1,1,5,Recent but Low Value
17840,444,1,185.72,1,1,1,3,Lost
17841,2,289,69516.19,4,4,4,12,Champions
17842,602,1,430.69,1,1,2,4,Lost
17843,303,2,326.23,2,2,1,5,Needs Attention
17844,107,1,51.559999999999995,2,1,1,4,Lost
17845,555,4,598.19,1,3,2,6,At Risk (Was Valuable)
17846,85,1,2033.1,3,1,3,7,Recent but Low Value
17847,516,2,129.69,1,2,1,4,Lost
17848,81,31,3638.15,3,4,4,11,Champions
17849,218,8,1063.76,2,4,3,9,Loyal Customers
17850,302,159,55703.130000000005,2,4,4,10,Champions
17851,422,6,1563.34,1,3,3,7,At Risk (Was Valuable)
17852,12,5,663.21,4,3,2,9,Loyal Customers
17853,407,3,1608.19,1,2,3,6,Needs Attention
17854,185,6,1071.45,2,3,3,8,Loyal Customers
17855,373,1,417.94,2,1,2,5,Needs Attention
17856,2,6,1393.79,4,3,3,10,Champions
17857,3,26,28566.54,4,4,4,12,Champions
17858,6,32,12723.3,4,4,4,12,Champions
17859,305,1,148.21,2,1,1,4,Lost
17860,369,4,1015.54,2,3,3,8,Loyal Customers
17861,3,22,5064.59,4,4,4,12,Champions
17862,324,4,1279.09,2,3,3,8,Loyal Customers
17863,59,12,5745.2,3,4,4,11,Champions
17864,13,5,924.32,4,3,3,10,Champions
17865,31,62,25649.05,3,4,4,11,Champions
17866,143,4,1131.0,2,3,3,8,Loyal Customers
17867,30,20,895.78,3,4,3,10,Champions
17868,386,1,234.65,1,1,1,3,Lost
17869,107,7,1036.16,2,3,3,8,Loyal Customers
17870,2,14,3103.2,4,4,4,12,Champions
17871,205,5,1118.99,2,3,3,8,Loyal Customers
17872,382,1,235.87,1,1,1,3,Lost
17873,80,20,6229.56,3,4,4,11,Champions
17874,185,7,658.26,2,3,2,7,At Risk (Was Valuable)
17875,688,1,167.1,1,1,1,3,Lost
17876,400,3,3424.02,1,2,4,7,Needs Attention
17877,170,1,237.61,2,1,1,4,Lost
17878,44,3,1412.33,3,2,3,8,Loyal Customers
17879,174,1,178.51999999999998,2,1,1,4,Lost
17880,365,3,824.9200000000001,2,2,2,6,Needs Attention
17881,304,1,133.35000000000002,2,1,1,4,Lost
17882,379,2,313.46,1,2,1,4,Lost
17883,3,8,979.95,4,4,3,11,Champions
17884,4,23,3028.89,4,4,4,12,Champions
17885,12,1,190.19,4,1,1,6,Recent but Low Value
17886,32,7,1598.43,3,3,3,9,Loyal Customers
17887,129,1,111.35,2,1,1,4,Lost
17888,19,31,1318.9,4,4,3,11,Champions
17889,212,7,774.87,2,3,2,7,At Risk (Was Valuable)
17890,323,2,602.09,2,2,2,6,Needs Attention
17891,162,1,203.85999999999999,2,1,1,4,Lost
17892,56,3,244.1,3,2,1,6,Recent but Low Value
17893,225,1,112.25,2,1,1,4,Lost
17894,72,20,2397.66,3,4,4,11,Champions
17895,44,1,98.0,3,1,1,5,Recent but Low Value
17896,23,1,256.32,4,1,1,6,Recent but Low Value
17897,173,10,2534.0,2,4,4,10,Champions
17898,85,4,299.18,3,3,1,7,Recent but Low Value
17899,159,1,155.8,2,1,1,4,Lost
17900,165,4,15.0,2,3,1,6,At Risk (Was Valuable)
17901,29,3,260.08,3,2,1,6,Recent but Low Value
17902,547,1,216.39999999999998,1,1,1,3,Lost
17903,394,1,381.09000000000003,1,1,2,4,Lost
17904,21,2,178.92,4,2,1,7,Recent but Low Value
17905,71,14,2374.22,3,4,4,11,Champions
17906,247,1,72.9,2,1,1,4,Lost
17907,641,1,291.76,1,1,1,3,Lost
17908,374,7,1357.89,2,3,3,8,Loyal Customers
17909,737,1,132.55,1,1,1,3,Lost
17910,726,1,261.7,1,1,1,3,Lost
17911,9,1,366.23,4,1,2,7,Recent but Low Value
17912,310,7,360.1,2,3,2,7,At Risk (Was Valuable)
17913,59,14,3479.64,3,4,4,11,Champions
17914,4,1,336.43,4,1,1,6,Recent but Low Value
17915,551,1,242.13,1,1,1,3,Lost
17916,629,2,43.87,1,2,1,4,Lost
17917,45,3,341.28,3,2,2,7,Recent but Low Value
17918,501,3,396.39,1,2,2,5,Needs Attention
17919,88,2,1840.32,3,2,3,8,Loyal Customers
17920,4,56,24509.91,4,4,4,12,Champions
17921,64,12,2383.35,3,4,4,11,Champions
17922,543,1,170.4,1,1,1,3,Lost
17923,282,3,497.0,2,2,2,6,Needs Attention
17924,1,14,3445.28,4,4,4,12,Champions
17925,373,1,488.16,2,1,2,5,Needs Attention
17926,133,5,1035.49,2,3,3,8,Loyal Customers
17927,722,1,294.0,1,1,1,3,Lost
17928,45,3,341.24,3,2,2,7,Recent but Low Value
17929,11,13,3073.6,4,4,4,12,Champions
17930,36,15,4242.92,3,4,4,11,Champions
17931,134,18,3305.96,2,4,4,10,Champions
17932,29,3,1331.57,3,2,3,8,Loyal Customers
17933,632,1,114.69,1,1,1,3,Lost
17934,52,3,1049.15,3,2,3,8,Loyal Customers
17935,138,8,655.54,2,4,2,8,Loyal Customers
17936,5,1,389.84,4,1,2,7,Recent but Low Value
17937,9,7,4301.22,4,3,4,11,Champions
17938,420,1,144.29,1,1,1,3,Lost
17939,160,1,99.14,2,1,1,4,Lost
17940,49,22,26960.02,3,4,4,11,Champions
17941,131,4,1433.28,2,3,3,8,Loyal Customers
17942,8,1,77.50000000000001,4,1,1,6,Recent but Low Value
17944,423,1,75.41,1,1,1,3,Lost
17945,697,3,360.35,1,2,2,5,Needs Attention
17946,233,2,149.57999999999998,2,2,1,5,Needs Attention
17947,37,1,176.68,3,1,1,5,Recent but Low Value
17948,147,1,358.56000000000006,2,1,2,5,Needs Attention
17949,1,138,98895.59,4,4,4,12,Champions
17950,72,8,1412.65,3,4,3,10,Champions
17951,40,5,1618.38,3,3,3,9,Loyal Customers
17952,378,4,819.61,1,3,2,6,At Risk (Was Valuable)
17953,540,1,160.82,1,1,1,3,Lost
17954,5,26,3831.56,4,4,4,12,Champions
17955,199,6,949.9,2,3,3,8,Loyal Customers
17956,249,1,12.75,2,1,1,4,Lost
17957,66,1,111.68,3,1,1,5,Recent but Low Value
17958,117,2,973.88,2,2,3,7,Needs Attention
17959,592,1,140.75,1,1,1,3,Lost
17960,171,3,135.08,2,2,1,5,Needs Attention
17961,21,102,2979.09,4,4,4,12,Champions
17962,142,5,673.02,2,3,2,7,At Risk (Was Valuable)
17963,471,4,651.51,1,3,2,6,At Risk (Was Valuable)
17964,32,2,733.46,3,2,2,7,Recent but Low Value
17965,38,33,7117.78,3,4,4,11,Champions
17966,38,10,1974.42,3,4,3,10,Champions
17967,372,2,357.28999999999996,2,2,2,6,Needs Attention
17968,374,4,888.04,2,3,3,8,Loyal Customers
17969,166,27,2251.19,2,4,4,10,Champions
17970,211,1,582.59,2,1,2,5,Needs Attention
17971,548,1,161.94,1,1,1,3,Lost
17972,242,1,136.04,2,1,1,4,Lost
17973,52,1,337.04,3,1,1,5,Recent but Low Value
17974,25,6,1858.06,3,3,3,9,Loyal Customers
17975,15,26,6927.68,4,4,4,12,Champions
17976,372,1,706.38,2,1,2,5,Needs Attention
17977,29,3,1507.73,3,2,3,8,Loyal Customers
17978,365,4,1461.76,2,3,3,8,Loyal Customers
17979,36,5,737.81,3,3,2,8,Loyal Customers
17980,166,4,1033.42,2,3,3,8,Loyal Customers
17981,411,1,239.12,1,1,1,3,Lost
17982,681,1,138.18,1,1,1,3,Lost
17983,395,1,171.71,1,1,1,3,Lost
17984,145,5,1191.27,2,3,3,8,Loyal Customers
17985,22,1,634.95,4,1,2,7,Recent but Low Value
17986,56,1,20.8,3,1,1,5,Recent but Low Value
17987,185,6,928.12,2,3,3,8,Loyal Customers
17988,12,15,479.59,4,4,2,10,Champions
17989,379,1,228.82999999999998,1,1,1,3,Lost
17990,237,7,1522.5700000000002,2,3,3,8,Loyal Customers
17991,225,3,320.55,2,2,1,5,Needs Attention
17992,389,1,254.13,1,1,1,3,Lost
17993,617,1,235.19,1,1,1,3,Lost
17994,122,14,2262.87,2,4,4,10,Champions
17995,282,3,495.48,2,2,2,6,Needs Attention
17996,380,3,482.33,1,2,2,5,Needs Attention
17997,74,12,1511.3,3,4,3,10,Champions
17998,380,4,601.74,1,3,2,6,At Risk (Was Valuable)
17999,37,3,730.9,3,2,2,7,Recent but Low Value
18000,564,1,124.25,1,1,1,3,Lost
18001,12,6,953.84,4,3,3,10,Champions
18002,376,4,249.92,2,3,1,6,At Risk (Was Valuable)
18003,376,1,358.61,2,1,2,5,Needs Attention
18004,362,1,169.47,2,1,1,4,Lost
18005,4,2,249.72,4,2,1,7,Recent but Low Value
18006,23,4,997.86,4,3,3,10,Champions
18007,393,1,220.32,1,1,1,3,Lost
18008,70,23,19787.13,3,4,4,11,Champions
18009,235,14,2077.08,2,4,3,9,Loyal Customers
18010,257,1,174.8,2,1,1,4,Lost
18011,373,2,527.03,2,2,2,6,Needs Attention
18012,723,1,115.3,1,1,1,3,Lost
18013,155,2,187.29,2,2,1,5,Needs Attention
18014,28,1,166.42,3,1,1,5,Recent but Low Value
18015,4,1,120.03,4,1,1,6,Recent but Low Value
18016,32,7,1960.46,3,3,3,9,Loyal Customers
18017,81,4,688.0,3,3,2,8,Loyal Customers
18018,108,5,156.69,2,3,1,6,At Risk (Was Valuable)
18019,52,1,38.45,3,1,1,5,Recent but Low Value
18020,544,2,129.28,1,2,1,4,Lost
18021,510,2,227.06,1,2,1,4,Lost
18022,36,5,1651.79,3,3,3,9,Loyal Customers
18024,153,3,236.77999999999997,2,2,1,5,Needs Attention
18025,380,6,1177.72,1,3,3,7,At Risk (Was Valuable)
18026,501,2,2074.07,1,2,3,6,Needs Attention
18027,99,1,115.31,2,1,1,4,Lost
18028,583,1,192.05,1,1,1,3,Lost
18029,642,1,433.77,1,1,2,4,Lost
18030,4,3,220.7,4,2,1,7,Recent but Low Value
18031,379,1,462.09999999999997,1,1,2,4,Lost
18032,334,1,73.5,2,1,1,4,Lost
18033,65,1,97.97,3,1,1,5,Recent but Low Value
18034,22,3,793.7,4,2,2,8,Loyal Customers
18035,36,5,1276.74,3,3,3,9,Loyal Customers
18036,32,11,1563.6399999999999,3,4,3,10,Champions
18037,154,15,167.42,2,4,1,7,At Risk (Was Valuable)
18038,556,1,149.41,1,1,1,3,Lost
18039,374,4,579.17,2,3,2,7,At Risk (Was Valuable)
18040,19,2,357.20000000000005,4,2,2,8,Loyal Customers
18041,12,40,8669.65,4,4,4,12,Champions
18042,54,2,281.15,3,2,1,6,Recent but Low Value
18043,25,3,875.97,3,2,2,7,Recent but Low Value
18044,4,19,3502.66,4,4,4,12,Champions
18045,45,1,189.4,3,1,1,5,Recent but Low Value
18046,650,1,189.63,1,1,1,3,Lost
18047,381,2,342.69,1,2,2,5,Needs Attention
18048,203,3,401.73,2,2,2,6,Needs Attention
18049,437,2,556.52,1,2,2,5,Needs Attention
18050,359,2,412.06,2,2,2,6,Needs Attention
18051,634,8,2275.98,1,4,4,9,Loyal Customers
18052,565,1,10877.18,1,1,4,6,Needs Attention
18053,66,6,527.77,3,3,2,8,Loyal Customers
18054,393,1,176.5,1,1,1,3,Lost
18055,7,15,11163.52,4,4,4,12,Champions
18056,288,3,539.75,2,2,2,6,Needs Attention
18057,393,3,1203.56,1,2,3,6,Needs Attention
18058,10,3,774.06,4,2,2,8,Loyal Customers
18059,9,4,296.71,4,3,1,8,Loyal Customers
18060,408,2,1185.46,1,2,3,6,Needs Attention
18061,22,29,6480.47,4,4,4,12,Champions
18062,173,9,1523.3700000000001,2,4,3,9,Loyal Customers
18063,391,2,186.60000000000002,1,2,1,4,Lost
18064,133,15,4441.18,2,4,4,10,Champions
18065,6,32,5836.88,4,4,4,12,Champions
18066,75,3,1440.4,3,2,3,8,Loyal Customers
18067,40,1,396.33,3,1,2,6,Recent but Low Value
18068,289,1,101.69999999999999,2,1,1,4,Lost
18069,26,13,4525.71,3,4,4,11,Champions
18070,669,2,307.75,1,2,1,4,Lost
18071,258,6,1428.63,2,3,3,8,Loyal Customers
18073,114,13,3864.44,2,4,4,10,Champions
18074,374,2,1509.04,2,2,3,7,Needs Attention
18075,23,31,5579.91,4,4,4,12,Champions
18076,380,1,151.49,1,1,1,3,Lost
18077,8,18,4338.56,4,4,4,12,Champions
18078,217,4,844.6,2,3,2,7,At Risk (Was Valuable)
18079,45,5,4242.75,3,3,4,10,Champions
18080,19,2,1231.5,4,2,3,9,Loyal Customers
18081,36,3,343.45,3,2,2,7,Recent but Low Value
18082,26,1,703.37,3,1,2,6,Recent but Low Value
18083,398,1,470.72999999999996,1,1,2,4,Lost
18084,16,5,193.72999999999996,4,3,1,8,Loyal Customers
18085,330,4,1645.75,2,3,3,8,Loyal Customers
18086,274,1,101.34,2,1,1,4,Lost
18087,98,21,14411.619999999999,2,4,4,10,Champions
18088,61,1,167.67000000000002,3,1,1,5,Recent but Low Value
18089,447,1,428.45,1,1,2,4,Lost
18090,422,1,349.4,1,1,2,4,Lost
18091,593,1,360.85,1,1,2,4,Lost
18092,2,20,16173.19,4,4,4,12,Champions
18093,93,9,4429.61,2,4,4,10,Champions
18094,82,15,6322.62,3,4,4,11,Champions
18095,313,5,2303.09,2,3,4,9,Loyal Customers
18096,12,6,1805.28,4,3,3,10,Champions
18097,8,14,4652.17,4,4,4,12,Champions
18098,396,1,550.84,1,1,2,4,Lost
18099,127,1,168.31,2,1,1,4,Lost
18100,550,1,451.56,1,1,2,4,Lost
18101,11,5,629.16,4,3,2,9,Loyal Customers
18102,1,153,598215.22,4,4,4,12,Champions
18103,549,1,105.8,1,1,1,3,Lost
18104,37,1,754.64,3,1,2,6,Recent but Low Value
18105,38,1,113.48000000000002,3,1,1,5,Recent but Low Value
18106,330,6,1461.46,2,3,3,8,Loyal Customers
18107,442,1,167.13,1,1,1,3,Lost
18108,249,4,842.46,2,3,2,7,At Risk (Was Valuable)
18109,2,45,9754.66,4,4,4,12,Champions
18110,19,3,405.18,4,2,2,8,Loyal Customers
18111,583,2,398.9,1,2,2,5,Needs Attention
18112,12,4,775.96,4,3,2,9,Loyal Customers
18113,369,1,152.64000000000001,2,1,1,4,Lost
18114,290,1,220.1,2,1,1,4,Lost
18115,698,1,9.700000000000001,1,1,1,3,Lost
18116,68,13,2154.3,3,4,3,10,Champions
18117,26,1,320.72,3,1,1,5,Recent but Low Value
18118,11,35,6670.07,4,4,4,12,Champions
18119,368,1,362.24,2,1,2,5,Needs Attention
18120,214,1,111.15,2,1,1,4,Lost
18121,149,2,673.1,2,2,2,6,Needs Attention
18122,8,6,1826.21,4,3,3,10,Champions
18123,24,3,684.59,4,2,2,8,Loyal Customers
18124,472,1,111.53,1,1,1,3,Lost
18125,30,5,1141.34,3,3,3,9,Loyal Customers
18126,61,1,206.82999999999998,3,1,1,5,Recent but Low Value
18127,19,4,561.53,4,3,2,9,Loyal Customers
18128,537,1,420.04,1,1,2,4,Lost
18129,243,1,112.55000000000001,2,1,1,4,Lost
18130,9,4,1045.74,4,3,3,10,Champions
18131,632,1,222.95999999999998,1,1,1,3,Lost
18132,504,1,226.9,1,1,1,3,Lost
18133,211,2,715.4999999999999,2,2,2,6,Needs Attention
18134,598,2,445.0,1,2,2,5,Needs Attention
18135,29,13,1229.22,3,4,3,10,Champions
18136,63,9,1531.71,3,4,3,10,Champions
18137,551,2,145.99,1,2,1,4,Lost
18138,295,1,152.65,2,1,1,4,Lost
18139,17,8,8393.22,4,4,4,12,Champions
18140,474,1,536.41,1,1,2,4,Lost
18141,361,4,838.57,2,3,2,7,At Risk (Was Valuable)
18142,151,4,1014.9,2,3,3,8,Loyal Customers
18143,117,2,1000.16,2,2,3,7,Needs Attention
18144,8,19,5058.0,4,4,4,12,Champions
18145,13,12,5600.09,4,4,4,12,Champions
18146,141,2,160.35000000000002,2,2,1,5,Needs Attention
18147,46,2,179.33999999999997,3,2,1,6,Recent but Low Value
18148,647,1,114.10000000000001,1,1,1,3,Lost
18149,51,7,1624.71,3,3,3,9,Loyal Customers
18150,32,3,566.58,3,2,2,7,Recent but Low Value
18151,135,7,1853.94,2,3,3,8,Loyal Customers
18152,646,1,426.69,1,1,2,4,Lost
18153,659,1,246.22,1,1,1,3,Lost
18154,3,5,932.6,4,3,3,10,Champions
18155,75,4,347.82,3,3,2,8,Loyal Customers
18156,13,2,941.1700000000001,4,2,3,9,Loyal Customers
18157,571,1,215.35,1,1,1,3,Lost
18158,9,3,451.75,4,2,2,8,Loyal Customers
18159,301,1,530.15,2,1,2,5,Needs Attention
18160,57,3,1003.88,3,2,3,8,Loyal Customers
18161,10,7,1797.2,4,3,3,10,Champions
18162,732,1,379.16,1,1,2,4,Lost
18163,561,2,639.34,1,2,2,5,Needs Attention
18164,31,2,394.7,3,2,2,7,Recent but Low Value
18165,177,1,302.46000000000004,2,1,1,4,Lost
18166,624,1,175.5,1,1,1,3,Lost
18167,4,6,1355.51,4,3,3,10,Champions
18168,176,22,3670.12,2,4,4,10,Champions
18169,61,1,202.65,3,1,1,5,Recent but Low Value
18170,33,9,2878.0,3,4,4,11,Champions
18171,59,11,2414.51,3,4,4,11,Champions
18172,15,63,17301.83,4,4,4,12,Champions
18173,87,5,2696.36,3,3,4,10,Champions
18174,7,2,162.5,4,2,1,7,Recent but Low Value
18175,676,1,176.1,1,1,1,3,Lost
18176,354,2,448.65,2,2,2,6,Needs Attention
18177,31,10,2189.62,3,4,3,10,Champions
18178,114,15,6054.49,2,4,4,10,Champions
18179,9,8,2547.55,4,4,4,12,Champions
18180,5,6,1843.75,4,3,3,10,Champions
18181,24,7,1184.21,4,3,3,10,Champions
18182,463,1,291.13,1,1,1,3,Lost
18183,218,6,600.52,2,3,2,7,At Risk (Was Valuable)
18184,15,1,49.8,4,1,1,6,Recent but Low Value
18185,249,1,304.25,2,1,1,4,Lost
18186,723,1,329.58,1,1,1,3,Lost
18187,623,3,682.19,1,2,2,5,Needs Attention
18188,15,8,3263.19,4,4,4,12,Champions
18189,78,5,1396.58,3,3,3,9,Loyal Customers
18190,192,6,735.6700000000001,2,3,2,7,At Risk (Was Valuable)
18191,262,2,529.4,2,2,2,6,Needs Attention
18192,72,1,957.97,3,1,3,7,Recent but Low Value
18193,151,5,1155.7,2,3,3,8,Loyal Customers
18194,64,7,4084.2000000000003,3,3,4,10,Champions
18195,387,1,101.16,1,1,1,3,Lost
18196,95,4,1464.31,2,3,3,8,Loyal Customers
18197,514,2,221.4,1,2,1,4,Lost
18198,4,21,5083.06,4,4,4,12,Champions
18199,676,2,342.2,1,2,2,5,Needs Attention
18200,106,1,163.8,2,1,1,4,Lost
18201,723,1,447.53000000000003,1,1,2,4,Lost
18202,200,3,1396.99,2,2,3,7,Needs Attention
18203,157,4,504.42,2,3,2,7,At Risk (Was Valuable)
18204,71,4,1979.3,3,3,3,9,Loyal Customers
18205,36,2,517.36,3,2,2,7,Recent but Low Value
18206,553,1,314.65999999999997,1,1,1,3,Lost
18207,494,3,505.12,1,2,2,5,Needs Attention
18208,566,1,360.08,1,1,2,4,Lost
18209,29,1,139.10000000000002,3,1,1,5,Recent but Low Value
18210,2,7,2768.83,4,3,4,11,Champions
18211,26,5,600.07,3,3,2,8,Loyal Customers
18212,326,2,546.72,2,2,2,6,Needs Attention
18213,237,1,232.48000000000002,2,1,1,4,Lost
18214,531,5,1480.99,1,3,3,7,At Risk (Was Valuable)
18215,89,6,2238.9900000000002,3,3,4,10,Champions
18216,31,1,481.75,3,1,2,6,Recent but Low Value
18217,29,6,902.8,3,3,3,9,Loyal Customers
18218,206,6,1106.3,2,3,3,8,Loyal Customers
18219,3,19,3507.39,4,4,4,12,Champions
18220,220,11,1771.7,2,4,3,9,Loyal Customers
18221,22,8,1370.34,4,4,3,11,Champions
18222,93,1,443.0,2,1,2,5,Needs Attention
18223,2,52,13497.58,4,4,4,12,Champions
18224,264,1,158.95000000000002,2,1,1,4,Lost
18225,3,34,12650.91,4,4,4,12,Champions
18226,39,38,11748.58,3,4,4,11,Champions
18227,218,3,93.75,2,2,1,5,Needs Attention
18228,50,3,769.2,3,2,2,7,Recent but Low Value
18229,12,28,10803.710000000001,4,4,4,12,Champions
18230,9,12,4190.71,4,4,4,12,Champions
18231,192,30,6848.17,2,4,4,10,Champions
18232,82,5,582.47,3,3,2,8,Loyal Customers
18233,326,1,440.0,2,1,2,5,Needs Attention
18234,552,1,179.6,1,1,1,3,Lost
18235,72,3,1796.48,3,2,3,8,Loyal Customers
18236,30,12,1795.3500000000001,3,4,3,10,Champions
18237,3,5,987.1,4,3,3,10,Champions
18238,515,1,270.92,1,1,1,3,Lost
18239,219,6,2150.36,2,3,3,8,Loyal Customers
18240,46,1,422.58,3,1,2,6,Recent but Low Value
18241,10,23,2954.09,4,4,4,12,Champions
18242,72,8,3605.21,3,4,4,11,Champions
18243,414,1,515.78,1,1,2,4,Lost
18244,431,2,568.64,1,2,2,5,Needs Attention
18245,7,23,6236.2300000000005,4,4,4,12,Champions
18246,24,3,758.8199999999999,4,2,2,8,Loyal Customers
18247,410,6,721.43,1,3,2,6,At Risk (Was Valuable)
18248,114,4,783.02,2,3,2,7,At Risk (Was Valuable)
18249,17,1,95.34,4,1,1,6,Recent but Low Value
18250,301,2,342.92,2,2,2,6,Needs Attention
18251,87,9,26278.86,3,4,4,11,Champions
18252,51,8,1465.59,3,4,3,10,Champions
18253,643,1,317.88,1,1,1,3,Lost
18254,581,1,267.9,1,1,1,3,Lost
18255,89,2,303.15,3,2,1,6,Recent but Low Value
18256,355,2,60.599999999999994,2,2,1,5,Needs Attention
18257,39,18,4496.8,3,4,4,11,Champions
18258,464,8,2040.97,1,4,3,8,Loyal Customers
18259,25,7,4318.200000000001,3,3,4,10,Champions
18260,173,32,9751.95,2,4,4,10,Champions
18261,43,2,324.24,3,2,1,6,Recent but Low Value
18262,140,3,577.54,2,2,2,6,Needs Attention
18263,23,4,1211.08,4,3,3,10,Champions
18264,499,1,603.25,1,1,2,4,Lost
18265,72,2,801.51,3,2,2,7,Recent but Low Value
18266,434,1,251.1,1,1,1,3,Lost
18267,660,2,252.87,1,2,1,4,Lost
18268,134,8,1451.22,2,4,3,9,Loyal Customers
18269,358,2,307.5,2,2,1,5,Needs Attention
18270,38,4,400.35,3,3,2,8,Loyal Customers
18271,610,2,680.85,1,2,2,5,Needs Attention
18272,3,11,4347.33,4,4,4,12,Champions
18273,2,4,357.0,4,3,2,9,Loyal Customers
18274,18,2,1.7763568394002505e-15,4,2,1,7,Recent but Low Value
18275,578,2,741.85,1,2,2,5,Needs Attention
18276,21,10,1620.67,4,4,3,11,Champions
18277,58,8,1111.38,3,4,3,10,Champions
18278,74,2,414.20000000000005,3,2,2,7,Recent but Low Value
18279,519,1,231.33999999999997,1,1,1,3,Lost
18280,278,3,472.45000000000005,2,2,2,6,Needs Attention
18281,181,2,201.14,2,2,1,5,Needs Attention
18282,8,3,176.6,4,2,1,7,Recent but Low Value
18283,4,22,2736.65,4,4,4,12,Champions
18284,430,2,436.68,1,2,2,5,Needs Attention
18285,661,1,427.0,1,1,2,4,Lost
18286,477,3,1188.43,1,2,3,6,Needs Attention
18287,43,8,4177.89,3,4,4,11,Champions
